year,month,price,units,duoarea,area_name,process,process_name,series,series_description
2026,1,6.69,$/MCF,NUS,U.S.,PG1,City Gate Price,N3050US3,U.S. Natural Gas Citygate Price (Dollars per Thousand Cubic Feet)
2026,1,9.37,$/MCF,SAK,USA-AK,PG1,City Gate Price,N3050AK3,Natural Gas Citygate Price in Alaska (Dollars per Thousand Cubic Feet)
2026,1,10.5,$/MCF,NUS,U.S.,PEU,Electric Power Price,N3045US3,U.S. Natural Gas Electric Power Price (Dollars per Thousand Cubic Feet)
2026,1,8.43,$/MCF,SAK,USA-AK,PEU,Electric Power Price,N3045AK3,Alaska Natural Gas Price Sold to Electric Power Consumers (Dollars per Thousand Cubic Feet)
2026,1,7.2,$/MCF,NUS,U.S.,PIN,Industrial Price,N3035US3,United States Natural Gas Industrial Price (Dollars per Thousand Cubic Feet)
2026,1,7.54,$/MCF,SAK,USA-AK,PIN,Industrial Price,N3035AK3,Alaska Natural Gas Industrial Price (Dollars per Thousand Cubic Feet)
2026,1,11.19,$/MCF,NUS,U.S.,PCS,Price Delivered to Commercial Sectors,N3020US3,U.S. Price of Natural Gas Sold to Commercial Consumers (Dollars per Thousand Cubic Feet)
2026,1,12.11,$/MCF,SAK,USA-AK,PCS,Price Delivered to Commercial Sectors,N3020AK3,Alaska Price of Natural Gas Sold to Commercial Consumers (Dollars per Thousand Cubic Feet)
2026,1,13.94,$/MCF,NUS,U.S.,PRS,Price Delivered to Residential Consumers,N3010US3,U.S. Price of Natural Gas Delivered to Residential Consumers (Dollars per Thousand Cubic Feet)
2026,1,12.92,$/MCF,SAK,USA-AK,PRS,Price Delivered to Residential Consumers,N3010AK3,Alaska Price of Natural Gas Delivered to Residential Consumers (Dollars per Thousand Cubic Feet)
2025,12,5.1,$/MCF,NUS,U.S.,PG1,City Gate Price,N3050US3,U.S. Natural Gas Citygate Price (Dollars per Thousand Cubic Feet)
2025,12,9.37,$/MCF,SAK,USA-AK,PG1,City Gate Price,N3050AK3,Natural Gas Citygate Price in Alaska (Dollars per Thousand Cubic Feet)
2025,12,5.28,$/MCF,NUS,U.S.,PEU,Electric Power Price,N3045US3,U.S. Natural Gas Electric Power Price (Dollars per Thousand Cubic Feet)
2025,12,8.41,$/MCF,SAK,USA-AK,PEU,Electric Power Price,N3045AK3,Alaska Natural Gas Price Sold to Electric Power Consumers (Dollars per Thousand Cubic Feet)
2025,12,6.37,$/MCF,NUS,U.S.,PIN,Industrial Price,N3035US3,United States Natural Gas Industrial Price (Dollars per Thousand Cubic Feet)
2025,12,7.34,$/MCF,SAK,USA-AK,PIN,Industrial Price,N3035AK3,Alaska Natural Gas Industrial Price (Dollars per Thousand Cubic Feet)
2025,12,10.95,$/MCF,NUS,U.S.,PCS,Price Delivered to Commercial Sectors,N3020US3,U.S. Price of Natural Gas Sold to Commercial Consumers (Dollars per Thousand Cubic Feet)
2025,12,12.16,$/MCF,SAK,USA-AK,PCS,Price Delivered to Commercial Sectors,N3020AK3,Alaska Price of Natural Gas Sold to Commercial Consumers (Dollars per Thousand Cubic Feet)
2025,12,14.09,$/MCF,NUS,U.S.,PRS,Price Delivered to Residential Consumers,N3010US3,U.S. Price of Natural Gas Delivered to Residential Consumers (Dollars per Thousand Cubic Feet)
2025,12,12.8,$/MCF,SAK,USA-AK,PRS,Price Delivered to Residential Consumers,N3010AK3,Alaska Price of Natural Gas Delivered to Residential Consumers (Dollars per Thousand Cubic Feet)
2025,11,4.76,$/MCF,NUS,U.S.,PG1,City Gate Price,N3050US3,U.S. Natural Gas Citygate Price (Dollars per Thousand Cubic Feet)
2025,11,9.64,$/MCF,SAK,USA-AK,PG1,City Gate Price,N3050AK3,Natural Gas Citygate Price in Alaska (Dollars per Thousand Cubic Feet)
2025,11,4.04,$/MCF,NUS,U.S.,PEU,Electric Power Price,N3045US3,U.S. Natural Gas Electric Power Price (Dollars per Thousand Cubic Feet)
2025,11,8.32,$/MCF,SAK,USA-AK,PEU,Electric Power Price,N3045AK3,Alaska Natural Gas Price Sold to Electric Power Consumers (Dollars per Thousand Cubic Feet)
2025,11,5.33,$/MCF,NUS,U.S.,PIN,Industrial Price,N3035US3,United States Natural Gas Industrial Price (Dollars per Thousand Cubic Feet)
2025,11,7.09,$/MCF,SAK,USA-AK,PIN,Industrial Price,N3035AK3,Alaska Natural Gas Industrial Price (Dollars per Thousand Cubic Feet)
2025,11,10.75,$/MCF,NUS,U.S.,PCS,Price Delivered to Commercial Sectors,N3020US3,U.S. Price of Natural Gas Sold to Commercial Consumers (Dollars per Thousand Cubic Feet)
2025,11,12.34,$/MCF,SAK,USA-AK,PCS,Price Delivered to Commercial Sectors,N3020AK3,Alaska Price of Natural Gas Sold to Commercial Consumers (Dollars per Thousand Cubic Feet)
2025,11,15.07,$/MCF,NUS,U.S.,PRS,Price Delivered to Residential Consumers,N3010US3,U.S. Price of Natural Gas Delivered to Residential Consumers (Dollars per Thousand Cubic Feet)
2025,11,13.28,$/MCF,SAK,USA-AK,PRS,Price Delivered to Residential Consumers,N3010AK3,Alaska Price of Natural Gas Delivered to Residential Consumers (Dollars per Thousand Cubic Feet)
2025,10,4.34,$/MCF,NUS,U.S.,PG1,City Gate Price,N3050US3,U.S. Natural Gas Citygate Price (Dollars per Thousand Cubic Feet)
2025,10,10.26,$/MCF,SAK,USA-AK,PG1,City Gate Price,N3050AK3,Natural Gas Citygate Price in Alaska (Dollars per Thousand Cubic Feet)
2025,10,3.19,$/MCF,NUS,U.S.,PEU,Electric Power Price,N3045US3,U.S. Natural Gas Electric Power Price (Dollars per Thousand Cubic Feet)
2025,10,8.32,$/MCF,SAK,USA-AK,PEU,Electric Power Price,N3045AK3,Alaska Natural Gas Price Sold to Electric Power Consumers (Dollars per Thousand Cubic Feet)
2025,10,4.55,$/MCF,NUS,U.S.,PIN,Industrial Price,N3035US3,United States Natural Gas Industrial Price (Dollars per Thousand Cubic Feet)
2025,10,6.32,$/MCF,SAK,USA-AK,PIN,Industrial Price,N3035AK3,Alaska Natural Gas Industrial Price (Dollars per Thousand Cubic Feet)
2025,10,11.29,$/MCF,NUS,U.S.,PCS,Price Delivered to Commercial Sectors,N3020US3,U.S. Price of Natural Gas Sold to Commercial Consumers (Dollars per Thousand Cubic Feet)
2025,10,12.84,$/MCF,SAK,USA-AK,PCS,Price Delivered to Commercial Sectors,N3020AK3,Alaska Price of Natural Gas Sold to Commercial Consumers (Dollars per Thousand Cubic Feet)
2025,10,19.32,$/MCF,NUS,U.S.,PRS,Price Delivered to Residential Consumers,N3010US3,U.S. Price of Natural Gas Delivered to Residential Consumers (Dollars per Thousand Cubic Feet)
2025,10,13.99,$/MCF,SAK,USA-AK,PRS,Price Delivered to Residential Consumers,N3010AK3,Alaska Price of Natural Gas Delivered to Residential Consumers (Dollars per Thousand Cubic Feet)
2025,9,5.07,$/MCF,NUS,U.S.,PG1,City Gate Price,N3050US3,U.S. Natural Gas Citygate Price (Dollars per Thousand Cubic Feet)
2025,9,10.94,$/MCF,SAK,USA-AK,PG1,City Gate Price,N3050AK3,Natural Gas Citygate Price in Alaska (Dollars per Thousand Cubic Feet)
2025,9,3.14,$/MCF,NUS,U.S.,PEU,Electric Power Price,N3045US3,U.S. Natural Gas Electric Power Price (Dollars per Thousand Cubic Feet)
2025,9,8.32,$/MCF,SAK,USA-AK,PEU,Electric Power Price,N3045AK3,Alaska Natural Gas Price Sold to Electric Power Consumers (Dollars per Thousand Cubic Feet)
2025,9,4.41,$/MCF,NUS,U.S.,PIN,Industrial Price,N3035US3,United States Natural Gas Industrial Price (Dollars per Thousand Cubic Feet)
2025,9,5.92,$/MCF,SAK,USA-AK,PIN,Industrial Price,N3035AK3,Alaska Natural Gas Industrial Price (Dollars per Thousand Cubic Feet)
2025,9,12.13,$/MCF,NUS,U.S.,PCS,Price Delivered to Commercial Sectors,N3020US3,U.S. Price of Natural Gas Sold to Commercial Consumers (Dollars per Thousand Cubic Feet)
2025,9,13.42,$/MCF,SAK,USA-AK,PCS,Price Delivered to Commercial Sectors,N3020AK3,Alaska Price of Natural Gas Sold to Commercial Consumers (Dollars per Thousand Cubic Feet)
2025,9,24.7,$/MCF,NUS,U.S.,PRS,Price Delivered to Residential Consumers,N3010US3,U.S. Price of Natural Gas Delivered to Residential Consumers (Dollars per Thousand Cubic Feet)
2025,9,15.43,$/MCF,SAK,USA-AK,PRS,Price Delivered to Residential Consumers,N3010AK3,Alaska Price of Natural Gas Delivered to Residential Consumers (Dollars per Thousand Cubic Feet)
2025,8,5.15,$/MCF,NUS,U.S.,PG1,City Gate Price,N3050US3,U.S. Natural Gas Citygate Price (Dollars per Thousand Cubic Feet)
2025,8,10.99,$/MCF,SAK,USA-AK,PG1,City Gate Price,N3050AK3,Natural Gas Citygate Price in Alaska (Dollars per Thousand Cubic Feet)
2025,8,3.28,$/MCF,NUS,U.S.,PEU,Electric Power Price,N3045US3,U.S. Natural Gas Electric Power Price (Dollars per Thousand Cubic Feet)
2025,8,8.38,$/MCF,SAK,USA-AK,PEU,Electric Power Price,N3045AK3,Alaska Natural Gas Price Sold to Electric Power Consumers (Dollars per Thousand Cubic Feet)
2025,8,4.46,$/MCF,NUS,U.S.,PIN,Industrial Price,N3035US3,United States Natural Gas Industrial Price (Dollars per Thousand Cubic Feet)
2025,8,6.01,$/MCF,SAK,USA-AK,PIN,Industrial Price,N3035AK3,Alaska Natural Gas Industrial Price (Dollars per Thousand Cubic Feet)
2025,8,12.42,$/MCF,NUS,U.S.,PCS,Price Delivered to Commercial Sectors,N3020US3,U.S. Price of Natural Gas Sold to Commercial Consumers (Dollars per Thousand Cubic Feet)
2025,8,14.15,$/MCF,SAK,USA-AK,PCS,Price Delivered to Commercial Sectors,N3020AK3,Alaska Price of Natural Gas Sold to Commercial Consumers (Dollars per Thousand Cubic Feet)
2025,8,26.24,$/MCF,NUS,U.S.,PRS,Price Delivered to Residential Consumers,N3010US3,U.S. Price of Natural Gas Delivered to Residential Consumers (Dollars per Thousand Cubic Feet)
2025,8,17.35,$/MCF,SAK,USA-AK,PRS,Price Delivered to Residential Consumers,N3010AK3,Alaska Price of Natural Gas Delivered to Residential Consumers (Dollars per Thousand Cubic Feet)
2025,7,5.18,$/MCF,NUS,U.S.,PG1,City Gate Price,N3050US3,U.S. Natural Gas Citygate Price (Dollars per Thousand Cubic Feet)
2025,7,10.55,$/MCF,SAK,USA-AK,PG1,City Gate Price,N3050AK3,Natural Gas Citygate Price in Alaska (Dollars per Thousand Cubic Feet)
2025,7,3.66,$/MCF,NUS,U.S.,PEU,Electric Power Price,N3045US3,U.S. Natural Gas Electric Power Price (Dollars per Thousand Cubic Feet)
2025,7,8.36,$/MCF,SAK,USA-AK,PEU,Electric Power Price,N3045AK3,Alaska Natural Gas Price Sold to Electric Power Consumers (Dollars per Thousand Cubic Feet)
2025,7,4.63,$/MCF,NUS,U.S.,PIN,Industrial Price,N3035US3,United States Natural Gas Industrial Price (Dollars per Thousand Cubic Feet)
2025,7,6.29,$/MCF,SAK,USA-AK,PIN,Industrial Price,N3035AK3,Alaska Natural Gas Industrial Price (Dollars per Thousand Cubic Feet)
2025,7,12.65,$/MCF,NUS,U.S.,PCS,Price Delivered to Commercial Sectors,N3020US3,U.S. Price of Natural Gas Sold to Commercial Consumers (Dollars per Thousand Cubic Feet)
2025,7,14.5,$/MCF,SAK,USA-AK,PCS,Price Delivered to Commercial Sectors,N3020AK3,Alaska Price of Natural Gas Sold to Commercial Consumers (Dollars per Thousand Cubic Feet)
2025,7,25.41,$/MCF,NUS,U.S.,PRS,Price Delivered to Residential Consumers,N3010US3,U.S. Price of Natural Gas Delivered to Residential Consumers (Dollars per Thousand Cubic Feet)
2025,7,17.76,$/MCF,SAK,USA-AK,PRS,Price Delivered to Residential Consumers,N3010AK3,Alaska Price of Natural Gas Delivered to Residential Consumers (Dollars per Thousand Cubic Feet)
2025,6,4.85,$/MCF,NUS,U.S.,PG1,City Gate Price,N3050US3,U.S. Natural Gas Citygate Price (Dollars per Thousand Cubic Feet)
2025,6,9.9,$/MCF,SAK,USA-AK,PG1,City Gate Price,N3050AK3,Natural Gas Citygate Price in Alaska (Dollars per Thousand Cubic Feet)
2025,6,3.45,$/MCF,NUS,U.S.,PEU,Electric Power Price,N3045US3,U.S. Natural Gas Electric Power Price (Dollars per Thousand Cubic Feet)
2025,6,8.46,$/MCF,SAK,USA-AK,PEU,Electric Power Price,N3045AK3,Alaska Natural Gas Price Sold to Electric Power Consumers (Dollars per Thousand Cubic Feet)
2025,6,4.65,$/MCF,NUS,U.S.,PIN,Industrial Price,N3035US3,United States Natural Gas Industrial Price (Dollars per Thousand Cubic Feet)
2025,6,5.9,$/MCF,SAK,USA-AK,PIN,Industrial Price,N3035AK3,Alaska Natural Gas Industrial Price (Dollars per Thousand Cubic Feet)
2025,6,12.17,$/MCF,NUS,U.S.,PCS,Price Delivered to Commercial Sectors,N3020US3,U.S. Price of Natural Gas Sold to Commercial Consumers (Dollars per Thousand Cubic Feet)
2025,6,13.17,$/MCF,SAK,USA-AK,PCS,Price Delivered to Commercial Sectors,N3020AK3,Alaska Price of Natural Gas Sold to Commercial Consumers (Dollars per Thousand Cubic Feet)
2025,6,23.26,$/MCF,NUS,U.S.,PRS,Price Delivered to Residential Consumers,N3010US3,U.S. Price of Natural Gas Delivered to Residential Consumers (Dollars per Thousand Cubic Feet)
2025,6,15.23,$/MCF,SAK,USA-AK,PRS,Price Delivered to Residential Consumers,N3010AK3,Alaska Price of Natural Gas Delivered to Residential Consumers (Dollars per Thousand Cubic Feet)
2025,5,4.62,$/MCF,NUS,U.S.,PG1,City Gate Price,N3050US3,U.S. Natural Gas Citygate Price (Dollars per Thousand Cubic Feet)
2025,5,9.76,$/MCF,SAK,USA-AK,PG1,City Gate Price,N3050AK3,Natural Gas Citygate Price in Alaska (Dollars per Thousand Cubic Feet)
2025,5,3.39,$/MCF,NUS,U.S.,PEU,Electric Power Price,N3045US3,U.S. Natural Gas Electric Power Price (Dollars per Thousand Cubic Feet)
2025,5,8.36,$/MCF,SAK,USA-AK,PEU,Electric Power Price,N3045AK3,Alaska Natural Gas Price Sold to Electric Power Consumers (Dollars per Thousand Cubic Feet)
2025,5,4.69,$/MCF,NUS,U.S.,PIN,Industrial Price,N3035US3,United States Natural Gas Industrial Price (Dollars per Thousand Cubic Feet)
2025,5,5.92,$/MCF,SAK,USA-AK,PIN,Industrial Price,N3035AK3,Alaska Natural Gas Industrial Price (Dollars per Thousand Cubic Feet)
2025,5,11.8,$/MCF,NUS,U.S.,PCS,Price Delivered to Commercial Sectors,N3020US3,U.S. Price of Natural Gas Sold to Commercial Consumers (Dollars per Thousand Cubic Feet)
2025,5,11.63,$/MCF,SAK,USA-AK,PCS,Price Delivered to Commercial Sectors,N3020AK3,Alaska Price of Natural Gas Sold to Commercial Consumers (Dollars per Thousand Cubic Feet)
2025,5,19.24,$/MCF,NUS,U.S.,PRS,Price Delivered to Residential Consumers,N3010US3,U.S. Price of Natural Gas Delivered to Residential Consumers (Dollars per Thousand Cubic Feet)
2025,5,12.88,$/MCF,SAK,USA-AK,PRS,Price Delivered to Residential Consumers,N3010AK3,Alaska Price of Natural Gas Delivered to Residential Consumers (Dollars per Thousand Cubic Feet)
2025,4,4.51,$/MCF,NUS,U.S.,PG1,City Gate Price,N3050US3,U.S. Natural Gas Citygate Price (Dollars per Thousand Cubic Feet)
2025,4,9.4,$/MCF,SAK,USA-AK,PG1,City Gate Price,N3050AK3,Natural Gas Citygate Price in Alaska (Dollars per Thousand Cubic Feet)
2025,4,3.72,$/MCF,NUS,U.S.,PEU,Electric Power Price,N3045US3,U.S. Natural Gas Electric Power Price (Dollars per Thousand Cubic Feet)
2025,4,8.32,$/MCF,SAK,USA-AK,PEU,Electric Power Price,N3045AK3,Alaska Natural Gas Price Sold to Electric Power Consumers (Dollars per Thousand Cubic Feet)
2025,4,5.31,$/MCF,NUS,U.S.,PIN,Industrial Price,N3035US3,United States Natural Gas Industrial Price (Dollars per Thousand Cubic Feet)
2025,4,6.01,$/MCF,SAK,USA-AK,PIN,Industrial Price,N3035AK3,Alaska Natural Gas Industrial Price (Dollars per Thousand Cubic Feet)
2025,4,11.48,$/MCF,NUS,U.S.,PCS,Price Delivered to Commercial Sectors,N3020US3,U.S. Price of Natural Gas Sold to Commercial Consumers (Dollars per Thousand Cubic Feet)
2025,4,11.29,$/MCF,SAK,USA-AK,PCS,Price Delivered to Commercial Sectors,N3020AK3,Alaska Price of Natural Gas Sold to Commercial Consumers (Dollars per Thousand Cubic Feet)
2025,4,16.17,$/MCF,NUS,U.S.,PRS,Price Delivered to Residential Consumers,N3010US3,U.S. Price of Natural Gas Delivered to Residential Consumers (Dollars per Thousand Cubic Feet)
2025,4,12.27,$/MCF,SAK,USA-AK,PRS,Price Delivered to Residential Consumers,N3010AK3,Alaska Price of Natural Gas Delivered to Residential Consumers (Dollars per Thousand Cubic Feet)
2025,3,4.87,$/MCF,NUS,U.S.,PG1,City Gate Price,N3050US3,U.S. Natural Gas Citygate Price (Dollars per Thousand Cubic Feet)
2025,3,8.99,$/MCF,SAK,USA-AK,PG1,City Gate Price,N3050AK3,Natural Gas Citygate Price in Alaska (Dollars per Thousand Cubic Feet)
2025,3,4.35,$/MCF,NUS,U.S.,PEU,Electric Power Price,N3045US3,U.S. Natural Gas Electric Power Price (Dollars per Thousand Cubic Feet)
2025,3,8.34,$/MCF,SAK,USA-AK,PEU,Electric Power Price,N3045AK3,Alaska Natural Gas Price Sold to Electric Power Consumers (Dollars per Thousand Cubic Feet)
2025,3,5.67,$/MCF,NUS,U.S.,PIN,Industrial Price,N3035US3,United States Natural Gas Industrial Price (Dollars per Thousand Cubic Feet)
2025,3,6.64,$/MCF,SAK,USA-AK,PIN,Industrial Price,N3035AK3,Alaska Natural Gas Industrial Price (Dollars per Thousand Cubic Feet)
2025,3,11.12,$/MCF,NUS,U.S.,PCS,Price Delivered to Commercial Sectors,N3020US3,U.S. Price of Natural Gas Sold to Commercial Consumers (Dollars per Thousand Cubic Feet)
2025,3,11.04,$/MCF,SAK,USA-AK,PCS,Price Delivered to Commercial Sectors,N3020AK3,Alaska Price of Natural Gas Sold to Commercial Consumers (Dollars per Thousand Cubic Feet)
2025,3,14.62,$/MCF,NUS,U.S.,PRS,Price Delivered to Residential Consumers,N3010US3,U.S. Price of Natural Gas Delivered to Residential Consumers (Dollars per Thousand Cubic Feet)
2025,3,11.8,$/MCF,SAK,USA-AK,PRS,Price Delivered to Residential Consumers,N3010AK3,Alaska Price of Natural Gas Delivered to Residential Consumers (Dollars per Thousand Cubic Feet)
2025,2,4.84,$/MCF,NUS,U.S.,PG1,City Gate Price,N3050US3,U.S. Natural Gas Citygate Price (Dollars per Thousand Cubic Feet)
2025,2,8.91,$/MCF,SAK,USA-AK,PG1,City Gate Price,N3050AK3,Natural Gas Citygate Price in Alaska (Dollars per Thousand Cubic Feet)
2025,2,5.06,$/MCF,NUS,U.S.,PEU,Electric Power Price,N3045US3,U.S. Natural Gas Electric Power Price (Dollars per Thousand Cubic Feet)
2025,2,8.33,$/MCF,SAK,USA-AK,PEU,Electric Power Price,N3045AK3,Alaska Natural Gas Price Sold to Electric Power Consumers (Dollars per Thousand Cubic Feet)
2025,2,5.92,$/MCF,NUS,U.S.,PIN,Industrial Price,N3035US3,United States Natural Gas Industrial Price (Dollars per Thousand Cubic Feet)
2025,2,6.92,$/MCF,SAK,USA-AK,PIN,Industrial Price,N3035AK3,Alaska Natural Gas Industrial Price (Dollars per Thousand Cubic Feet)
2025,2,10.32,$/MCF,NUS,U.S.,PCS,Price Delivered to Commercial Sectors,N3020US3,U.S. Price of Natural Gas Sold to Commercial Consumers (Dollars per Thousand Cubic Feet)
2025,2,10.99,$/MCF,SAK,USA-AK,PCS,Price Delivered to Commercial Sectors,N3020AK3,Alaska Price of Natural Gas Sold to Commercial Consumers (Dollars per Thousand Cubic Feet)
2025,2,12.97,$/MCF,NUS,U.S.,PRS,Price Delivered to Residential Consumers,N3010US3,U.S. Price of Natural Gas Delivered to Residential Consumers (Dollars per Thousand Cubic Feet)
2025,2,11.6,$/MCF,SAK,USA-AK,PRS,Price Delivered to Residential Consumers,N3010AK3,Alaska Price of Natural Gas Delivered to Residential Consumers (Dollars per Thousand Cubic Feet)
2025,1,4.86,$/MCF,NUS,U.S.,PG1,City Gate Price,N3050US3,U.S. Natural Gas Citygate Price (Dollars per Thousand Cubic Feet)
2025,1,8.86,$/MCF,SAK,USA-AK,PG1,City Gate Price,N3050AK3,Natural Gas Citygate Price in Alaska (Dollars per Thousand Cubic Feet)
2025,1,6.21,$/MCF,NUS,U.S.,PEU,Electric Power Price,N3045US3,U.S. Natural Gas Electric Power Price (Dollars per Thousand Cubic Feet)
2025,1,8.35,$/MCF,SAK,USA-AK,PEU,Electric Power Price,N3045AK3,Alaska Natural Gas Price Sold to Electric Power Consumers (Dollars per Thousand Cubic Feet)
2025,1,6.03,$/MCF,NUS,U.S.,PIN,Industrial Price,N3035US3,United States Natural Gas Industrial Price (Dollars per Thousand Cubic Feet)
2025,1,6.89,$/MCF,SAK,USA-AK,PIN,Industrial Price,N3035AK3,Alaska Natural Gas Industrial Price (Dollars per Thousand Cubic Feet)
2025,1,9.88,$/MCF,NUS,U.S.,PCS,Price Delivered to Commercial Sectors,N3020US3,U.S. Price of Natural Gas Sold to Commercial Consumers (Dollars per Thousand Cubic Feet)
2025,1,10.91,$/MCF,SAK,USA-AK,PCS,Price Delivered to Commercial Sectors,N3020AK3,Alaska Price of Natural Gas Sold to Commercial Consumers (Dollars per Thousand Cubic Feet)
2025,1,12.44,$/MCF,NUS,U.S.,PRS,Price Delivered to Residential Consumers,N3010US3,U.S. Price of Natural Gas Delivered to Residential Consumers (Dollars per Thousand Cubic Feet)
2025,1,11.55,$/MCF,SAK,USA-AK,PRS,Price Delivered to Residential Consumers,N3010AK3,Alaska Price of Natural Gas Delivered to Residential Consumers (Dollars per Thousand Cubic Feet)
2024,12,4.4,$/MCF,NUS,U.S.,PG1,City Gate Price,N3050US3,U.S. Natural Gas Citygate Price (Dollars per Thousand Cubic Feet)
2024,12,8.75,$/MCF,SAK,USA-AK,PG1,City Gate Price,N3050AK3,Natural Gas Citygate Price in Alaska (Dollars per Thousand Cubic Feet)
2024,12,3.96,$/MCF,NUS,U.S.,PEU,Electric Power Price,N3045US3,U.S. Natural Gas Electric Power Price (Dollars per Thousand Cubic Feet)
2024,12,6.45,$/MCF,SAK,USA-AK,PEU,Electric Power Price,N3045AK3,Alaska Natural Gas Price Sold to Electric Power Consumers (Dollars per Thousand Cubic Feet)
2024,12,5.21,$/MCF,NUS,U.S.,PIN,Industrial Price,N3035US3,United States Natural Gas Industrial Price (Dollars per Thousand Cubic Feet)
2024,12,6.9,$/MCF,SAK,USA-AK,PIN,Industrial Price,N3035AK3,Alaska Natural Gas Industrial Price (Dollars per Thousand Cubic Feet)
2024,12,9.82,$/MCF,NUS,U.S.,PCS,Price Delivered to Commercial Sectors,N3020US3,U.S. Price of Natural Gas Sold to Commercial Consumers (Dollars per Thousand Cubic Feet)
2024,12,10.86,$/MCF,SAK,USA-AK,PCS,Price Delivered to Commercial Sectors,N3020AK3,Alaska Price of Natural Gas Sold to Commercial Consumers (Dollars per Thousand Cubic Feet)
2024,12,12.85,$/MCF,NUS,U.S.,PRS,Price Delivered to Residential Consumers,N3010US3,U.S. Price of Natural Gas Delivered to Residential Consumers (Dollars per Thousand Cubic Feet)
2024,12,11.57,$/MCF,SAK,USA-AK,PRS,Price Delivered to Residential Consumers,N3010AK3,Alaska Price of Natural Gas Delivered to Residential Consumers (Dollars per Thousand Cubic Feet)
2024,11,4.01,$/MCF,NUS,U.S.,PG1,City Gate Price,N3050US3,U.S. Natural Gas Citygate Price (Dollars per Thousand Cubic Feet)
2024,11,8.61,$/MCF,SAK,USA-AK,PG1,City Gate Price,N3050AK3,Natural Gas Citygate Price in Alaska (Dollars per Thousand Cubic Feet)
2024,11,2.71,$/MCF,NUS,U.S.,PEU,Electric Power Price,N3045US3,U.S. Natural Gas Electric Power Price (Dollars per Thousand Cubic Feet)
2024,11,6.18,$/MCF,SAK,USA-AK,PEU,Electric Power Price,N3045AK3,Alaska Natural Gas Price Sold to Electric Power Consumers (Dollars per Thousand Cubic Feet)
2024,11,4.04,$/MCF,NUS,U.S.,PIN,Industrial Price,N3035US3,United States Natural Gas Industrial Price (Dollars per Thousand Cubic Feet)
2024,11,7,$/MCF,SAK,USA-AK,PIN,Industrial Price,N3035AK3,Alaska Natural Gas Industrial Price (Dollars per Thousand Cubic Feet)
2024,11,10.1,$/MCF,NUS,U.S.,PCS,Price Delivered to Commercial Sectors,N3020US3,U.S. Price of Natural Gas Sold to Commercial Consumers (Dollars per Thousand Cubic Feet)
2024,11,10.91,$/MCF,SAK,USA-AK,PCS,Price Delivered to Commercial Sectors,N3020AK3,Alaska Price of Natural Gas Sold to Commercial Consumers (Dollars per Thousand Cubic Feet)
2024,11,14.79,$/MCF,NUS,U.S.,PRS,Price Delivered to Residential Consumers,N3010US3,U.S. Price of Natural Gas Delivered to Residential Consumers (Dollars per Thousand Cubic Feet)
2024,11,11.5,$/MCF,SAK,USA-AK,PRS,Price Delivered to Residential Consumers,N3010AK3,Alaska Price of Natural Gas Delivered to Residential Consumers (Dollars per Thousand Cubic Feet)
2024,10,4.1,$/MCF,NUS,U.S.,PG1,City Gate Price,N3050US3,U.S. Natural Gas Citygate Price (Dollars per Thousand Cubic Feet)
2024,10,8.75,$/MCF,SAK,USA-AK,PG1,City Gate Price,N3050AK3,Natural Gas Citygate Price in Alaska (Dollars per Thousand Cubic Feet)
2024,10,2.67,$/MCF,NUS,U.S.,PEU,Electric Power Price,N3045US3,U.S. Natural Gas Electric Power Price (Dollars per Thousand Cubic Feet)
2024,10,6.47,$/MCF,SAK,USA-AK,PEU,Electric Power Price,N3045AK3,Alaska Natural Gas Price Sold to Electric Power Consumers (Dollars per Thousand Cubic Feet)
2024,10,3.94,$/MCF,NUS,U.S.,PIN,Industrial Price,N3035US3,United States Natural Gas Industrial Price (Dollars per Thousand Cubic Feet)
2024,10,6.38,$/MCF,SAK,USA-AK,PIN,Industrial Price,N3035AK3,Alaska Natural Gas Industrial Price (Dollars per Thousand Cubic Feet)
2024,10,10.43,$/MCF,NUS,U.S.,PCS,Price Delivered to Commercial Sectors,N3020US3,U.S. Price of Natural Gas Sold to Commercial Consumers (Dollars per Thousand Cubic Feet)
2024,10,10.99,$/MCF,SAK,USA-AK,PCS,Price Delivered to Commercial Sectors,N3020AK3,Alaska Price of Natural Gas Sold to Commercial Consumers (Dollars per Thousand Cubic Feet)
2024,10,18.38,$/MCF,NUS,U.S.,PRS,Price Delivered to Residential Consumers,N3010US3,U.S. Price of Natural Gas Delivered to Residential Consumers (Dollars per Thousand Cubic Feet)
2024,10,11.93,$/MCF,SAK,USA-AK,PRS,Price Delivered to Residential Consumers,N3010AK3,Alaska Price of Natural Gas Delivered to Residential Consumers (Dollars per Thousand Cubic Feet)
2024,9,4.16,$/MCF,NUS,U.S.,PG1,City Gate Price,N3050US3,U.S. Natural Gas Citygate Price (Dollars per Thousand Cubic Feet)
2024,9,8.97,$/MCF,SAK,USA-AK,PG1,City Gate Price,N3050AK3,Natural Gas Citygate Price in Alaska (Dollars per Thousand Cubic Feet)
2024,9,2.42,$/MCF,NUS,U.S.,PEU,Electric Power Price,N3045US3,U.S. Natural Gas Electric Power Price (Dollars per Thousand Cubic Feet)
2024,9,6.33,$/MCF,SAK,USA-AK,PEU,Electric Power Price,N3045AK3,Alaska Natural Gas Price Sold to Electric Power Consumers (Dollars per Thousand Cubic Feet)
2024,9,3.4,$/MCF,NUS,U.S.,PIN,Industrial Price,N3035US3,United States Natural Gas Industrial Price (Dollars per Thousand Cubic Feet)
2024,9,5.81,$/MCF,SAK,USA-AK,PIN,Industrial Price,N3035AK3,Alaska Natural Gas Industrial Price (Dollars per Thousand Cubic Feet)
2024,9,10.78,$/MCF,NUS,U.S.,PCS,Price Delivered to Commercial Sectors,N3020US3,U.S. Price of Natural Gas Sold to Commercial Consumers (Dollars per Thousand Cubic Feet)
2024,9,11.38,$/MCF,SAK,USA-AK,PCS,Price Delivered to Commercial Sectors,N3020AK3,Alaska Price of Natural Gas Sold to Commercial Consumers (Dollars per Thousand Cubic Feet)
2024,9,22.46,$/MCF,NUS,U.S.,PRS,Price Delivered to Residential Consumers,N3010US3,U.S. Price of Natural Gas Delivered to Residential Consumers (Dollars per Thousand Cubic Feet)
2024,9,12.97,$/MCF,SAK,USA-AK,PRS,Price Delivered to Residential Consumers,N3010AK3,Alaska Price of Natural Gas Delivered to Residential Consumers (Dollars per Thousand Cubic Feet)
2024,8,4.17,$/MCF,NUS,U.S.,PG1,City Gate Price,N3050US3,U.S. Natural Gas Citygate Price (Dollars per Thousand Cubic Feet)
2024,8,9.14,$/MCF,SAK,USA-AK,PG1,City Gate Price,N3050AK3,Natural Gas Citygate Price in Alaska (Dollars per Thousand Cubic Feet)
2024,8,2.31,$/MCF,NUS,U.S.,PEU,Electric Power Price,N3045US3,U.S. Natural Gas Electric Power Price (Dollars per Thousand Cubic Feet)
2024,8,6.33,$/MCF,SAK,USA-AK,PEU,Electric Power Price,N3045AK3,Alaska Natural Gas Price Sold to Electric Power Consumers (Dollars per Thousand Cubic Feet)
2024,8,3.22,$/MCF,NUS,U.S.,PIN,Industrial Price,N3035US3,United States Natural Gas Industrial Price (Dollars per Thousand Cubic Feet)
2024,8,5.65,$/MCF,SAK,USA-AK,PIN,Industrial Price,N3035AK3,Alaska Natural Gas Industrial Price (Dollars per Thousand Cubic Feet)
2024,8,10.75,$/MCF,NUS,U.S.,PCS,Price Delivered to Commercial Sectors,N3020US3,U.S. Price of Natural Gas Sold to Commercial Consumers (Dollars per Thousand Cubic Feet)
2024,8,11.78,$/MCF,SAK,USA-AK,PCS,Price Delivered to Commercial Sectors,N3020AK3,Alaska Price of Natural Gas Sold to Commercial Consumers (Dollars per Thousand Cubic Feet)
2024,8,23.22,$/MCF,NUS,U.S.,PRS,Price Delivered to Residential Consumers,N3010US3,U.S. Price of Natural Gas Delivered to Residential Consumers (Dollars per Thousand Cubic Feet)
2024,8,14.07,$/MCF,SAK,USA-AK,PRS,Price Delivered to Residential Consumers,N3010AK3,Alaska Price of Natural Gas Delivered to Residential Consumers (Dollars per Thousand Cubic Feet)
2024,7,4.47,$/MCF,NUS,U.S.,PG1,City Gate Price,N3050US3,U.S. Natural Gas Citygate Price (Dollars per Thousand Cubic Feet)
2024,7,9.19,$/MCF,SAK,USA-AK,PG1,City Gate Price,N3050AK3,Natural Gas Citygate Price in Alaska (Dollars per Thousand Cubic Feet)
2024,7,2.56,$/MCF,NUS,U.S.,PEU,Electric Power Price,N3045US3,U.S. Natural Gas Electric Power Price (Dollars per Thousand Cubic Feet)
2024,7,6.31,$/MCF,SAK,USA-AK,PEU,Electric Power Price,N3045AK3,Alaska Natural Gas Price Sold to Electric Power Consumers (Dollars per Thousand Cubic Feet)
2024,7,3.74,$/MCF,NUS,U.S.,PIN,Industrial Price,N3035US3,United States Natural Gas Industrial Price (Dollars per Thousand Cubic Feet)
2024,7,5.74,$/MCF,SAK,USA-AK,PIN,Industrial Price,N3035AK3,Alaska Natural Gas Industrial Price (Dollars per Thousand Cubic Feet)
2024,7,11.08,$/MCF,NUS,U.S.,PCS,Price Delivered to Commercial Sectors,N3020US3,U.S. Price of Natural Gas Sold to Commercial Consumers (Dollars per Thousand Cubic Feet)
2024,7,11.74,$/MCF,SAK,USA-AK,PCS,Price Delivered to Commercial Sectors,N3020AK3,Alaska Price of Natural Gas Sold to Commercial Consumers (Dollars per Thousand Cubic Feet)
2024,7,22.78,$/MCF,NUS,U.S.,PRS,Price Delivered to Residential Consumers,N3010US3,U.S. Price of Natural Gas Delivered to Residential Consumers (Dollars per Thousand Cubic Feet)
2024,7,14.78,$/MCF,SAK,USA-AK,PRS,Price Delivered to Residential Consumers,N3010AK3,Alaska Price of Natural Gas Delivered to Residential Consumers (Dollars per Thousand Cubic Feet)
2024,6,4.22,$/MCF,NUS,U.S.,PG1,City Gate Price,N3050US3,U.S. Natural Gas Citygate Price (Dollars per Thousand Cubic Feet)
2024,6,9.18,$/MCF,SAK,USA-AK,PG1,City Gate Price,N3050AK3,Natural Gas Citygate Price in Alaska (Dollars per Thousand Cubic Feet)
2024,6,2.75,$/MCF,NUS,U.S.,PEU,Electric Power Price,N3045US3,U.S. Natural Gas Electric Power Price (Dollars per Thousand Cubic Feet)
2024,6,6.48,$/MCF,SAK,USA-AK,PEU,Electric Power Price,N3045AK3,Alaska Natural Gas Price Sold to Electric Power Consumers (Dollars per Thousand Cubic Feet)
2024,6,3.85,$/MCF,NUS,U.S.,PIN,Industrial Price,N3035US3,United States Natural Gas Industrial Price (Dollars per Thousand Cubic Feet)
2024,6,5.62,$/MCF,SAK,USA-AK,PIN,Industrial Price,N3035AK3,Alaska Natural Gas Industrial Price (Dollars per Thousand Cubic Feet)
2024,6,10.7,$/MCF,NUS,U.S.,PCS,Price Delivered to Commercial Sectors,N3020US3,U.S. Price of Natural Gas Sold to Commercial Consumers (Dollars per Thousand Cubic Feet)
2024,6,11.58,$/MCF,SAK,USA-AK,PCS,Price Delivered to Commercial Sectors,N3020AK3,Alaska Price of Natural Gas Sold to Commercial Consumers (Dollars per Thousand Cubic Feet)
2024,6,20.72,$/MCF,NUS,U.S.,PRS,Price Delivered to Residential Consumers,N3010US3,U.S. Price of Natural Gas Delivered to Residential Consumers (Dollars per Thousand Cubic Feet)
2024,6,14.09,$/MCF,SAK,USA-AK,PRS,Price Delivered to Residential Consumers,N3010AK3,Alaska Price of Natural Gas Delivered to Residential Consumers (Dollars per Thousand Cubic Feet)
2024,5,3.68,$/MCF,NUS,U.S.,PG1,City Gate Price,N3050US3,U.S. Natural Gas Citygate Price (Dollars per Thousand Cubic Feet)
2024,5,8.96,$/MCF,SAK,USA-AK,PG1,City Gate Price,N3050AK3,Natural Gas Citygate Price in Alaska (Dollars per Thousand Cubic Feet)
2024,5,2.36,$/MCF,NUS,U.S.,PEU,Electric Power Price,N3045US3,U.S. Natural Gas Electric Power Price (Dollars per Thousand Cubic Feet)
2024,5,6.37,$/MCF,SAK,USA-AK,PEU,Electric Power Price,N3045AK3,Alaska Natural Gas Price Sold to Electric Power Consumers (Dollars per Thousand Cubic Feet)
2024,5,3.31,$/MCF,NUS,U.S.,PIN,Industrial Price,N3035US3,United States Natural Gas Industrial Price (Dollars per Thousand Cubic Feet)
2024,5,5.31,$/MCF,SAK,USA-AK,PIN,Industrial Price,N3035AK3,Alaska Natural Gas Industrial Price (Dollars per Thousand Cubic Feet)
2024,5,10.35,$/MCF,NUS,U.S.,PCS,Price Delivered to Commercial Sectors,N3020US3,U.S. Price of Natural Gas Sold to Commercial Consumers (Dollars per Thousand Cubic Feet)
2024,5,10.78,$/MCF,SAK,USA-AK,PCS,Price Delivered to Commercial Sectors,N3020AK3,Alaska Price of Natural Gas Sold to Commercial Consumers (Dollars per Thousand Cubic Feet)
2024,5,17.67,$/MCF,NUS,U.S.,PRS,Price Delivered to Residential Consumers,N3010US3,U.S. Price of Natural Gas Delivered to Residential Consumers (Dollars per Thousand Cubic Feet)
2024,5,12.09,$/MCF,SAK,USA-AK,PRS,Price Delivered to Residential Consumers,N3010AK3,Alaska Price of Natural Gas Delivered to Residential Consumers (Dollars per Thousand Cubic Feet)
2024,4,3.36,$/MCF,NUS,U.S.,PG1,City Gate Price,N3050US3,U.S. Natural Gas Citygate Price (Dollars per Thousand Cubic Feet)
2024,4,8.74,$/MCF,SAK,USA-AK,PG1,City Gate Price,N3050AK3,Natural Gas Citygate Price in Alaska (Dollars per Thousand Cubic Feet)
2024,4,2.09,$/MCF,NUS,U.S.,PEU,Electric Power Price,N3045US3,U.S. Natural Gas Electric Power Price (Dollars per Thousand Cubic Feet)
2024,4,6.31,$/MCF,SAK,USA-AK,PEU,Electric Power Price,N3045AK3,Alaska Natural Gas Price Sold to Electric Power Consumers (Dollars per Thousand Cubic Feet)
2024,4,3.48,$/MCF,NUS,U.S.,PIN,Industrial Price,N3035US3,United States Natural Gas Industrial Price (Dollars per Thousand Cubic Feet)
2024,4,5.85,$/MCF,SAK,USA-AK,PIN,Industrial Price,N3035AK3,Alaska Natural Gas Industrial Price (Dollars per Thousand Cubic Feet)
2024,4,9.93,$/MCF,NUS,U.S.,PCS,Price Delivered to Commercial Sectors,N3020US3,U.S. Price of Natural Gas Sold to Commercial Consumers (Dollars per Thousand Cubic Feet)
2024,4,10.58,$/MCF,SAK,USA-AK,PCS,Price Delivered to Commercial Sectors,N3020AK3,Alaska Price of Natural Gas Sold to Commercial Consumers (Dollars per Thousand Cubic Feet)
2024,4,14.32,$/MCF,NUS,U.S.,PRS,Price Delivered to Residential Consumers,N3010US3,U.S. Price of Natural Gas Delivered to Residential Consumers (Dollars per Thousand Cubic Feet)
2024,4,11.68,$/MCF,SAK,USA-AK,PRS,Price Delivered to Residential Consumers,N3010AK3,Alaska Price of Natural Gas Delivered to Residential Consumers (Dollars per Thousand Cubic Feet)
2024,3,3.99,$/MCF,NUS,U.S.,PG1,City Gate Price,N3050US3,U.S. Natural Gas Citygate Price (Dollars per Thousand Cubic Feet)
2024,3,8.36,$/MCF,SAK,USA-AK,PG1,City Gate Price,N3050AK3,Natural Gas Citygate Price in Alaska (Dollars per Thousand Cubic Feet)
2024,3,2.27,$/MCF,NUS,U.S.,PEU,Electric Power Price,N3045US3,U.S. Natural Gas Electric Power Price (Dollars per Thousand Cubic Feet)
2024,3,6.34,$/MCF,SAK,USA-AK,PEU,Electric Power Price,N3045AK3,Alaska Natural Gas Price Sold to Electric Power Consumers (Dollars per Thousand Cubic Feet)
2024,3,3.9,$/MCF,NUS,U.S.,PIN,Industrial Price,N3035US3,United States Natural Gas Industrial Price (Dollars per Thousand Cubic Feet)
2024,3,6.82,$/MCF,SAK,USA-AK,PIN,Industrial Price,N3035AK3,Alaska Natural Gas Industrial Price (Dollars per Thousand Cubic Feet)
2024,3,9.99,$/MCF,NUS,U.S.,PCS,Price Delivered to Commercial Sectors,N3020US3,U.S. Price of Natural Gas Sold to Commercial Consumers (Dollars per Thousand Cubic Feet)
2024,3,10.4,$/MCF,SAK,USA-AK,PCS,Price Delivered to Commercial Sectors,N3020AK3,Alaska Price of Natural Gas Sold to Commercial Consumers (Dollars per Thousand Cubic Feet)
2024,3,13.66,$/MCF,NUS,U.S.,PRS,Price Delivered to Residential Consumers,N3010US3,U.S. Price of Natural Gas Delivered to Residential Consumers (Dollars per Thousand Cubic Feet)
2024,3,11.24,$/MCF,SAK,USA-AK,PRS,Price Delivered to Residential Consumers,N3010AK3,Alaska Price of Natural Gas Delivered to Residential Consumers (Dollars per Thousand Cubic Feet)
2024,2,4.52,$/MCF,NUS,U.S.,PG1,City Gate Price,N3050US3,U.S. Natural Gas Citygate Price (Dollars per Thousand Cubic Feet)
2024,2,9.06,$/MCF,SAK,USA-AK,PG1,City Gate Price,N3050AK3,Natural Gas Citygate Price in Alaska (Dollars per Thousand Cubic Feet)
2024,2,2.95,$/MCF,NUS,U.S.,PEU,Electric Power Price,N3045US3,U.S. Natural Gas Electric Power Price (Dollars per Thousand Cubic Feet)
2024,2,6.44,$/MCF,SAK,USA-AK,PEU,Electric Power Price,N3045AK3,Alaska Natural Gas Price Sold to Electric Power Consumers (Dollars per Thousand Cubic Feet)
2024,2,4.97,$/MCF,NUS,U.S.,PIN,Industrial Price,N3035US3,United States Natural Gas Industrial Price (Dollars per Thousand Cubic Feet)
2024,2,6.77,$/MCF,SAK,USA-AK,PIN,Industrial Price,N3035AK3,Alaska Natural Gas Industrial Price (Dollars per Thousand Cubic Feet)
2024,2,10.03,$/MCF,NUS,U.S.,PCS,Price Delivered to Commercial Sectors,N3020US3,U.S. Price of Natural Gas Sold to Commercial Consumers (Dollars per Thousand Cubic Feet)
2024,2,10.4,$/MCF,SAK,USA-AK,PCS,Price Delivered to Commercial Sectors,N3020AK3,Alaska Price of Natural Gas Sold to Commercial Consumers (Dollars per Thousand Cubic Feet)
2024,2,13.14,$/MCF,NUS,U.S.,PRS,Price Delivered to Residential Consumers,N3010US3,U.S. Price of Natural Gas Delivered to Residential Consumers (Dollars per Thousand Cubic Feet)
2024,2,11.08,$/MCF,SAK,USA-AK,PRS,Price Delivered to Residential Consumers,N3010AK3,Alaska Price of Natural Gas Delivered to Residential Consumers (Dollars per Thousand Cubic Feet)
2024,1,4.77,$/MCF,NUS,U.S.,PG1,City Gate Price,N3050US3,U.S. Natural Gas Citygate Price (Dollars per Thousand Cubic Feet)
2024,1,8.32,$/MCF,SAK,USA-AK,PG1,City Gate Price,N3050AK3,Natural Gas Citygate Price in Alaska (Dollars per Thousand Cubic Feet)
2024,1,5.08,$/MCF,NUS,U.S.,PEU,Electric Power Price,N3045US3,U.S. Natural Gas Electric Power Price (Dollars per Thousand Cubic Feet)
2024,1,6.53,$/MCF,SAK,USA-AK,PEU,Electric Power Price,N3045AK3,Alaska Natural Gas Price Sold to Electric Power Consumers (Dollars per Thousand Cubic Feet)
2024,1,5.24,$/MCF,NUS,U.S.,PIN,Industrial Price,N3035US3,United States Natural Gas Industrial Price (Dollars per Thousand Cubic Feet)
2024,1,6.96,$/MCF,SAK,USA-AK,PIN,Industrial Price,N3035AK3,Alaska Natural Gas Industrial Price (Dollars per Thousand Cubic Feet)
2024,1,9.5,$/MCF,NUS,U.S.,PCS,Price Delivered to Commercial Sectors,N3020US3,U.S. Price of Natural Gas Sold to Commercial Consumers (Dollars per Thousand Cubic Feet)
2024,1,10.35,$/MCF,SAK,USA-AK,PCS,Price Delivered to Commercial Sectors,N3020AK3,Alaska Price of Natural Gas Sold to Commercial Consumers (Dollars per Thousand Cubic Feet)
2024,1,11.89,$/MCF,NUS,U.S.,PRS,Price Delivered to Residential Consumers,N3010US3,U.S. Price of Natural Gas Delivered to Residential Consumers (Dollars per Thousand Cubic Feet)
2024,1,10.89,$/MCF,SAK,USA-AK,PRS,Price Delivered to Residential Consumers,N3010AK3,Alaska Price of Natural Gas Delivered to Residential Consumers (Dollars per Thousand Cubic Feet)
2023,12,4.44,$/MCF,NUS,U.S.,PG1,City Gate Price,N3050US3,U.S. Natural Gas Citygate Price (Dollars per Thousand Cubic Feet)
2023,12,8.32,$/MCF,SAK,USA-AK,PG1,City Gate Price,N3050AK3,Natural Gas Citygate Price in Alaska (Dollars per Thousand Cubic Feet)
2023,12,3.36,$/MCF,NUS,U.S.,PEU,Electric Power Price,N3045US3,U.S. Natural Gas Electric Power Price (Dollars per Thousand Cubic Feet)
2023,12,7.68,$/MCF,SAK,USA-AK,PEU,Electric Power Price,N3045AK3,Alaska Natural Gas Price Sold to Electric Power Consumers (Dollars per Thousand Cubic Feet)
2023,12,4.48,$/MCF,NUS,U.S.,PIN,Industrial Price,N3035US3,United States Natural Gas Industrial Price (Dollars per Thousand Cubic Feet)
2023,12,6.71,$/MCF,SAK,USA-AK,PIN,Industrial Price,N3035AK3,Alaska Natural Gas Industrial Price (Dollars per Thousand Cubic Feet)
2023,12,9.91,$/MCF,NUS,U.S.,PCS,Price Delivered to Commercial Sectors,N3020US3,U.S. Price of Natural Gas Sold to Commercial Consumers (Dollars per Thousand Cubic Feet)
2023,12,10.36,$/MCF,SAK,USA-AK,PCS,Price Delivered to Commercial Sectors,N3020AK3,Alaska Price of Natural Gas Sold to Commercial Consumers (Dollars per Thousand Cubic Feet)
2023,12,13.03,$/MCF,NUS,U.S.,PRS,Price Delivered to Residential Consumers,N3010US3,U.S. Price of Natural Gas Delivered to Residential Consumers (Dollars per Thousand Cubic Feet)
2023,12,10.93,$/MCF,SAK,USA-AK,PRS,Price Delivered to Residential Consumers,N3010AK3,Alaska Price of Natural Gas Delivered to Residential Consumers (Dollars per Thousand Cubic Feet)
2023,11,4.37,$/MCF,NUS,U.S.,PG1,City Gate Price,N3050US3,U.S. Natural Gas Citygate Price (Dollars per Thousand Cubic Feet)
2023,11,8.36,$/MCF,SAK,USA-AK,PG1,City Gate Price,N3050AK3,Natural Gas Citygate Price in Alaska (Dollars per Thousand Cubic Feet)
2023,11,3.49,$/MCF,NUS,U.S.,PEU,Electric Power Price,N3045US3,U.S. Natural Gas Electric Power Price (Dollars per Thousand Cubic Feet)
2023,11,7.53,$/MCF,SAK,USA-AK,PEU,Electric Power Price,N3045AK3,Alaska Natural Gas Price Sold to Electric Power Consumers (Dollars per Thousand Cubic Feet)
2023,11,4.35,$/MCF,NUS,U.S.,PIN,Industrial Price,N3035US3,United States Natural Gas Industrial Price (Dollars per Thousand Cubic Feet)
2023,11,6.92,$/MCF,SAK,USA-AK,PIN,Industrial Price,N3035AK3,Alaska Natural Gas Industrial Price (Dollars per Thousand Cubic Feet)
2023,11,9.76,$/MCF,NUS,U.S.,PCS,Price Delivered to Commercial Sectors,N3020US3,U.S. Price of Natural Gas Sold to Commercial Consumers (Dollars per Thousand Cubic Feet)
2023,11,10.49,$/MCF,SAK,USA-AK,PCS,Price Delivered to Commercial Sectors,N3020AK3,Alaska Price of Natural Gas Sold to Commercial Consumers (Dollars per Thousand Cubic Feet)
2023,11,13.47,$/MCF,NUS,U.S.,PRS,Price Delivered to Residential Consumers,N3010US3,U.S. Price of Natural Gas Delivered to Residential Consumers (Dollars per Thousand Cubic Feet)
2023,11,11.16,$/MCF,SAK,USA-AK,PRS,Price Delivered to Residential Consumers,N3010AK3,Alaska Price of Natural Gas Delivered to Residential Consumers (Dollars per Thousand Cubic Feet)
2023,10,4.11,$/MCF,NUS,U.S.,PG1,City Gate Price,N3050US3,U.S. Natural Gas Citygate Price (Dollars per Thousand Cubic Feet)
2023,10,8.35,$/MCF,SAK,USA-AK,PG1,City Gate Price,N3050AK3,Natural Gas Citygate Price in Alaska (Dollars per Thousand Cubic Feet)
2023,10,2.98,$/MCF,NUS,U.S.,PEU,Electric Power Price,N3045US3,U.S. Natural Gas Electric Power Price (Dollars per Thousand Cubic Feet)
2023,10,7.49,$/MCF,SAK,USA-AK,PEU,Electric Power Price,N3045AK3,Alaska Natural Gas Price Sold to Electric Power Consumers (Dollars per Thousand Cubic Feet)
2023,10,4.06,$/MCF,NUS,U.S.,PIN,Industrial Price,N3035US3,United States Natural Gas Industrial Price (Dollars per Thousand Cubic Feet)
2023,10,6.5,$/MCF,SAK,USA-AK,PIN,Industrial Price,N3035AK3,Alaska Natural Gas Industrial Price (Dollars per Thousand Cubic Feet)
2023,10,10.18,$/MCF,NUS,U.S.,PCS,Price Delivered to Commercial Sectors,N3020US3,U.S. Price of Natural Gas Sold to Commercial Consumers (Dollars per Thousand Cubic Feet)
2023,10,10.64,$/MCF,SAK,USA-AK,PCS,Price Delivered to Commercial Sectors,N3020AK3,Alaska Price of Natural Gas Sold to Commercial Consumers (Dollars per Thousand Cubic Feet)
2023,10,16.85,$/MCF,NUS,U.S.,PRS,Price Delivered to Residential Consumers,N3010US3,U.S. Price of Natural Gas Delivered to Residential Consumers (Dollars per Thousand Cubic Feet)
2023,10,11.42,$/MCF,SAK,USA-AK,PRS,Price Delivered to Residential Consumers,N3010AK3,Alaska Price of Natural Gas Delivered to Residential Consumers (Dollars per Thousand Cubic Feet)
2023,9,4.9,$/MCF,NUS,U.S.,PG1,City Gate Price,N3050US3,U.S. Natural Gas Citygate Price (Dollars per Thousand Cubic Feet)
2023,9,8.55,$/MCF,SAK,USA-AK,PG1,City Gate Price,N3050AK3,Natural Gas Citygate Price in Alaska (Dollars per Thousand Cubic Feet)
2023,9,2.93,$/MCF,NUS,U.S.,PEU,Electric Power Price,N3045US3,U.S. Natural Gas Electric Power Price (Dollars per Thousand Cubic Feet)
2023,9,7.48,$/MCF,SAK,USA-AK,PEU,Electric Power Price,N3045AK3,Alaska Natural Gas Price Sold to Electric Power Consumers (Dollars per Thousand Cubic Feet)
2023,9,3.84,$/MCF,NUS,U.S.,PIN,Industrial Price,N3035US3,United States Natural Gas Industrial Price (Dollars per Thousand Cubic Feet)
2023,9,6.33,$/MCF,SAK,USA-AK,PIN,Industrial Price,N3035AK3,Alaska Natural Gas Industrial Price (Dollars per Thousand Cubic Feet)
2023,9,11,$/MCF,NUS,U.S.,PCS,Price Delivered to Commercial Sectors,N3020US3,U.S. Price of Natural Gas Sold to Commercial Consumers (Dollars per Thousand Cubic Feet)
2023,9,11.03,$/MCF,SAK,USA-AK,PCS,Price Delivered to Commercial Sectors,N3020AK3,Alaska Price of Natural Gas Sold to Commercial Consumers (Dollars per Thousand Cubic Feet)
2023,9,22.05,$/MCF,NUS,U.S.,PRS,Price Delivered to Residential Consumers,N3010US3,U.S. Price of Natural Gas Delivered to Residential Consumers (Dollars per Thousand Cubic Feet)
2023,9,12.48,$/MCF,SAK,USA-AK,PRS,Price Delivered to Residential Consumers,N3010AK3,Alaska Price of Natural Gas Delivered to Residential Consumers (Dollars per Thousand Cubic Feet)
2023,8,4.86,$/MCF,NUS,U.S.,PG1,City Gate Price,N3050US3,U.S. Natural Gas Citygate Price (Dollars per Thousand Cubic Feet)
2023,8,8.87,$/MCF,SAK,USA-AK,PG1,City Gate Price,N3050AK3,Natural Gas Citygate Price in Alaska (Dollars per Thousand Cubic Feet)
2023,8,3.03,$/MCF,NUS,U.S.,PEU,Electric Power Price,N3045US3,U.S. Natural Gas Electric Power Price (Dollars per Thousand Cubic Feet)
2023,8,7.57,$/MCF,SAK,USA-AK,PEU,Electric Power Price,N3045AK3,Alaska Natural Gas Price Sold to Electric Power Consumers (Dollars per Thousand Cubic Feet)
2023,8,3.79,$/MCF,NUS,U.S.,PIN,Industrial Price,N3035US3,United States Natural Gas Industrial Price (Dollars per Thousand Cubic Feet)
2023,8,6.4,$/MCF,SAK,USA-AK,PIN,Industrial Price,N3035AK3,Alaska Natural Gas Industrial Price (Dollars per Thousand Cubic Feet)
2023,8,11.19,$/MCF,NUS,U.S.,PCS,Price Delivered to Commercial Sectors,N3020US3,U.S. Price of Natural Gas Sold to Commercial Consumers (Dollars per Thousand Cubic Feet)
2023,8,11.45,$/MCF,SAK,USA-AK,PCS,Price Delivered to Commercial Sectors,N3020AK3,Alaska Price of Natural Gas Sold to Commercial Consumers (Dollars per Thousand Cubic Feet)
2023,8,23.41,$/MCF,NUS,U.S.,PRS,Price Delivered to Residential Consumers,N3010US3,U.S. Price of Natural Gas Delivered to Residential Consumers (Dollars per Thousand Cubic Feet)
2023,8,14.31,$/MCF,SAK,USA-AK,PRS,Price Delivered to Residential Consumers,N3010AK3,Alaska Price of Natural Gas Delivered to Residential Consumers (Dollars per Thousand Cubic Feet)
2023,7,4.82,$/MCF,NUS,U.S.,PG1,City Gate Price,N3050US3,U.S. Natural Gas Citygate Price (Dollars per Thousand Cubic Feet)
2023,7,8.92,$/MCF,SAK,USA-AK,PG1,City Gate Price,N3050AK3,Natural Gas Citygate Price in Alaska (Dollars per Thousand Cubic Feet)
2023,7,3.08,$/MCF,NUS,U.S.,PEU,Electric Power Price,N3045US3,U.S. Natural Gas Electric Power Price (Dollars per Thousand Cubic Feet)
2023,7,7.63,$/MCF,SAK,USA-AK,PEU,Electric Power Price,N3045AK3,Alaska Natural Gas Price Sold to Electric Power Consumers (Dollars per Thousand Cubic Feet)
2023,7,3.84,$/MCF,NUS,U.S.,PIN,Industrial Price,N3035US3,United States Natural Gas Industrial Price (Dollars per Thousand Cubic Feet)
2023,7,6.18,$/MCF,SAK,USA-AK,PIN,Industrial Price,N3035AK3,Alaska Natural Gas Industrial Price (Dollars per Thousand Cubic Feet)
2023,7,10.98,$/MCF,NUS,U.S.,PCS,Price Delivered to Commercial Sectors,N3020US3,U.S. Price of Natural Gas Sold to Commercial Consumers (Dollars per Thousand Cubic Feet)
2023,7,11.7,$/MCF,SAK,USA-AK,PCS,Price Delivered to Commercial Sectors,N3020AK3,Alaska Price of Natural Gas Sold to Commercial Consumers (Dollars per Thousand Cubic Feet)
2023,7,22.18,$/MCF,NUS,U.S.,PRS,Price Delivered to Residential Consumers,N3010US3,U.S. Price of Natural Gas Delivered to Residential Consumers (Dollars per Thousand Cubic Feet)
2023,7,14.33,$/MCF,SAK,USA-AK,PRS,Price Delivered to Residential Consumers,N3010AK3,Alaska Price of Natural Gas Delivered to Residential Consumers (Dollars per Thousand Cubic Feet)
2023,6,4.54,$/MCF,NUS,U.S.,PG1,City Gate Price,N3050US3,U.S. Natural Gas Citygate Price (Dollars per Thousand Cubic Feet)
2023,6,8.73,$/MCF,SAK,USA-AK,PG1,City Gate Price,N3050AK3,Natural Gas Citygate Price in Alaska (Dollars per Thousand Cubic Feet)
2023,6,2.64,$/MCF,NUS,U.S.,PEU,Electric Power Price,N3045US3,U.S. Natural Gas Electric Power Price (Dollars per Thousand Cubic Feet)
2023,6,7.44,$/MCF,SAK,USA-AK,PEU,Electric Power Price,N3045AK3,Alaska Natural Gas Price Sold to Electric Power Consumers (Dollars per Thousand Cubic Feet)
2023,6,3.53,$/MCF,NUS,U.S.,PIN,Industrial Price,N3035US3,United States Natural Gas Industrial Price (Dollars per Thousand Cubic Feet)
2023,6,6.15,$/MCF,SAK,USA-AK,PIN,Industrial Price,N3035AK3,Alaska Natural Gas Industrial Price (Dollars per Thousand Cubic Feet)
2023,6,10.81,$/MCF,NUS,U.S.,PCS,Price Delivered to Commercial Sectors,N3020US3,U.S. Price of Natural Gas Sold to Commercial Consumers (Dollars per Thousand Cubic Feet)
2023,6,11.46,$/MCF,SAK,USA-AK,PCS,Price Delivered to Commercial Sectors,N3020AK3,Alaska Price of Natural Gas Sold to Commercial Consumers (Dollars per Thousand Cubic Feet)
2023,6,20.31,$/MCF,NUS,U.S.,PRS,Price Delivered to Residential Consumers,N3010US3,U.S. Price of Natural Gas Delivered to Residential Consumers (Dollars per Thousand Cubic Feet)
2023,6,13.42,$/MCF,SAK,USA-AK,PRS,Price Delivered to Residential Consumers,N3010AK3,Alaska Price of Natural Gas Delivered to Residential Consumers (Dollars per Thousand Cubic Feet)
2023,5,4.01,$/MCF,NUS,U.S.,PG1,City Gate Price,N3050US3,U.S. Natural Gas Citygate Price (Dollars per Thousand Cubic Feet)
2023,5,8.46,$/MCF,SAK,USA-AK,PG1,City Gate Price,N3050AK3,Natural Gas Citygate Price in Alaska (Dollars per Thousand Cubic Feet)
2023,5,2.62,$/MCF,NUS,U.S.,PEU,Electric Power Price,N3045US3,U.S. Natural Gas Electric Power Price (Dollars per Thousand Cubic Feet)
2023,5,7.31,$/MCF,SAK,USA-AK,PEU,Electric Power Price,N3045AK3,Alaska Natural Gas Price Sold to Electric Power Consumers (Dollars per Thousand Cubic Feet)
2023,5,3.54,$/MCF,NUS,U.S.,PIN,Industrial Price,N3035US3,United States Natural Gas Industrial Price (Dollars per Thousand Cubic Feet)
2023,5,6.4,$/MCF,SAK,USA-AK,PIN,Industrial Price,N3035AK3,Alaska Natural Gas Industrial Price (Dollars per Thousand Cubic Feet)
2023,5,10.56,$/MCF,NUS,U.S.,PCS,Price Delivered to Commercial Sectors,N3020US3,U.S. Price of Natural Gas Sold to Commercial Consumers (Dollars per Thousand Cubic Feet)
2023,5,10.6,$/MCF,SAK,USA-AK,PCS,Price Delivered to Commercial Sectors,N3020AK3,Alaska Price of Natural Gas Sold to Commercial Consumers (Dollars per Thousand Cubic Feet)
2023,5,16.86,$/MCF,NUS,U.S.,PRS,Price Delivered to Residential Consumers,N3010US3,U.S. Price of Natural Gas Delivered to Residential Consumers (Dollars per Thousand Cubic Feet)
2023,5,12.04,$/MCF,SAK,USA-AK,PRS,Price Delivered to Residential Consumers,N3010AK3,Alaska Price of Natural Gas Delivered to Residential Consumers (Dollars per Thousand Cubic Feet)
2023,4,4.31,$/MCF,NUS,U.S.,PG1,City Gate Price,N3050US3,U.S. Natural Gas Citygate Price (Dollars per Thousand Cubic Feet)
2023,4,8.22,$/MCF,SAK,USA-AK,PG1,City Gate Price,N3050AK3,Natural Gas Citygate Price in Alaska (Dollars per Thousand Cubic Feet)
2023,4,2.75,$/MCF,NUS,U.S.,PEU,Electric Power Price,N3045US3,U.S. Natural Gas Electric Power Price (Dollars per Thousand Cubic Feet)
2023,4,7.41,$/MCF,SAK,USA-AK,PEU,Electric Power Price,N3045AK3,Alaska Natural Gas Price Sold to Electric Power Consumers (Dollars per Thousand Cubic Feet)
2023,4,4.03,$/MCF,NUS,U.S.,PIN,Industrial Price,N3035US3,United States Natural Gas Industrial Price (Dollars per Thousand Cubic Feet)
2023,4,6.02,$/MCF,SAK,USA-AK,PIN,Industrial Price,N3035AK3,Alaska Natural Gas Industrial Price (Dollars per Thousand Cubic Feet)
2023,4,10.51,$/MCF,NUS,U.S.,PCS,Price Delivered to Commercial Sectors,N3020US3,U.S. Price of Natural Gas Sold to Commercial Consumers (Dollars per Thousand Cubic Feet)
2023,4,10.22,$/MCF,SAK,USA-AK,PCS,Price Delivered to Commercial Sectors,N3020AK3,Alaska Price of Natural Gas Sold to Commercial Consumers (Dollars per Thousand Cubic Feet)
2023,4,14.54,$/MCF,NUS,U.S.,PRS,Price Delivered to Residential Consumers,N3010US3,U.S. Price of Natural Gas Delivered to Residential Consumers (Dollars per Thousand Cubic Feet)
2023,4,11.2,$/MCF,SAK,USA-AK,PRS,Price Delivered to Residential Consumers,N3010AK3,Alaska Price of Natural Gas Delivered to Residential Consumers (Dollars per Thousand Cubic Feet)
2023,3,5.11,$/MCF,NUS,U.S.,PG1,City Gate Price,N3050US3,U.S. Natural Gas Citygate Price (Dollars per Thousand Cubic Feet)
2023,3,8.13,$/MCF,SAK,USA-AK,PG1,City Gate Price,N3050AK3,Natural Gas Citygate Price in Alaska (Dollars per Thousand Cubic Feet)
2023,3,3.49,$/MCF,NUS,U.S.,PEU,Electric Power Price,N3045US3,U.S. Natural Gas Electric Power Price (Dollars per Thousand Cubic Feet)
2023,3,7.35,$/MCF,SAK,USA-AK,PEU,Electric Power Price,N3045AK3,Alaska Natural Gas Price Sold to Electric Power Consumers (Dollars per Thousand Cubic Feet)
2023,3,5,$/MCF,NUS,U.S.,PIN,Industrial Price,N3035US3,United States Natural Gas Industrial Price (Dollars per Thousand Cubic Feet)
2023,3,6.53,$/MCF,SAK,USA-AK,PIN,Industrial Price,N3035AK3,Alaska Natural Gas Industrial Price (Dollars per Thousand Cubic Feet)
2023,3,11.05,$/MCF,NUS,U.S.,PCS,Price Delivered to Commercial Sectors,N3020US3,U.S. Price of Natural Gas Sold to Commercial Consumers (Dollars per Thousand Cubic Feet)
2023,3,10.13,$/MCF,SAK,USA-AK,PCS,Price Delivered to Commercial Sectors,N3020AK3,Alaska Price of Natural Gas Sold to Commercial Consumers (Dollars per Thousand Cubic Feet)
2023,3,13.88,$/MCF,NUS,U.S.,PRS,Price Delivered to Residential Consumers,N3010US3,U.S. Price of Natural Gas Delivered to Residential Consumers (Dollars per Thousand Cubic Feet)
2023,3,10.84,$/MCF,SAK,USA-AK,PRS,Price Delivered to Residential Consumers,N3010AK3,Alaska Price of Natural Gas Delivered to Residential Consumers (Dollars per Thousand Cubic Feet)
2023,2,6.57,$/MCF,NUS,U.S.,PG1,City Gate Price,N3050US3,U.S. Natural Gas Citygate Price (Dollars per Thousand Cubic Feet)
2023,2,8.15,$/MCF,SAK,USA-AK,PG1,City Gate Price,N3050AK3,Natural Gas Citygate Price in Alaska (Dollars per Thousand Cubic Feet)
2023,2,4.56,$/MCF,NUS,U.S.,PEU,Electric Power Price,N3045US3,U.S. Natural Gas Electric Power Price (Dollars per Thousand Cubic Feet)
2023,2,7.35,$/MCF,SAK,USA-AK,PEU,Electric Power Price,N3045AK3,Alaska Natural Gas Price Sold to Electric Power Consumers (Dollars per Thousand Cubic Feet)
2023,2,5.94,$/MCF,NUS,U.S.,PIN,Industrial Price,N3035US3,United States Natural Gas Industrial Price (Dollars per Thousand Cubic Feet)
2023,2,6.65,$/MCF,SAK,USA-AK,PIN,Industrial Price,N3035AK3,Alaska Natural Gas Industrial Price (Dollars per Thousand Cubic Feet)
2023,2,12.11,$/MCF,NUS,U.S.,PCS,Price Delivered to Commercial Sectors,N3020US3,U.S. Price of Natural Gas Sold to Commercial Consumers (Dollars per Thousand Cubic Feet)
2023,2,10.08,$/MCF,SAK,USA-AK,PCS,Price Delivered to Commercial Sectors,N3020AK3,Alaska Price of Natural Gas Sold to Commercial Consumers (Dollars per Thousand Cubic Feet)
2023,2,15.15,$/MCF,NUS,U.S.,PRS,Price Delivered to Residential Consumers,N3010US3,U.S. Price of Natural Gas Delivered to Residential Consumers (Dollars per Thousand Cubic Feet)
2023,2,10.82,$/MCF,SAK,USA-AK,PRS,Price Delivered to Residential Consumers,N3010AK3,Alaska Price of Natural Gas Delivered to Residential Consumers (Dollars per Thousand Cubic Feet)
2023,1,9.12,$/MCF,NUS,U.S.,PG1,City Gate Price,N3050US3,U.S. Natural Gas Citygate Price (Dollars per Thousand Cubic Feet)
2023,1,8.16,$/MCF,SAK,USA-AK,PG1,City Gate Price,N3050AK3,Natural Gas Citygate Price in Alaska (Dollars per Thousand Cubic Feet)
2023,1,7.26,$/MCF,NUS,U.S.,PEU,Electric Power Price,N3045US3,U.S. Natural Gas Electric Power Price (Dollars per Thousand Cubic Feet)
2023,1,5.36,$/MCF,SAK,USA-AK,PEU,Electric Power Price,N3045AK3,Alaska Natural Gas Price Sold to Electric Power Consumers (Dollars per Thousand Cubic Feet)
2023,1,7.2,$/MCF,NUS,U.S.,PIN,Industrial Price,N3035US3,United States Natural Gas Industrial Price (Dollars per Thousand Cubic Feet)
2023,1,6.78,$/MCF,SAK,USA-AK,PIN,Industrial Price,N3035AK3,Alaska Natural Gas Industrial Price (Dollars per Thousand Cubic Feet)
2023,1,12.56,$/MCF,NUS,U.S.,PCS,Price Delivered to Commercial Sectors,N3020US3,U.S. Price of Natural Gas Sold to Commercial Consumers (Dollars per Thousand Cubic Feet)
2023,1,10.14,$/MCF,SAK,USA-AK,PCS,Price Delivered to Commercial Sectors,N3020AK3,Alaska Price of Natural Gas Sold to Commercial Consumers (Dollars per Thousand Cubic Feet)
2023,1,15.56,$/MCF,NUS,U.S.,PRS,Price Delivered to Residential Consumers,N3010US3,U.S. Price of Natural Gas Delivered to Residential Consumers (Dollars per Thousand Cubic Feet)
2023,1,10.76,$/MCF,SAK,USA-AK,PRS,Price Delivered to Residential Consumers,N3010AK3,Alaska Price of Natural Gas Delivered to Residential Consumers (Dollars per Thousand Cubic Feet)
2022,12,8.11,$/MCF,NUS,U.S.,PG1,City Gate Price,N3050US3,U.S. Natural Gas Citygate Price (Dollars per Thousand Cubic Feet)
2022,12,8.14,$/MCF,SAK,USA-AK,PG1,City Gate Price,N3050AK3,Natural Gas Citygate Price in Alaska (Dollars per Thousand Cubic Feet)
2022,12,9.35,$/MCF,NUS,U.S.,PEU,Electric Power Price,N3045US3,U.S. Natural Gas Electric Power Price (Dollars per Thousand Cubic Feet)
2022,12,6.52,$/MCF,SAK,USA-AK,PEU,Electric Power Price,N3045AK3,Alaska Natural Gas Price Sold to Electric Power Consumers (Dollars per Thousand Cubic Feet)
2022,12,8.08,$/MCF,NUS,U.S.,PIN,Industrial Price,N3035US3,United States Natural Gas Industrial Price (Dollars per Thousand Cubic Feet)
2022,12,6.74,$/MCF,SAK,USA-AK,PIN,Industrial Price,N3035AK3,Alaska Natural Gas Industrial Price (Dollars per Thousand Cubic Feet)
2022,12,11.97,$/MCF,NUS,U.S.,PCS,Price Delivered to Commercial Sectors,N3020US3,U.S. Price of Natural Gas Sold to Commercial Consumers (Dollars per Thousand Cubic Feet)
2022,12,9.95,$/MCF,SAK,USA-AK,PCS,Price Delivered to Commercial Sectors,N3020AK3,Alaska Price of Natural Gas Sold to Commercial Consumers (Dollars per Thousand Cubic Feet)
2022,12,14.66,$/MCF,NUS,U.S.,PRS,Price Delivered to Residential Consumers,N3010US3,U.S. Price of Natural Gas Delivered to Residential Consumers (Dollars per Thousand Cubic Feet)
2022,12,10.57,$/MCF,SAK,USA-AK,PRS,Price Delivered to Residential Consumers,N3010AK3,Alaska Price of Natural Gas Delivered to Residential Consumers (Dollars per Thousand Cubic Feet)
2022,11,6.72,$/MCF,NUS,U.S.,PG1,City Gate Price,N3050US3,U.S. Natural Gas Citygate Price (Dollars per Thousand Cubic Feet)
2022,11,8.18,$/MCF,SAK,USA-AK,PG1,City Gate Price,N3050AK3,Natural Gas Citygate Price in Alaska (Dollars per Thousand Cubic Feet)
2022,11,5.84,$/MCF,NUS,U.S.,PEU,Electric Power Price,N3045US3,U.S. Natural Gas Electric Power Price (Dollars per Thousand Cubic Feet)
2022,11,6.77,$/MCF,SAK,USA-AK,PEU,Electric Power Price,N3045AK3,Alaska Natural Gas Price Sold to Electric Power Consumers (Dollars per Thousand Cubic Feet)
2022,11,6.76,$/MCF,NUS,U.S.,PIN,Industrial Price,N3035US3,United States Natural Gas Industrial Price (Dollars per Thousand Cubic Feet)
2022,11,6.79,$/MCF,SAK,USA-AK,PIN,Industrial Price,N3035AK3,Alaska Natural Gas Industrial Price (Dollars per Thousand Cubic Feet)
2022,11,11.89,$/MCF,NUS,U.S.,PCS,Price Delivered to Commercial Sectors,N3020US3,U.S. Price of Natural Gas Sold to Commercial Consumers (Dollars per Thousand Cubic Feet)
2022,11,10.08,$/MCF,SAK,USA-AK,PCS,Price Delivered to Commercial Sectors,N3020AK3,Alaska Price of Natural Gas Sold to Commercial Consumers (Dollars per Thousand Cubic Feet)
2022,11,15.56,$/MCF,NUS,U.S.,PRS,Price Delivered to Residential Consumers,N3010US3,U.S. Price of Natural Gas Delivered to Residential Consumers (Dollars per Thousand Cubic Feet)
2022,11,10.78,$/MCF,SAK,USA-AK,PRS,Price Delivered to Residential Consumers,N3010AK3,Alaska Price of Natural Gas Delivered to Residential Consumers (Dollars per Thousand Cubic Feet)
2022,10,6.79,$/MCF,NUS,U.S.,PG1,City Gate Price,N3050US3,U.S. Natural Gas Citygate Price (Dollars per Thousand Cubic Feet)
2022,10,8.22,$/MCF,SAK,USA-AK,PG1,City Gate Price,N3050AK3,Natural Gas Citygate Price in Alaska (Dollars per Thousand Cubic Feet)
2022,10,5.94,$/MCF,NUS,U.S.,PEU,Electric Power Price,N3045US3,U.S. Natural Gas Electric Power Price (Dollars per Thousand Cubic Feet)
2022,10,6.52,$/MCF,SAK,USA-AK,PEU,Electric Power Price,N3045AK3,Alaska Natural Gas Price Sold to Electric Power Consumers (Dollars per Thousand Cubic Feet)
2022,10,7.18,$/MCF,NUS,U.S.,PIN,Industrial Price,N3035US3,United States Natural Gas Industrial Price (Dollars per Thousand Cubic Feet)
2022,10,6.52,$/MCF,SAK,USA-AK,PIN,Industrial Price,N3035AK3,Alaska Natural Gas Industrial Price (Dollars per Thousand Cubic Feet)
2022,10,12.85,$/MCF,NUS,U.S.,PCS,Price Delivered to Commercial Sectors,N3020US3,U.S. Price of Natural Gas Sold to Commercial Consumers (Dollars per Thousand Cubic Feet)
2022,10,10.33,$/MCF,SAK,USA-AK,PCS,Price Delivered to Commercial Sectors,N3020AK3,Alaska Price of Natural Gas Sold to Commercial Consumers (Dollars per Thousand Cubic Feet)
2022,10,18.62,$/MCF,NUS,U.S.,PRS,Price Delivered to Residential Consumers,N3010US3,U.S. Price of Natural Gas Delivered to Residential Consumers (Dollars per Thousand Cubic Feet)
2022,10,11.18,$/MCF,SAK,USA-AK,PRS,Price Delivered to Residential Consumers,N3010AK3,Alaska Price of Natural Gas Delivered to Residential Consumers (Dollars per Thousand Cubic Feet)
2022,9,9.69,$/MCF,NUS,U.S.,PG1,City Gate Price,N3050US3,U.S. Natural Gas Citygate Price (Dollars per Thousand Cubic Feet)
2022,9,8.32,$/MCF,SAK,USA-AK,PG1,City Gate Price,N3050AK3,Natural Gas Citygate Price in Alaska (Dollars per Thousand Cubic Feet)
2022,9,8.37,$/MCF,NUS,U.S.,PEU,Electric Power Price,N3045US3,U.S. Natural Gas Electric Power Price (Dollars per Thousand Cubic Feet)
2022,9,5.7,$/MCF,SAK,USA-AK,PEU,Electric Power Price,N3045AK3,Alaska Natural Gas Price Sold to Electric Power Consumers (Dollars per Thousand Cubic Feet)
2022,9,9.62,$/MCF,NUS,U.S.,PIN,Industrial Price,N3035US3,United States Natural Gas Industrial Price (Dollars per Thousand Cubic Feet)
2022,9,5.97,$/MCF,SAK,USA-AK,PIN,Industrial Price,N3035AK3,Alaska Natural Gas Industrial Price (Dollars per Thousand Cubic Feet)
2022,9,14.55,$/MCF,NUS,U.S.,PCS,Price Delivered to Commercial Sectors,N3020US3,U.S. Price of Natural Gas Sold to Commercial Consumers (Dollars per Thousand Cubic Feet)
2022,9,10.76,$/MCF,SAK,USA-AK,PCS,Price Delivered to Commercial Sectors,N3020AK3,Alaska Price of Natural Gas Sold to Commercial Consumers (Dollars per Thousand Cubic Feet)
2022,9,24.52,$/MCF,NUS,U.S.,PRS,Price Delivered to Residential Consumers,N3010US3,U.S. Price of Natural Gas Delivered to Residential Consumers (Dollars per Thousand Cubic Feet)
2022,9,12.26,$/MCF,SAK,USA-AK,PRS,Price Delivered to Residential Consumers,N3010AK3,Alaska Price of Natural Gas Delivered to Residential Consumers (Dollars per Thousand Cubic Feet)
2022,8,10.2,$/MCF,NUS,U.S.,PG1,City Gate Price,N3050US3,U.S. Natural Gas Citygate Price (Dollars per Thousand Cubic Feet)
2022,8,8.33,$/MCF,SAK,USA-AK,PG1,City Gate Price,N3050AK3,Natural Gas Citygate Price in Alaska (Dollars per Thousand Cubic Feet)
2022,8,9.25,$/MCF,NUS,U.S.,PEU,Electric Power Price,N3045US3,U.S. Natural Gas Electric Power Price (Dollars per Thousand Cubic Feet)
2022,8,5.71,$/MCF,SAK,USA-AK,PEU,Electric Power Price,N3045AK3,Alaska Natural Gas Price Sold to Electric Power Consumers (Dollars per Thousand Cubic Feet)
2022,8,9.44,$/MCF,NUS,U.S.,PIN,Industrial Price,N3035US3,United States Natural Gas Industrial Price (Dollars per Thousand Cubic Feet)
2022,8,6.54,$/MCF,SAK,USA-AK,PIN,Industrial Price,N3035AK3,Alaska Natural Gas Industrial Price (Dollars per Thousand Cubic Feet)
2022,8,14.14,$/MCF,NUS,U.S.,PCS,Price Delivered to Commercial Sectors,N3020US3,U.S. Price of Natural Gas Sold to Commercial Consumers (Dollars per Thousand Cubic Feet)
2022,8,11.33,$/MCF,SAK,USA-AK,PCS,Price Delivered to Commercial Sectors,N3020AK3,Alaska Price of Natural Gas Sold to Commercial Consumers (Dollars per Thousand Cubic Feet)
2022,8,25.39,$/MCF,NUS,U.S.,PRS,Price Delivered to Residential Consumers,N3010US3,U.S. Price of Natural Gas Delivered to Residential Consumers (Dollars per Thousand Cubic Feet)
2022,8,13.31,$/MCF,SAK,USA-AK,PRS,Price Delivered to Residential Consumers,N3010AK3,Alaska Price of Natural Gas Delivered to Residential Consumers (Dollars per Thousand Cubic Feet)
2022,7,8.79,$/MCF,NUS,U.S.,PG1,City Gate Price,N3050US3,U.S. Natural Gas Citygate Price (Dollars per Thousand Cubic Feet)
2022,7,8.75,$/MCF,SAK,USA-AK,PG1,City Gate Price,N3050AK3,Natural Gas Citygate Price in Alaska (Dollars per Thousand Cubic Feet)
2022,7,7.73,$/MCF,NUS,U.S.,PEU,Electric Power Price,N3045US3,U.S. Natural Gas Electric Power Price (Dollars per Thousand Cubic Feet)
2022,7,6.46,$/MCF,SAK,USA-AK,PEU,Electric Power Price,N3045AK3,Alaska Natural Gas Price Sold to Electric Power Consumers (Dollars per Thousand Cubic Feet)
2022,7,7.89,$/MCF,NUS,U.S.,PIN,Industrial Price,N3035US3,United States Natural Gas Industrial Price (Dollars per Thousand Cubic Feet)
2022,7,6.66,$/MCF,SAK,USA-AK,PIN,Industrial Price,N3035AK3,Alaska Natural Gas Industrial Price (Dollars per Thousand Cubic Feet)
2022,7,13.51,$/MCF,NUS,U.S.,PCS,Price Delivered to Commercial Sectors,N3020US3,U.S. Price of Natural Gas Sold to Commercial Consumers (Dollars per Thousand Cubic Feet)
2022,7,11.68,$/MCF,SAK,USA-AK,PCS,Price Delivered to Commercial Sectors,N3020AK3,Alaska Price of Natural Gas Sold to Commercial Consumers (Dollars per Thousand Cubic Feet)
2022,7,24.57,$/MCF,NUS,U.S.,PRS,Price Delivered to Residential Consumers,N3010US3,U.S. Price of Natural Gas Delivered to Residential Consumers (Dollars per Thousand Cubic Feet)
2022,7,14.27,$/MCF,SAK,USA-AK,PRS,Price Delivered to Residential Consumers,N3010AK3,Alaska Price of Natural Gas Delivered to Residential Consumers (Dollars per Thousand Cubic Feet)
2022,6,9.91,$/MCF,NUS,U.S.,PG1,City Gate Price,N3050US3,U.S. Natural Gas Citygate Price (Dollars per Thousand Cubic Feet)
2022,6,8.73,$/MCF,SAK,USA-AK,PG1,City Gate Price,N3050AK3,Natural Gas Citygate Price in Alaska (Dollars per Thousand Cubic Feet)
2022,6,8.14,$/MCF,NUS,U.S.,PEU,Electric Power Price,N3045US3,U.S. Natural Gas Electric Power Price (Dollars per Thousand Cubic Feet)
2022,6,6.25,$/MCF,SAK,USA-AK,PEU,Electric Power Price,N3045AK3,Alaska Natural Gas Price Sold to Electric Power Consumers (Dollars per Thousand Cubic Feet)
2022,6,9.34,$/MCF,NUS,U.S.,PIN,Industrial Price,N3035US3,United States Natural Gas Industrial Price (Dollars per Thousand Cubic Feet)
2022,6,6.77,$/MCF,SAK,USA-AK,PIN,Industrial Price,N3035AK3,Alaska Natural Gas Industrial Price (Dollars per Thousand Cubic Feet)
2022,6,13.44,$/MCF,NUS,U.S.,PCS,Price Delivered to Commercial Sectors,N3020US3,U.S. Price of Natural Gas Sold to Commercial Consumers (Dollars per Thousand Cubic Feet)
2022,6,11.5,$/MCF,SAK,USA-AK,PCS,Price Delivered to Commercial Sectors,N3020AK3,Alaska Price of Natural Gas Sold to Commercial Consumers (Dollars per Thousand Cubic Feet)
2022,6,22.41,$/MCF,NUS,U.S.,PRS,Price Delivered to Residential Consumers,N3010US3,U.S. Price of Natural Gas Delivered to Residential Consumers (Dollars per Thousand Cubic Feet)
2022,6,14.25,$/MCF,SAK,USA-AK,PRS,Price Delivered to Residential Consumers,N3010AK3,Alaska Price of Natural Gas Delivered to Residential Consumers (Dollars per Thousand Cubic Feet)
2022,5,8.21,$/MCF,NUS,U.S.,PG1,City Gate Price,N3050US3,U.S. Natural Gas Citygate Price (Dollars per Thousand Cubic Feet)
2022,5,8.34,$/MCF,SAK,USA-AK,PG1,City Gate Price,N3050AK3,Natural Gas Citygate Price in Alaska (Dollars per Thousand Cubic Feet)
2022,5,7.68,$/MCF,NUS,U.S.,PEU,Electric Power Price,N3045US3,U.S. Natural Gas Electric Power Price (Dollars per Thousand Cubic Feet)
2022,5,6.43,$/MCF,SAK,USA-AK,PEU,Electric Power Price,N3045AK3,Alaska Natural Gas Price Sold to Electric Power Consumers (Dollars per Thousand Cubic Feet)
2022,5,8.11,$/MCF,NUS,U.S.,PIN,Industrial Price,N3035US3,United States Natural Gas Industrial Price (Dollars per Thousand Cubic Feet)
2022,5,6.75,$/MCF,SAK,USA-AK,PIN,Industrial Price,N3035AK3,Alaska Natural Gas Industrial Price (Dollars per Thousand Cubic Feet)
2022,5,12.09,$/MCF,NUS,U.S.,PCS,Price Delivered to Commercial Sectors,N3020US3,U.S. Price of Natural Gas Sold to Commercial Consumers (Dollars per Thousand Cubic Feet)
2022,5,10.47,$/MCF,SAK,USA-AK,PCS,Price Delivered to Commercial Sectors,N3020AK3,Alaska Price of Natural Gas Sold to Commercial Consumers (Dollars per Thousand Cubic Feet)
2022,5,17.68,$/MCF,NUS,U.S.,PRS,Price Delivered to Residential Consumers,N3010US3,U.S. Price of Natural Gas Delivered to Residential Consumers (Dollars per Thousand Cubic Feet)
2022,5,11.99,$/MCF,SAK,USA-AK,PRS,Price Delivered to Residential Consumers,N3010AK3,Alaska Price of Natural Gas Delivered to Residential Consumers (Dollars per Thousand Cubic Feet)
2022,4,6.32,$/MCF,NUS,U.S.,PG1,City Gate Price,N3050US3,U.S. Natural Gas Citygate Price (Dollars per Thousand Cubic Feet)
2022,4,8.13,$/MCF,SAK,USA-AK,PG1,City Gate Price,N3050AK3,Natural Gas Citygate Price in Alaska (Dollars per Thousand Cubic Feet)
2022,4,6.28,$/MCF,NUS,U.S.,PEU,Electric Power Price,N3045US3,U.S. Natural Gas Electric Power Price (Dollars per Thousand Cubic Feet)
2022,4,6.01,$/MCF,SAK,USA-AK,PEU,Electric Power Price,N3045AK3,Alaska Natural Gas Price Sold to Electric Power Consumers (Dollars per Thousand Cubic Feet)
2022,4,6.7,$/MCF,NUS,U.S.,PIN,Industrial Price,N3035US3,United States Natural Gas Industrial Price (Dollars per Thousand Cubic Feet)
2022,4,6.69,$/MCF,SAK,USA-AK,PIN,Industrial Price,N3035AK3,Alaska Natural Gas Industrial Price (Dollars per Thousand Cubic Feet)
2022,4,10.61,$/MCF,NUS,U.S.,PCS,Price Delivered to Commercial Sectors,N3020US3,U.S. Price of Natural Gas Sold to Commercial Consumers (Dollars per Thousand Cubic Feet)
2022,4,9.98,$/MCF,SAK,USA-AK,PCS,Price Delivered to Commercial Sectors,N3020AK3,Alaska Price of Natural Gas Sold to Commercial Consumers (Dollars per Thousand Cubic Feet)
2022,4,13.97,$/MCF,NUS,U.S.,PRS,Price Delivered to Residential Consumers,N3010US3,U.S. Price of Natural Gas Delivered to Residential Consumers (Dollars per Thousand Cubic Feet)
2022,4,11.09,$/MCF,SAK,USA-AK,PRS,Price Delivered to Residential Consumers,N3010AK3,Alaska Price of Natural Gas Delivered to Residential Consumers (Dollars per Thousand Cubic Feet)
2022,3,5.55,$/MCF,NUS,U.S.,PG1,City Gate Price,N3050US3,U.S. Natural Gas Citygate Price (Dollars per Thousand Cubic Feet)
2022,3,8.02,$/MCF,SAK,USA-AK,PG1,City Gate Price,N3050AK3,Natural Gas Citygate Price in Alaska (Dollars per Thousand Cubic Feet)
2022,3,5.19,$/MCF,NUS,U.S.,PEU,Electric Power Price,N3045US3,U.S. Natural Gas Electric Power Price (Dollars per Thousand Cubic Feet)
2022,3,5.97,$/MCF,SAK,USA-AK,PEU,Electric Power Price,N3045AK3,Alaska Natural Gas Price Sold to Electric Power Consumers (Dollars per Thousand Cubic Feet)
2022,3,6.2,$/MCF,NUS,U.S.,PIN,Industrial Price,N3035US3,United States Natural Gas Industrial Price (Dollars per Thousand Cubic Feet)
2022,3,6.89,$/MCF,SAK,USA-AK,PIN,Industrial Price,N3035AK3,Alaska Natural Gas Industrial Price (Dollars per Thousand Cubic Feet)
2022,3,10.22,$/MCF,NUS,U.S.,PCS,Price Delivered to Commercial Sectors,N3020US3,U.S. Price of Natural Gas Sold to Commercial Consumers (Dollars per Thousand Cubic Feet)
2022,3,9.83,$/MCF,SAK,USA-AK,PCS,Price Delivered to Commercial Sectors,N3020AK3,Alaska Price of Natural Gas Sold to Commercial Consumers (Dollars per Thousand Cubic Feet)
2022,3,12.94,$/MCF,NUS,U.S.,PRS,Price Delivered to Residential Consumers,N3010US3,U.S. Price of Natural Gas Delivered to Residential Consumers (Dollars per Thousand Cubic Feet)
2022,3,10.66,$/MCF,SAK,USA-AK,PRS,Price Delivered to Residential Consumers,N3010AK3,Alaska Price of Natural Gas Delivered to Residential Consumers (Dollars per Thousand Cubic Feet)
2022,2,5.78,$/MCF,NUS,U.S.,PG1,City Gate Price,N3050US3,U.S. Natural Gas Citygate Price (Dollars per Thousand Cubic Feet)
2022,2,8.02,$/MCF,SAK,USA-AK,PG1,City Gate Price,N3050AK3,Natural Gas Citygate Price in Alaska (Dollars per Thousand Cubic Feet)
2022,2,6.16,$/MCF,NUS,U.S.,PEU,Electric Power Price,N3045US3,U.S. Natural Gas Electric Power Price (Dollars per Thousand Cubic Feet)
2022,2,5.96,$/MCF,SAK,USA-AK,PEU,Electric Power Price,N3045AK3,Alaska Natural Gas Price Sold to Electric Power Consumers (Dollars per Thousand Cubic Feet)
2022,2,7.34,$/MCF,NUS,U.S.,PIN,Industrial Price,N3035US3,United States Natural Gas Industrial Price (Dollars per Thousand Cubic Feet)
2022,2,6.89,$/MCF,SAK,USA-AK,PIN,Industrial Price,N3035AK3,Alaska Natural Gas Industrial Price (Dollars per Thousand Cubic Feet)
2022,2,10.04,$/MCF,NUS,U.S.,PCS,Price Delivered to Commercial Sectors,N3020US3,U.S. Price of Natural Gas Sold to Commercial Consumers (Dollars per Thousand Cubic Feet)
2022,2,9.74,$/MCF,SAK,USA-AK,PCS,Price Delivered to Commercial Sectors,N3020AK3,Alaska Price of Natural Gas Sold to Commercial Consumers (Dollars per Thousand Cubic Feet)
2022,2,12.15,$/MCF,NUS,U.S.,PRS,Price Delivered to Residential Consumers,N3010US3,U.S. Price of Natural Gas Delivered to Residential Consumers (Dollars per Thousand Cubic Feet)
2022,2,10.59,$/MCF,SAK,USA-AK,PRS,Price Delivered to Residential Consumers,N3010AK3,Alaska Price of Natural Gas Delivered to Residential Consumers (Dollars per Thousand Cubic Feet)
2022,1,5.48,$/MCF,NUS,U.S.,PG1,City Gate Price,N3050US3,U.S. Natural Gas Citygate Price (Dollars per Thousand Cubic Feet)
2022,1,7.75,$/MCF,SAK,USA-AK,PG1,City Gate Price,N3050AK3,Natural Gas Citygate Price in Alaska (Dollars per Thousand Cubic Feet)
2022,1,6.41,$/MCF,NUS,U.S.,PEU,Electric Power Price,N3045US3,U.S. Natural Gas Electric Power Price (Dollars per Thousand Cubic Feet)
2022,1,6.46,$/MCF,SAK,USA-AK,PEU,Electric Power Price,N3045AK3,Alaska Natural Gas Price Sold to Electric Power Consumers (Dollars per Thousand Cubic Feet)
2022,1,6.49,$/MCF,NUS,U.S.,PIN,Industrial Price,N3035US3,United States Natural Gas Industrial Price (Dollars per Thousand Cubic Feet)
2022,1,6.92,$/MCF,SAK,USA-AK,PIN,Industrial Price,N3035AK3,Alaska Natural Gas Industrial Price (Dollars per Thousand Cubic Feet)
2022,1,9.78,$/MCF,NUS,U.S.,PCS,Price Delivered to Commercial Sectors,N3020US3,U.S. Price of Natural Gas Sold to Commercial Consumers (Dollars per Thousand Cubic Feet)
2022,1,9.61,$/MCF,SAK,USA-AK,PCS,Price Delivered to Commercial Sectors,N3020AK3,Alaska Price of Natural Gas Sold to Commercial Consumers (Dollars per Thousand Cubic Feet)
2022,1,12.04,$/MCF,NUS,U.S.,PRS,Price Delivered to Residential Consumers,N3010US3,U.S. Price of Natural Gas Delivered to Residential Consumers (Dollars per Thousand Cubic Feet)
2022,1,10.28,$/MCF,SAK,USA-AK,PRS,Price Delivered to Residential Consumers,N3010AK3,Alaska Price of Natural Gas Delivered to Residential Consumers (Dollars per Thousand Cubic Feet)
2021,12,5.87,$/MCF,NUS,U.S.,PG1,City Gate Price,N3050US3,U.S. Natural Gas Citygate Price (Dollars per Thousand Cubic Feet)
2021,12,7.98,$/MCF,SAK,USA-AK,PG1,City Gate Price,N3050AK3,Natural Gas Citygate Price in Alaska (Dollars per Thousand Cubic Feet)
2021,12,5.91,$/MCF,NUS,U.S.,PEU,Electric Power Price,N3045US3,U.S. Natural Gas Electric Power Price (Dollars per Thousand Cubic Feet)
2021,12,6.28,$/MCF,SAK,USA-AK,PEU,Electric Power Price,N3045AK3,Alaska Natural Gas Price Sold to Electric Power Consumers (Dollars per Thousand Cubic Feet)
2021,12,6.77,$/MCF,NUS,U.S.,PIN,Industrial Price,N3035US3,United States Natural Gas Industrial Price (Dollars per Thousand Cubic Feet)
2021,12,5.84,$/MCF,SAK,USA-AK,PIN,Industrial Price,N3035AK3,Alaska Natural Gas Industrial Price (Dollars per Thousand Cubic Feet)
2021,12,10.34,$/MCF,NUS,U.S.,PCS,Price Delivered to Commercial Sectors,N3020US3,U.S. Price of Natural Gas Sold to Commercial Consumers (Dollars per Thousand Cubic Feet)
2021,12,9.56,$/MCF,SAK,USA-AK,PCS,Price Delivered to Commercial Sectors,N3020AK3,Alaska Price of Natural Gas Sold to Commercial Consumers (Dollars per Thousand Cubic Feet)
2021,12,13.08,$/MCF,NUS,U.S.,PRS,Price Delivered to Residential Consumers,N3010US3,U.S. Price of Natural Gas Delivered to Residential Consumers (Dollars per Thousand Cubic Feet)
2021,12,10.32,$/MCF,SAK,USA-AK,PRS,Price Delivered to Residential Consumers,N3010AK3,Alaska Price of Natural Gas Delivered to Residential Consumers (Dollars per Thousand Cubic Feet)
2021,11,6.04,$/MCF,NUS,U.S.,PG1,City Gate Price,N3050US3,U.S. Natural Gas Citygate Price (Dollars per Thousand Cubic Feet)
2021,11,8.04,$/MCF,SAK,USA-AK,PG1,City Gate Price,N3050AK3,Natural Gas Citygate Price in Alaska (Dollars per Thousand Cubic Feet)
2021,11,5.98,$/MCF,NUS,U.S.,PEU,Electric Power Price,N3045US3,U.S. Natural Gas Electric Power Price (Dollars per Thousand Cubic Feet)
2021,11,6.11,$/MCF,SAK,USA-AK,PEU,Electric Power Price,N3045AK3,Alaska Natural Gas Price Sold to Electric Power Consumers (Dollars per Thousand Cubic Feet)
2021,11,6.9,$/MCF,NUS,U.S.,PIN,Industrial Price,N3035US3,United States Natural Gas Industrial Price (Dollars per Thousand Cubic Feet)
2021,11,5.74,$/MCF,SAK,USA-AK,PIN,Industrial Price,N3035AK3,Alaska Natural Gas Industrial Price (Dollars per Thousand Cubic Feet)
2021,11,10.06,$/MCF,NUS,U.S.,PCS,Price Delivered to Commercial Sectors,N3020US3,U.S. Price of Natural Gas Sold to Commercial Consumers (Dollars per Thousand Cubic Feet)
2021,11,9.64,$/MCF,SAK,USA-AK,PCS,Price Delivered to Commercial Sectors,N3020AK3,Alaska Price of Natural Gas Sold to Commercial Consumers (Dollars per Thousand Cubic Feet)
2021,11,13.11,$/MCF,NUS,U.S.,PRS,Price Delivered to Residential Consumers,N3010US3,U.S. Price of Natural Gas Delivered to Residential Consumers (Dollars per Thousand Cubic Feet)
2021,11,10.34,$/MCF,SAK,USA-AK,PRS,Price Delivered to Residential Consumers,N3010AK3,Alaska Price of Natural Gas Delivered to Residential Consumers (Dollars per Thousand Cubic Feet)
2021,10,6.43,$/MCF,NUS,U.S.,PG1,City Gate Price,N3050US3,U.S. Natural Gas Citygate Price (Dollars per Thousand Cubic Feet)
2021,10,8.08,$/MCF,SAK,USA-AK,PG1,City Gate Price,N3050AK3,Natural Gas Citygate Price in Alaska (Dollars per Thousand Cubic Feet)
2021,10,5.88,$/MCF,NUS,U.S.,PEU,Electric Power Price,N3045US3,U.S. Natural Gas Electric Power Price (Dollars per Thousand Cubic Feet)
2021,10,6.28,$/MCF,SAK,USA-AK,PEU,Electric Power Price,N3045AK3,Alaska Natural Gas Price Sold to Electric Power Consumers (Dollars per Thousand Cubic Feet)
2021,10,6.61,$/MCF,NUS,U.S.,PIN,Industrial Price,N3035US3,United States Natural Gas Industrial Price (Dollars per Thousand Cubic Feet)
2021,10,3.66,$/MCF,SAK,USA-AK,PIN,Industrial Price,N3035AK3,Alaska Natural Gas Industrial Price (Dollars per Thousand Cubic Feet)
2021,10,10.48,$/MCF,NUS,U.S.,PCS,Price Delivered to Commercial Sectors,N3020US3,U.S. Price of Natural Gas Sold to Commercial Consumers (Dollars per Thousand Cubic Feet)
2021,10,9.9,$/MCF,SAK,USA-AK,PCS,Price Delivered to Commercial Sectors,N3020AK3,Alaska Price of Natural Gas Sold to Commercial Consumers (Dollars per Thousand Cubic Feet)
2021,10,17.4,$/MCF,NUS,U.S.,PRS,Price Delivered to Residential Consumers,N3010US3,U.S. Price of Natural Gas Delivered to Residential Consumers (Dollars per Thousand Cubic Feet)
2021,10,10.88,$/MCF,SAK,USA-AK,PRS,Price Delivered to Residential Consumers,N3010AK3,Alaska Price of Natural Gas Delivered to Residential Consumers (Dollars per Thousand Cubic Feet)
2021,9,5.95,$/MCF,NUS,U.S.,PG1,City Gate Price,N3050US3,U.S. Natural Gas Citygate Price (Dollars per Thousand Cubic Feet)
2021,9,8.23,$/MCF,SAK,USA-AK,PG1,City Gate Price,N3050AK3,Natural Gas Citygate Price in Alaska (Dollars per Thousand Cubic Feet)
2021,9,5.23,$/MCF,NUS,U.S.,PEU,Electric Power Price,N3045US3,U.S. Natural Gas Electric Power Price (Dollars per Thousand Cubic Feet)
2021,9,5.87,$/MCF,SAK,USA-AK,PEU,Electric Power Price,N3045AK3,Alaska Natural Gas Price Sold to Electric Power Consumers (Dollars per Thousand Cubic Feet)
2021,9,5.42,$/MCF,NUS,U.S.,PIN,Industrial Price,N3035US3,United States Natural Gas Industrial Price (Dollars per Thousand Cubic Feet)
2021,9,4.11,$/MCF,SAK,USA-AK,PIN,Industrial Price,N3035AK3,Alaska Natural Gas Industrial Price (Dollars per Thousand Cubic Feet)
2021,9,10.31,$/MCF,NUS,U.S.,PCS,Price Delivered to Commercial Sectors,N3020US3,U.S. Price of Natural Gas Sold to Commercial Consumers (Dollars per Thousand Cubic Feet)
2021,9,10.26,$/MCF,SAK,USA-AK,PCS,Price Delivered to Commercial Sectors,N3020AK3,Alaska Price of Natural Gas Sold to Commercial Consumers (Dollars per Thousand Cubic Feet)
2021,9,20.13,$/MCF,NUS,U.S.,PRS,Price Delivered to Residential Consumers,N3010US3,U.S. Price of Natural Gas Delivered to Residential Consumers (Dollars per Thousand Cubic Feet)
2021,9,11.69,$/MCF,SAK,USA-AK,PRS,Price Delivered to Residential Consumers,N3010AK3,Alaska Price of Natural Gas Delivered to Residential Consumers (Dollars per Thousand Cubic Feet)
2021,8,5.72,$/MCF,NUS,U.S.,PG1,City Gate Price,N3050US3,U.S. Natural Gas Citygate Price (Dollars per Thousand Cubic Feet)
2021,8,8.54,$/MCF,SAK,USA-AK,PG1,City Gate Price,N3050AK3,Natural Gas Citygate Price in Alaska (Dollars per Thousand Cubic Feet)
2021,8,4.59,$/MCF,NUS,U.S.,PEU,Electric Power Price,N3045US3,U.S. Natural Gas Electric Power Price (Dollars per Thousand Cubic Feet)
2021,8,5.77,$/MCF,SAK,USA-AK,PEU,Electric Power Price,N3045AK3,Alaska Natural Gas Price Sold to Electric Power Consumers (Dollars per Thousand Cubic Feet)
2021,8,4.95,$/MCF,NUS,U.S.,PIN,Industrial Price,N3035US3,United States Natural Gas Industrial Price (Dollars per Thousand Cubic Feet)
2021,8,4.32,$/MCF,SAK,USA-AK,PIN,Industrial Price,N3035AK3,Alaska Natural Gas Industrial Price (Dollars per Thousand Cubic Feet)
2021,8,10.23,$/MCF,NUS,U.S.,PCS,Price Delivered to Commercial Sectors,N3020US3,U.S. Price of Natural Gas Sold to Commercial Consumers (Dollars per Thousand Cubic Feet)
2021,8,10.85,$/MCF,SAK,USA-AK,PCS,Price Delivered to Commercial Sectors,N3020AK3,Alaska Price of Natural Gas Sold to Commercial Consumers (Dollars per Thousand Cubic Feet)
2021,8,20.86,$/MCF,NUS,U.S.,PRS,Price Delivered to Residential Consumers,N3010US3,U.S. Price of Natural Gas Delivered to Residential Consumers (Dollars per Thousand Cubic Feet)
2021,8,13.23,$/MCF,SAK,USA-AK,PRS,Price Delivered to Residential Consumers,N3010AK3,Alaska Price of Natural Gas Delivered to Residential Consumers (Dollars per Thousand Cubic Feet)
2021,7,5.58,$/MCF,NUS,U.S.,PG1,City Gate Price,N3050US3,U.S. Natural Gas Citygate Price (Dollars per Thousand Cubic Feet)
2021,7,8.72,$/MCF,SAK,USA-AK,PG1,City Gate Price,N3050AK3,Natural Gas Citygate Price in Alaska (Dollars per Thousand Cubic Feet)
2021,7,4.23,$/MCF,NUS,U.S.,PEU,Electric Power Price,N3045US3,U.S. Natural Gas Electric Power Price (Dollars per Thousand Cubic Feet)
2021,7,6.2,$/MCF,SAK,USA-AK,PEU,Electric Power Price,N3045AK3,Alaska Natural Gas Price Sold to Electric Power Consumers (Dollars per Thousand Cubic Feet)
2021,7,4.69,$/MCF,NUS,U.S.,PIN,Industrial Price,N3035US3,United States Natural Gas Industrial Price (Dollars per Thousand Cubic Feet)
2021,7,4.79,$/MCF,SAK,USA-AK,PIN,Industrial Price,N3035AK3,Alaska Natural Gas Industrial Price (Dollars per Thousand Cubic Feet)
2021,7,9.92,$/MCF,NUS,U.S.,PCS,Price Delivered to Commercial Sectors,N3020US3,U.S. Price of Natural Gas Sold to Commercial Consumers (Dollars per Thousand Cubic Feet)
2021,7,11.16,$/MCF,SAK,USA-AK,PCS,Price Delivered to Commercial Sectors,N3020AK3,Alaska Price of Natural Gas Sold to Commercial Consumers (Dollars per Thousand Cubic Feet)
2021,7,19.81,$/MCF,NUS,U.S.,PRS,Price Delivered to Residential Consumers,N3010US3,U.S. Price of Natural Gas Delivered to Residential Consumers (Dollars per Thousand Cubic Feet)
2021,7,13.69,$/MCF,SAK,USA-AK,PRS,Price Delivered to Residential Consumers,N3010AK3,Alaska Price of Natural Gas Delivered to Residential Consumers (Dollars per Thousand Cubic Feet)
2021,6,5.05,$/MCF,NUS,U.S.,PG1,City Gate Price,N3050US3,U.S. Natural Gas Citygate Price (Dollars per Thousand Cubic Feet)
2021,6,8.42,$/MCF,SAK,USA-AK,PG1,City Gate Price,N3050AK3,Natural Gas Citygate Price in Alaska (Dollars per Thousand Cubic Feet)
2021,6,3.66,$/MCF,NUS,U.S.,PEU,Electric Power Price,N3045US3,U.S. Natural Gas Electric Power Price (Dollars per Thousand Cubic Feet)
2021,6,5.69,$/MCF,SAK,USA-AK,PEU,Electric Power Price,N3045AK3,Alaska Natural Gas Price Sold to Electric Power Consumers (Dollars per Thousand Cubic Feet)
2021,6,4.16,$/MCF,NUS,U.S.,PIN,Industrial Price,N3035US3,United States Natural Gas Industrial Price (Dollars per Thousand Cubic Feet)
2021,6,4.26,$/MCF,SAK,USA-AK,PIN,Industrial Price,N3035AK3,Alaska Natural Gas Industrial Price (Dollars per Thousand Cubic Feet)
2021,6,9.59,$/MCF,NUS,U.S.,PCS,Price Delivered to Commercial Sectors,N3020US3,U.S. Price of Natural Gas Sold to Commercial Consumers (Dollars per Thousand Cubic Feet)
2021,6,10.85,$/MCF,SAK,USA-AK,PCS,Price Delivered to Commercial Sectors,N3020AK3,Alaska Price of Natural Gas Sold to Commercial Consumers (Dollars per Thousand Cubic Feet)
2021,6,17.74,$/MCF,NUS,U.S.,PRS,Price Delivered to Residential Consumers,N3010US3,U.S. Price of Natural Gas Delivered to Residential Consumers (Dollars per Thousand Cubic Feet)
2021,6,13.18,$/MCF,SAK,USA-AK,PRS,Price Delivered to Residential Consumers,N3010AK3,Alaska Price of Natural Gas Delivered to Residential Consumers (Dollars per Thousand Cubic Feet)
2021,5,4.34,$/MCF,NUS,U.S.,PG1,City Gate Price,N3050US3,U.S. Natural Gas Citygate Price (Dollars per Thousand Cubic Feet)
2021,5,8.19,$/MCF,SAK,USA-AK,PG1,City Gate Price,N3050AK3,Natural Gas Citygate Price in Alaska (Dollars per Thousand Cubic Feet)
2021,5,3.39,$/MCF,NUS,U.S.,PEU,Electric Power Price,N3045US3,U.S. Natural Gas Electric Power Price (Dollars per Thousand Cubic Feet)
2021,5,6.13,$/MCF,SAK,USA-AK,PEU,Electric Power Price,N3045AK3,Alaska Natural Gas Price Sold to Electric Power Consumers (Dollars per Thousand Cubic Feet)
2021,5,4.11,$/MCF,NUS,U.S.,PIN,Industrial Price,N3035US3,United States Natural Gas Industrial Price (Dollars per Thousand Cubic Feet)
2021,5,3.18,$/MCF,SAK,USA-AK,PIN,Industrial Price,N3035AK3,Alaska Natural Gas Industrial Price (Dollars per Thousand Cubic Feet)
2021,5,8.99,$/MCF,NUS,U.S.,PCS,Price Delivered to Commercial Sectors,N3020US3,U.S. Price of Natural Gas Sold to Commercial Consumers (Dollars per Thousand Cubic Feet)
2021,5,10.3,$/MCF,SAK,USA-AK,PCS,Price Delivered to Commercial Sectors,N3020AK3,Alaska Price of Natural Gas Sold to Commercial Consumers (Dollars per Thousand Cubic Feet)
2021,5,14.07,$/MCF,NUS,U.S.,PRS,Price Delivered to Residential Consumers,N3010US3,U.S. Price of Natural Gas Delivered to Residential Consumers (Dollars per Thousand Cubic Feet)
2021,5,12.07,$/MCF,SAK,USA-AK,PRS,Price Delivered to Residential Consumers,N3010AK3,Alaska Price of Natural Gas Delivered to Residential Consumers (Dollars per Thousand Cubic Feet)
2021,4,3.92,$/MCF,NUS,U.S.,PG1,City Gate Price,N3050US3,U.S. Natural Gas Citygate Price (Dollars per Thousand Cubic Feet)
2021,4,8,$/MCF,SAK,USA-AK,PG1,City Gate Price,N3050AK3,Natural Gas Citygate Price in Alaska (Dollars per Thousand Cubic Feet)
2021,4,3.19,$/MCF,NUS,U.S.,PEU,Electric Power Price,N3045US3,U.S. Natural Gas Electric Power Price (Dollars per Thousand Cubic Feet)
2021,4,6.11,$/MCF,SAK,USA-AK,PEU,Electric Power Price,N3045AK3,Alaska Natural Gas Price Sold to Electric Power Consumers (Dollars per Thousand Cubic Feet)
2021,4,4,$/MCF,NUS,U.S.,PIN,Industrial Price,N3035US3,United States Natural Gas Industrial Price (Dollars per Thousand Cubic Feet)
2021,4,3.1,$/MCF,SAK,USA-AK,PIN,Industrial Price,N3035AK3,Alaska Natural Gas Industrial Price (Dollars per Thousand Cubic Feet)
2021,4,8.49,$/MCF,NUS,U.S.,PCS,Price Delivered to Commercial Sectors,N3020US3,U.S. Price of Natural Gas Sold to Commercial Consumers (Dollars per Thousand Cubic Feet)
2021,4,9.83,$/MCF,SAK,USA-AK,PCS,Price Delivered to Commercial Sectors,N3020AK3,Alaska Price of Natural Gas Sold to Commercial Consumers (Dollars per Thousand Cubic Feet)
2021,4,12.27,$/MCF,NUS,U.S.,PRS,Price Delivered to Residential Consumers,N3010US3,U.S. Price of Natural Gas Delivered to Residential Consumers (Dollars per Thousand Cubic Feet)
2021,4,11.08,$/MCF,SAK,USA-AK,PRS,Price Delivered to Residential Consumers,N3010AK3,Alaska Price of Natural Gas Delivered to Residential Consumers (Dollars per Thousand Cubic Feet)
2021,3,4.09,$/MCF,NUS,U.S.,PG1,City Gate Price,N3050US3,U.S. Natural Gas Citygate Price (Dollars per Thousand Cubic Feet)
2021,3,7.73,$/MCF,SAK,USA-AK,PG1,City Gate Price,N3050AK3,Natural Gas Citygate Price in Alaska (Dollars per Thousand Cubic Feet)
2021,3,3.44,$/MCF,NUS,U.S.,PEU,Electric Power Price,N3045US3,U.S. Natural Gas Electric Power Price (Dollars per Thousand Cubic Feet)
2021,3,5.71,$/MCF,SAK,USA-AK,PEU,Electric Power Price,N3045AK3,Alaska Natural Gas Price Sold to Electric Power Consumers (Dollars per Thousand Cubic Feet)
2021,3,4.41,$/MCF,NUS,U.S.,PIN,Industrial Price,N3035US3,United States Natural Gas Industrial Price (Dollars per Thousand Cubic Feet)
2021,3,4.23,$/MCF,SAK,USA-AK,PIN,Industrial Price,N3035AK3,Alaska Natural Gas Industrial Price (Dollars per Thousand Cubic Feet)
2021,3,8.01,$/MCF,NUS,U.S.,PCS,Price Delivered to Commercial Sectors,N3020US3,U.S. Price of Natural Gas Sold to Commercial Consumers (Dollars per Thousand Cubic Feet)
2021,3,9.7,$/MCF,SAK,USA-AK,PCS,Price Delivered to Commercial Sectors,N3020AK3,Alaska Price of Natural Gas Sold to Commercial Consumers (Dollars per Thousand Cubic Feet)
2021,3,10.47,$/MCF,NUS,U.S.,PRS,Price Delivered to Residential Consumers,N3010US3,U.S. Price of Natural Gas Delivered to Residential Consumers (Dollars per Thousand Cubic Feet)
2021,3,10.6,$/MCF,SAK,USA-AK,PRS,Price Delivered to Residential Consumers,N3010AK3,Alaska Price of Natural Gas Delivered to Residential Consumers (Dollars per Thousand Cubic Feet)
2021,2,12.1,$/MCF,NUS,U.S.,PG1,City Gate Price,N3050US3,U.S. Natural Gas Citygate Price (Dollars per Thousand Cubic Feet)
2021,2,7.71,$/MCF,SAK,USA-AK,PG1,City Gate Price,N3050AK3,Natural Gas Citygate Price in Alaska (Dollars per Thousand Cubic Feet)
2021,2,18.06,$/MCF,NUS,U.S.,PEU,Electric Power Price,N3045US3,U.S. Natural Gas Electric Power Price (Dollars per Thousand Cubic Feet)
2021,2,7.19,$/MCF,SAK,USA-AK,PEU,Electric Power Price,N3045AK3,Alaska Natural Gas Price Sold to Electric Power Consumers (Dollars per Thousand Cubic Feet)
2021,2,9.32,$/MCF,NUS,U.S.,PIN,Industrial Price,N3035US3,United States Natural Gas Industrial Price (Dollars per Thousand Cubic Feet)
2021,2,4.67,$/MCF,SAK,USA-AK,PIN,Industrial Price,N3035AK3,Alaska Natural Gas Industrial Price (Dollars per Thousand Cubic Feet)
2021,2,7.35,$/MCF,NUS,U.S.,PCS,Price Delivered to Commercial Sectors,N3020US3,U.S. Price of Natural Gas Sold to Commercial Consumers (Dollars per Thousand Cubic Feet)
2021,2,9.7,$/MCF,SAK,USA-AK,PCS,Price Delivered to Commercial Sectors,N3020AK3,Alaska Price of Natural Gas Sold to Commercial Consumers (Dollars per Thousand Cubic Feet)
2021,2,9.28,$/MCF,NUS,U.S.,PRS,Price Delivered to Residential Consumers,N3010US3,U.S. Price of Natural Gas Delivered to Residential Consumers (Dollars per Thousand Cubic Feet)
2021,2,10.58,$/MCF,SAK,USA-AK,PRS,Price Delivered to Residential Consumers,N3010AK3,Alaska Price of Natural Gas Delivered to Residential Consumers (Dollars per Thousand Cubic Feet)
2021,1,3.27,$/MCF,NUS,U.S.,PG1,City Gate Price,N3050US3,U.S. Natural Gas Citygate Price (Dollars per Thousand Cubic Feet)
2021,1,7.43,$/MCF,SAK,USA-AK,PG1,City Gate Price,N3050AK3,Natural Gas Citygate Price in Alaska (Dollars per Thousand Cubic Feet)
2021,1,3.35,$/MCF,NUS,U.S.,PEU,Electric Power Price,N3045US3,U.S. Natural Gas Electric Power Price (Dollars per Thousand Cubic Feet)
2021,1,7.46,$/MCF,SAK,USA-AK,PEU,Electric Power Price,N3045AK3,Alaska Natural Gas Price Sold to Electric Power Consumers (Dollars per Thousand Cubic Feet)
2021,1,4.04,$/MCF,NUS,U.S.,PIN,Industrial Price,N3035US3,United States Natural Gas Industrial Price (Dollars per Thousand Cubic Feet)
2021,1,4.6,$/MCF,SAK,USA-AK,PIN,Industrial Price,N3035AK3,Alaska Natural Gas Industrial Price (Dollars per Thousand Cubic Feet)
2021,1,7.38,$/MCF,NUS,U.S.,PCS,Price Delivered to Commercial Sectors,N3020US3,U.S. Price of Natural Gas Sold to Commercial Consumers (Dollars per Thousand Cubic Feet)
2021,1,9.69,$/MCF,SAK,USA-AK,PCS,Price Delivered to Commercial Sectors,N3020AK3,Alaska Price of Natural Gas Sold to Commercial Consumers (Dollars per Thousand Cubic Feet)
2021,1,9.62,$/MCF,NUS,U.S.,PRS,Price Delivered to Residential Consumers,N3010US3,U.S. Price of Natural Gas Delivered to Residential Consumers (Dollars per Thousand Cubic Feet)
2021,1,10.6,$/MCF,SAK,USA-AK,PRS,Price Delivered to Residential Consumers,N3010AK3,Alaska Price of Natural Gas Delivered to Residential Consumers (Dollars per Thousand Cubic Feet)
2020,12,3.57,$/MCF,NUS,U.S.,PG1,City Gate Price,N3050US3,U.S. Natural Gas Citygate Price (Dollars per Thousand Cubic Feet)
2020,12,7.82,$/MCF,SAK,USA-AK,PG1,City Gate Price,N3050AK3,Natural Gas Citygate Price in Alaska (Dollars per Thousand Cubic Feet)
2020,12,3.3,$/MCF,NUS,U.S.,PEU,Electric Power Price,N3045US3,U.S. Natural Gas Electric Power Price (Dollars per Thousand Cubic Feet)
2020,12,6.28,$/MCF,SAK,USA-AK,PEU,Electric Power Price,N3045AK3,Alaska Natural Gas Price Sold to Electric Power Consumers (Dollars per Thousand Cubic Feet)
2020,12,4.11,$/MCF,NUS,U.S.,PIN,Industrial Price,N3035US3,United States Natural Gas Industrial Price (Dollars per Thousand Cubic Feet)
2020,12,5.47,$/MCF,SAK,USA-AK,PIN,Industrial Price,N3035AK3,Alaska Natural Gas Industrial Price (Dollars per Thousand Cubic Feet)
2020,12,7.39,$/MCF,NUS,U.S.,PCS,Price Delivered to Commercial Sectors,N3020US3,U.S. Price of Natural Gas Sold to Commercial Consumers (Dollars per Thousand Cubic Feet)
2020,12,9.65,$/MCF,SAK,USA-AK,PCS,Price Delivered to Commercial Sectors,N3020AK3,Alaska Price of Natural Gas Sold to Commercial Consumers (Dollars per Thousand Cubic Feet)
2020,12,9.75,$/MCF,NUS,U.S.,PRS,Price Delivered to Residential Consumers,N3010US3,U.S. Price of Natural Gas Delivered to Residential Consumers (Dollars per Thousand Cubic Feet)
2020,12,10.6,$/MCF,SAK,USA-AK,PRS,Price Delivered to Residential Consumers,N3010AK3,Alaska Price of Natural Gas Delivered to Residential Consumers (Dollars per Thousand Cubic Feet)
2020,11,3.81,$/MCF,NUS,U.S.,PG1,City Gate Price,N3050US3,U.S. Natural Gas Citygate Price (Dollars per Thousand Cubic Feet)
2020,11,7.83,$/MCF,SAK,USA-AK,PG1,City Gate Price,N3050AK3,Natural Gas Citygate Price in Alaska (Dollars per Thousand Cubic Feet)
2020,11,3.09,$/MCF,NUS,U.S.,PEU,Electric Power Price,N3045US3,U.S. Natural Gas Electric Power Price (Dollars per Thousand Cubic Feet)
2020,11,6.39,$/MCF,SAK,USA-AK,PEU,Electric Power Price,N3045AK3,Alaska Natural Gas Price Sold to Electric Power Consumers (Dollars per Thousand Cubic Feet)
2020,11,3.98,$/MCF,NUS,U.S.,PIN,Industrial Price,N3035US3,United States Natural Gas Industrial Price (Dollars per Thousand Cubic Feet)
2020,11,5.38,$/MCF,SAK,USA-AK,PIN,Industrial Price,N3035AK3,Alaska Natural Gas Industrial Price (Dollars per Thousand Cubic Feet)
2020,11,7.64,$/MCF,NUS,U.S.,PCS,Price Delivered to Commercial Sectors,N3020US3,U.S. Price of Natural Gas Sold to Commercial Consumers (Dollars per Thousand Cubic Feet)
2020,11,9.8,$/MCF,SAK,USA-AK,PCS,Price Delivered to Commercial Sectors,N3020AK3,Alaska Price of Natural Gas Sold to Commercial Consumers (Dollars per Thousand Cubic Feet)
2020,11,10.99,$/MCF,NUS,U.S.,PRS,Price Delivered to Residential Consumers,N3010US3,U.S. Price of Natural Gas Delivered to Residential Consumers (Dollars per Thousand Cubic Feet)
2020,11,10.62,$/MCF,SAK,USA-AK,PRS,Price Delivered to Residential Consumers,N3010AK3,Alaska Price of Natural Gas Delivered to Residential Consumers (Dollars per Thousand Cubic Feet)
2020,10,3.5,$/MCF,NUS,U.S.,PG1,City Gate Price,N3050US3,U.S. Natural Gas Citygate Price (Dollars per Thousand Cubic Feet)
2020,10,7.87,$/MCF,SAK,USA-AK,PG1,City Gate Price,N3050AK3,Natural Gas Citygate Price in Alaska (Dollars per Thousand Cubic Feet)
2020,10,2.58,$/MCF,NUS,U.S.,PEU,Electric Power Price,N3045US3,U.S. Natural Gas Electric Power Price (Dollars per Thousand Cubic Feet)
2020,10,6.58,$/MCF,SAK,USA-AK,PEU,Electric Power Price,N3045AK3,Alaska Natural Gas Price Sold to Electric Power Consumers (Dollars per Thousand Cubic Feet)
2020,10,3.29,$/MCF,NUS,U.S.,PIN,Industrial Price,N3035US3,United States Natural Gas Industrial Price (Dollars per Thousand Cubic Feet)
2020,10,5.25,$/MCF,SAK,USA-AK,PIN,Industrial Price,N3035AK3,Alaska Natural Gas Industrial Price (Dollars per Thousand Cubic Feet)
2020,10,7.59,$/MCF,NUS,U.S.,PCS,Price Delivered to Commercial Sectors,N3020US3,U.S. Price of Natural Gas Sold to Commercial Consumers (Dollars per Thousand Cubic Feet)
2020,10,9.84,$/MCF,SAK,USA-AK,PCS,Price Delivered to Commercial Sectors,N3020AK3,Alaska Price of Natural Gas Sold to Commercial Consumers (Dollars per Thousand Cubic Feet)
2020,10,12.26,$/MCF,NUS,U.S.,PRS,Price Delivered to Residential Consumers,N3010US3,U.S. Price of Natural Gas Delivered to Residential Consumers (Dollars per Thousand Cubic Feet)
2020,10,11.09,$/MCF,SAK,USA-AK,PRS,Price Delivered to Residential Consumers,N3010AK3,Alaska Price of Natural Gas Delivered to Residential Consumers (Dollars per Thousand Cubic Feet)
2020,9,4.07,$/MCF,NUS,U.S.,PG1,City Gate Price,N3050US3,U.S. Natural Gas Citygate Price (Dollars per Thousand Cubic Feet)
2020,9,8.08,$/MCF,SAK,USA-AK,PG1,City Gate Price,N3050AK3,Natural Gas Citygate Price in Alaska (Dollars per Thousand Cubic Feet)
2020,9,2.49,$/MCF,NUS,U.S.,PEU,Electric Power Price,N3045US3,U.S. Natural Gas Electric Power Price (Dollars per Thousand Cubic Feet)
2020,9,6.53,$/MCF,SAK,USA-AK,PEU,Electric Power Price,N3045AK3,Alaska Natural Gas Price Sold to Electric Power Consumers (Dollars per Thousand Cubic Feet)
2020,9,3.3,$/MCF,NUS,U.S.,PIN,Industrial Price,N3035US3,United States Natural Gas Industrial Price (Dollars per Thousand Cubic Feet)
2020,9,2.91,$/MCF,SAK,USA-AK,PIN,Industrial Price,N3035AK3,Alaska Natural Gas Industrial Price (Dollars per Thousand Cubic Feet)
2020,9,8.45,$/MCF,NUS,U.S.,PCS,Price Delivered to Commercial Sectors,N3020US3,U.S. Price of Natural Gas Sold to Commercial Consumers (Dollars per Thousand Cubic Feet)
2020,9,10.27,$/MCF,SAK,USA-AK,PCS,Price Delivered to Commercial Sectors,N3020AK3,Alaska Price of Natural Gas Sold to Commercial Consumers (Dollars per Thousand Cubic Feet)
2020,9,16.85,$/MCF,NUS,U.S.,PRS,Price Delivered to Residential Consumers,N3010US3,U.S. Price of Natural Gas Delivered to Residential Consumers (Dollars per Thousand Cubic Feet)
2020,9,12.28,$/MCF,SAK,USA-AK,PRS,Price Delivered to Residential Consumers,N3010AK3,Alaska Price of Natural Gas Delivered to Residential Consumers (Dollars per Thousand Cubic Feet)
2020,8,4.09,$/MCF,NUS,U.S.,PG1,City Gate Price,N3050US3,U.S. Natural Gas Citygate Price (Dollars per Thousand Cubic Feet)
2020,8,8.42,$/MCF,SAK,USA-AK,PG1,City Gate Price,N3050AK3,Natural Gas Citygate Price in Alaska (Dollars per Thousand Cubic Feet)
2020,8,2.5,$/MCF,NUS,U.S.,PEU,Electric Power Price,N3045US3,U.S. Natural Gas Electric Power Price (Dollars per Thousand Cubic Feet)
2020,8,6.49,$/MCF,SAK,USA-AK,PEU,Electric Power Price,N3045AK3,Alaska Natural Gas Price Sold to Electric Power Consumers (Dollars per Thousand Cubic Feet)
2020,8,2.85,$/MCF,NUS,U.S.,PIN,Industrial Price,N3035US3,United States Natural Gas Industrial Price (Dollars per Thousand Cubic Feet)
2020,8,3.15,$/MCF,SAK,USA-AK,PIN,Industrial Price,N3035AK3,Alaska Natural Gas Industrial Price (Dollars per Thousand Cubic Feet)
2020,8,8.48,$/MCF,NUS,U.S.,PCS,Price Delivered to Commercial Sectors,N3020US3,U.S. Price of Natural Gas Sold to Commercial Consumers (Dollars per Thousand Cubic Feet)
2020,8,10.4,$/MCF,SAK,USA-AK,PCS,Price Delivered to Commercial Sectors,N3020AK3,Alaska Price of Natural Gas Sold to Commercial Consumers (Dollars per Thousand Cubic Feet)
2020,8,18.27,$/MCF,NUS,U.S.,PRS,Price Delivered to Residential Consumers,N3010US3,U.S. Price of Natural Gas Delivered to Residential Consumers (Dollars per Thousand Cubic Feet)
2020,8,13.81,$/MCF,SAK,USA-AK,PRS,Price Delivered to Residential Consumers,N3010AK3,Alaska Price of Natural Gas Delivered to Residential Consumers (Dollars per Thousand Cubic Feet)
2020,7,3.92,$/MCF,NUS,U.S.,PG1,City Gate Price,N3050US3,U.S. Natural Gas Citygate Price (Dollars per Thousand Cubic Feet)
2020,7,12.3,$/MCF,SAK,USA-AK,PG1,City Gate Price,N3050AK3,Natural Gas Citygate Price in Alaska (Dollars per Thousand Cubic Feet)
2020,7,2.14,$/MCF,NUS,U.S.,PEU,Electric Power Price,N3045US3,U.S. Natural Gas Electric Power Price (Dollars per Thousand Cubic Feet)
2020,7,6.5,$/MCF,SAK,USA-AK,PEU,Electric Power Price,N3045AK3,Alaska Natural Gas Price Sold to Electric Power Consumers (Dollars per Thousand Cubic Feet)
2020,7,2.58,$/MCF,NUS,U.S.,PIN,Industrial Price,N3035US3,United States Natural Gas Industrial Price (Dollars per Thousand Cubic Feet)
2020,7,5.43,$/MCF,SAK,USA-AK,PIN,Industrial Price,N3035AK3,Alaska Natural Gas Industrial Price (Dollars per Thousand Cubic Feet)
2020,7,8.49,$/MCF,NUS,U.S.,PCS,Price Delivered to Commercial Sectors,N3020US3,U.S. Price of Natural Gas Sold to Commercial Consumers (Dollars per Thousand Cubic Feet)
2020,7,10.83,$/MCF,SAK,USA-AK,PCS,Price Delivered to Commercial Sectors,N3020AK3,Alaska Price of Natural Gas Sold to Commercial Consumers (Dollars per Thousand Cubic Feet)
2020,7,17.49,$/MCF,NUS,U.S.,PRS,Price Delivered to Residential Consumers,N3010US3,U.S. Price of Natural Gas Delivered to Residential Consumers (Dollars per Thousand Cubic Feet)
2020,7,14.2,$/MCF,SAK,USA-AK,PRS,Price Delivered to Residential Consumers,N3010AK3,Alaska Price of Natural Gas Delivered to Residential Consumers (Dollars per Thousand Cubic Feet)
2020,6,3.81,$/MCF,NUS,U.S.,PG1,City Gate Price,N3050US3,U.S. Natural Gas Citygate Price (Dollars per Thousand Cubic Feet)
2020,6,8.54,$/MCF,SAK,USA-AK,PG1,City Gate Price,N3050AK3,Natural Gas Citygate Price in Alaska (Dollars per Thousand Cubic Feet)
2020,6,2.1,$/MCF,NUS,U.S.,PEU,Electric Power Price,N3045US3,U.S. Natural Gas Electric Power Price (Dollars per Thousand Cubic Feet)
2020,6,6.29,$/MCF,SAK,USA-AK,PEU,Electric Power Price,N3045AK3,Alaska Natural Gas Price Sold to Electric Power Consumers (Dollars per Thousand Cubic Feet)
2020,6,2.72,$/MCF,NUS,U.S.,PIN,Industrial Price,N3035US3,United States Natural Gas Industrial Price (Dollars per Thousand Cubic Feet)
2020,6,4.9,$/MCF,SAK,USA-AK,PIN,Industrial Price,N3035AK3,Alaska Natural Gas Industrial Price (Dollars per Thousand Cubic Feet)
2020,6,8.23,$/MCF,NUS,U.S.,PCS,Price Delivered to Commercial Sectors,N3020US3,U.S. Price of Natural Gas Sold to Commercial Consumers (Dollars per Thousand Cubic Feet)
2020,6,10.83,$/MCF,SAK,USA-AK,PCS,Price Delivered to Commercial Sectors,N3020AK3,Alaska Price of Natural Gas Sold to Commercial Consumers (Dollars per Thousand Cubic Feet)
2020,6,15.33,$/MCF,NUS,U.S.,PRS,Price Delivered to Residential Consumers,N3010US3,U.S. Price of Natural Gas Delivered to Residential Consumers (Dollars per Thousand Cubic Feet)
2020,6,13.48,$/MCF,SAK,USA-AK,PRS,Price Delivered to Residential Consumers,N3010AK3,Alaska Price of Natural Gas Delivered to Residential Consumers (Dollars per Thousand Cubic Feet)
2020,5,3.31,$/MCF,NUS,U.S.,PG1,City Gate Price,N3050US3,U.S. Natural Gas Citygate Price (Dollars per Thousand Cubic Feet)
2020,5,8.09,$/MCF,SAK,USA-AK,PG1,City Gate Price,N3050AK3,Natural Gas Citygate Price in Alaska (Dollars per Thousand Cubic Feet)
2020,5,2.26,$/MCF,NUS,U.S.,PEU,Electric Power Price,N3045US3,U.S. Natural Gas Electric Power Price (Dollars per Thousand Cubic Feet)
2020,5,6.6,$/MCF,SAK,USA-AK,PEU,Electric Power Price,N3045AK3,Alaska Natural Gas Price Sold to Electric Power Consumers (Dollars per Thousand Cubic Feet)
2020,5,2.91,$/MCF,NUS,U.S.,PIN,Industrial Price,N3035US3,United States Natural Gas Industrial Price (Dollars per Thousand Cubic Feet)
2020,5,4.27,$/MCF,SAK,USA-AK,PIN,Industrial Price,N3035AK3,Alaska Natural Gas Industrial Price (Dollars per Thousand Cubic Feet)
2020,5,7.73,$/MCF,NUS,U.S.,PCS,Price Delivered to Commercial Sectors,N3020US3,U.S. Price of Natural Gas Sold to Commercial Consumers (Dollars per Thousand Cubic Feet)
2020,5,10.28,$/MCF,SAK,USA-AK,PCS,Price Delivered to Commercial Sectors,N3020AK3,Alaska Price of Natural Gas Sold to Commercial Consumers (Dollars per Thousand Cubic Feet)
2020,5,11.79,$/MCF,NUS,U.S.,PRS,Price Delivered to Residential Consumers,N3010US3,U.S. Price of Natural Gas Delivered to Residential Consumers (Dollars per Thousand Cubic Feet)
2020,5,12.35,$/MCF,SAK,USA-AK,PRS,Price Delivered to Residential Consumers,N3010AK3,Alaska Price of Natural Gas Delivered to Residential Consumers (Dollars per Thousand Cubic Feet)
2020,4,3.05,$/MCF,NUS,U.S.,PG1,City Gate Price,N3050US3,U.S. Natural Gas Citygate Price (Dollars per Thousand Cubic Feet)
2020,4,8.19,$/MCF,SAK,USA-AK,PG1,City Gate Price,N3050AK3,Natural Gas Citygate Price in Alaska (Dollars per Thousand Cubic Feet)
2020,4,2.2,$/MCF,NUS,U.S.,PEU,Electric Power Price,N3045US3,U.S. Natural Gas Electric Power Price (Dollars per Thousand Cubic Feet)
2020,4,6.54,$/MCF,SAK,USA-AK,PEU,Electric Power Price,N3045AK3,Alaska Natural Gas Price Sold to Electric Power Consumers (Dollars per Thousand Cubic Feet)
2020,4,3,$/MCF,NUS,U.S.,PIN,Industrial Price,N3035US3,United States Natural Gas Industrial Price (Dollars per Thousand Cubic Feet)
2020,4,5,$/MCF,SAK,USA-AK,PIN,Industrial Price,N3035AK3,Alaska Natural Gas Industrial Price (Dollars per Thousand Cubic Feet)
2020,4,7.24,$/MCF,NUS,U.S.,PCS,Price Delivered to Commercial Sectors,N3020US3,U.S. Price of Natural Gas Sold to Commercial Consumers (Dollars per Thousand Cubic Feet)
2020,4,9.88,$/MCF,SAK,USA-AK,PCS,Price Delivered to Commercial Sectors,N3020AK3,Alaska Price of Natural Gas Sold to Commercial Consumers (Dollars per Thousand Cubic Feet)
2020,4,10.42,$/MCF,NUS,U.S.,PRS,Price Delivered to Residential Consumers,N3010US3,U.S. Price of Natural Gas Delivered to Residential Consumers (Dollars per Thousand Cubic Feet)
2020,4,11.37,$/MCF,SAK,USA-AK,PRS,Price Delivered to Residential Consumers,N3010AK3,Alaska Price of Natural Gas Delivered to Residential Consumers (Dollars per Thousand Cubic Feet)
2020,3,3.25,$/MCF,NUS,U.S.,PG1,City Gate Price,N3050US3,U.S. Natural Gas Citygate Price (Dollars per Thousand Cubic Feet)
2020,3,8.33,$/MCF,SAK,USA-AK,PG1,City Gate Price,N3050AK3,Natural Gas Citygate Price in Alaska (Dollars per Thousand Cubic Feet)
2020,3,2.23,$/MCF,NUS,U.S.,PEU,Electric Power Price,N3045US3,U.S. Natural Gas Electric Power Price (Dollars per Thousand Cubic Feet)
2020,3,6.48,$/MCF,SAK,USA-AK,PEU,Electric Power Price,N3045AK3,Alaska Natural Gas Price Sold to Electric Power Consumers (Dollars per Thousand Cubic Feet)
2020,3,3.39,$/MCF,NUS,U.S.,PIN,Industrial Price,N3035US3,United States Natural Gas Industrial Price (Dollars per Thousand Cubic Feet)
2020,3,5.63,$/MCF,SAK,USA-AK,PIN,Industrial Price,N3035AK3,Alaska Natural Gas Industrial Price (Dollars per Thousand Cubic Feet)
2020,3,7.29,$/MCF,NUS,U.S.,PCS,Price Delivered to Commercial Sectors,N3020US3,U.S. Price of Natural Gas Sold to Commercial Consumers (Dollars per Thousand Cubic Feet)
2020,3,9.78,$/MCF,SAK,USA-AK,PCS,Price Delivered to Commercial Sectors,N3020AK3,Alaska Price of Natural Gas Sold to Commercial Consumers (Dollars per Thousand Cubic Feet)
2020,3,9.8,$/MCF,NUS,U.S.,PRS,Price Delivered to Residential Consumers,N3010US3,U.S. Price of Natural Gas Delivered to Residential Consumers (Dollars per Thousand Cubic Feet)
2020,3,10.8,$/MCF,SAK,USA-AK,PRS,Price Delivered to Residential Consumers,N3010AK3,Alaska Price of Natural Gas Delivered to Residential Consumers (Dollars per Thousand Cubic Feet)
2020,2,3.09,$/MCF,NUS,U.S.,PG1,City Gate Price,N3050US3,U.S. Natural Gas Citygate Price (Dollars per Thousand Cubic Feet)
2020,2,8.36,$/MCF,SAK,USA-AK,PG1,City Gate Price,N3050AK3,Natural Gas Citygate Price in Alaska (Dollars per Thousand Cubic Feet)
2020,2,2.5,$/MCF,NUS,U.S.,PEU,Electric Power Price,N3045US3,U.S. Natural Gas Electric Power Price (Dollars per Thousand Cubic Feet)
2020,2,6.39,$/MCF,SAK,USA-AK,PEU,Electric Power Price,N3045AK3,Alaska Natural Gas Price Sold to Electric Power Consumers (Dollars per Thousand Cubic Feet)
2020,2,3.58,$/MCF,NUS,U.S.,PIN,Industrial Price,N3035US3,United States Natural Gas Industrial Price (Dollars per Thousand Cubic Feet)
2020,2,5.44,$/MCF,SAK,USA-AK,PIN,Industrial Price,N3035AK3,Alaska Natural Gas Industrial Price (Dollars per Thousand Cubic Feet)
2020,2,7.03,$/MCF,NUS,U.S.,PCS,Price Delivered to Commercial Sectors,N3020US3,U.S. Price of Natural Gas Sold to Commercial Consumers (Dollars per Thousand Cubic Feet)
2020,2,9.77,$/MCF,SAK,USA-AK,PCS,Price Delivered to Commercial Sectors,N3020AK3,Alaska Price of Natural Gas Sold to Commercial Consumers (Dollars per Thousand Cubic Feet)
2020,2,9.19,$/MCF,NUS,U.S.,PRS,Price Delivered to Residential Consumers,N3010US3,U.S. Price of Natural Gas Delivered to Residential Consumers (Dollars per Thousand Cubic Feet)
2020,2,10.77,$/MCF,SAK,USA-AK,PRS,Price Delivered to Residential Consumers,N3010AK3,Alaska Price of Natural Gas Delivered to Residential Consumers (Dollars per Thousand Cubic Feet)
2020,1,3.26,$/MCF,NUS,U.S.,PG1,City Gate Price,N3050US3,U.S. Natural Gas Citygate Price (Dollars per Thousand Cubic Feet)
2020,1,8.31,$/MCF,SAK,USA-AK,PG1,City Gate Price,N3050AK3,Natural Gas Citygate Price in Alaska (Dollars per Thousand Cubic Feet)
2020,1,2.74,$/MCF,NUS,U.S.,PEU,Electric Power Price,N3045US3,U.S. Natural Gas Electric Power Price (Dollars per Thousand Cubic Feet)
2020,1,6.33,$/MCF,SAK,USA-AK,PEU,Electric Power Price,N3045AK3,Alaska Natural Gas Price Sold to Electric Power Consumers (Dollars per Thousand Cubic Feet)
2020,1,3.71,$/MCF,NUS,U.S.,PIN,Industrial Price,N3035US3,United States Natural Gas Industrial Price (Dollars per Thousand Cubic Feet)
2020,1,5.17,$/MCF,SAK,USA-AK,PIN,Industrial Price,N3035AK3,Alaska Natural Gas Industrial Price (Dollars per Thousand Cubic Feet)
2020,1,7.24,$/MCF,NUS,U.S.,PCS,Price Delivered to Commercial Sectors,N3020US3,U.S. Price of Natural Gas Sold to Commercial Consumers (Dollars per Thousand Cubic Feet)
2020,1,9.82,$/MCF,SAK,USA-AK,PCS,Price Delivered to Commercial Sectors,N3020AK3,Alaska Price of Natural Gas Sold to Commercial Consumers (Dollars per Thousand Cubic Feet)
2020,1,9.43,$/MCF,NUS,U.S.,PRS,Price Delivered to Residential Consumers,N3010US3,U.S. Price of Natural Gas Delivered to Residential Consumers (Dollars per Thousand Cubic Feet)
2020,1,10.56,$/MCF,SAK,USA-AK,PRS,Price Delivered to Residential Consumers,N3010AK3,Alaska Price of Natural Gas Delivered to Residential Consumers (Dollars per Thousand Cubic Feet)
2019,12,3.5,$/MCF,NUS,U.S.,PG1,City Gate Price,N3050US3,U.S. Natural Gas Citygate Price (Dollars per Thousand Cubic Feet)
2019,12,8.83,$/MCF,SAK,USA-AK,PG1,City Gate Price,N3050AK3,Natural Gas Citygate Price in Alaska (Dollars per Thousand Cubic Feet)
2019,12,3.04,$/MCF,NUS,U.S.,PEU,Electric Power Price,N3045US3,U.S. Natural Gas Electric Power Price (Dollars per Thousand Cubic Feet)
2019,12,7.09,$/MCF,SAK,USA-AK,PEU,Electric Power Price,N3045AK3,Alaska Natural Gas Price Sold to Electric Power Consumers (Dollars per Thousand Cubic Feet)
2019,12,3.84,$/MCF,NUS,U.S.,PIN,Industrial Price,N3035US3,United States Natural Gas Industrial Price (Dollars per Thousand Cubic Feet)
2019,12,5.73,$/MCF,SAK,USA-AK,PIN,Industrial Price,N3035AK3,Alaska Natural Gas Industrial Price (Dollars per Thousand Cubic Feet)
2019,12,7.19,$/MCF,NUS,U.S.,PCS,Price Delivered to Commercial Sectors,N3020US3,U.S. Price of Natural Gas Sold to Commercial Consumers (Dollars per Thousand Cubic Feet)
2019,12,9.99,$/MCF,SAK,USA-AK,PCS,Price Delivered to Commercial Sectors,N3020AK3,Alaska Price of Natural Gas Sold to Commercial Consumers (Dollars per Thousand Cubic Feet)
2019,12,9.3,$/MCF,NUS,U.S.,PRS,Price Delivered to Residential Consumers,N3010US3,U.S. Price of Natural Gas Delivered to Residential Consumers (Dollars per Thousand Cubic Feet)
2019,12,10.78,$/MCF,SAK,USA-AK,PRS,Price Delivered to Residential Consumers,N3010AK3,Alaska Price of Natural Gas Delivered to Residential Consumers (Dollars per Thousand Cubic Feet)
2019,11,3.46,$/MCF,NUS,U.S.,PG1,City Gate Price,N3050US3,U.S. Natural Gas Citygate Price (Dollars per Thousand Cubic Feet)
2019,11,8.11,$/MCF,SAK,USA-AK,PG1,City Gate Price,N3050AK3,Natural Gas Citygate Price in Alaska (Dollars per Thousand Cubic Feet)
2019,11,3.08,$/MCF,NUS,U.S.,PEU,Electric Power Price,N3045US3,U.S. Natural Gas Electric Power Price (Dollars per Thousand Cubic Feet)
2019,11,7.06,$/MCF,SAK,USA-AK,PEU,Electric Power Price,N3045AK3,Alaska Natural Gas Price Sold to Electric Power Consumers (Dollars per Thousand Cubic Feet)
2019,11,3.86,$/MCF,NUS,U.S.,PIN,Industrial Price,N3035US3,United States Natural Gas Industrial Price (Dollars per Thousand Cubic Feet)
2019,11,5.98,$/MCF,SAK,USA-AK,PIN,Industrial Price,N3035AK3,Alaska Natural Gas Industrial Price (Dollars per Thousand Cubic Feet)
2019,11,6.98,$/MCF,NUS,U.S.,PCS,Price Delivered to Commercial Sectors,N3020US3,U.S. Price of Natural Gas Sold to Commercial Consumers (Dollars per Thousand Cubic Feet)
2019,11,10.09,$/MCF,SAK,USA-AK,PCS,Price Delivered to Commercial Sectors,N3020AK3,Alaska Price of Natural Gas Sold to Commercial Consumers (Dollars per Thousand Cubic Feet)
2019,11,9.33,$/MCF,NUS,U.S.,PRS,Price Delivered to Residential Consumers,N3010US3,U.S. Price of Natural Gas Delivered to Residential Consumers (Dollars per Thousand Cubic Feet)
2019,11,11.08,$/MCF,SAK,USA-AK,PRS,Price Delivered to Residential Consumers,N3010AK3,Alaska Price of Natural Gas Delivered to Residential Consumers (Dollars per Thousand Cubic Feet)
2019,10,3.42,$/MCF,NUS,U.S.,PG1,City Gate Price,N3050US3,U.S. Natural Gas Citygate Price (Dollars per Thousand Cubic Feet)
2019,10,7.62,$/MCF,SAK,USA-AK,PG1,City Gate Price,N3050AK3,Natural Gas Citygate Price in Alaska (Dollars per Thousand Cubic Feet)
2019,10,2.58,$/MCF,NUS,U.S.,PEU,Electric Power Price,N3045US3,U.S. Natural Gas Electric Power Price (Dollars per Thousand Cubic Feet)
2019,10,7.02,$/MCF,SAK,USA-AK,PEU,Electric Power Price,N3045AK3,Alaska Natural Gas Price Sold to Electric Power Consumers (Dollars per Thousand Cubic Feet)
2019,10,3.43,$/MCF,NUS,U.S.,PIN,Industrial Price,N3035US3,United States Natural Gas Industrial Price (Dollars per Thousand Cubic Feet)
2019,10,6,$/MCF,SAK,USA-AK,PIN,Industrial Price,N3035AK3,Alaska Natural Gas Industrial Price (Dollars per Thousand Cubic Feet)
2019,10,7.63,$/MCF,NUS,U.S.,PCS,Price Delivered to Commercial Sectors,N3020US3,U.S. Price of Natural Gas Sold to Commercial Consumers (Dollars per Thousand Cubic Feet)
2019,10,10.32,$/MCF,SAK,USA-AK,PCS,Price Delivered to Commercial Sectors,N3020AK3,Alaska Price of Natural Gas Sold to Commercial Consumers (Dollars per Thousand Cubic Feet)
2019,10,12.5,$/MCF,NUS,U.S.,PRS,Price Delivered to Residential Consumers,N3010US3,U.S. Price of Natural Gas Delivered to Residential Consumers (Dollars per Thousand Cubic Feet)
2019,10,11.48,$/MCF,SAK,USA-AK,PRS,Price Delivered to Residential Consumers,N3010AK3,Alaska Price of Natural Gas Delivered to Residential Consumers (Dollars per Thousand Cubic Feet)
2019,9,4.07,$/MCF,NUS,U.S.,PG1,City Gate Price,N3050US3,U.S. Natural Gas Citygate Price (Dollars per Thousand Cubic Feet)
2019,9,8.38,$/MCF,SAK,USA-AK,PG1,City Gate Price,N3050AK3,Natural Gas Citygate Price in Alaska (Dollars per Thousand Cubic Feet)
2019,9,2.68,$/MCF,NUS,U.S.,PEU,Electric Power Price,N3045US3,U.S. Natural Gas Electric Power Price (Dollars per Thousand Cubic Feet)
2019,9,7.06,$/MCF,SAK,USA-AK,PEU,Electric Power Price,N3045AK3,Alaska Natural Gas Price Sold to Electric Power Consumers (Dollars per Thousand Cubic Feet)
2019,9,3.35,$/MCF,NUS,U.S.,PIN,Industrial Price,N3035US3,United States Natural Gas Industrial Price (Dollars per Thousand Cubic Feet)
2019,9,6.05,$/MCF,SAK,USA-AK,PIN,Industrial Price,N3035AK3,Alaska Natural Gas Industrial Price (Dollars per Thousand Cubic Feet)
2019,9,8.34,$/MCF,NUS,U.S.,PCS,Price Delivered to Commercial Sectors,N3020US3,U.S. Price of Natural Gas Sold to Commercial Consumers (Dollars per Thousand Cubic Feet)
2019,9,10.77,$/MCF,SAK,USA-AK,PCS,Price Delivered to Commercial Sectors,N3020AK3,Alaska Price of Natural Gas Sold to Commercial Consumers (Dollars per Thousand Cubic Feet)
2019,9,17.61,$/MCF,NUS,U.S.,PRS,Price Delivered to Residential Consumers,N3010US3,U.S. Price of Natural Gas Delivered to Residential Consumers (Dollars per Thousand Cubic Feet)
2019,9,12.62,$/MCF,SAK,USA-AK,PRS,Price Delivered to Residential Consumers,N3010AK3,Alaska Price of Natural Gas Delivered to Residential Consumers (Dollars per Thousand Cubic Feet)
2019,8,4.15,$/MCF,NUS,U.S.,PG1,City Gate Price,N3050US3,U.S. Natural Gas Citygate Price (Dollars per Thousand Cubic Feet)
2019,8,8.82,$/MCF,SAK,USA-AK,PG1,City Gate Price,N3050AK3,Natural Gas Citygate Price in Alaska (Dollars per Thousand Cubic Feet)
2019,8,2.5,$/MCF,NUS,U.S.,PEU,Electric Power Price,N3045US3,U.S. Natural Gas Electric Power Price (Dollars per Thousand Cubic Feet)
2019,8,7.04,$/MCF,SAK,USA-AK,PEU,Electric Power Price,N3045AK3,Alaska Natural Gas Price Sold to Electric Power Consumers (Dollars per Thousand Cubic Feet)
2019,8,3.18,$/MCF,NUS,U.S.,PIN,Industrial Price,N3035US3,United States Natural Gas Industrial Price (Dollars per Thousand Cubic Feet)
2019,8,5.36,$/MCF,SAK,USA-AK,PIN,Industrial Price,N3035AK3,Alaska Natural Gas Industrial Price (Dollars per Thousand Cubic Feet)
2019,8,8.41,$/MCF,NUS,U.S.,PCS,Price Delivered to Commercial Sectors,N3020US3,U.S. Price of Natural Gas Sold to Commercial Consumers (Dollars per Thousand Cubic Feet)
2019,8,11.19,$/MCF,SAK,USA-AK,PCS,Price Delivered to Commercial Sectors,N3020AK3,Alaska Price of Natural Gas Sold to Commercial Consumers (Dollars per Thousand Cubic Feet)
2019,8,18.37,$/MCF,NUS,U.S.,PRS,Price Delivered to Residential Consumers,N3010US3,U.S. Price of Natural Gas Delivered to Residential Consumers (Dollars per Thousand Cubic Feet)
2019,8,14.78,$/MCF,SAK,USA-AK,PRS,Price Delivered to Residential Consumers,N3010AK3,Alaska Price of Natural Gas Delivered to Residential Consumers (Dollars per Thousand Cubic Feet)
2019,7,4.17,$/MCF,NUS,U.S.,PG1,City Gate Price,N3050US3,U.S. Natural Gas Citygate Price (Dollars per Thousand Cubic Feet)
2019,7,8.76,$/MCF,SAK,USA-AK,PG1,City Gate Price,N3050AK3,Natural Gas Citygate Price in Alaska (Dollars per Thousand Cubic Feet)
2019,7,2.63,$/MCF,NUS,U.S.,PEU,Electric Power Price,N3045US3,U.S. Natural Gas Electric Power Price (Dollars per Thousand Cubic Feet)
2019,7,7.08,$/MCF,SAK,USA-AK,PEU,Electric Power Price,N3045AK3,Alaska Natural Gas Price Sold to Electric Power Consumers (Dollars per Thousand Cubic Feet)
2019,7,3.33,$/MCF,NUS,U.S.,PIN,Industrial Price,N3035US3,United States Natural Gas Industrial Price (Dollars per Thousand Cubic Feet)
2019,7,5.47,$/MCF,SAK,USA-AK,PIN,Industrial Price,N3035AK3,Alaska Natural Gas Industrial Price (Dollars per Thousand Cubic Feet)
2019,7,8.47,$/MCF,NUS,U.S.,PCS,Price Delivered to Commercial Sectors,N3020US3,U.S. Price of Natural Gas Sold to Commercial Consumers (Dollars per Thousand Cubic Feet)
2019,7,11.14,$/MCF,SAK,USA-AK,PCS,Price Delivered to Commercial Sectors,N3020AK3,Alaska Price of Natural Gas Sold to Commercial Consumers (Dollars per Thousand Cubic Feet)
2019,7,17.74,$/MCF,NUS,U.S.,PRS,Price Delivered to Residential Consumers,N3010US3,U.S. Price of Natural Gas Delivered to Residential Consumers (Dollars per Thousand Cubic Feet)
2019,7,15.28,$/MCF,SAK,USA-AK,PRS,Price Delivered to Residential Consumers,N3010AK3,Alaska Price of Natural Gas Delivered to Residential Consumers (Dollars per Thousand Cubic Feet)
2019,6,4.17,$/MCF,NUS,U.S.,PG1,City Gate Price,N3050US3,U.S. Natural Gas Citygate Price (Dollars per Thousand Cubic Feet)
2019,6,8.53,$/MCF,SAK,USA-AK,PG1,City Gate Price,N3050AK3,Natural Gas Citygate Price in Alaska (Dollars per Thousand Cubic Feet)
2019,6,2.66,$/MCF,NUS,U.S.,PEU,Electric Power Price,N3045US3,U.S. Natural Gas Electric Power Price (Dollars per Thousand Cubic Feet)
2019,6,7.08,$/MCF,SAK,USA-AK,PEU,Electric Power Price,N3045AK3,Alaska Natural Gas Price Sold to Electric Power Consumers (Dollars per Thousand Cubic Feet)
2019,6,3.55,$/MCF,NUS,U.S.,PIN,Industrial Price,N3035US3,United States Natural Gas Industrial Price (Dollars per Thousand Cubic Feet)
2019,6,5.42,$/MCF,SAK,USA-AK,PIN,Industrial Price,N3035AK3,Alaska Natural Gas Industrial Price (Dollars per Thousand Cubic Feet)
2019,6,8.29,$/MCF,NUS,U.S.,PCS,Price Delivered to Commercial Sectors,N3020US3,U.S. Price of Natural Gas Sold to Commercial Consumers (Dollars per Thousand Cubic Feet)
2019,6,10.54,$/MCF,SAK,USA-AK,PCS,Price Delivered to Commercial Sectors,N3020AK3,Alaska Price of Natural Gas Sold to Commercial Consumers (Dollars per Thousand Cubic Feet)
2019,6,15.6,$/MCF,NUS,U.S.,PRS,Price Delivered to Residential Consumers,N3010US3,U.S. Price of Natural Gas Delivered to Residential Consumers (Dollars per Thousand Cubic Feet)
2019,6,13.82,$/MCF,SAK,USA-AK,PRS,Price Delivered to Residential Consumers,N3010AK3,Alaska Price of Natural Gas Delivered to Residential Consumers (Dollars per Thousand Cubic Feet)
2019,5,3.66,$/MCF,NUS,U.S.,PG1,City Gate Price,N3050US3,U.S. Natural Gas Citygate Price (Dollars per Thousand Cubic Feet)
2019,5,8.29,$/MCF,SAK,USA-AK,PG1,City Gate Price,N3050AK3,Natural Gas Citygate Price in Alaska (Dollars per Thousand Cubic Feet)
2019,5,2.85,$/MCF,NUS,U.S.,PEU,Electric Power Price,N3045US3,U.S. Natural Gas Electric Power Price (Dollars per Thousand Cubic Feet)
2019,5,7.02,$/MCF,SAK,USA-AK,PEU,Electric Power Price,N3045AK3,Alaska Natural Gas Price Sold to Electric Power Consumers (Dollars per Thousand Cubic Feet)
2019,5,3.64,$/MCF,NUS,U.S.,PIN,Industrial Price,N3035US3,United States Natural Gas Industrial Price (Dollars per Thousand Cubic Feet)
2019,5,5.66,$/MCF,SAK,USA-AK,PIN,Industrial Price,N3035AK3,Alaska Natural Gas Industrial Price (Dollars per Thousand Cubic Feet)
2019,5,8.06,$/MCF,NUS,U.S.,PCS,Price Delivered to Commercial Sectors,N3020US3,U.S. Price of Natural Gas Sold to Commercial Consumers (Dollars per Thousand Cubic Feet)
2019,5,9.69,$/MCF,SAK,USA-AK,PCS,Price Delivered to Commercial Sectors,N3020AK3,Alaska Price of Natural Gas Sold to Commercial Consumers (Dollars per Thousand Cubic Feet)
2019,5,12.76,$/MCF,NUS,U.S.,PRS,Price Delivered to Residential Consumers,N3010US3,U.S. Price of Natural Gas Delivered to Residential Consumers (Dollars per Thousand Cubic Feet)
2019,5,11.58,$/MCF,SAK,USA-AK,PRS,Price Delivered to Residential Consumers,N3010AK3,Alaska Price of Natural Gas Delivered to Residential Consumers (Dollars per Thousand Cubic Feet)
2019,4,3.72,$/MCF,NUS,U.S.,PG1,City Gate Price,N3050US3,U.S. Natural Gas Citygate Price (Dollars per Thousand Cubic Feet)
2019,4,8.4,$/MCF,SAK,USA-AK,PG1,City Gate Price,N3050AK3,Natural Gas Citygate Price in Alaska (Dollars per Thousand Cubic Feet)
2019,4,2.99,$/MCF,NUS,U.S.,PEU,Electric Power Price,N3045US3,U.S. Natural Gas Electric Power Price (Dollars per Thousand Cubic Feet)
2019,4,6.88,$/MCF,SAK,USA-AK,PEU,Electric Power Price,N3045AK3,Alaska Natural Gas Price Sold to Electric Power Consumers (Dollars per Thousand Cubic Feet)
2019,4,3.99,$/MCF,NUS,U.S.,PIN,Industrial Price,N3035US3,United States Natural Gas Industrial Price (Dollars per Thousand Cubic Feet)
2019,4,5.68,$/MCF,SAK,USA-AK,PIN,Industrial Price,N3035AK3,Alaska Natural Gas Industrial Price (Dollars per Thousand Cubic Feet)
2019,4,7.72,$/MCF,NUS,U.S.,PCS,Price Delivered to Commercial Sectors,N3020US3,U.S. Price of Natural Gas Sold to Commercial Consumers (Dollars per Thousand Cubic Feet)
2019,4,9.56,$/MCF,SAK,USA-AK,PCS,Price Delivered to Commercial Sectors,N3020AK3,Alaska Price of Natural Gas Sold to Commercial Consumers (Dollars per Thousand Cubic Feet)
2019,4,10.85,$/MCF,NUS,U.S.,PRS,Price Delivered to Residential Consumers,N3010US3,U.S. Price of Natural Gas Delivered to Residential Consumers (Dollars per Thousand Cubic Feet)
2019,4,11.05,$/MCF,SAK,USA-AK,PRS,Price Delivered to Residential Consumers,N3010AK3,Alaska Price of Natural Gas Delivered to Residential Consumers (Dollars per Thousand Cubic Feet)
2019,3,4.07,$/MCF,NUS,U.S.,PG1,City Gate Price,N3050US3,U.S. Natural Gas Citygate Price (Dollars per Thousand Cubic Feet)
2019,3,8.14,$/MCF,SAK,USA-AK,PG1,City Gate Price,N3050AK3,Natural Gas Citygate Price in Alaska (Dollars per Thousand Cubic Feet)
2019,3,3.6,$/MCF,NUS,U.S.,PEU,Electric Power Price,N3045US3,U.S. Natural Gas Electric Power Price (Dollars per Thousand Cubic Feet)
2019,3,6.89,$/MCF,SAK,USA-AK,PEU,Electric Power Price,N3045AK3,Alaska Natural Gas Price Sold to Electric Power Consumers (Dollars per Thousand Cubic Feet)
2019,3,4.31,$/MCF,NUS,U.S.,PIN,Industrial Price,N3035US3,United States Natural Gas Industrial Price (Dollars per Thousand Cubic Feet)
2019,3,6.11,$/MCF,SAK,USA-AK,PIN,Industrial Price,N3035AK3,Alaska Natural Gas Industrial Price (Dollars per Thousand Cubic Feet)
2019,3,7.4,$/MCF,NUS,U.S.,PCS,Price Delivered to Commercial Sectors,N3020US3,U.S. Price of Natural Gas Sold to Commercial Consumers (Dollars per Thousand Cubic Feet)
2019,3,9.53,$/MCF,SAK,USA-AK,PCS,Price Delivered to Commercial Sectors,N3020AK3,Alaska Price of Natural Gas Sold to Commercial Consumers (Dollars per Thousand Cubic Feet)
2019,3,9.42,$/MCF,NUS,U.S.,PRS,Price Delivered to Residential Consumers,N3010US3,U.S. Price of Natural Gas Delivered to Residential Consumers (Dollars per Thousand Cubic Feet)
2019,3,10.39,$/MCF,SAK,USA-AK,PRS,Price Delivered to Residential Consumers,N3010AK3,Alaska Price of Natural Gas Delivered to Residential Consumers (Dollars per Thousand Cubic Feet)
2019,2,3.91,$/MCF,NUS,U.S.,PG1,City Gate Price,N3050US3,U.S. Natural Gas Citygate Price (Dollars per Thousand Cubic Feet)
2019,2,8.49,$/MCF,SAK,USA-AK,PG1,City Gate Price,N3050AK3,Natural Gas Citygate Price in Alaska (Dollars per Thousand Cubic Feet)
2019,2,3.78,$/MCF,NUS,U.S.,PEU,Electric Power Price,N3045US3,U.S. Natural Gas Electric Power Price (Dollars per Thousand Cubic Feet)
2019,2,6.76,$/MCF,SAK,USA-AK,PEU,Electric Power Price,N3045AK3,Alaska Natural Gas Price Sold to Electric Power Consumers (Dollars per Thousand Cubic Feet)
2019,2,4.62,$/MCF,NUS,U.S.,PIN,Industrial Price,N3035US3,United States Natural Gas Industrial Price (Dollars per Thousand Cubic Feet)
2019,2,6.19,$/MCF,SAK,USA-AK,PIN,Industrial Price,N3035AK3,Alaska Natural Gas Industrial Price (Dollars per Thousand Cubic Feet)
2019,2,7.54,$/MCF,NUS,U.S.,PCS,Price Delivered to Commercial Sectors,N3020US3,U.S. Price of Natural Gas Sold to Commercial Consumers (Dollars per Thousand Cubic Feet)
2019,2,9.41,$/MCF,SAK,USA-AK,PCS,Price Delivered to Commercial Sectors,N3020AK3,Alaska Price of Natural Gas Sold to Commercial Consumers (Dollars per Thousand Cubic Feet)
2019,2,9.4,$/MCF,NUS,U.S.,PRS,Price Delivered to Residential Consumers,N3010US3,U.S. Price of Natural Gas Delivered to Residential Consumers (Dollars per Thousand Cubic Feet)
2019,2,10.33,$/MCF,SAK,USA-AK,PRS,Price Delivered to Residential Consumers,N3010AK3,Alaska Price of Natural Gas Delivered to Residential Consumers (Dollars per Thousand Cubic Feet)
2019,1,4.03,$/MCF,NUS,U.S.,PG1,City Gate Price,N3050US3,U.S. Natural Gas Citygate Price (Dollars per Thousand Cubic Feet)
2019,1,7.76,$/MCF,SAK,USA-AK,PG1,City Gate Price,N3050AK3,Natural Gas Citygate Price in Alaska (Dollars per Thousand Cubic Feet)
2019,1,4.16,$/MCF,NUS,U.S.,PEU,Electric Power Price,N3045US3,U.S. Natural Gas Electric Power Price (Dollars per Thousand Cubic Feet)
2019,1,6.79,$/MCF,SAK,USA-AK,PEU,Electric Power Price,N3045AK3,Alaska Natural Gas Price Sold to Electric Power Consumers (Dollars per Thousand Cubic Feet)
2019,1,5.02,$/MCF,NUS,U.S.,PIN,Industrial Price,N3035US3,United States Natural Gas Industrial Price (Dollars per Thousand Cubic Feet)
2019,1,6.1,$/MCF,SAK,USA-AK,PIN,Industrial Price,N3035AK3,Alaska Natural Gas Industrial Price (Dollars per Thousand Cubic Feet)
2019,1,7.67,$/MCF,NUS,U.S.,PCS,Price Delivered to Commercial Sectors,N3020US3,U.S. Price of Natural Gas Sold to Commercial Consumers (Dollars per Thousand Cubic Feet)
2019,1,9.39,$/MCF,SAK,USA-AK,PCS,Price Delivered to Commercial Sectors,N3020AK3,Alaska Price of Natural Gas Sold to Commercial Consumers (Dollars per Thousand Cubic Feet)
2019,1,9.36,$/MCF,NUS,U.S.,PRS,Price Delivered to Residential Consumers,N3010US3,U.S. Price of Natural Gas Delivered to Residential Consumers (Dollars per Thousand Cubic Feet)
2019,1,10.14,$/MCF,SAK,USA-AK,PRS,Price Delivered to Residential Consumers,N3010AK3,Alaska Price of Natural Gas Delivered to Residential Consumers (Dollars per Thousand Cubic Feet)
2018,12,4.72,$/MCF,NUS,U.S.,PG1,City Gate Price,N3050US3,U.S. Natural Gas Citygate Price (Dollars per Thousand Cubic Feet)
2018,12,6.91,$/MCF,SAK,USA-AK,PG1,City Gate Price,N3050AK3,Natural Gas Citygate Price in Alaska (Dollars per Thousand Cubic Feet)
2018,12,4.89,$/MCF,NUS,U.S.,PEU,Electric Power Price,N3045US3,U.S. Natural Gas Electric Power Price (Dollars per Thousand Cubic Feet)
2018,12,6.45,$/MCF,SAK,USA-AK,PEU,Electric Power Price,N3045AK3,Alaska Natural Gas Price Sold to Electric Power Consumers (Dollars per Thousand Cubic Feet)
2018,12,5.47,$/MCF,NUS,U.S.,PIN,Industrial Price,N3035US3,United States Natural Gas Industrial Price (Dollars per Thousand Cubic Feet)
2018,12,5.85,$/MCF,SAK,USA-AK,PIN,Industrial Price,N3035AK3,Alaska Natural Gas Industrial Price (Dollars per Thousand Cubic Feet)
2018,12,7.7,$/MCF,NUS,U.S.,PCS,Price Delivered to Commercial Sectors,N3020US3,U.S. Price of Natural Gas Sold to Commercial Consumers (Dollars per Thousand Cubic Feet)
2018,12,9.32,$/MCF,SAK,USA-AK,PCS,Price Delivered to Commercial Sectors,N3020AK3,Alaska Price of Natural Gas Sold to Commercial Consumers (Dollars per Thousand Cubic Feet)
2018,12,9.62,$/MCF,NUS,U.S.,PRS,Price Delivered to Residential Consumers,N3010US3,U.S. Price of Natural Gas Delivered to Residential Consumers (Dollars per Thousand Cubic Feet)
2018,12,10.17,$/MCF,SAK,USA-AK,PRS,Price Delivered to Residential Consumers,N3010AK3,Alaska Price of Natural Gas Delivered to Residential Consumers (Dollars per Thousand Cubic Feet)
2018,11,4.28,$/MCF,NUS,U.S.,PG1,City Gate Price,N3050US3,U.S. Natural Gas Citygate Price (Dollars per Thousand Cubic Feet)
2018,11,6.91,$/MCF,SAK,USA-AK,PG1,City Gate Price,N3050AK3,Natural Gas Citygate Price in Alaska (Dollars per Thousand Cubic Feet)
2018,11,4.34,$/MCF,NUS,U.S.,PEU,Electric Power Price,N3045US3,U.S. Natural Gas Electric Power Price (Dollars per Thousand Cubic Feet)
2018,11,6.52,$/MCF,SAK,USA-AK,PEU,Electric Power Price,N3045AK3,Alaska Natural Gas Price Sold to Electric Power Consumers (Dollars per Thousand Cubic Feet)
2018,11,4.51,$/MCF,NUS,U.S.,PIN,Industrial Price,N3035US3,United States Natural Gas Industrial Price (Dollars per Thousand Cubic Feet)
2018,11,6.12,$/MCF,SAK,USA-AK,PIN,Industrial Price,N3035AK3,Alaska Natural Gas Industrial Price (Dollars per Thousand Cubic Feet)
2018,11,7.34,$/MCF,NUS,U.S.,PCS,Price Delivered to Commercial Sectors,N3020US3,U.S. Price of Natural Gas Sold to Commercial Consumers (Dollars per Thousand Cubic Feet)
2018,11,9.6,$/MCF,SAK,USA-AK,PCS,Price Delivered to Commercial Sectors,N3020AK3,Alaska Price of Natural Gas Sold to Commercial Consumers (Dollars per Thousand Cubic Feet)
2018,11,9.42,$/MCF,NUS,U.S.,PRS,Price Delivered to Residential Consumers,N3010US3,U.S. Price of Natural Gas Delivered to Residential Consumers (Dollars per Thousand Cubic Feet)
2018,11,10.38,$/MCF,SAK,USA-AK,PRS,Price Delivered to Residential Consumers,N3010AK3,Alaska Price of Natural Gas Delivered to Residential Consumers (Dollars per Thousand Cubic Feet)
2018,10,4.1,$/MCF,NUS,U.S.,PG1,City Gate Price,N3050US3,U.S. Natural Gas Citygate Price (Dollars per Thousand Cubic Feet)
2018,10,6.73,$/MCF,SAK,USA-AK,PG1,City Gate Price,N3050AK3,Natural Gas Citygate Price in Alaska (Dollars per Thousand Cubic Feet)
2018,10,3.52,$/MCF,NUS,U.S.,PEU,Electric Power Price,N3045US3,U.S. Natural Gas Electric Power Price (Dollars per Thousand Cubic Feet)
2018,10,6.41,$/MCF,SAK,USA-AK,PEU,Electric Power Price,N3045AK3,Alaska Natural Gas Price Sold to Electric Power Consumers (Dollars per Thousand Cubic Feet)
2018,10,4.03,$/MCF,NUS,U.S.,PIN,Industrial Price,N3035US3,United States Natural Gas Industrial Price (Dollars per Thousand Cubic Feet)
2018,10,6.08,$/MCF,SAK,USA-AK,PIN,Industrial Price,N3035AK3,Alaska Natural Gas Industrial Price (Dollars per Thousand Cubic Feet)
2018,10,7.69,$/MCF,NUS,U.S.,PCS,Price Delivered to Commercial Sectors,N3020US3,U.S. Price of Natural Gas Sold to Commercial Consumers (Dollars per Thousand Cubic Feet)
2018,10,9.89,$/MCF,SAK,USA-AK,PCS,Price Delivered to Commercial Sectors,N3020AK3,Alaska Price of Natural Gas Sold to Commercial Consumers (Dollars per Thousand Cubic Feet)
2018,10,12.22,$/MCF,NUS,U.S.,PRS,Price Delivered to Residential Consumers,N3010US3,U.S. Price of Natural Gas Delivered to Residential Consumers (Dollars per Thousand Cubic Feet)
2018,10,11.01,$/MCF,SAK,USA-AK,PRS,Price Delivered to Residential Consumers,N3010AK3,Alaska Price of Natural Gas Delivered to Residential Consumers (Dollars per Thousand Cubic Feet)
2018,9,4.72,$/MCF,NUS,U.S.,PG1,City Gate Price,N3050US3,U.S. Natural Gas Citygate Price (Dollars per Thousand Cubic Feet)
2018,9,6.44,$/MCF,SAK,USA-AK,PG1,City Gate Price,N3050AK3,Natural Gas Citygate Price in Alaska (Dollars per Thousand Cubic Feet)
2018,9,3.23,$/MCF,NUS,U.S.,PEU,Electric Power Price,N3045US3,U.S. Natural Gas Electric Power Price (Dollars per Thousand Cubic Feet)
2018,9,6.53,$/MCF,SAK,USA-AK,PEU,Electric Power Price,N3045AK3,Alaska Natural Gas Price Sold to Electric Power Consumers (Dollars per Thousand Cubic Feet)
2018,9,3.75,$/MCF,NUS,U.S.,PIN,Industrial Price,N3035US3,United States Natural Gas Industrial Price (Dollars per Thousand Cubic Feet)
2018,9,6.13,$/MCF,SAK,USA-AK,PIN,Industrial Price,N3035AK3,Alaska Natural Gas Industrial Price (Dollars per Thousand Cubic Feet)
2018,9,8.57,$/MCF,NUS,U.S.,PCS,Price Delivered to Commercial Sectors,N3020US3,U.S. Price of Natural Gas Sold to Commercial Consumers (Dollars per Thousand Cubic Feet)
2018,9,10.62,$/MCF,SAK,USA-AK,PCS,Price Delivered to Commercial Sectors,N3020AK3,Alaska Price of Natural Gas Sold to Commercial Consumers (Dollars per Thousand Cubic Feet)
2018,9,17.23,$/MCF,NUS,U.S.,PRS,Price Delivered to Residential Consumers,N3010US3,U.S. Price of Natural Gas Delivered to Residential Consumers (Dollars per Thousand Cubic Feet)
2018,9,12.22,$/MCF,SAK,USA-AK,PRS,Price Delivered to Residential Consumers,N3010AK3,Alaska Price of Natural Gas Delivered to Residential Consumers (Dollars per Thousand Cubic Feet)
2018,8,5.25,$/MCF,NUS,U.S.,PG1,City Gate Price,N3050US3,U.S. Natural Gas Citygate Price (Dollars per Thousand Cubic Feet)
2018,8,6.34,$/MCF,SAK,USA-AK,PG1,City Gate Price,N3050AK3,Natural Gas Citygate Price in Alaska (Dollars per Thousand Cubic Feet)
2018,8,3.39,$/MCF,NUS,U.S.,PEU,Electric Power Price,N3045US3,U.S. Natural Gas Electric Power Price (Dollars per Thousand Cubic Feet)
2018,8,6.47,$/MCF,SAK,USA-AK,PEU,Electric Power Price,N3045AK3,Alaska Natural Gas Price Sold to Electric Power Consumers (Dollars per Thousand Cubic Feet)
2018,8,3.67,$/MCF,NUS,U.S.,PIN,Industrial Price,N3035US3,United States Natural Gas Industrial Price (Dollars per Thousand Cubic Feet)
2018,8,5.99,$/MCF,SAK,USA-AK,PIN,Industrial Price,N3035AK3,Alaska Natural Gas Industrial Price (Dollars per Thousand Cubic Feet)
2018,8,8.69,$/MCF,NUS,U.S.,PCS,Price Delivered to Commercial Sectors,N3020US3,U.S. Price of Natural Gas Sold to Commercial Consumers (Dollars per Thousand Cubic Feet)
2018,8,10.86,$/MCF,SAK,USA-AK,PCS,Price Delivered to Commercial Sectors,N3020AK3,Alaska Price of Natural Gas Sold to Commercial Consumers (Dollars per Thousand Cubic Feet)
2018,8,18.56,$/MCF,NUS,U.S.,PRS,Price Delivered to Residential Consumers,N3010US3,U.S. Price of Natural Gas Delivered to Residential Consumers (Dollars per Thousand Cubic Feet)
2018,8,13.05,$/MCF,SAK,USA-AK,PRS,Price Delivered to Residential Consumers,N3010AK3,Alaska Price of Natural Gas Delivered to Residential Consumers (Dollars per Thousand Cubic Feet)
2018,7,4.5,$/MCF,NUS,U.S.,PG1,City Gate Price,N3050US3,U.S. Natural Gas Citygate Price (Dollars per Thousand Cubic Feet)
2018,7,6.39,$/MCF,SAK,USA-AK,PG1,City Gate Price,N3050AK3,Natural Gas Citygate Price in Alaska (Dollars per Thousand Cubic Feet)
2018,7,3.35,$/MCF,NUS,U.S.,PEU,Electric Power Price,N3045US3,U.S. Natural Gas Electric Power Price (Dollars per Thousand Cubic Feet)
2018,7,6.48,$/MCF,SAK,USA-AK,PEU,Electric Power Price,N3045AK3,Alaska Natural Gas Price Sold to Electric Power Consumers (Dollars per Thousand Cubic Feet)
2018,7,3.75,$/MCF,NUS,U.S.,PIN,Industrial Price,N3035US3,United States Natural Gas Industrial Price (Dollars per Thousand Cubic Feet)
2018,7,6.13,$/MCF,SAK,USA-AK,PIN,Industrial Price,N3035AK3,Alaska Natural Gas Industrial Price (Dollars per Thousand Cubic Feet)
2018,7,8.84,$/MCF,NUS,U.S.,PCS,Price Delivered to Commercial Sectors,N3020US3,U.S. Price of Natural Gas Sold to Commercial Consumers (Dollars per Thousand Cubic Feet)
2018,7,11.45,$/MCF,SAK,USA-AK,PCS,Price Delivered to Commercial Sectors,N3020AK3,Alaska Price of Natural Gas Sold to Commercial Consumers (Dollars per Thousand Cubic Feet)
2018,7,17.85,$/MCF,NUS,U.S.,PRS,Price Delivered to Residential Consumers,N3010US3,U.S. Price of Natural Gas Delivered to Residential Consumers (Dollars per Thousand Cubic Feet)
2018,7,13.76,$/MCF,SAK,USA-AK,PRS,Price Delivered to Residential Consumers,N3010AK3,Alaska Price of Natural Gas Delivered to Residential Consumers (Dollars per Thousand Cubic Feet)
2018,6,4.49,$/MCF,NUS,U.S.,PG1,City Gate Price,N3050US3,U.S. Natural Gas Citygate Price (Dollars per Thousand Cubic Feet)
2018,6,6.43,$/MCF,SAK,USA-AK,PG1,City Gate Price,N3050AK3,Natural Gas Citygate Price in Alaska (Dollars per Thousand Cubic Feet)
2018,6,3.23,$/MCF,NUS,U.S.,PEU,Electric Power Price,N3045US3,U.S. Natural Gas Electric Power Price (Dollars per Thousand Cubic Feet)
2018,6,6.48,$/MCF,SAK,USA-AK,PEU,Electric Power Price,N3045AK3,Alaska Natural Gas Price Sold to Electric Power Consumers (Dollars per Thousand Cubic Feet)
2018,6,3.77,$/MCF,NUS,U.S.,PIN,Industrial Price,N3035US3,United States Natural Gas Industrial Price (Dollars per Thousand Cubic Feet)
2018,6,5.45,$/MCF,SAK,USA-AK,PIN,Industrial Price,N3035AK3,Alaska Natural Gas Industrial Price (Dollars per Thousand Cubic Feet)
2018,6,8.58,$/MCF,NUS,U.S.,PCS,Price Delivered to Commercial Sectors,N3020US3,U.S. Price of Natural Gas Sold to Commercial Consumers (Dollars per Thousand Cubic Feet)
2018,6,10.86,$/MCF,SAK,USA-AK,PCS,Price Delivered to Commercial Sectors,N3020AK3,Alaska Price of Natural Gas Sold to Commercial Consumers (Dollars per Thousand Cubic Feet)
2018,6,16.47,$/MCF,NUS,U.S.,PRS,Price Delivered to Residential Consumers,N3010US3,U.S. Price of Natural Gas Delivered to Residential Consumers (Dollars per Thousand Cubic Feet)
2018,6,12.72,$/MCF,SAK,USA-AK,PRS,Price Delivered to Residential Consumers,N3010AK3,Alaska Price of Natural Gas Delivered to Residential Consumers (Dollars per Thousand Cubic Feet)
2018,5,4.14,$/MCF,NUS,U.S.,PG1,City Gate Price,N3050US3,U.S. Natural Gas Citygate Price (Dollars per Thousand Cubic Feet)
2018,5,7.02,$/MCF,SAK,USA-AK,PG1,City Gate Price,N3050AK3,Natural Gas Citygate Price in Alaska (Dollars per Thousand Cubic Feet)
2018,5,3.16,$/MCF,NUS,U.S.,PEU,Electric Power Price,N3045US3,U.S. Natural Gas Electric Power Price (Dollars per Thousand Cubic Feet)
2018,5,6.5,$/MCF,SAK,USA-AK,PEU,Electric Power Price,N3045AK3,Alaska Natural Gas Price Sold to Electric Power Consumers (Dollars per Thousand Cubic Feet)
2018,5,3.8,$/MCF,NUS,U.S.,PIN,Industrial Price,N3035US3,United States Natural Gas Industrial Price (Dollars per Thousand Cubic Feet)
2018,5,5.65,$/MCF,SAK,USA-AK,PIN,Industrial Price,N3035AK3,Alaska Natural Gas Industrial Price (Dollars per Thousand Cubic Feet)
2018,5,8.34,$/MCF,NUS,U.S.,PCS,Price Delivered to Commercial Sectors,N3020US3,U.S. Price of Natural Gas Sold to Commercial Consumers (Dollars per Thousand Cubic Feet)
2018,5,10.54,$/MCF,SAK,USA-AK,PCS,Price Delivered to Commercial Sectors,N3020AK3,Alaska Price of Natural Gas Sold to Commercial Consumers (Dollars per Thousand Cubic Feet)
2018,5,13.52,$/MCF,NUS,U.S.,PRS,Price Delivered to Residential Consumers,N3010US3,U.S. Price of Natural Gas Delivered to Residential Consumers (Dollars per Thousand Cubic Feet)
2018,5,11.84,$/MCF,SAK,USA-AK,PRS,Price Delivered to Residential Consumers,N3010AK3,Alaska Price of Natural Gas Delivered to Residential Consumers (Dollars per Thousand Cubic Feet)
2018,4,3.65,$/MCF,NUS,U.S.,PG1,City Gate Price,N3050US3,U.S. Natural Gas Citygate Price (Dollars per Thousand Cubic Feet)
2018,4,6.76,$/MCF,SAK,USA-AK,PG1,City Gate Price,N3050AK3,Natural Gas Citygate Price in Alaska (Dollars per Thousand Cubic Feet)
2018,4,3.26,$/MCF,NUS,U.S.,PEU,Electric Power Price,N3045US3,U.S. Natural Gas Electric Power Price (Dollars per Thousand Cubic Feet)
2018,4,6.83,$/MCF,SAK,USA-AK,PEU,Electric Power Price,N3045AK3,Alaska Natural Gas Price Sold to Electric Power Consumers (Dollars per Thousand Cubic Feet)
2018,4,3.89,$/MCF,NUS,U.S.,PIN,Industrial Price,N3035US3,United States Natural Gas Industrial Price (Dollars per Thousand Cubic Feet)
2018,4,5.02,$/MCF,SAK,USA-AK,PIN,Industrial Price,N3035AK3,Alaska Natural Gas Industrial Price (Dollars per Thousand Cubic Feet)
2018,4,7.65,$/MCF,NUS,U.S.,PCS,Price Delivered to Commercial Sectors,N3020US3,U.S. Price of Natural Gas Sold to Commercial Consumers (Dollars per Thousand Cubic Feet)
2018,4,10.18,$/MCF,SAK,USA-AK,PCS,Price Delivered to Commercial Sectors,N3020AK3,Alaska Price of Natural Gas Sold to Commercial Consumers (Dollars per Thousand Cubic Feet)
2018,4,10.05,$/MCF,NUS,U.S.,PRS,Price Delivered to Residential Consumers,N3010US3,U.S. Price of Natural Gas Delivered to Residential Consumers (Dollars per Thousand Cubic Feet)
2018,4,11.28,$/MCF,SAK,USA-AK,PRS,Price Delivered to Residential Consumers,N3010AK3,Alaska Price of Natural Gas Delivered to Residential Consumers (Dollars per Thousand Cubic Feet)
2018,3,3.69,$/MCF,NUS,U.S.,PG1,City Gate Price,N3050US3,U.S. Natural Gas Citygate Price (Dollars per Thousand Cubic Feet)
2018,3,8,$/MCF,SAK,USA-AK,PG1,City Gate Price,N3050AK3,Natural Gas Citygate Price in Alaska (Dollars per Thousand Cubic Feet)
2018,3,3.32,$/MCF,NUS,U.S.,PEU,Electric Power Price,N3045US3,U.S. Natural Gas Electric Power Price (Dollars per Thousand Cubic Feet)
2018,3,7.15,$/MCF,SAK,USA-AK,PEU,Electric Power Price,N3045AK3,Alaska Natural Gas Price Sold to Electric Power Consumers (Dollars per Thousand Cubic Feet)
2018,3,4,$/MCF,NUS,U.S.,PIN,Industrial Price,N3035US3,United States Natural Gas Industrial Price (Dollars per Thousand Cubic Feet)
2018,3,5.4,$/MCF,SAK,USA-AK,PIN,Industrial Price,N3035AK3,Alaska Natural Gas Industrial Price (Dollars per Thousand Cubic Feet)
2018,3,7.71,$/MCF,NUS,U.S.,PCS,Price Delivered to Commercial Sectors,N3020US3,U.S. Price of Natural Gas Sold to Commercial Consumers (Dollars per Thousand Cubic Feet)
2018,3,9.91,$/MCF,SAK,USA-AK,PCS,Price Delivered to Commercial Sectors,N3020AK3,Alaska Price of Natural Gas Sold to Commercial Consumers (Dollars per Thousand Cubic Feet)
2018,3,9.76,$/MCF,NUS,U.S.,PRS,Price Delivered to Residential Consumers,N3010US3,U.S. Price of Natural Gas Delivered to Residential Consumers (Dollars per Thousand Cubic Feet)
2018,3,10.77,$/MCF,SAK,USA-AK,PRS,Price Delivered to Residential Consumers,N3010AK3,Alaska Price of Natural Gas Delivered to Residential Consumers (Dollars per Thousand Cubic Feet)
2018,2,3.99,$/MCF,NUS,U.S.,PG1,City Gate Price,N3050US3,U.S. Natural Gas Citygate Price (Dollars per Thousand Cubic Feet)
2018,2,8.25,$/MCF,SAK,USA-AK,PG1,City Gate Price,N3050AK3,Natural Gas Citygate Price in Alaska (Dollars per Thousand Cubic Feet)
2018,2,3.75,$/MCF,NUS,U.S.,PEU,Electric Power Price,N3045US3,U.S. Natural Gas Electric Power Price (Dollars per Thousand Cubic Feet)
2018,2,7.25,$/MCF,SAK,USA-AK,PEU,Electric Power Price,N3045AK3,Alaska Natural Gas Price Sold to Electric Power Consumers (Dollars per Thousand Cubic Feet)
2018,2,4.85,$/MCF,NUS,U.S.,PIN,Industrial Price,N3035US3,United States Natural Gas Industrial Price (Dollars per Thousand Cubic Feet)
2018,2,5.68,$/MCF,SAK,USA-AK,PIN,Industrial Price,N3035AK3,Alaska Natural Gas Industrial Price (Dollars per Thousand Cubic Feet)
2018,2,7.74,$/MCF,NUS,U.S.,PCS,Price Delivered to Commercial Sectors,N3020US3,U.S. Price of Natural Gas Sold to Commercial Consumers (Dollars per Thousand Cubic Feet)
2018,2,9.9,$/MCF,SAK,USA-AK,PCS,Price Delivered to Commercial Sectors,N3020AK3,Alaska Price of Natural Gas Sold to Commercial Consumers (Dollars per Thousand Cubic Feet)
2018,2,9.63,$/MCF,NUS,U.S.,PRS,Price Delivered to Residential Consumers,N3010US3,U.S. Price of Natural Gas Delivered to Residential Consumers (Dollars per Thousand Cubic Feet)
2018,2,10.61,$/MCF,SAK,USA-AK,PRS,Price Delivered to Residential Consumers,N3010AK3,Alaska Price of Natural Gas Delivered to Residential Consumers (Dollars per Thousand Cubic Feet)
2018,1,4.36,$/MCF,NUS,U.S.,PG1,City Gate Price,N3050US3,U.S. Natural Gas Citygate Price (Dollars per Thousand Cubic Feet)
2018,1,8.24,$/MCF,SAK,USA-AK,PG1,City Gate Price,N3050AK3,Natural Gas Citygate Price in Alaska (Dollars per Thousand Cubic Feet)
2018,1,5.38,$/MCF,NUS,U.S.,PEU,Electric Power Price,N3045US3,U.S. Natural Gas Electric Power Price (Dollars per Thousand Cubic Feet)
2018,1,7.28,$/MCF,SAK,USA-AK,PEU,Electric Power Price,N3045AK3,Alaska Natural Gas Price Sold to Electric Power Consumers (Dollars per Thousand Cubic Feet)
2018,1,4.46,$/MCF,NUS,U.S.,PIN,Industrial Price,N3035US3,United States Natural Gas Industrial Price (Dollars per Thousand Cubic Feet)
2018,1,5.79,$/MCF,SAK,USA-AK,PIN,Industrial Price,N3035AK3,Alaska Natural Gas Industrial Price (Dollars per Thousand Cubic Feet)
2018,1,7.4,$/MCF,NUS,U.S.,PCS,Price Delivered to Commercial Sectors,N3020US3,U.S. Price of Natural Gas Sold to Commercial Consumers (Dollars per Thousand Cubic Feet)
2018,1,9.84,$/MCF,SAK,USA-AK,PCS,Price Delivered to Commercial Sectors,N3020AK3,Alaska Price of Natural Gas Sold to Commercial Consumers (Dollars per Thousand Cubic Feet)
2018,1,8.9,$/MCF,NUS,U.S.,PRS,Price Delivered to Residential Consumers,N3010US3,U.S. Price of Natural Gas Delivered to Residential Consumers (Dollars per Thousand Cubic Feet)
2018,1,10.59,$/MCF,SAK,USA-AK,PRS,Price Delivered to Residential Consumers,N3010AK3,Alaska Price of Natural Gas Delivered to Residential Consumers (Dollars per Thousand Cubic Feet)
2017,12,4,$/MCF,NUS,U.S.,PG1,City Gate Price,N3050US3,U.S. Natural Gas Citygate Price (Dollars per Thousand Cubic Feet)
2017,12,6.94,$/MCF,SAK,USA-AK,PG1,City Gate Price,N3050AK3,Natural Gas Citygate Price in Alaska (Dollars per Thousand Cubic Feet)
2017,12,3.81,$/MCF,NUS,U.S.,PEU,Electric Power Price,N3045US3,U.S. Natural Gas Electric Power Price (Dollars per Thousand Cubic Feet)
2017,12,7.21,$/MCF,SAK,USA-AK,PEU,Electric Power Price,N3045AK3,Alaska Natural Gas Price Sold to Electric Power Consumers (Dollars per Thousand Cubic Feet)
2017,12,4.19,$/MCF,NUS,U.S.,PIN,Industrial Price,N3035US3,United States Natural Gas Industrial Price (Dollars per Thousand Cubic Feet)
2017,12,4.73,$/MCF,SAK,USA-AK,PIN,Industrial Price,N3035AK3,Alaska Natural Gas Industrial Price (Dollars per Thousand Cubic Feet)
2017,12,7.42,$/MCF,NUS,U.S.,PCS,Price Delivered to Commercial Sectors,N3020US3,U.S. Price of Natural Gas Sold to Commercial Consumers (Dollars per Thousand Cubic Feet)
2017,12,9.89,$/MCF,SAK,USA-AK,PCS,Price Delivered to Commercial Sectors,N3020AK3,Alaska Price of Natural Gas Sold to Commercial Consumers (Dollars per Thousand Cubic Feet)
2017,12,9.29,$/MCF,NUS,U.S.,PRS,Price Delivered to Residential Consumers,N3010US3,U.S. Price of Natural Gas Delivered to Residential Consumers (Dollars per Thousand Cubic Feet)
2017,12,10.66,$/MCF,SAK,USA-AK,PRS,Price Delivered to Residential Consumers,N3010AK3,Alaska Price of Natural Gas Delivered to Residential Consumers (Dollars per Thousand Cubic Feet)
2017,11,3.97,$/MCF,NUS,U.S.,PG1,City Gate Price,N3050US3,U.S. Natural Gas Citygate Price (Dollars per Thousand Cubic Feet)
2017,11,7.02,$/MCF,SAK,USA-AK,PG1,City Gate Price,N3050AK3,Natural Gas Citygate Price in Alaska (Dollars per Thousand Cubic Feet)
2017,11,3.5,$/MCF,NUS,U.S.,PEU,Electric Power Price,N3045US3,U.S. Natural Gas Electric Power Price (Dollars per Thousand Cubic Feet)
2017,11,7.16,$/MCF,SAK,USA-AK,PEU,Electric Power Price,N3045AK3,Alaska Natural Gas Price Sold to Electric Power Consumers (Dollars per Thousand Cubic Feet)
2017,11,3.84,$/MCF,NUS,U.S.,PIN,Industrial Price,N3035US3,United States Natural Gas Industrial Price (Dollars per Thousand Cubic Feet)
2017,11,4.59,$/MCF,SAK,USA-AK,PIN,Industrial Price,N3035AK3,Alaska Natural Gas Industrial Price (Dollars per Thousand Cubic Feet)
2017,11,7.51,$/MCF,NUS,U.S.,PCS,Price Delivered to Commercial Sectors,N3020US3,U.S. Price of Natural Gas Sold to Commercial Consumers (Dollars per Thousand Cubic Feet)
2017,11,10,$/MCF,SAK,USA-AK,PCS,Price Delivered to Commercial Sectors,N3020AK3,Alaska Price of Natural Gas Sold to Commercial Consumers (Dollars per Thousand Cubic Feet)
2017,11,10.14,$/MCF,NUS,U.S.,PRS,Price Delivered to Residential Consumers,N3010US3,U.S. Price of Natural Gas Delivered to Residential Consumers (Dollars per Thousand Cubic Feet)
2017,11,10.65,$/MCF,SAK,USA-AK,PRS,Price Delivered to Residential Consumers,N3010AK3,Alaska Price of Natural Gas Delivered to Residential Consumers (Dollars per Thousand Cubic Feet)
2017,10,4.03,$/MCF,NUS,U.S.,PG1,City Gate Price,N3050US3,U.S. Natural Gas Citygate Price (Dollars per Thousand Cubic Feet)
2017,10,6.59,$/MCF,SAK,USA-AK,PG1,City Gate Price,N3050AK3,Natural Gas Citygate Price in Alaska (Dollars per Thousand Cubic Feet)
2017,10,3.24,$/MCF,NUS,U.S.,PEU,Electric Power Price,N3045US3,U.S. Natural Gas Electric Power Price (Dollars per Thousand Cubic Feet)
2017,10,7.11,$/MCF,SAK,USA-AK,PEU,Electric Power Price,N3045AK3,Alaska Natural Gas Price Sold to Electric Power Consumers (Dollars per Thousand Cubic Feet)
2017,10,3.78,$/MCF,NUS,U.S.,PIN,Industrial Price,N3035US3,United States Natural Gas Industrial Price (Dollars per Thousand Cubic Feet)
2017,10,4.02,$/MCF,SAK,USA-AK,PIN,Industrial Price,N3035AK3,Alaska Natural Gas Industrial Price (Dollars per Thousand Cubic Feet)
2017,10,7.97,$/MCF,NUS,U.S.,PCS,Price Delivered to Commercial Sectors,N3020US3,U.S. Price of Natural Gas Sold to Commercial Consumers (Dollars per Thousand Cubic Feet)
2017,10,10.33,$/MCF,SAK,USA-AK,PCS,Price Delivered to Commercial Sectors,N3020AK3,Alaska Price of Natural Gas Sold to Commercial Consumers (Dollars per Thousand Cubic Feet)
2017,10,13.39,$/MCF,NUS,U.S.,PRS,Price Delivered to Residential Consumers,N3010US3,U.S. Price of Natural Gas Delivered to Residential Consumers (Dollars per Thousand Cubic Feet)
2017,10,11.17,$/MCF,SAK,USA-AK,PRS,Price Delivered to Residential Consumers,N3010AK3,Alaska Price of Natural Gas Delivered to Residential Consumers (Dollars per Thousand Cubic Feet)
2017,9,4.52,$/MCF,NUS,U.S.,PG1,City Gate Price,N3050US3,U.S. Natural Gas Citygate Price (Dollars per Thousand Cubic Feet)
2017,9,6.29,$/MCF,SAK,USA-AK,PG1,City Gate Price,N3050AK3,Natural Gas Citygate Price in Alaska (Dollars per Thousand Cubic Feet)
2017,9,3.27,$/MCF,NUS,U.S.,PEU,Electric Power Price,N3045US3,U.S. Natural Gas Electric Power Price (Dollars per Thousand Cubic Feet)
2017,9,7.14,$/MCF,SAK,USA-AK,PEU,Electric Power Price,N3045AK3,Alaska Natural Gas Price Sold to Electric Power Consumers (Dollars per Thousand Cubic Feet)
2017,9,3.83,$/MCF,NUS,U.S.,PIN,Industrial Price,N3035US3,United States Natural Gas Industrial Price (Dollars per Thousand Cubic Feet)
2017,9,3.63,$/MCF,SAK,USA-AK,PIN,Industrial Price,N3035AK3,Alaska Natural Gas Industrial Price (Dollars per Thousand Cubic Feet)
2017,9,8.52,$/MCF,NUS,U.S.,PCS,Price Delivered to Commercial Sectors,N3020US3,U.S. Price of Natural Gas Sold to Commercial Consumers (Dollars per Thousand Cubic Feet)
2017,9,11,$/MCF,SAK,USA-AK,PCS,Price Delivered to Commercial Sectors,N3020AK3,Alaska Price of Natural Gas Sold to Commercial Consumers (Dollars per Thousand Cubic Feet)
2017,9,16.92,$/MCF,NUS,U.S.,PRS,Price Delivered to Residential Consumers,N3010US3,U.S. Price of Natural Gas Delivered to Residential Consumers (Dollars per Thousand Cubic Feet)
2017,9,12.13,$/MCF,SAK,USA-AK,PRS,Price Delivered to Residential Consumers,N3010AK3,Alaska Price of Natural Gas Delivered to Residential Consumers (Dollars per Thousand Cubic Feet)
2017,8,4.61,$/MCF,NUS,U.S.,PG1,City Gate Price,N3050US3,U.S. Natural Gas Citygate Price (Dollars per Thousand Cubic Feet)
2017,8,5.83,$/MCF,SAK,USA-AK,PG1,City Gate Price,N3050AK3,Natural Gas Citygate Price in Alaska (Dollars per Thousand Cubic Feet)
2017,8,3.24,$/MCF,NUS,U.S.,PEU,Electric Power Price,N3045US3,U.S. Natural Gas Electric Power Price (Dollars per Thousand Cubic Feet)
2017,8,6.91,$/MCF,SAK,USA-AK,PEU,Electric Power Price,N3045AK3,Alaska Natural Gas Price Sold to Electric Power Consumers (Dollars per Thousand Cubic Feet)
2017,8,3.78,$/MCF,NUS,U.S.,PIN,Industrial Price,N3035US3,United States Natural Gas Industrial Price (Dollars per Thousand Cubic Feet)
2017,8,3.16,$/MCF,SAK,USA-AK,PIN,Industrial Price,N3035AK3,Alaska Natural Gas Industrial Price (Dollars per Thousand Cubic Feet)
2017,8,8.76,$/MCF,NUS,U.S.,PCS,Price Delivered to Commercial Sectors,N3020US3,U.S. Price of Natural Gas Sold to Commercial Consumers (Dollars per Thousand Cubic Feet)
2017,8,11.5,$/MCF,SAK,USA-AK,PCS,Price Delivered to Commercial Sectors,N3020AK3,Alaska Price of Natural Gas Sold to Commercial Consumers (Dollars per Thousand Cubic Feet)
2017,8,18.22,$/MCF,NUS,U.S.,PRS,Price Delivered to Residential Consumers,N3010US3,U.S. Price of Natural Gas Delivered to Residential Consumers (Dollars per Thousand Cubic Feet)
2017,8,13.39,$/MCF,SAK,USA-AK,PRS,Price Delivered to Residential Consumers,N3010AK3,Alaska Price of Natural Gas Delivered to Residential Consumers (Dollars per Thousand Cubic Feet)
2017,7,4.73,$/MCF,NUS,U.S.,PG1,City Gate Price,N3050US3,U.S. Natural Gas Citygate Price (Dollars per Thousand Cubic Feet)
2017,7,5.76,$/MCF,SAK,USA-AK,PG1,City Gate Price,N3050AK3,Natural Gas Citygate Price in Alaska (Dollars per Thousand Cubic Feet)
2017,7,3.32,$/MCF,NUS,U.S.,PEU,Electric Power Price,N3045US3,U.S. Natural Gas Electric Power Price (Dollars per Thousand Cubic Feet)
2017,7,6.98,$/MCF,SAK,USA-AK,PEU,Electric Power Price,N3045AK3,Alaska Natural Gas Price Sold to Electric Power Consumers (Dollars per Thousand Cubic Feet)
2017,7,3.92,$/MCF,NUS,U.S.,PIN,Industrial Price,N3035US3,United States Natural Gas Industrial Price (Dollars per Thousand Cubic Feet)
2017,7,3.04,$/MCF,SAK,USA-AK,PIN,Industrial Price,N3035AK3,Alaska Natural Gas Industrial Price (Dollars per Thousand Cubic Feet)
2017,7,8.81,$/MCF,NUS,U.S.,PCS,Price Delivered to Commercial Sectors,N3020US3,U.S. Price of Natural Gas Sold to Commercial Consumers (Dollars per Thousand Cubic Feet)
2017,7,11.62,$/MCF,SAK,USA-AK,PCS,Price Delivered to Commercial Sectors,N3020AK3,Alaska Price of Natural Gas Sold to Commercial Consumers (Dollars per Thousand Cubic Feet)
2017,7,17.86,$/MCF,NUS,U.S.,PRS,Price Delivered to Residential Consumers,N3010US3,U.S. Price of Natural Gas Delivered to Residential Consumers (Dollars per Thousand Cubic Feet)
2017,7,13.72,$/MCF,SAK,USA-AK,PRS,Price Delivered to Residential Consumers,N3010AK3,Alaska Price of Natural Gas Delivered to Residential Consumers (Dollars per Thousand Cubic Feet)
2017,6,4.82,$/MCF,NUS,U.S.,PG1,City Gate Price,N3050US3,U.S. Natural Gas Citygate Price (Dollars per Thousand Cubic Feet)
2017,6,5.69,$/MCF,SAK,USA-AK,PG1,City Gate Price,N3050AK3,Natural Gas Citygate Price in Alaska (Dollars per Thousand Cubic Feet)
2017,6,3.4,$/MCF,NUS,U.S.,PEU,Electric Power Price,N3045US3,U.S. Natural Gas Electric Power Price (Dollars per Thousand Cubic Feet)
2017,6,7.04,$/MCF,SAK,USA-AK,PEU,Electric Power Price,N3045AK3,Alaska Natural Gas Price Sold to Electric Power Consumers (Dollars per Thousand Cubic Feet)
2017,6,4.05,$/MCF,NUS,U.S.,PIN,Industrial Price,N3035US3,United States Natural Gas Industrial Price (Dollars per Thousand Cubic Feet)
2017,6,4.96,$/MCF,SAK,USA-AK,PIN,Industrial Price,N3035AK3,Alaska Natural Gas Industrial Price (Dollars per Thousand Cubic Feet)
2017,6,8.75,$/MCF,NUS,U.S.,PCS,Price Delivered to Commercial Sectors,N3020US3,U.S. Price of Natural Gas Sold to Commercial Consumers (Dollars per Thousand Cubic Feet)
2017,6,11.02,$/MCF,SAK,USA-AK,PCS,Price Delivered to Commercial Sectors,N3020AK3,Alaska Price of Natural Gas Sold to Commercial Consumers (Dollars per Thousand Cubic Feet)
2017,6,16.06,$/MCF,NUS,U.S.,PRS,Price Delivered to Residential Consumers,N3010US3,U.S. Price of Natural Gas Delivered to Residential Consumers (Dollars per Thousand Cubic Feet)
2017,6,12.79,$/MCF,SAK,USA-AK,PRS,Price Delivered to Residential Consumers,N3010AK3,Alaska Price of Natural Gas Delivered to Residential Consumers (Dollars per Thousand Cubic Feet)
2017,5,4.42,$/MCF,NUS,U.S.,PG1,City Gate Price,N3050US3,U.S. Natural Gas Citygate Price (Dollars per Thousand Cubic Feet)
2017,5,6.02,$/MCF,SAK,USA-AK,PG1,City Gate Price,N3050AK3,Natural Gas Citygate Price in Alaska (Dollars per Thousand Cubic Feet)
2017,5,3.61,$/MCF,NUS,U.S.,PEU,Electric Power Price,N3045US3,U.S. Natural Gas Electric Power Price (Dollars per Thousand Cubic Feet)
2017,5,7.1,$/MCF,SAK,USA-AK,PEU,Electric Power Price,N3045AK3,Alaska Natural Gas Price Sold to Electric Power Consumers (Dollars per Thousand Cubic Feet)
2017,5,4.02,$/MCF,NUS,U.S.,PIN,Industrial Price,N3035US3,United States Natural Gas Industrial Price (Dollars per Thousand Cubic Feet)
2017,5,4.96,$/MCF,SAK,USA-AK,PIN,Industrial Price,N3035AK3,Alaska Natural Gas Industrial Price (Dollars per Thousand Cubic Feet)
2017,5,8.31,$/MCF,NUS,U.S.,PCS,Price Delivered to Commercial Sectors,N3020US3,U.S. Price of Natural Gas Sold to Commercial Consumers (Dollars per Thousand Cubic Feet)
2017,5,9.75,$/MCF,SAK,USA-AK,PCS,Price Delivered to Commercial Sectors,N3020AK3,Alaska Price of Natural Gas Sold to Commercial Consumers (Dollars per Thousand Cubic Feet)
2017,5,13.25,$/MCF,NUS,U.S.,PRS,Price Delivered to Residential Consumers,N3010US3,U.S. Price of Natural Gas Delivered to Residential Consumers (Dollars per Thousand Cubic Feet)
2017,5,11,$/MCF,SAK,USA-AK,PRS,Price Delivered to Residential Consumers,N3010AK3,Alaska Price of Natural Gas Delivered to Residential Consumers (Dollars per Thousand Cubic Feet)
2017,4,4.2,$/MCF,NUS,U.S.,PG1,City Gate Price,N3050US3,U.S. Natural Gas Citygate Price (Dollars per Thousand Cubic Feet)
2017,4,6.96,$/MCF,SAK,USA-AK,PG1,City Gate Price,N3050AK3,Natural Gas Citygate Price in Alaska (Dollars per Thousand Cubic Feet)
2017,4,3.5,$/MCF,NUS,U.S.,PEU,Electric Power Price,N3045US3,U.S. Natural Gas Electric Power Price (Dollars per Thousand Cubic Feet)
2017,4,7.02,$/MCF,SAK,USA-AK,PEU,Electric Power Price,N3045AK3,Alaska Natural Gas Price Sold to Electric Power Consumers (Dollars per Thousand Cubic Feet)
2017,4,4.11,$/MCF,NUS,U.S.,PIN,Industrial Price,N3035US3,United States Natural Gas Industrial Price (Dollars per Thousand Cubic Feet)
2017,4,5.02,$/MCF,SAK,USA-AK,PIN,Industrial Price,N3035AK3,Alaska Natural Gas Industrial Price (Dollars per Thousand Cubic Feet)
2017,4,8.04,$/MCF,NUS,U.S.,PCS,Price Delivered to Commercial Sectors,N3020US3,U.S. Price of Natural Gas Sold to Commercial Consumers (Dollars per Thousand Cubic Feet)
2017,4,9.4,$/MCF,SAK,USA-AK,PCS,Price Delivered to Commercial Sectors,N3020AK3,Alaska Price of Natural Gas Sold to Commercial Consumers (Dollars per Thousand Cubic Feet)
2017,4,11.34,$/MCF,NUS,U.S.,PRS,Price Delivered to Residential Consumers,N3010US3,U.S. Price of Natural Gas Delivered to Residential Consumers (Dollars per Thousand Cubic Feet)
2017,4,10.23,$/MCF,SAK,USA-AK,PRS,Price Delivered to Residential Consumers,N3010AK3,Alaska Price of Natural Gas Delivered to Residential Consumers (Dollars per Thousand Cubic Feet)
2017,3,3.84,$/MCF,NUS,U.S.,PG1,City Gate Price,N3050US3,U.S. Natural Gas Citygate Price (Dollars per Thousand Cubic Feet)
2017,3,7.42,$/MCF,SAK,USA-AK,PG1,City Gate Price,N3050AK3,Natural Gas Citygate Price in Alaska (Dollars per Thousand Cubic Feet)
2017,3,3.51,$/MCF,NUS,U.S.,PEU,Electric Power Price,N3045US3,U.S. Natural Gas Electric Power Price (Dollars per Thousand Cubic Feet)
2017,3,7.15,$/MCF,SAK,USA-AK,PEU,Electric Power Price,N3045AK3,Alaska Natural Gas Price Sold to Electric Power Consumers (Dollars per Thousand Cubic Feet)
2017,3,3.92,$/MCF,NUS,U.S.,PIN,Industrial Price,N3035US3,United States Natural Gas Industrial Price (Dollars per Thousand Cubic Feet)
2017,3,5.13,$/MCF,SAK,USA-AK,PIN,Industrial Price,N3035AK3,Alaska Natural Gas Industrial Price (Dollars per Thousand Cubic Feet)
2017,3,7.68,$/MCF,NUS,U.S.,PCS,Price Delivered to Commercial Sectors,N3020US3,U.S. Price of Natural Gas Sold to Commercial Consumers (Dollars per Thousand Cubic Feet)
2017,3,9.12,$/MCF,SAK,USA-AK,PCS,Price Delivered to Commercial Sectors,N3020AK3,Alaska Price of Natural Gas Sold to Commercial Consumers (Dollars per Thousand Cubic Feet)
2017,3,9.86,$/MCF,NUS,U.S.,PRS,Price Delivered to Residential Consumers,N3010US3,U.S. Price of Natural Gas Delivered to Residential Consumers (Dollars per Thousand Cubic Feet)
2017,3,9.58,$/MCF,SAK,USA-AK,PRS,Price Delivered to Residential Consumers,N3010AK3,Alaska Price of Natural Gas Delivered to Residential Consumers (Dollars per Thousand Cubic Feet)
2017,2,4.13,$/MCF,NUS,U.S.,PG1,City Gate Price,N3050US3,U.S. Natural Gas Citygate Price (Dollars per Thousand Cubic Feet)
2017,2,7.54,$/MCF,SAK,USA-AK,PG1,City Gate Price,N3050AK3,Natural Gas Citygate Price in Alaska (Dollars per Thousand Cubic Feet)
2017,2,3.72,$/MCF,NUS,U.S.,PEU,Electric Power Price,N3045US3,U.S. Natural Gas Electric Power Price (Dollars per Thousand Cubic Feet)
2017,2,7,$/MCF,SAK,USA-AK,PEU,Electric Power Price,N3045AK3,Alaska Natural Gas Price Sold to Electric Power Consumers (Dollars per Thousand Cubic Feet)
2017,2,4.53,$/MCF,NUS,U.S.,PIN,Industrial Price,N3035US3,United States Natural Gas Industrial Price (Dollars per Thousand Cubic Feet)
2017,2,4.99,$/MCF,SAK,USA-AK,PIN,Industrial Price,N3035AK3,Alaska Natural Gas Industrial Price (Dollars per Thousand Cubic Feet)
2017,2,7.89,$/MCF,NUS,U.S.,PCS,Price Delivered to Commercial Sectors,N3020US3,U.S. Price of Natural Gas Sold to Commercial Consumers (Dollars per Thousand Cubic Feet)
2017,2,9.18,$/MCF,SAK,USA-AK,PCS,Price Delivered to Commercial Sectors,N3020AK3,Alaska Price of Natural Gas Sold to Commercial Consumers (Dollars per Thousand Cubic Feet)
2017,2,10.01,$/MCF,NUS,U.S.,PRS,Price Delivered to Residential Consumers,N3010US3,U.S. Price of Natural Gas Delivered to Residential Consumers (Dollars per Thousand Cubic Feet)
2017,2,9.61,$/MCF,SAK,USA-AK,PRS,Price Delivered to Residential Consumers,N3010AK3,Alaska Price of Natural Gas Delivered to Residential Consumers (Dollars per Thousand Cubic Feet)
2017,1,4.21,$/MCF,NUS,U.S.,PG1,City Gate Price,N3050US3,U.S. Natural Gas Citygate Price (Dollars per Thousand Cubic Feet)
2017,1,7.99,$/MCF,SAK,USA-AK,PG1,City Gate Price,N3050AK3,Natural Gas Citygate Price in Alaska (Dollars per Thousand Cubic Feet)
2017,1,4.31,$/MCF,NUS,U.S.,PEU,Electric Power Price,N3045US3,U.S. Natural Gas Electric Power Price (Dollars per Thousand Cubic Feet)
2017,1,7.13,$/MCF,SAK,USA-AK,PEU,Electric Power Price,N3045AK3,Alaska Natural Gas Price Sold to Electric Power Consumers (Dollars per Thousand Cubic Feet)
2017,1,4.85,$/MCF,NUS,U.S.,PIN,Industrial Price,N3035US3,United States Natural Gas Industrial Price (Dollars per Thousand Cubic Feet)
2017,1,5.06,$/MCF,SAK,USA-AK,PIN,Industrial Price,N3035AK3,Alaska Natural Gas Industrial Price (Dollars per Thousand Cubic Feet)
2017,1,7.58,$/MCF,NUS,U.S.,PCS,Price Delivered to Commercial Sectors,N3020US3,U.S. Price of Natural Gas Sold to Commercial Consumers (Dollars per Thousand Cubic Feet)
2017,1,9.16,$/MCF,SAK,USA-AK,PCS,Price Delivered to Commercial Sectors,N3020AK3,Alaska Price of Natural Gas Sold to Commercial Consumers (Dollars per Thousand Cubic Feet)
2017,1,9.32,$/MCF,NUS,U.S.,PRS,Price Delivered to Residential Consumers,N3010US3,U.S. Price of Natural Gas Delivered to Residential Consumers (Dollars per Thousand Cubic Feet)
2017,1,9.44,$/MCF,SAK,USA-AK,PRS,Price Delivered to Residential Consumers,N3010AK3,Alaska Price of Natural Gas Delivered to Residential Consumers (Dollars per Thousand Cubic Feet)
2016,12,3.96,$/MCF,NUS,U.S.,PG1,City Gate Price,N3050US3,U.S. Natural Gas Citygate Price (Dollars per Thousand Cubic Feet)
2016,12,7.29,$/MCF,SAK,USA-AK,PG1,City Gate Price,N3050AK3,Natural Gas Citygate Price in Alaska (Dollars per Thousand Cubic Feet)
2016,12,4.15,$/MCF,NUS,U.S.,PEU,Electric Power Price,N3045US3,U.S. Natural Gas Electric Power Price (Dollars per Thousand Cubic Feet)
2016,12,7.21,$/MCF,SAK,USA-AK,PEU,Electric Power Price,N3045AK3,Alaska Natural Gas Price Sold to Electric Power Consumers (Dollars per Thousand Cubic Feet)
2016,12,4.27,$/MCF,NUS,U.S.,PIN,Industrial Price,N3035US3,United States Natural Gas Industrial Price (Dollars per Thousand Cubic Feet)
2016,12,5.21,$/MCF,SAK,USA-AK,PIN,Industrial Price,N3035AK3,Alaska Natural Gas Industrial Price (Dollars per Thousand Cubic Feet)
2016,12,7.27,$/MCF,NUS,U.S.,PCS,Price Delivered to Commercial Sectors,N3020US3,U.S. Price of Natural Gas Sold to Commercial Consumers (Dollars per Thousand Cubic Feet)
2016,12,8.75,$/MCF,SAK,USA-AK,PCS,Price Delivered to Commercial Sectors,N3020AK3,Alaska Price of Natural Gas Sold to Commercial Consumers (Dollars per Thousand Cubic Feet)
2016,12,9.06,$/MCF,NUS,U.S.,PRS,Price Delivered to Residential Consumers,N3010US3,U.S. Price of Natural Gas Delivered to Residential Consumers (Dollars per Thousand Cubic Feet)
2016,12,9.51,$/MCF,SAK,USA-AK,PRS,Price Delivered to Residential Consumers,N3010AK3,Alaska Price of Natural Gas Delivered to Residential Consumers (Dollars per Thousand Cubic Feet)
2016,11,3.9,$/MCF,NUS,U.S.,PG1,City Gate Price,N3050US3,U.S. Natural Gas Citygate Price (Dollars per Thousand Cubic Feet)
2016,11,6.82,$/MCF,SAK,USA-AK,PG1,City Gate Price,N3050AK3,Natural Gas Citygate Price in Alaska (Dollars per Thousand Cubic Feet)
2016,11,3.14,$/MCF,NUS,U.S.,PEU,Electric Power Price,N3045US3,U.S. Natural Gas Electric Power Price (Dollars per Thousand Cubic Feet)
2016,11,6.91,$/MCF,SAK,USA-AK,PEU,Electric Power Price,N3045AK3,Alaska Natural Gas Price Sold to Electric Power Consumers (Dollars per Thousand Cubic Feet)
2016,11,3.86,$/MCF,NUS,U.S.,PIN,Industrial Price,N3035US3,United States Natural Gas Industrial Price (Dollars per Thousand Cubic Feet)
2016,11,4.83,$/MCF,SAK,USA-AK,PIN,Industrial Price,N3035AK3,Alaska Natural Gas Industrial Price (Dollars per Thousand Cubic Feet)
2016,11,7.67,$/MCF,NUS,U.S.,PCS,Price Delivered to Commercial Sectors,N3020US3,U.S. Price of Natural Gas Sold to Commercial Consumers (Dollars per Thousand Cubic Feet)
2016,11,8.68,$/MCF,SAK,USA-AK,PCS,Price Delivered to Commercial Sectors,N3020AK3,Alaska Price of Natural Gas Sold to Commercial Consumers (Dollars per Thousand Cubic Feet)
2016,11,10.77,$/MCF,NUS,U.S.,PRS,Price Delivered to Residential Consumers,N3010US3,U.S. Price of Natural Gas Delivered to Residential Consumers (Dollars per Thousand Cubic Feet)
2016,11,9.73,$/MCF,SAK,USA-AK,PRS,Price Delivered to Residential Consumers,N3010AK3,Alaska Price of Natural Gas Delivered to Residential Consumers (Dollars per Thousand Cubic Feet)
2016,10,4.19,$/MCF,NUS,U.S.,PG1,City Gate Price,N3050US3,U.S. Natural Gas Citygate Price (Dollars per Thousand Cubic Feet)
2016,10,7.1,$/MCF,SAK,USA-AK,PG1,City Gate Price,N3050AK3,Natural Gas Citygate Price in Alaska (Dollars per Thousand Cubic Feet)
2016,10,3.23,$/MCF,NUS,U.S.,PEU,Electric Power Price,N3045US3,U.S. Natural Gas Electric Power Price (Dollars per Thousand Cubic Feet)
2016,10,6.86,$/MCF,SAK,USA-AK,PEU,Electric Power Price,N3045AK3,Alaska Natural Gas Price Sold to Electric Power Consumers (Dollars per Thousand Cubic Feet)
2016,10,3.87,$/MCF,NUS,U.S.,PIN,Industrial Price,N3035US3,United States Natural Gas Industrial Price (Dollars per Thousand Cubic Feet)
2016,10,4.53,$/MCF,SAK,USA-AK,PIN,Industrial Price,N3035AK3,Alaska Natural Gas Industrial Price (Dollars per Thousand Cubic Feet)
2016,10,7.96,$/MCF,NUS,U.S.,PCS,Price Delivered to Commercial Sectors,N3020US3,U.S. Price of Natural Gas Sold to Commercial Consumers (Dollars per Thousand Cubic Feet)
2016,10,8.85,$/MCF,SAK,USA-AK,PCS,Price Delivered to Commercial Sectors,N3020AK3,Alaska Price of Natural Gas Sold to Commercial Consumers (Dollars per Thousand Cubic Feet)
2016,10,13.74,$/MCF,NUS,U.S.,PRS,Price Delivered to Residential Consumers,N3010US3,U.S. Price of Natural Gas Delivered to Residential Consumers (Dollars per Thousand Cubic Feet)
2016,10,10.07,$/MCF,SAK,USA-AK,PRS,Price Delivered to Residential Consumers,N3010AK3,Alaska Price of Natural Gas Delivered to Residential Consumers (Dollars per Thousand Cubic Feet)
2016,9,4.6,$/MCF,NUS,U.S.,PG1,City Gate Price,N3050US3,U.S. Natural Gas Citygate Price (Dollars per Thousand Cubic Feet)
2016,9,6.58,$/MCF,SAK,USA-AK,PG1,City Gate Price,N3050AK3,Natural Gas Citygate Price in Alaska (Dollars per Thousand Cubic Feet)
2016,9,3.18,$/MCF,NUS,U.S.,PEU,Electric Power Price,N3045US3,U.S. Natural Gas Electric Power Price (Dollars per Thousand Cubic Feet)
2016,9,6.52,$/MCF,SAK,USA-AK,PEU,Electric Power Price,N3045AK3,Alaska Natural Gas Price Sold to Electric Power Consumers (Dollars per Thousand Cubic Feet)
2016,9,3.74,$/MCF,NUS,U.S.,PIN,Industrial Price,N3035US3,United States Natural Gas Industrial Price (Dollars per Thousand Cubic Feet)
2016,9,4.45,$/MCF,SAK,USA-AK,PIN,Industrial Price,N3035AK3,Alaska Natural Gas Industrial Price (Dollars per Thousand Cubic Feet)
2016,9,8.28,$/MCF,NUS,U.S.,PCS,Price Delivered to Commercial Sectors,N3020US3,U.S. Price of Natural Gas Sold to Commercial Consumers (Dollars per Thousand Cubic Feet)
2016,9,8.71,$/MCF,SAK,USA-AK,PCS,Price Delivered to Commercial Sectors,N3020AK3,Alaska Price of Natural Gas Sold to Commercial Consumers (Dollars per Thousand Cubic Feet)
2016,9,16.78,$/MCF,NUS,U.S.,PRS,Price Delivered to Residential Consumers,N3010US3,U.S. Price of Natural Gas Delivered to Residential Consumers (Dollars per Thousand Cubic Feet)
2016,9,11.34,$/MCF,SAK,USA-AK,PRS,Price Delivered to Residential Consumers,N3010AK3,Alaska Price of Natural Gas Delivered to Residential Consumers (Dollars per Thousand Cubic Feet)
2016,8,4.33,$/MCF,NUS,U.S.,PG1,City Gate Price,N3050US3,U.S. Natural Gas Citygate Price (Dollars per Thousand Cubic Feet)
2016,8,6.19,$/MCF,SAK,USA-AK,PG1,City Gate Price,N3050AK3,Natural Gas Citygate Price in Alaska (Dollars per Thousand Cubic Feet)
2016,8,3.07,$/MCF,NUS,U.S.,PEU,Electric Power Price,N3045US3,U.S. Natural Gas Electric Power Price (Dollars per Thousand Cubic Feet)
2016,8,6.49,$/MCF,SAK,USA-AK,PEU,Electric Power Price,N3045AK3,Alaska Natural Gas Price Sold to Electric Power Consumers (Dollars per Thousand Cubic Feet)
2016,8,3.59,$/MCF,NUS,U.S.,PIN,Industrial Price,N3035US3,United States Natural Gas Industrial Price (Dollars per Thousand Cubic Feet)
2016,8,5.64,$/MCF,SAK,USA-AK,PIN,Industrial Price,N3035AK3,Alaska Natural Gas Industrial Price (Dollars per Thousand Cubic Feet)
2016,8,8.3,$/MCF,NUS,U.S.,PCS,Price Delivered to Commercial Sectors,N3020US3,U.S. Price of Natural Gas Sold to Commercial Consumers (Dollars per Thousand Cubic Feet)
2016,8,8.78,$/MCF,SAK,USA-AK,PCS,Price Delivered to Commercial Sectors,N3020AK3,Alaska Price of Natural Gas Sold to Commercial Consumers (Dollars per Thousand Cubic Feet)
2016,8,17.6,$/MCF,NUS,U.S.,PRS,Price Delivered to Residential Consumers,N3010US3,U.S. Price of Natural Gas Delivered to Residential Consumers (Dollars per Thousand Cubic Feet)
2016,8,12.66,$/MCF,SAK,USA-AK,PRS,Price Delivered to Residential Consumers,N3010AK3,Alaska Price of Natural Gas Delivered to Residential Consumers (Dollars per Thousand Cubic Feet)
2016,7,4.42,$/MCF,NUS,U.S.,PG1,City Gate Price,N3050US3,U.S. Natural Gas Citygate Price (Dollars per Thousand Cubic Feet)
2016,7,6.12,$/MCF,SAK,USA-AK,PG1,City Gate Price,N3050AK3,Natural Gas Citygate Price in Alaska (Dollars per Thousand Cubic Feet)
2016,7,3.07,$/MCF,NUS,U.S.,PEU,Electric Power Price,N3045US3,U.S. Natural Gas Electric Power Price (Dollars per Thousand Cubic Feet)
2016,7,6.81,$/MCF,SAK,USA-AK,PEU,Electric Power Price,N3045AK3,Alaska Natural Gas Price Sold to Electric Power Consumers (Dollars per Thousand Cubic Feet)
2016,7,3.57,$/MCF,NUS,U.S.,PIN,Industrial Price,N3035US3,United States Natural Gas Industrial Price (Dollars per Thousand Cubic Feet)
2016,7,5.17,$/MCF,SAK,USA-AK,PIN,Industrial Price,N3035AK3,Alaska Natural Gas Industrial Price (Dollars per Thousand Cubic Feet)
2016,7,8.14,$/MCF,NUS,U.S.,PCS,Price Delivered to Commercial Sectors,N3020US3,U.S. Price of Natural Gas Sold to Commercial Consumers (Dollars per Thousand Cubic Feet)
2016,7,9.07,$/MCF,SAK,USA-AK,PCS,Price Delivered to Commercial Sectors,N3020AK3,Alaska Price of Natural Gas Sold to Commercial Consumers (Dollars per Thousand Cubic Feet)
2016,7,16.56,$/MCF,NUS,U.S.,PRS,Price Delivered to Residential Consumers,N3010US3,U.S. Price of Natural Gas Delivered to Residential Consumers (Dollars per Thousand Cubic Feet)
2016,7,12.98,$/MCF,SAK,USA-AK,PRS,Price Delivered to Residential Consumers,N3010AK3,Alaska Price of Natural Gas Delivered to Residential Consumers (Dollars per Thousand Cubic Feet)
2016,6,3.84,$/MCF,NUS,U.S.,PG1,City Gate Price,N3050US3,U.S. Natural Gas Citygate Price (Dollars per Thousand Cubic Feet)
2016,6,6.03,$/MCF,SAK,USA-AK,PG1,City Gate Price,N3050AK3,Natural Gas Citygate Price in Alaska (Dollars per Thousand Cubic Feet)
2016,6,2.77,$/MCF,NUS,U.S.,PEU,Electric Power Price,N3045US3,U.S. Natural Gas Electric Power Price (Dollars per Thousand Cubic Feet)
2016,6,7.1,$/MCF,SAK,USA-AK,PEU,Electric Power Price,N3045AK3,Alaska Natural Gas Price Sold to Electric Power Consumers (Dollars per Thousand Cubic Feet)
2016,6,2.89,$/MCF,NUS,U.S.,PIN,Industrial Price,N3035US3,United States Natural Gas Industrial Price (Dollars per Thousand Cubic Feet)
2016,6,4.58,$/MCF,SAK,USA-AK,PIN,Industrial Price,N3035AK3,Alaska Natural Gas Industrial Price (Dollars per Thousand Cubic Feet)
2016,6,7.72,$/MCF,NUS,U.S.,PCS,Price Delivered to Commercial Sectors,N3020US3,U.S. Price of Natural Gas Sold to Commercial Consumers (Dollars per Thousand Cubic Feet)
2016,6,8.41,$/MCF,SAK,USA-AK,PCS,Price Delivered to Commercial Sectors,N3020AK3,Alaska Price of Natural Gas Sold to Commercial Consumers (Dollars per Thousand Cubic Feet)
2016,6,14.43,$/MCF,NUS,U.S.,PRS,Price Delivered to Residential Consumers,N3010US3,U.S. Price of Natural Gas Delivered to Residential Consumers (Dollars per Thousand Cubic Feet)
2016,6,12.14,$/MCF,SAK,USA-AK,PRS,Price Delivered to Residential Consumers,N3010AK3,Alaska Price of Natural Gas Delivered to Residential Consumers (Dollars per Thousand Cubic Feet)
2016,5,3.44,$/MCF,NUS,U.S.,PG1,City Gate Price,N3050US3,U.S. Natural Gas Citygate Price (Dollars per Thousand Cubic Feet)
2016,5,6.21,$/MCF,SAK,USA-AK,PG1,City Gate Price,N3050AK3,Natural Gas Citygate Price in Alaska (Dollars per Thousand Cubic Feet)
2016,5,2.49,$/MCF,NUS,U.S.,PEU,Electric Power Price,N3045US3,U.S. Natural Gas Electric Power Price (Dollars per Thousand Cubic Feet)
2016,5,6.43,$/MCF,SAK,USA-AK,PEU,Electric Power Price,N3045AK3,Alaska Natural Gas Price Sold to Electric Power Consumers (Dollars per Thousand Cubic Feet)
2016,5,2.9,$/MCF,NUS,U.S.,PIN,Industrial Price,N3035US3,United States Natural Gas Industrial Price (Dollars per Thousand Cubic Feet)
2016,5,3.69,$/MCF,SAK,USA-AK,PIN,Industrial Price,N3035AK3,Alaska Natural Gas Industrial Price (Dollars per Thousand Cubic Feet)
2016,5,7.32,$/MCF,NUS,U.S.,PCS,Price Delivered to Commercial Sectors,N3020US3,U.S. Price of Natural Gas Sold to Commercial Consumers (Dollars per Thousand Cubic Feet)
2016,5,8,$/MCF,SAK,USA-AK,PCS,Price Delivered to Commercial Sectors,N3020AK3,Alaska Price of Natural Gas Sold to Commercial Consumers (Dollars per Thousand Cubic Feet)
2016,5,11.62,$/MCF,NUS,U.S.,PRS,Price Delivered to Residential Consumers,N3010US3,U.S. Price of Natural Gas Delivered to Residential Consumers (Dollars per Thousand Cubic Feet)
2016,5,10.41,$/MCF,SAK,USA-AK,PRS,Price Delivered to Residential Consumers,N3010AK3,Alaska Price of Natural Gas Delivered to Residential Consumers (Dollars per Thousand Cubic Feet)
2016,4,3.22,$/MCF,NUS,U.S.,PG1,City Gate Price,N3050US3,U.S. Natural Gas Citygate Price (Dollars per Thousand Cubic Feet)
2016,4,6.37,$/MCF,SAK,USA-AK,PG1,City Gate Price,N3050AK3,Natural Gas Citygate Price in Alaska (Dollars per Thousand Cubic Feet)
2016,4,2.52,$/MCF,NUS,U.S.,PEU,Electric Power Price,N3045US3,U.S. Natural Gas Electric Power Price (Dollars per Thousand Cubic Feet)
2016,4,6.47,$/MCF,SAK,USA-AK,PEU,Electric Power Price,N3045AK3,Alaska Natural Gas Price Sold to Electric Power Consumers (Dollars per Thousand Cubic Feet)
2016,4,3,$/MCF,NUS,U.S.,PIN,Industrial Price,N3035US3,United States Natural Gas Industrial Price (Dollars per Thousand Cubic Feet)
2016,4,6.36,$/MCF,SAK,USA-AK,PIN,Industrial Price,N3035AK3,Alaska Natural Gas Industrial Price (Dollars per Thousand Cubic Feet)
2016,4,6.98,$/MCF,NUS,U.S.,PCS,Price Delivered to Commercial Sectors,N3020US3,U.S. Price of Natural Gas Sold to Commercial Consumers (Dollars per Thousand Cubic Feet)
2016,4,7.9,$/MCF,SAK,USA-AK,PCS,Price Delivered to Commercial Sectors,N3020AK3,Alaska Price of Natural Gas Sold to Commercial Consumers (Dollars per Thousand Cubic Feet)
2016,4,9.65,$/MCF,NUS,U.S.,PRS,Price Delivered to Residential Consumers,N3010US3,U.S. Price of Natural Gas Delivered to Residential Consumers (Dollars per Thousand Cubic Feet)
2016,4,9.63,$/MCF,SAK,USA-AK,PRS,Price Delivered to Residential Consumers,N3010AK3,Alaska Price of Natural Gas Delivered to Residential Consumers (Dollars per Thousand Cubic Feet)
2016,3,3.49,$/MCF,NUS,U.S.,PG1,City Gate Price,N3050US3,U.S. Natural Gas Citygate Price (Dollars per Thousand Cubic Feet)
2016,3,6.72,$/MCF,SAK,USA-AK,PG1,City Gate Price,N3050AK3,Natural Gas Citygate Price in Alaska (Dollars per Thousand Cubic Feet)
2016,3,2.33,$/MCF,NUS,U.S.,PEU,Electric Power Price,N3045US3,U.S. Natural Gas Electric Power Price (Dollars per Thousand Cubic Feet)
2016,3,6.34,$/MCF,SAK,USA-AK,PEU,Electric Power Price,N3045AK3,Alaska Natural Gas Price Sold to Electric Power Consumers (Dollars per Thousand Cubic Feet)
2016,3,3.02,$/MCF,NUS,U.S.,PIN,Industrial Price,N3035US3,United States Natural Gas Industrial Price (Dollars per Thousand Cubic Feet)
2016,3,6.75,$/MCF,SAK,USA-AK,PIN,Industrial Price,N3035AK3,Alaska Natural Gas Industrial Price (Dollars per Thousand Cubic Feet)
2016,3,7.08,$/MCF,NUS,U.S.,PCS,Price Delivered to Commercial Sectors,N3020US3,U.S. Price of Natural Gas Sold to Commercial Consumers (Dollars per Thousand Cubic Feet)
2016,3,7.87,$/MCF,SAK,USA-AK,PCS,Price Delivered to Commercial Sectors,N3020AK3,Alaska Price of Natural Gas Sold to Commercial Consumers (Dollars per Thousand Cubic Feet)
2016,3,9.19,$/MCF,NUS,U.S.,PRS,Price Delivered to Residential Consumers,N3010US3,U.S. Price of Natural Gas Delivered to Residential Consumers (Dollars per Thousand Cubic Feet)
2016,3,9.09,$/MCF,SAK,USA-AK,PRS,Price Delivered to Residential Consumers,N3010AK3,Alaska Price of Natural Gas Delivered to Residential Consumers (Dollars per Thousand Cubic Feet)
2016,2,3.48,$/MCF,NUS,U.S.,PG1,City Gate Price,N3050US3,U.S. Natural Gas Citygate Price (Dollars per Thousand Cubic Feet)
2016,2,6.85,$/MCF,SAK,USA-AK,PG1,City Gate Price,N3050AK3,Natural Gas Citygate Price in Alaska (Dollars per Thousand Cubic Feet)
2016,2,2.83,$/MCF,NUS,U.S.,PEU,Electric Power Price,N3045US3,U.S. Natural Gas Electric Power Price (Dollars per Thousand Cubic Feet)
2016,2,6.43,$/MCF,SAK,USA-AK,PEU,Electric Power Price,N3045AK3,Alaska Natural Gas Price Sold to Electric Power Consumers (Dollars per Thousand Cubic Feet)
2016,2,3.58,$/MCF,NUS,U.S.,PIN,Industrial Price,N3035US3,United States Natural Gas Industrial Price (Dollars per Thousand Cubic Feet)
2016,2,6.74,$/MCF,SAK,USA-AK,PIN,Industrial Price,N3035AK3,Alaska Natural Gas Industrial Price (Dollars per Thousand Cubic Feet)
2016,2,6.86,$/MCF,NUS,U.S.,PCS,Price Delivered to Commercial Sectors,N3020US3,U.S. Price of Natural Gas Sold to Commercial Consumers (Dollars per Thousand Cubic Feet)
2016,2,7.87,$/MCF,SAK,USA-AK,PCS,Price Delivered to Commercial Sectors,N3020AK3,Alaska Price of Natural Gas Sold to Commercial Consumers (Dollars per Thousand Cubic Feet)
2016,2,8.36,$/MCF,NUS,U.S.,PRS,Price Delivered to Residential Consumers,N3010US3,U.S. Price of Natural Gas Delivered to Residential Consumers (Dollars per Thousand Cubic Feet)
2016,2,8.99,$/MCF,SAK,USA-AK,PRS,Price Delivered to Residential Consumers,N3010AK3,Alaska Price of Natural Gas Delivered to Residential Consumers (Dollars per Thousand Cubic Feet)
2016,1,3.39,$/MCF,NUS,U.S.,PG1,City Gate Price,N3050US3,U.S. Natural Gas Citygate Price (Dollars per Thousand Cubic Feet)
2016,1,6.93,$/MCF,SAK,USA-AK,PG1,City Gate Price,N3050AK3,Natural Gas Citygate Price in Alaska (Dollars per Thousand Cubic Feet)
2016,1,3.18,$/MCF,NUS,U.S.,PEU,Electric Power Price,N3045US3,U.S. Natural Gas Electric Power Price (Dollars per Thousand Cubic Feet)
2016,1,6.47,$/MCF,SAK,USA-AK,PEU,Electric Power Price,N3045AK3,Alaska Natural Gas Price Sold to Electric Power Consumers (Dollars per Thousand Cubic Feet)
2016,1,3.62,$/MCF,NUS,U.S.,PIN,Industrial Price,N3035US3,United States Natural Gas Industrial Price (Dollars per Thousand Cubic Feet)
2016,1,4.88,$/MCF,SAK,USA-AK,PIN,Industrial Price,N3035AK3,Alaska Natural Gas Industrial Price (Dollars per Thousand Cubic Feet)
2016,1,6.75,$/MCF,NUS,U.S.,PCS,Price Delivered to Commercial Sectors,N3020US3,U.S. Price of Natural Gas Sold to Commercial Consumers (Dollars per Thousand Cubic Feet)
2016,1,7.88,$/MCF,SAK,USA-AK,PCS,Price Delivered to Commercial Sectors,N3020AK3,Alaska Price of Natural Gas Sold to Commercial Consumers (Dollars per Thousand Cubic Feet)
2016,1,8.28,$/MCF,NUS,U.S.,PRS,Price Delivered to Residential Consumers,N3010US3,U.S. Price of Natural Gas Delivered to Residential Consumers (Dollars per Thousand Cubic Feet)
2016,1,8.87,$/MCF,SAK,USA-AK,PRS,Price Delivered to Residential Consumers,N3010AK3,Alaska Price of Natural Gas Delivered to Residential Consumers (Dollars per Thousand Cubic Feet)
2015,12,3.75,$/MCF,NUS,U.S.,PG1,City Gate Price,N3050US3,U.S. Natural Gas Citygate Price (Dollars per Thousand Cubic Feet)
2015,12,6.53,$/MCF,SAK,USA-AK,PG1,City Gate Price,N3050AK3,Natural Gas Citygate Price in Alaska (Dollars per Thousand Cubic Feet)
2015,12,2.72,$/MCF,NUS,U.S.,PEU,Electric Power Price,N3045US3,U.S. Natural Gas Electric Power Price (Dollars per Thousand Cubic Feet)
2015,12,5.44,$/MCF,SAK,USA-AK,PEU,Electric Power Price,N3045AK3,Alaska Natural Gas Price Sold to Electric Power Consumers (Dollars per Thousand Cubic Feet)
2015,12,3.48,$/MCF,NUS,U.S.,PIN,Industrial Price,N3035US3,United States Natural Gas Industrial Price (Dollars per Thousand Cubic Feet)
2015,12,6.84,$/MCF,SAK,USA-AK,PIN,Industrial Price,N3035AK3,Alaska Natural Gas Industrial Price (Dollars per Thousand Cubic Feet)
2015,12,7.23,$/MCF,NUS,U.S.,PCS,Price Delivered to Commercial Sectors,N3020US3,U.S. Price of Natural Gas Sold to Commercial Consumers (Dollars per Thousand Cubic Feet)
2015,12,7.54,$/MCF,SAK,USA-AK,PCS,Price Delivered to Commercial Sectors,N3020AK3,Alaska Price of Natural Gas Sold to Commercial Consumers (Dollars per Thousand Cubic Feet)
2015,12,9.27,$/MCF,NUS,U.S.,PRS,Price Delivered to Residential Consumers,N3010US3,U.S. Price of Natural Gas Delivered to Residential Consumers (Dollars per Thousand Cubic Feet)
2015,12,8.76,$/MCF,SAK,USA-AK,PRS,Price Delivered to Residential Consumers,N3010AK3,Alaska Price of Natural Gas Delivered to Residential Consumers (Dollars per Thousand Cubic Feet)
2015,11,3.69,$/MCF,NUS,U.S.,PG1,City Gate Price,N3050US3,U.S. Natural Gas Citygate Price (Dollars per Thousand Cubic Feet)
2015,11,6.56,$/MCF,SAK,USA-AK,PG1,City Gate Price,N3050AK3,Natural Gas Citygate Price in Alaska (Dollars per Thousand Cubic Feet)
2015,11,2.78,$/MCF,NUS,U.S.,PEU,Electric Power Price,N3045US3,U.S. Natural Gas Electric Power Price (Dollars per Thousand Cubic Feet)
2015,11,5.48,$/MCF,SAK,USA-AK,PEU,Electric Power Price,N3045AK3,Alaska Natural Gas Price Sold to Electric Power Consumers (Dollars per Thousand Cubic Feet)
2015,11,3.28,$/MCF,NUS,U.S.,PIN,Industrial Price,N3035US3,United States Natural Gas Industrial Price (Dollars per Thousand Cubic Feet)
2015,11,6.77,$/MCF,SAK,USA-AK,PIN,Industrial Price,N3035AK3,Alaska Natural Gas Industrial Price (Dollars per Thousand Cubic Feet)
2015,11,7.39,$/MCF,NUS,U.S.,PCS,Price Delivered to Commercial Sectors,N3020US3,U.S. Price of Natural Gas Sold to Commercial Consumers (Dollars per Thousand Cubic Feet)
2015,11,7.59,$/MCF,SAK,USA-AK,PCS,Price Delivered to Commercial Sectors,N3020AK3,Alaska Price of Natural Gas Sold to Commercial Consumers (Dollars per Thousand Cubic Feet)
2015,11,10.02,$/MCF,NUS,U.S.,PRS,Price Delivered to Residential Consumers,N3010US3,U.S. Price of Natural Gas Delivered to Residential Consumers (Dollars per Thousand Cubic Feet)
2015,11,8.86,$/MCF,SAK,USA-AK,PRS,Price Delivered to Residential Consumers,N3010AK3,Alaska Price of Natural Gas Delivered to Residential Consumers (Dollars per Thousand Cubic Feet)
2015,10,4,$/MCF,NUS,U.S.,PG1,City Gate Price,N3050US3,U.S. Natural Gas Citygate Price (Dollars per Thousand Cubic Feet)
2015,10,6.11,$/MCF,SAK,USA-AK,PG1,City Gate Price,N3050AK3,Natural Gas Citygate Price in Alaska (Dollars per Thousand Cubic Feet)
2015,10,3.04,$/MCF,NUS,U.S.,PEU,Electric Power Price,N3045US3,U.S. Natural Gas Electric Power Price (Dollars per Thousand Cubic Feet)
2015,10,5.45,$/MCF,SAK,USA-AK,PEU,Electric Power Price,N3045AK3,Alaska Natural Gas Price Sold to Electric Power Consumers (Dollars per Thousand Cubic Feet)
2015,10,3.54,$/MCF,NUS,U.S.,PIN,Industrial Price,N3035US3,United States Natural Gas Industrial Price (Dollars per Thousand Cubic Feet)
2015,10,6.85,$/MCF,SAK,USA-AK,PIN,Industrial Price,N3035AK3,Alaska Natural Gas Industrial Price (Dollars per Thousand Cubic Feet)
2015,10,7.79,$/MCF,NUS,U.S.,PCS,Price Delivered to Commercial Sectors,N3020US3,U.S. Price of Natural Gas Sold to Commercial Consumers (Dollars per Thousand Cubic Feet)
2015,10,7.86,$/MCF,SAK,USA-AK,PCS,Price Delivered to Commercial Sectors,N3020AK3,Alaska Price of Natural Gas Sold to Commercial Consumers (Dollars per Thousand Cubic Feet)
2015,10,12.6,$/MCF,NUS,U.S.,PRS,Price Delivered to Residential Consumers,N3010US3,U.S. Price of Natural Gas Delivered to Residential Consumers (Dollars per Thousand Cubic Feet)
2015,10,9.4,$/MCF,SAK,USA-AK,PRS,Price Delivered to Residential Consumers,N3010AK3,Alaska Price of Natural Gas Delivered to Residential Consumers (Dollars per Thousand Cubic Feet)
2015,9,4.56,$/MCF,NUS,U.S.,PG1,City Gate Price,N3050US3,U.S. Natural Gas Citygate Price (Dollars per Thousand Cubic Feet)
2015,9,5.9,$/MCF,SAK,USA-AK,PG1,City Gate Price,N3050AK3,Natural Gas Citygate Price in Alaska (Dollars per Thousand Cubic Feet)
2015,9,3.2,$/MCF,NUS,U.S.,PEU,Electric Power Price,N3045US3,U.S. Natural Gas Electric Power Price (Dollars per Thousand Cubic Feet)
2015,9,5.48,$/MCF,SAK,USA-AK,PEU,Electric Power Price,N3045AK3,Alaska Natural Gas Price Sold to Electric Power Consumers (Dollars per Thousand Cubic Feet)
2015,9,3.65,$/MCF,NUS,U.S.,PIN,Industrial Price,N3035US3,United States Natural Gas Industrial Price (Dollars per Thousand Cubic Feet)
2015,9,6.83,$/MCF,SAK,USA-AK,PIN,Industrial Price,N3035AK3,Alaska Natural Gas Industrial Price (Dollars per Thousand Cubic Feet)
2015,9,8.43,$/MCF,NUS,U.S.,PCS,Price Delivered to Commercial Sectors,N3020US3,U.S. Price of Natural Gas Sold to Commercial Consumers (Dollars per Thousand Cubic Feet)
2015,9,7.21,$/MCF,SAK,USA-AK,PCS,Price Delivered to Commercial Sectors,N3020AK3,Alaska Price of Natural Gas Sold to Commercial Consumers (Dollars per Thousand Cubic Feet)
2015,9,16.4,$/MCF,NUS,U.S.,PRS,Price Delivered to Residential Consumers,N3010US3,U.S. Price of Natural Gas Delivered to Residential Consumers (Dollars per Thousand Cubic Feet)
2015,9,9.81,$/MCF,SAK,USA-AK,PRS,Price Delivered to Residential Consumers,N3010AK3,Alaska Price of Natural Gas Delivered to Residential Consumers (Dollars per Thousand Cubic Feet)
2015,8,4.59,$/MCF,NUS,U.S.,PG1,City Gate Price,N3050US3,U.S. Natural Gas Citygate Price (Dollars per Thousand Cubic Feet)
2015,8,5.8,$/MCF,SAK,USA-AK,PG1,City Gate Price,N3050AK3,Natural Gas Citygate Price in Alaska (Dollars per Thousand Cubic Feet)
2015,8,3.23,$/MCF,NUS,U.S.,PEU,Electric Power Price,N3045US3,U.S. Natural Gas Electric Power Price (Dollars per Thousand Cubic Feet)
2015,8,5.21,$/MCF,SAK,USA-AK,PEU,Electric Power Price,N3045AK3,Alaska Natural Gas Price Sold to Electric Power Consumers (Dollars per Thousand Cubic Feet)
2015,8,3.79,$/MCF,NUS,U.S.,PIN,Industrial Price,N3035US3,United States Natural Gas Industrial Price (Dollars per Thousand Cubic Feet)
2015,8,6.82,$/MCF,SAK,USA-AK,PIN,Industrial Price,N3035AK3,Alaska Natural Gas Industrial Price (Dollars per Thousand Cubic Feet)
2015,8,8.46,$/MCF,NUS,U.S.,PCS,Price Delivered to Commercial Sectors,N3020US3,U.S. Price of Natural Gas Sold to Commercial Consumers (Dollars per Thousand Cubic Feet)
2015,8,8.23,$/MCF,SAK,USA-AK,PCS,Price Delivered to Commercial Sectors,N3020AK3,Alaska Price of Natural Gas Sold to Commercial Consumers (Dollars per Thousand Cubic Feet)
2015,8,16.88,$/MCF,NUS,U.S.,PRS,Price Delivered to Residential Consumers,N3010US3,U.S. Price of Natural Gas Delivered to Residential Consumers (Dollars per Thousand Cubic Feet)
2015,8,11.41,$/MCF,SAK,USA-AK,PRS,Price Delivered to Residential Consumers,N3010AK3,Alaska Price of Natural Gas Delivered to Residential Consumers (Dollars per Thousand Cubic Feet)
2015,7,4.65,$/MCF,NUS,U.S.,PG1,City Gate Price,N3050US3,U.S. Natural Gas Citygate Price (Dollars per Thousand Cubic Feet)
2015,7,5.6,$/MCF,SAK,USA-AK,PG1,City Gate Price,N3050AK3,Natural Gas Citygate Price in Alaska (Dollars per Thousand Cubic Feet)
2015,7,3.23,$/MCF,NUS,U.S.,PEU,Electric Power Price,N3045US3,U.S. Natural Gas Electric Power Price (Dollars per Thousand Cubic Feet)
2015,7,5.19,$/MCF,SAK,USA-AK,PEU,Electric Power Price,N3045AK3,Alaska Natural Gas Price Sold to Electric Power Consumers (Dollars per Thousand Cubic Feet)
2015,7,3.74,$/MCF,NUS,U.S.,PIN,Industrial Price,N3035US3,United States Natural Gas Industrial Price (Dollars per Thousand Cubic Feet)
2015,7,6.78,$/MCF,SAK,USA-AK,PIN,Industrial Price,N3035AK3,Alaska Natural Gas Industrial Price (Dollars per Thousand Cubic Feet)
2015,7,8.49,$/MCF,NUS,U.S.,PCS,Price Delivered to Commercial Sectors,N3020US3,U.S. Price of Natural Gas Sold to Commercial Consumers (Dollars per Thousand Cubic Feet)
2015,7,8.14,$/MCF,SAK,USA-AK,PCS,Price Delivered to Commercial Sectors,N3020AK3,Alaska Price of Natural Gas Sold to Commercial Consumers (Dollars per Thousand Cubic Feet)
2015,7,16.28,$/MCF,NUS,U.S.,PRS,Price Delivered to Residential Consumers,N3010US3,U.S. Price of Natural Gas Delivered to Residential Consumers (Dollars per Thousand Cubic Feet)
2015,7,11.66,$/MCF,SAK,USA-AK,PRS,Price Delivered to Residential Consumers,N3010AK3,Alaska Price of Natural Gas Delivered to Residential Consumers (Dollars per Thousand Cubic Feet)
2015,6,4.44,$/MCF,NUS,U.S.,PG1,City Gate Price,N3050US3,U.S. Natural Gas Citygate Price (Dollars per Thousand Cubic Feet)
2015,6,5.61,$/MCF,SAK,USA-AK,PG1,City Gate Price,N3050AK3,Natural Gas Citygate Price in Alaska (Dollars per Thousand Cubic Feet)
2015,6,3.25,$/MCF,NUS,U.S.,PEU,Electric Power Price,N3045US3,U.S. Natural Gas Electric Power Price (Dollars per Thousand Cubic Feet)
2015,6,5.14,$/MCF,SAK,USA-AK,PEU,Electric Power Price,N3045AK3,Alaska Natural Gas Price Sold to Electric Power Consumers (Dollars per Thousand Cubic Feet)
2015,6,3.76,$/MCF,NUS,U.S.,PIN,Industrial Price,N3035US3,United States Natural Gas Industrial Price (Dollars per Thousand Cubic Feet)
2015,6,6.84,$/MCF,SAK,USA-AK,PIN,Industrial Price,N3035AK3,Alaska Natural Gas Industrial Price (Dollars per Thousand Cubic Feet)
2015,6,8.52,$/MCF,NUS,U.S.,PCS,Price Delivered to Commercial Sectors,N3020US3,U.S. Price of Natural Gas Sold to Commercial Consumers (Dollars per Thousand Cubic Feet)
2015,6,8.62,$/MCF,SAK,USA-AK,PCS,Price Delivered to Commercial Sectors,N3020AK3,Alaska Price of Natural Gas Sold to Commercial Consumers (Dollars per Thousand Cubic Feet)
2015,6,15.07,$/MCF,NUS,U.S.,PRS,Price Delivered to Residential Consumers,N3010US3,U.S. Price of Natural Gas Delivered to Residential Consumers (Dollars per Thousand Cubic Feet)
2015,6,11.29,$/MCF,SAK,USA-AK,PRS,Price Delivered to Residential Consumers,N3010AK3,Alaska Price of Natural Gas Delivered to Residential Consumers (Dollars per Thousand Cubic Feet)
2015,5,4.25,$/MCF,NUS,U.S.,PG1,City Gate Price,N3050US3,U.S. Natural Gas Citygate Price (Dollars per Thousand Cubic Feet)
2015,5,5.8,$/MCF,SAK,USA-AK,PG1,City Gate Price,N3050AK3,Natural Gas Citygate Price in Alaska (Dollars per Thousand Cubic Feet)
2015,5,3.28,$/MCF,NUS,U.S.,PEU,Electric Power Price,N3045US3,U.S. Natural Gas Electric Power Price (Dollars per Thousand Cubic Feet)
2015,5,4.86,$/MCF,SAK,USA-AK,PEU,Electric Power Price,N3045AK3,Alaska Natural Gas Price Sold to Electric Power Consumers (Dollars per Thousand Cubic Feet)
2015,5,3.58,$/MCF,NUS,U.S.,PIN,Industrial Price,N3035US3,United States Natural Gas Industrial Price (Dollars per Thousand Cubic Feet)
2015,5,6.86,$/MCF,SAK,USA-AK,PIN,Industrial Price,N3035AK3,Alaska Natural Gas Industrial Price (Dollars per Thousand Cubic Feet)
2015,5,8.13,$/MCF,NUS,U.S.,PCS,Price Delivered to Commercial Sectors,N3020US3,U.S. Price of Natural Gas Sold to Commercial Consumers (Dollars per Thousand Cubic Feet)
2015,5,7.85,$/MCF,SAK,USA-AK,PCS,Price Delivered to Commercial Sectors,N3020AK3,Alaska Price of Natural Gas Sold to Commercial Consumers (Dollars per Thousand Cubic Feet)
2015,5,12.73,$/MCF,NUS,U.S.,PRS,Price Delivered to Residential Consumers,N3010US3,U.S. Price of Natural Gas Delivered to Residential Consumers (Dollars per Thousand Cubic Feet)
2015,5,10.87,$/MCF,SAK,USA-AK,PRS,Price Delivered to Residential Consumers,N3010AK3,Alaska Price of Natural Gas Delivered to Residential Consumers (Dollars per Thousand Cubic Feet)
2015,4,3.93,$/MCF,NUS,U.S.,PG1,City Gate Price,N3050US3,U.S. Natural Gas Citygate Price (Dollars per Thousand Cubic Feet)
2015,4,6.22,$/MCF,SAK,USA-AK,PG1,City Gate Price,N3050AK3,Natural Gas Citygate Price in Alaska (Dollars per Thousand Cubic Feet)
2015,4,3.24,$/MCF,NUS,U.S.,PEU,Electric Power Price,N3045US3,U.S. Natural Gas Electric Power Price (Dollars per Thousand Cubic Feet)
2015,4,5.47,$/MCF,SAK,USA-AK,PEU,Electric Power Price,N3045AK3,Alaska Natural Gas Price Sold to Electric Power Consumers (Dollars per Thousand Cubic Feet)
2015,4,3.96,$/MCF,NUS,U.S.,PIN,Industrial Price,N3035US3,United States Natural Gas Industrial Price (Dollars per Thousand Cubic Feet)
2015,4,6.7,$/MCF,SAK,USA-AK,PIN,Industrial Price,N3035AK3,Alaska Natural Gas Industrial Price (Dollars per Thousand Cubic Feet)
2015,4,8.03,$/MCF,NUS,U.S.,PCS,Price Delivered to Commercial Sectors,N3020US3,U.S. Price of Natural Gas Sold to Commercial Consumers (Dollars per Thousand Cubic Feet)
2015,4,8.03,$/MCF,SAK,USA-AK,PCS,Price Delivered to Commercial Sectors,N3020AK3,Alaska Price of Natural Gas Sold to Commercial Consumers (Dollars per Thousand Cubic Feet)
2015,4,10.43,$/MCF,NUS,U.S.,PRS,Price Delivered to Residential Consumers,N3010US3,U.S. Price of Natural Gas Delivered to Residential Consumers (Dollars per Thousand Cubic Feet)
2015,4,10.03,$/MCF,SAK,USA-AK,PRS,Price Delivered to Residential Consumers,N3010AK3,Alaska Price of Natural Gas Delivered to Residential Consumers (Dollars per Thousand Cubic Feet)
2015,3,4.35,$/MCF,NUS,U.S.,PG1,City Gate Price,N3050US3,U.S. Natural Gas Citygate Price (Dollars per Thousand Cubic Feet)
2015,3,6.86,$/MCF,SAK,USA-AK,PG1,City Gate Price,N3050AK3,Natural Gas Citygate Price in Alaska (Dollars per Thousand Cubic Feet)
2015,3,3.71,$/MCF,NUS,U.S.,PEU,Electric Power Price,N3045US3,U.S. Natural Gas Electric Power Price (Dollars per Thousand Cubic Feet)
2015,3,5.41,$/MCF,SAK,USA-AK,PEU,Electric Power Price,N3045AK3,Alaska Natural Gas Price Sold to Electric Power Consumers (Dollars per Thousand Cubic Feet)
2015,3,4.46,$/MCF,NUS,U.S.,PIN,Industrial Price,N3035US3,United States Natural Gas Industrial Price (Dollars per Thousand Cubic Feet)
2015,3,6.88,$/MCF,SAK,USA-AK,PIN,Industrial Price,N3035AK3,Alaska Natural Gas Industrial Price (Dollars per Thousand Cubic Feet)
2015,3,7.85,$/MCF,NUS,U.S.,PCS,Price Delivered to Commercial Sectors,N3020US3,U.S. Price of Natural Gas Sold to Commercial Consumers (Dollars per Thousand Cubic Feet)
2015,3,8.14,$/MCF,SAK,USA-AK,PCS,Price Delivered to Commercial Sectors,N3020AK3,Alaska Price of Natural Gas Sold to Commercial Consumers (Dollars per Thousand Cubic Feet)
2015,3,9.28,$/MCF,NUS,U.S.,PRS,Price Delivered to Residential Consumers,N3010US3,U.S. Price of Natural Gas Delivered to Residential Consumers (Dollars per Thousand Cubic Feet)
2015,3,9.68,$/MCF,SAK,USA-AK,PRS,Price Delivered to Residential Consumers,N3010AK3,Alaska Price of Natural Gas Delivered to Residential Consumers (Dollars per Thousand Cubic Feet)
2015,2,4.57,$/MCF,NUS,U.S.,PG1,City Gate Price,N3050US3,U.S. Natural Gas Citygate Price (Dollars per Thousand Cubic Feet)
2015,2,7.21,$/MCF,SAK,USA-AK,PG1,City Gate Price,N3050AK3,Natural Gas Citygate Price in Alaska (Dollars per Thousand Cubic Feet)
2015,2,5.02,$/MCF,NUS,U.S.,PEU,Electric Power Price,N3045US3,U.S. Natural Gas Electric Power Price (Dollars per Thousand Cubic Feet)
2015,2,5.49,$/MCF,SAK,USA-AK,PEU,Electric Power Price,N3045AK3,Alaska Natural Gas Price Sold to Electric Power Consumers (Dollars per Thousand Cubic Feet)
2015,2,4.74,$/MCF,NUS,U.S.,PIN,Industrial Price,N3035US3,United States Natural Gas Industrial Price (Dollars per Thousand Cubic Feet)
2015,2,7.08,$/MCF,SAK,USA-AK,PIN,Industrial Price,N3035AK3,Alaska Natural Gas Industrial Price (Dollars per Thousand Cubic Feet)
2015,2,7.81,$/MCF,NUS,U.S.,PCS,Price Delivered to Commercial Sectors,N3020US3,U.S. Price of Natural Gas Sold to Commercial Consumers (Dollars per Thousand Cubic Feet)
2015,2,8.43,$/MCF,SAK,USA-AK,PCS,Price Delivered to Commercial Sectors,N3020AK3,Alaska Price of Natural Gas Sold to Commercial Consumers (Dollars per Thousand Cubic Feet)
2015,2,9.08,$/MCF,NUS,U.S.,PRS,Price Delivered to Residential Consumers,N3010US3,U.S. Price of Natural Gas Delivered to Residential Consumers (Dollars per Thousand Cubic Feet)
2015,2,9.64,$/MCF,SAK,USA-AK,PRS,Price Delivered to Residential Consumers,N3010AK3,Alaska Price of Natural Gas Delivered to Residential Consumers (Dollars per Thousand Cubic Feet)
2015,1,4.48,$/MCF,NUS,U.S.,PG1,City Gate Price,N3050US3,U.S. Natural Gas Citygate Price (Dollars per Thousand Cubic Feet)
2015,1,7.43,$/MCF,SAK,USA-AK,PG1,City Gate Price,N3050AK3,Natural Gas Citygate Price in Alaska (Dollars per Thousand Cubic Feet)
2015,1,4.31,$/MCF,NUS,U.S.,PEU,Electric Power Price,N3045US3,U.S. Natural Gas Electric Power Price (Dollars per Thousand Cubic Feet)
2015,1,5.95,$/MCF,SAK,USA-AK,PEU,Electric Power Price,N3045AK3,Alaska Natural Gas Price Sold to Electric Power Consumers (Dollars per Thousand Cubic Feet)
2015,1,4.9,$/MCF,NUS,U.S.,PIN,Industrial Price,N3035US3,United States Natural Gas Industrial Price (Dollars per Thousand Cubic Feet)
2015,1,6.97,$/MCF,SAK,USA-AK,PIN,Industrial Price,N3035AK3,Alaska Natural Gas Industrial Price (Dollars per Thousand Cubic Feet)
2015,1,8.15,$/MCF,NUS,U.S.,PCS,Price Delivered to Commercial Sectors,N3020US3,U.S. Price of Natural Gas Sold to Commercial Consumers (Dollars per Thousand Cubic Feet)
2015,1,8.7,$/MCF,SAK,USA-AK,PCS,Price Delivered to Commercial Sectors,N3020AK3,Alaska Price of Natural Gas Sold to Commercial Consumers (Dollars per Thousand Cubic Feet)
2015,1,9.5,$/MCF,NUS,U.S.,PRS,Price Delivered to Residential Consumers,N3010US3,U.S. Price of Natural Gas Delivered to Residential Consumers (Dollars per Thousand Cubic Feet)
2015,1,9.51,$/MCF,SAK,USA-AK,PRS,Price Delivered to Residential Consumers,N3010AK3,Alaska Price of Natural Gas Delivered to Residential Consumers (Dollars per Thousand Cubic Feet)
2014,12,5.15,$/MCF,NUS,U.S.,PG1,City Gate Price,N3050US3,U.S. Natural Gas Citygate Price (Dollars per Thousand Cubic Feet)
2014,12,6.06,$/MCF,SAK,USA-AK,PG1,City Gate Price,N3050AK3,Natural Gas Citygate Price in Alaska (Dollars per Thousand Cubic Feet)
2014,12,4.5,$/MCF,NUS,U.S.,PEU,Electric Power Price,N3045US3,U.S. Natural Gas Electric Power Price (Dollars per Thousand Cubic Feet)
2014,12,5.13,$/MCF,SAK,USA-AK,PEU,Electric Power Price,N3045AK3,Alaska Natural Gas Price Sold to Electric Power Consumers (Dollars per Thousand Cubic Feet)
2014,12,5.62,$/MCF,NUS,U.S.,PIN,Industrial Price,N3035US3,United States Natural Gas Industrial Price (Dollars per Thousand Cubic Feet)
2014,12,7.76,$/MCF,SAK,USA-AK,PIN,Industrial Price,N3035AK3,Alaska Natural Gas Industrial Price (Dollars per Thousand Cubic Feet)
2014,12,8.53,$/MCF,NUS,U.S.,PCS,Price Delivered to Commercial Sectors,N3020US3,U.S. Price of Natural Gas Sold to Commercial Consumers (Dollars per Thousand Cubic Feet)
2014,12,8.27,$/MCF,SAK,USA-AK,PCS,Price Delivered to Commercial Sectors,N3020AK3,Alaska Price of Natural Gas Sold to Commercial Consumers (Dollars per Thousand Cubic Feet)
2014,12,10.01,$/MCF,NUS,U.S.,PRS,Price Delivered to Residential Consumers,N3010US3,U.S. Price of Natural Gas Delivered to Residential Consumers (Dollars per Thousand Cubic Feet)
2014,12,9.59,$/MCF,SAK,USA-AK,PRS,Price Delivered to Residential Consumers,N3010AK3,Alaska Price of Natural Gas Delivered to Residential Consumers (Dollars per Thousand Cubic Feet)
2014,11,4.91,$/MCF,NUS,U.S.,PG1,City Gate Price,N3050US3,U.S. Natural Gas Citygate Price (Dollars per Thousand Cubic Feet)
2014,11,6.24,$/MCF,SAK,USA-AK,PG1,City Gate Price,N3050AK3,Natural Gas Citygate Price in Alaska (Dollars per Thousand Cubic Feet)
2014,11,4.68,$/MCF,NUS,U.S.,PEU,Electric Power Price,N3045US3,U.S. Natural Gas Electric Power Price (Dollars per Thousand Cubic Feet)
2014,11,4.97,$/MCF,SAK,USA-AK,PEU,Electric Power Price,N3045AK3,Alaska Natural Gas Price Sold to Electric Power Consumers (Dollars per Thousand Cubic Feet)
2014,11,5.02,$/MCF,NUS,U.S.,PIN,Industrial Price,N3035US3,United States Natural Gas Industrial Price (Dollars per Thousand Cubic Feet)
2014,11,7.73,$/MCF,SAK,USA-AK,PIN,Industrial Price,N3035AK3,Alaska Natural Gas Industrial Price (Dollars per Thousand Cubic Feet)
2014,11,8.29,$/MCF,NUS,U.S.,PCS,Price Delivered to Commercial Sectors,N3020US3,U.S. Price of Natural Gas Sold to Commercial Consumers (Dollars per Thousand Cubic Feet)
2014,11,8.51,$/MCF,SAK,USA-AK,PCS,Price Delivered to Commercial Sectors,N3020AK3,Alaska Price of Natural Gas Sold to Commercial Consumers (Dollars per Thousand Cubic Feet)
2014,11,10.19,$/MCF,NUS,U.S.,PRS,Price Delivered to Residential Consumers,N3010US3,U.S. Price of Natural Gas Delivered to Residential Consumers (Dollars per Thousand Cubic Feet)
2014,11,9.22,$/MCF,SAK,USA-AK,PRS,Price Delivered to Residential Consumers,N3010AK3,Alaska Price of Natural Gas Delivered to Residential Consumers (Dollars per Thousand Cubic Feet)
2014,10,5.16,$/MCF,NUS,U.S.,PG1,City Gate Price,N3050US3,U.S. Natural Gas Citygate Price (Dollars per Thousand Cubic Feet)
2014,10,6.1,$/MCF,SAK,USA-AK,PG1,City Gate Price,N3050AK3,Natural Gas Citygate Price in Alaska (Dollars per Thousand Cubic Feet)
2014,10,4.23,$/MCF,NUS,U.S.,PEU,Electric Power Price,N3045US3,U.S. Natural Gas Electric Power Price (Dollars per Thousand Cubic Feet)
2014,10,4.96,$/MCF,SAK,USA-AK,PEU,Electric Power Price,N3045AK3,Alaska Natural Gas Price Sold to Electric Power Consumers (Dollars per Thousand Cubic Feet)
2014,10,5.03,$/MCF,NUS,U.S.,PIN,Industrial Price,N3035US3,United States Natural Gas Industrial Price (Dollars per Thousand Cubic Feet)
2014,10,7.87,$/MCF,SAK,USA-AK,PIN,Industrial Price,N3035AK3,Alaska Natural Gas Industrial Price (Dollars per Thousand Cubic Feet)
2014,10,8.97,$/MCF,NUS,U.S.,PCS,Price Delivered to Commercial Sectors,N3020US3,U.S. Price of Natural Gas Sold to Commercial Consumers (Dollars per Thousand Cubic Feet)
2014,10,8.74,$/MCF,SAK,USA-AK,PCS,Price Delivered to Commercial Sectors,N3020AK3,Alaska Price of Natural Gas Sold to Commercial Consumers (Dollars per Thousand Cubic Feet)
2014,10,13.11,$/MCF,NUS,U.S.,PRS,Price Delivered to Residential Consumers,N3010US3,U.S. Price of Natural Gas Delivered to Residential Consumers (Dollars per Thousand Cubic Feet)
2014,10,9.35,$/MCF,SAK,USA-AK,PRS,Price Delivered to Residential Consumers,N3010AK3,Alaska Price of Natural Gas Delivered to Residential Consumers (Dollars per Thousand Cubic Feet)
2014,9,5.51,$/MCF,NUS,U.S.,PG1,City Gate Price,N3050US3,U.S. Natural Gas Citygate Price (Dollars per Thousand Cubic Feet)
2014,9,5.73,$/MCF,SAK,USA-AK,PG1,City Gate Price,N3050AK3,Natural Gas Citygate Price in Alaska (Dollars per Thousand Cubic Feet)
2014,9,4.34,$/MCF,NUS,U.S.,PEU,Electric Power Price,N3045US3,U.S. Natural Gas Electric Power Price (Dollars per Thousand Cubic Feet)
2014,9,5.33,$/MCF,SAK,USA-AK,PEU,Electric Power Price,N3045AK3,Alaska Natural Gas Price Sold to Electric Power Consumers (Dollars per Thousand Cubic Feet)
2014,9,5.02,$/MCF,NUS,U.S.,PIN,Industrial Price,N3035US3,United States Natural Gas Industrial Price (Dollars per Thousand Cubic Feet)
2014,9,8.01,$/MCF,SAK,USA-AK,PIN,Industrial Price,N3035AK3,Alaska Natural Gas Industrial Price (Dollars per Thousand Cubic Feet)
2014,9,9.39,$/MCF,NUS,U.S.,PCS,Price Delivered to Commercial Sectors,N3020US3,U.S. Price of Natural Gas Sold to Commercial Consumers (Dollars per Thousand Cubic Feet)
2014,9,8.74,$/MCF,SAK,USA-AK,PCS,Price Delivered to Commercial Sectors,N3020AK3,Alaska Price of Natural Gas Sold to Commercial Consumers (Dollars per Thousand Cubic Feet)
2014,9,16.27,$/MCF,NUS,U.S.,PRS,Price Delivered to Residential Consumers,N3010US3,U.S. Price of Natural Gas Delivered to Residential Consumers (Dollars per Thousand Cubic Feet)
2014,9,10.43,$/MCF,SAK,USA-AK,PRS,Price Delivered to Residential Consumers,N3010AK3,Alaska Price of Natural Gas Delivered to Residential Consumers (Dollars per Thousand Cubic Feet)
2014,8,5.49,$/MCF,NUS,U.S.,PG1,City Gate Price,N3050US3,U.S. Natural Gas Citygate Price (Dollars per Thousand Cubic Feet)
2014,8,5.63,$/MCF,SAK,USA-AK,PG1,City Gate Price,N3050AK3,Natural Gas Citygate Price in Alaska (Dollars per Thousand Cubic Feet)
2014,8,4.25,$/MCF,NUS,U.S.,PEU,Electric Power Price,N3045US3,U.S. Natural Gas Electric Power Price (Dollars per Thousand Cubic Feet)
2014,8,5.27,$/MCF,SAK,USA-AK,PEU,Electric Power Price,N3045AK3,Alaska Natural Gas Price Sold to Electric Power Consumers (Dollars per Thousand Cubic Feet)
2014,8,4.96,$/MCF,NUS,U.S.,PIN,Industrial Price,N3035US3,United States Natural Gas Industrial Price (Dollars per Thousand Cubic Feet)
2014,8,7.84,$/MCF,SAK,USA-AK,PIN,Industrial Price,N3035AK3,Alaska Natural Gas Industrial Price (Dollars per Thousand Cubic Feet)
2014,8,9.67,$/MCF,NUS,U.S.,PCS,Price Delivered to Commercial Sectors,N3020US3,U.S. Price of Natural Gas Sold to Commercial Consumers (Dollars per Thousand Cubic Feet)
2014,8,9.29,$/MCF,SAK,USA-AK,PCS,Price Delivered to Commercial Sectors,N3020AK3,Alaska Price of Natural Gas Sold to Commercial Consumers (Dollars per Thousand Cubic Feet)
2014,8,17.41,$/MCF,NUS,U.S.,PRS,Price Delivered to Residential Consumers,N3010US3,U.S. Price of Natural Gas Delivered to Residential Consumers (Dollars per Thousand Cubic Feet)
2014,8,12.05,$/MCF,SAK,USA-AK,PRS,Price Delivered to Residential Consumers,N3010AK3,Alaska Price of Natural Gas Delivered to Residential Consumers (Dollars per Thousand Cubic Feet)
2014,7,5.99,$/MCF,NUS,U.S.,PG1,City Gate Price,N3050US3,U.S. Natural Gas Citygate Price (Dollars per Thousand Cubic Feet)
2014,7,5.69,$/MCF,SAK,USA-AK,PG1,City Gate Price,N3050AK3,Natural Gas Citygate Price in Alaska (Dollars per Thousand Cubic Feet)
2014,7,4.58,$/MCF,NUS,U.S.,PEU,Electric Power Price,N3045US3,U.S. Natural Gas Electric Power Price (Dollars per Thousand Cubic Feet)
2014,7,5.26,$/MCF,SAK,USA-AK,PEU,Electric Power Price,N3045AK3,Alaska Natural Gas Price Sold to Electric Power Consumers (Dollars per Thousand Cubic Feet)
2014,7,5.43,$/MCF,NUS,U.S.,PIN,Industrial Price,N3035US3,United States Natural Gas Industrial Price (Dollars per Thousand Cubic Feet)
2014,7,8.1,$/MCF,SAK,USA-AK,PIN,Industrial Price,N3035AK3,Alaska Natural Gas Industrial Price (Dollars per Thousand Cubic Feet)
2014,7,10.06,$/MCF,NUS,U.S.,PCS,Price Delivered to Commercial Sectors,N3020US3,U.S. Price of Natural Gas Sold to Commercial Consumers (Dollars per Thousand Cubic Feet)
2014,7,9.18,$/MCF,SAK,USA-AK,PCS,Price Delivered to Commercial Sectors,N3020AK3,Alaska Price of Natural Gas Sold to Commercial Consumers (Dollars per Thousand Cubic Feet)
2014,7,17.23,$/MCF,NUS,U.S.,PRS,Price Delivered to Residential Consumers,N3010US3,U.S. Price of Natural Gas Delivered to Residential Consumers (Dollars per Thousand Cubic Feet)
2014,7,12.01,$/MCF,SAK,USA-AK,PRS,Price Delivered to Residential Consumers,N3010AK3,Alaska Price of Natural Gas Delivered to Residential Consumers (Dollars per Thousand Cubic Feet)
2014,6,6.05,$/MCF,NUS,U.S.,PG1,City Gate Price,N3050US3,U.S. Natural Gas Citygate Price (Dollars per Thousand Cubic Feet)
2014,6,5.69,$/MCF,SAK,USA-AK,PG1,City Gate Price,N3050AK3,Natural Gas Citygate Price in Alaska (Dollars per Thousand Cubic Feet)
2014,6,4.99,$/MCF,NUS,U.S.,PEU,Electric Power Price,N3045US3,U.S. Natural Gas Electric Power Price (Dollars per Thousand Cubic Feet)
2014,6,5.42,$/MCF,SAK,USA-AK,PEU,Electric Power Price,N3045AK3,Alaska Natural Gas Price Sold to Electric Power Consumers (Dollars per Thousand Cubic Feet)
2014,6,5.46,$/MCF,NUS,U.S.,PIN,Industrial Price,N3035US3,United States Natural Gas Industrial Price (Dollars per Thousand Cubic Feet)
2014,6,7.85,$/MCF,SAK,USA-AK,PIN,Industrial Price,N3035AK3,Alaska Natural Gas Industrial Price (Dollars per Thousand Cubic Feet)
2014,6,9.94,$/MCF,NUS,U.S.,PCS,Price Delivered to Commercial Sectors,N3020US3,U.S. Price of Natural Gas Sold to Commercial Consumers (Dollars per Thousand Cubic Feet)
2014,6,8.74,$/MCF,SAK,USA-AK,PCS,Price Delivered to Commercial Sectors,N3020AK3,Alaska Price of Natural Gas Sold to Commercial Consumers (Dollars per Thousand Cubic Feet)
2014,6,16.13,$/MCF,NUS,U.S.,PRS,Price Delivered to Residential Consumers,N3010US3,U.S. Price of Natural Gas Delivered to Residential Consumers (Dollars per Thousand Cubic Feet)
2014,6,10.63,$/MCF,SAK,USA-AK,PRS,Price Delivered to Residential Consumers,N3010AK3,Alaska Price of Natural Gas Delivered to Residential Consumers (Dollars per Thousand Cubic Feet)
2014,5,5.9,$/MCF,NUS,U.S.,PG1,City Gate Price,N3050US3,U.S. Natural Gas Citygate Price (Dollars per Thousand Cubic Feet)
2014,5,5.59,$/MCF,SAK,USA-AK,PG1,City Gate Price,N3050AK3,Natural Gas Citygate Price in Alaska (Dollars per Thousand Cubic Feet)
2014,5,5.09,$/MCF,NUS,U.S.,PEU,Electric Power Price,N3045US3,U.S. Natural Gas Electric Power Price (Dollars per Thousand Cubic Feet)
2014,5,5.49,$/MCF,SAK,USA-AK,PEU,Electric Power Price,N3045AK3,Alaska Natural Gas Price Sold to Electric Power Consumers (Dollars per Thousand Cubic Feet)
2014,5,5.74,$/MCF,NUS,U.S.,PIN,Industrial Price,N3035US3,United States Natural Gas Industrial Price (Dollars per Thousand Cubic Feet)
2014,5,7.84,$/MCF,SAK,USA-AK,PIN,Industrial Price,N3035AK3,Alaska Natural Gas Industrial Price (Dollars per Thousand Cubic Feet)
2014,5,9.7,$/MCF,NUS,U.S.,PCS,Price Delivered to Commercial Sectors,N3020US3,U.S. Price of Natural Gas Sold to Commercial Consumers (Dollars per Thousand Cubic Feet)
2014,5,6.71,$/MCF,SAK,USA-AK,PCS,Price Delivered to Commercial Sectors,N3020AK3,Alaska Price of Natural Gas Sold to Commercial Consumers (Dollars per Thousand Cubic Feet)
2014,5,13.6,$/MCF,NUS,U.S.,PRS,Price Delivered to Residential Consumers,N3010US3,U.S. Price of Natural Gas Delivered to Residential Consumers (Dollars per Thousand Cubic Feet)
2014,5,7.77,$/MCF,SAK,USA-AK,PRS,Price Delivered to Residential Consumers,N3010AK3,Alaska Price of Natural Gas Delivered to Residential Consumers (Dollars per Thousand Cubic Feet)
2014,4,5.64,$/MCF,NUS,U.S.,PG1,City Gate Price,N3050US3,U.S. Natural Gas Citygate Price (Dollars per Thousand Cubic Feet)
2014,4,6.06,$/MCF,SAK,USA-AK,PG1,City Gate Price,N3050AK3,Natural Gas Citygate Price in Alaska (Dollars per Thousand Cubic Feet)
2014,4,5.25,$/MCF,NUS,U.S.,PEU,Electric Power Price,N3045US3,U.S. Natural Gas Electric Power Price (Dollars per Thousand Cubic Feet)
2014,4,5.47,$/MCF,SAK,USA-AK,PEU,Electric Power Price,N3045AK3,Alaska Natural Gas Price Sold to Electric Power Consumers (Dollars per Thousand Cubic Feet)
2014,4,5.85,$/MCF,NUS,U.S.,PIN,Industrial Price,N3035US3,United States Natural Gas Industrial Price (Dollars per Thousand Cubic Feet)
2014,4,7.82,$/MCF,SAK,USA-AK,PIN,Industrial Price,N3035AK3,Alaska Natural Gas Industrial Price (Dollars per Thousand Cubic Feet)
2014,4,9.49,$/MCF,NUS,U.S.,PCS,Price Delivered to Commercial Sectors,N3020US3,U.S. Price of Natural Gas Sold to Commercial Consumers (Dollars per Thousand Cubic Feet)
2014,4,6.47,$/MCF,SAK,USA-AK,PCS,Price Delivered to Commercial Sectors,N3020AK3,Alaska Price of Natural Gas Sold to Commercial Consumers (Dollars per Thousand Cubic Feet)
2014,4,11.76,$/MCF,NUS,U.S.,PRS,Price Delivered to Residential Consumers,N3010US3,U.S. Price of Natural Gas Delivered to Residential Consumers (Dollars per Thousand Cubic Feet)
2014,4,6.82,$/MCF,SAK,USA-AK,PRS,Price Delivered to Residential Consumers,N3010AK3,Alaska Price of Natural Gas Delivered to Residential Consumers (Dollars per Thousand Cubic Feet)
2014,3,6.57,$/MCF,NUS,U.S.,PG1,City Gate Price,N3050US3,U.S. Natural Gas Citygate Price (Dollars per Thousand Cubic Feet)
2014,3,6.96,$/MCF,SAK,USA-AK,PG1,City Gate Price,N3050AK3,Natural Gas Citygate Price in Alaska (Dollars per Thousand Cubic Feet)
2014,3,6.29,$/MCF,NUS,U.S.,PEU,Electric Power Price,N3045US3,U.S. Natural Gas Electric Power Price (Dollars per Thousand Cubic Feet)
2014,3,4.5,$/MCF,SAK,USA-AK,PEU,Electric Power Price,N3045AK3,Alaska Natural Gas Price Sold to Electric Power Consumers (Dollars per Thousand Cubic Feet)
2014,3,6.47,$/MCF,NUS,U.S.,PIN,Industrial Price,N3035US3,United States Natural Gas Industrial Price (Dollars per Thousand Cubic Feet)
2014,3,7.86,$/MCF,SAK,USA-AK,PIN,Industrial Price,N3035AK3,Alaska Natural Gas Industrial Price (Dollars per Thousand Cubic Feet)
2014,3,9.35,$/MCF,NUS,U.S.,PCS,Price Delivered to Commercial Sectors,N3020US3,U.S. Price of Natural Gas Sold to Commercial Consumers (Dollars per Thousand Cubic Feet)
2014,3,6.98,$/MCF,SAK,USA-AK,PCS,Price Delivered to Commercial Sectors,N3020AK3,Alaska Price of Natural Gas Sold to Commercial Consumers (Dollars per Thousand Cubic Feet)
2014,3,10.7,$/MCF,NUS,U.S.,PRS,Price Delivered to Residential Consumers,N3010US3,U.S. Price of Natural Gas Delivered to Residential Consumers (Dollars per Thousand Cubic Feet)
2014,3,7.18,$/MCF,SAK,USA-AK,PRS,Price Delivered to Residential Consumers,N3010AK3,Alaska Price of Natural Gas Delivered to Residential Consumers (Dollars per Thousand Cubic Feet)
2014,2,6.41,$/MCF,NUS,U.S.,PG1,City Gate Price,N3050US3,U.S. Natural Gas Citygate Price (Dollars per Thousand Cubic Feet)
2014,2,7.11,$/MCF,SAK,USA-AK,PG1,City Gate Price,N3050AK3,Natural Gas Citygate Price in Alaska (Dollars per Thousand Cubic Feet)
2014,2,7.8,$/MCF,NUS,U.S.,PEU,Electric Power Price,N3045US3,U.S. Natural Gas Electric Power Price (Dollars per Thousand Cubic Feet)
2014,2,4.56,$/MCF,SAK,USA-AK,PEU,Electric Power Price,N3045AK3,Alaska Natural Gas Price Sold to Electric Power Consumers (Dollars per Thousand Cubic Feet)
2014,2,6.63,$/MCF,NUS,U.S.,PIN,Industrial Price,N3035US3,United States Natural Gas Industrial Price (Dollars per Thousand Cubic Feet)
2014,2,8.41,$/MCF,SAK,USA-AK,PIN,Industrial Price,N3035AK3,Alaska Natural Gas Industrial Price (Dollars per Thousand Cubic Feet)
2014,2,8.69,$/MCF,NUS,U.S.,PCS,Price Delivered to Commercial Sectors,N3020US3,U.S. Price of Natural Gas Sold to Commercial Consumers (Dollars per Thousand Cubic Feet)
2014,2,9.15,$/MCF,SAK,USA-AK,PCS,Price Delivered to Commercial Sectors,N3020AK3,Alaska Price of Natural Gas Sold to Commercial Consumers (Dollars per Thousand Cubic Feet)
2014,2,9.77,$/MCF,NUS,U.S.,PRS,Price Delivered to Residential Consumers,N3010US3,U.S. Price of Natural Gas Delivered to Residential Consumers (Dollars per Thousand Cubic Feet)
2014,2,9.42,$/MCF,SAK,USA-AK,PRS,Price Delivered to Residential Consumers,N3010AK3,Alaska Price of Natural Gas Delivered to Residential Consumers (Dollars per Thousand Cubic Feet)
2014,1,5.56,$/MCF,NUS,U.S.,PG1,City Gate Price,N3050US3,U.S. Natural Gas Citygate Price (Dollars per Thousand Cubic Feet)
2014,1,6.76,$/MCF,SAK,USA-AK,PG1,City Gate Price,N3050AK3,Natural Gas Citygate Price in Alaska (Dollars per Thousand Cubic Feet)
2014,1,7.46,$/MCF,NUS,U.S.,PEU,Electric Power Price,N3045US3,U.S. Natural Gas Electric Power Price (Dollars per Thousand Cubic Feet)
2014,1,4.61,$/MCF,SAK,USA-AK,PEU,Electric Power Price,N3045AK3,Alaska Natural Gas Price Sold to Electric Power Consumers (Dollars per Thousand Cubic Feet)
2014,1,5.69,$/MCF,NUS,U.S.,PIN,Industrial Price,N3035US3,United States Natural Gas Industrial Price (Dollars per Thousand Cubic Feet)
2014,1,8.66,$/MCF,SAK,USA-AK,PIN,Industrial Price,N3035AK3,Alaska Natural Gas Industrial Price (Dollars per Thousand Cubic Feet)
2014,1,8.11,$/MCF,NUS,U.S.,PCS,Price Delivered to Commercial Sectors,N3020US3,U.S. Price of Natural Gas Sold to Commercial Consumers (Dollars per Thousand Cubic Feet)
2014,1,9.07,$/MCF,SAK,USA-AK,PCS,Price Delivered to Commercial Sectors,N3020AK3,Alaska Price of Natural Gas Sold to Commercial Consumers (Dollars per Thousand Cubic Feet)
2014,1,9.26,$/MCF,NUS,U.S.,PRS,Price Delivered to Residential Consumers,N3010US3,U.S. Price of Natural Gas Delivered to Residential Consumers (Dollars per Thousand Cubic Feet)
2014,1,9.49,$/MCF,SAK,USA-AK,PRS,Price Delivered to Residential Consumers,N3010AK3,Alaska Price of Natural Gas Delivered to Residential Consumers (Dollars per Thousand Cubic Feet)
2013,12,4.93,$/MCF,NUS,U.S.,PG1,City Gate Price,N3050US3,U.S. Natural Gas Citygate Price (Dollars per Thousand Cubic Feet)
2013,12,6.54,$/MCF,SAK,USA-AK,PG1,City Gate Price,N3050AK3,Natural Gas Citygate Price in Alaska (Dollars per Thousand Cubic Feet)
2013,12,5.11,$/MCF,NUS,U.S.,PEU,Electric Power Price,N3045US3,U.S. Natural Gas Electric Power Price (Dollars per Thousand Cubic Feet)
2013,12,4.8,$/MCF,SAK,USA-AK,PEU,Electric Power Price,N3045AK3,Alaska Natural Gas Price Sold to Electric Power Consumers (Dollars per Thousand Cubic Feet)
2013,12,4.97,$/MCF,NUS,U.S.,PIN,Industrial Price,N3035US3,United States Natural Gas Industrial Price (Dollars per Thousand Cubic Feet)
2013,12,7.88,$/MCF,SAK,USA-AK,PIN,Industrial Price,N3035AK3,Alaska Natural Gas Industrial Price (Dollars per Thousand Cubic Feet)
2013,12,7.81,$/MCF,NUS,U.S.,PCS,Price Delivered to Commercial Sectors,N3020US3,U.S. Price of Natural Gas Sold to Commercial Consumers (Dollars per Thousand Cubic Feet)
2013,12,8.86,$/MCF,SAK,USA-AK,PCS,Price Delivered to Commercial Sectors,N3020AK3,Alaska Price of Natural Gas Sold to Commercial Consumers (Dollars per Thousand Cubic Feet)
2013,12,9.14,$/MCF,NUS,U.S.,PRS,Price Delivered to Residential Consumers,N3010US3,U.S. Price of Natural Gas Delivered to Residential Consumers (Dollars per Thousand Cubic Feet)
2013,12,9.13,$/MCF,SAK,USA-AK,PRS,Price Delivered to Residential Consumers,N3010AK3,Alaska Price of Natural Gas Delivered to Residential Consumers (Dollars per Thousand Cubic Feet)
2013,11,4.78,$/MCF,NUS,U.S.,PG1,City Gate Price,N3050US3,U.S. Natural Gas Citygate Price (Dollars per Thousand Cubic Feet)
2013,11,6.27,$/MCF,SAK,USA-AK,PG1,City Gate Price,N3050AK3,Natural Gas Citygate Price in Alaska (Dollars per Thousand Cubic Feet)
2013,11,4.36,$/MCF,NUS,U.S.,PEU,Electric Power Price,N3045US3,U.S. Natural Gas Electric Power Price (Dollars per Thousand Cubic Feet)
2013,11,4.79,$/MCF,SAK,USA-AK,PEU,Electric Power Price,N3045AK3,Alaska Natural Gas Price Sold to Electric Power Consumers (Dollars per Thousand Cubic Feet)
2013,11,4.62,$/MCF,NUS,U.S.,PIN,Industrial Price,N3035US3,United States Natural Gas Industrial Price (Dollars per Thousand Cubic Feet)
2013,11,7.89,$/MCF,SAK,USA-AK,PIN,Industrial Price,N3035AK3,Alaska Natural Gas Industrial Price (Dollars per Thousand Cubic Feet)
2013,11,7.94,$/MCF,NUS,U.S.,PCS,Price Delivered to Commercial Sectors,N3020US3,U.S. Price of Natural Gas Sold to Commercial Consumers (Dollars per Thousand Cubic Feet)
2013,11,7.91,$/MCF,SAK,USA-AK,PCS,Price Delivered to Commercial Sectors,N3020AK3,Alaska Price of Natural Gas Sold to Commercial Consumers (Dollars per Thousand Cubic Feet)
2013,11,10.04,$/MCF,NUS,U.S.,PRS,Price Delivered to Residential Consumers,N3010US3,U.S. Price of Natural Gas Delivered to Residential Consumers (Dollars per Thousand Cubic Feet)
2013,11,8.19,$/MCF,SAK,USA-AK,PRS,Price Delivered to Residential Consumers,N3010AK3,Alaska Price of Natural Gas Delivered to Residential Consumers (Dollars per Thousand Cubic Feet)
2013,10,4.88,$/MCF,NUS,U.S.,PG1,City Gate Price,N3050US3,U.S. Natural Gas Citygate Price (Dollars per Thousand Cubic Feet)
2013,10,5.44,$/MCF,SAK,USA-AK,PG1,City Gate Price,N3050AK3,Natural Gas Citygate Price in Alaska (Dollars per Thousand Cubic Feet)
2013,10,4.26,$/MCF,NUS,U.S.,PEU,Electric Power Price,N3045US3,U.S. Natural Gas Electric Power Price (Dollars per Thousand Cubic Feet)
2013,10,4.78,$/MCF,SAK,USA-AK,PEU,Electric Power Price,N3045AK3,Alaska Natural Gas Price Sold to Electric Power Consumers (Dollars per Thousand Cubic Feet)
2013,10,4.36,$/MCF,NUS,U.S.,PIN,Industrial Price,N3035US3,United States Natural Gas Industrial Price (Dollars per Thousand Cubic Feet)
2013,10,7.95,$/MCF,SAK,USA-AK,PIN,Industrial Price,N3035AK3,Alaska Natural Gas Industrial Price (Dollars per Thousand Cubic Feet)
2013,10,8.28,$/MCF,NUS,U.S.,PCS,Price Delivered to Commercial Sectors,N3020US3,U.S. Price of Natural Gas Sold to Commercial Consumers (Dollars per Thousand Cubic Feet)
2013,10,8.27,$/MCF,SAK,USA-AK,PCS,Price Delivered to Commercial Sectors,N3020AK3,Alaska Price of Natural Gas Sold to Commercial Consumers (Dollars per Thousand Cubic Feet)
2013,10,12.38,$/MCF,NUS,U.S.,PRS,Price Delivered to Residential Consumers,N3010US3,U.S. Price of Natural Gas Delivered to Residential Consumers (Dollars per Thousand Cubic Feet)
2013,10,8.79,$/MCF,SAK,USA-AK,PRS,Price Delivered to Residential Consumers,N3010AK3,Alaska Price of Natural Gas Delivered to Residential Consumers (Dollars per Thousand Cubic Feet)
2013,9,5.21,$/MCF,NUS,U.S.,PG1,City Gate Price,N3050US3,U.S. Natural Gas Citygate Price (Dollars per Thousand Cubic Feet)
2013,9,5.55,$/MCF,SAK,USA-AK,PG1,City Gate Price,N3050AK3,Natural Gas Citygate Price in Alaska (Dollars per Thousand Cubic Feet)
2013,9,4.22,$/MCF,NUS,U.S.,PEU,Electric Power Price,N3045US3,U.S. Natural Gas Electric Power Price (Dollars per Thousand Cubic Feet)
2013,9,5.11,$/MCF,SAK,USA-AK,PEU,Electric Power Price,N3045AK3,Alaska Natural Gas Price Sold to Electric Power Consumers (Dollars per Thousand Cubic Feet)
2013,9,4.36,$/MCF,NUS,U.S.,PIN,Industrial Price,N3035US3,United States Natural Gas Industrial Price (Dollars per Thousand Cubic Feet)
2013,9,7.86,$/MCF,SAK,USA-AK,PIN,Industrial Price,N3035AK3,Alaska Natural Gas Industrial Price (Dollars per Thousand Cubic Feet)
2013,9,8.8,$/MCF,NUS,U.S.,PCS,Price Delivered to Commercial Sectors,N3020US3,U.S. Price of Natural Gas Sold to Commercial Consumers (Dollars per Thousand Cubic Feet)
2013,9,8.4,$/MCF,SAK,USA-AK,PCS,Price Delivered to Commercial Sectors,N3020AK3,Alaska Price of Natural Gas Sold to Commercial Consumers (Dollars per Thousand Cubic Feet)
2013,9,15.69,$/MCF,NUS,U.S.,PRS,Price Delivered to Residential Consumers,N3010US3,U.S. Price of Natural Gas Delivered to Residential Consumers (Dollars per Thousand Cubic Feet)
2013,9,9.03,$/MCF,SAK,USA-AK,PRS,Price Delivered to Residential Consumers,N3010AK3,Alaska Price of Natural Gas Delivered to Residential Consumers (Dollars per Thousand Cubic Feet)
2013,8,5.24,$/MCF,NUS,U.S.,PG1,City Gate Price,N3050US3,U.S. Natural Gas Citygate Price (Dollars per Thousand Cubic Feet)
2013,8,5.18,$/MCF,SAK,USA-AK,PG1,City Gate Price,N3050AK3,Natural Gas Citygate Price in Alaska (Dollars per Thousand Cubic Feet)
2013,8,4.03,$/MCF,NUS,U.S.,PEU,Electric Power Price,N3045US3,U.S. Natural Gas Electric Power Price (Dollars per Thousand Cubic Feet)
2013,8,4.86,$/MCF,SAK,USA-AK,PEU,Electric Power Price,N3045AK3,Alaska Natural Gas Price Sold to Electric Power Consumers (Dollars per Thousand Cubic Feet)
2013,8,4.31,$/MCF,NUS,U.S.,PIN,Industrial Price,N3035US3,United States Natural Gas Industrial Price (Dollars per Thousand Cubic Feet)
2013,8,8.02,$/MCF,SAK,USA-AK,PIN,Industrial Price,N3035AK3,Alaska Natural Gas Industrial Price (Dollars per Thousand Cubic Feet)
2013,8,9.04,$/MCF,NUS,U.S.,PCS,Price Delivered to Commercial Sectors,N3020US3,U.S. Price of Natural Gas Sold to Commercial Consumers (Dollars per Thousand Cubic Feet)
2013,8,8.03,$/MCF,SAK,USA-AK,PCS,Price Delivered to Commercial Sectors,N3020AK3,Alaska Price of Natural Gas Sold to Commercial Consumers (Dollars per Thousand Cubic Feet)
2013,8,16.43,$/MCF,NUS,U.S.,PRS,Price Delivered to Residential Consumers,N3010US3,U.S. Price of Natural Gas Delivered to Residential Consumers (Dollars per Thousand Cubic Feet)
2013,8,9.27,$/MCF,SAK,USA-AK,PRS,Price Delivered to Residential Consumers,N3010AK3,Alaska Price of Natural Gas Delivered to Residential Consumers (Dollars per Thousand Cubic Feet)
2013,7,5.51,$/MCF,NUS,U.S.,PG1,City Gate Price,N3050US3,U.S. Natural Gas Citygate Price (Dollars per Thousand Cubic Feet)
2013,7,5.2,$/MCF,SAK,USA-AK,PG1,City Gate Price,N3050AK3,Natural Gas Citygate Price in Alaska (Dollars per Thousand Cubic Feet)
2013,7,4.34,$/MCF,NUS,U.S.,PEU,Electric Power Price,N3045US3,U.S. Natural Gas Electric Power Price (Dollars per Thousand Cubic Feet)
2013,7,4.82,$/MCF,SAK,USA-AK,PEU,Electric Power Price,N3045AK3,Alaska Natural Gas Price Sold to Electric Power Consumers (Dollars per Thousand Cubic Feet)
2013,7,4.47,$/MCF,NUS,U.S.,PIN,Industrial Price,N3035US3,United States Natural Gas Industrial Price (Dollars per Thousand Cubic Feet)
2013,7,8.69,$/MCF,SAK,USA-AK,PIN,Industrial Price,N3035AK3,Alaska Natural Gas Industrial Price (Dollars per Thousand Cubic Feet)
2013,7,9.04,$/MCF,NUS,U.S.,PCS,Price Delivered to Commercial Sectors,N3020US3,U.S. Price of Natural Gas Sold to Commercial Consumers (Dollars per Thousand Cubic Feet)
2013,7,8.29,$/MCF,SAK,USA-AK,PCS,Price Delivered to Commercial Sectors,N3020AK3,Alaska Price of Natural Gas Sold to Commercial Consumers (Dollars per Thousand Cubic Feet)
2013,7,16.3,$/MCF,NUS,U.S.,PRS,Price Delivered to Residential Consumers,N3010US3,U.S. Price of Natural Gas Delivered to Residential Consumers (Dollars per Thousand Cubic Feet)
2013,7,9.84,$/MCF,SAK,USA-AK,PRS,Price Delivered to Residential Consumers,N3010AK3,Alaska Price of Natural Gas Delivered to Residential Consumers (Dollars per Thousand Cubic Feet)
2013,6,5.74,$/MCF,NUS,U.S.,PG1,City Gate Price,N3050US3,U.S. Natural Gas Citygate Price (Dollars per Thousand Cubic Feet)
2013,6,5.45,$/MCF,SAK,USA-AK,PG1,City Gate Price,N3050AK3,Natural Gas Citygate Price in Alaska (Dollars per Thousand Cubic Feet)
2013,6,4.56,$/MCF,NUS,U.S.,PEU,Electric Power Price,N3045US3,U.S. Natural Gas Electric Power Price (Dollars per Thousand Cubic Feet)
2013,6,4.78,$/MCF,SAK,USA-AK,PEU,Electric Power Price,N3045AK3,Alaska Natural Gas Price Sold to Electric Power Consumers (Dollars per Thousand Cubic Feet)
2013,6,4.9,$/MCF,NUS,U.S.,PIN,Industrial Price,N3035US3,United States Natural Gas Industrial Price (Dollars per Thousand Cubic Feet)
2013,6,9.62,$/MCF,SAK,USA-AK,PIN,Industrial Price,N3035AK3,Alaska Natural Gas Industrial Price (Dollars per Thousand Cubic Feet)
2013,6,9.07,$/MCF,NUS,U.S.,PCS,Price Delivered to Commercial Sectors,N3020US3,U.S. Price of Natural Gas Sold to Commercial Consumers (Dollars per Thousand Cubic Feet)
2013,6,8.44,$/MCF,SAK,USA-AK,PCS,Price Delivered to Commercial Sectors,N3020AK3,Alaska Price of Natural Gas Sold to Commercial Consumers (Dollars per Thousand Cubic Feet)
2013,6,15.02,$/MCF,NUS,U.S.,PRS,Price Delivered to Residential Consumers,N3010US3,U.S. Price of Natural Gas Delivered to Residential Consumers (Dollars per Thousand Cubic Feet)
2013,6,9.52,$/MCF,SAK,USA-AK,PRS,Price Delivered to Residential Consumers,N3010AK3,Alaska Price of Natural Gas Delivered to Residential Consumers (Dollars per Thousand Cubic Feet)
2013,5,5.55,$/MCF,NUS,U.S.,PG1,City Gate Price,N3050US3,U.S. Natural Gas Citygate Price (Dollars per Thousand Cubic Feet)
2013,5,5.58,$/MCF,SAK,USA-AK,PG1,City Gate Price,N3050AK3,Natural Gas Citygate Price in Alaska (Dollars per Thousand Cubic Feet)
2013,5,4.79,$/MCF,NUS,U.S.,PEU,Electric Power Price,N3045US3,U.S. Natural Gas Electric Power Price (Dollars per Thousand Cubic Feet)
2013,5,4.6,$/MCF,SAK,USA-AK,PEU,Electric Power Price,N3045AK3,Alaska Natural Gas Price Sold to Electric Power Consumers (Dollars per Thousand Cubic Feet)
2013,5,5,$/MCF,NUS,U.S.,PIN,Industrial Price,N3035US3,United States Natural Gas Industrial Price (Dollars per Thousand Cubic Feet)
2013,5,7.85,$/MCF,SAK,USA-AK,PIN,Industrial Price,N3035AK3,Alaska Natural Gas Industrial Price (Dollars per Thousand Cubic Feet)
2013,5,8.71,$/MCF,NUS,U.S.,PCS,Price Delivered to Commercial Sectors,N3020US3,U.S. Price of Natural Gas Sold to Commercial Consumers (Dollars per Thousand Cubic Feet)
2013,5,8.24,$/MCF,SAK,USA-AK,PCS,Price Delivered to Commercial Sectors,N3020AK3,Alaska Price of Natural Gas Sold to Commercial Consumers (Dollars per Thousand Cubic Feet)
2013,5,12.61,$/MCF,NUS,U.S.,PRS,Price Delivered to Residential Consumers,N3010US3,U.S. Price of Natural Gas Delivered to Residential Consumers (Dollars per Thousand Cubic Feet)
2013,5,9,$/MCF,SAK,USA-AK,PRS,Price Delivered to Residential Consumers,N3010AK3,Alaska Price of Natural Gas Delivered to Residential Consumers (Dollars per Thousand Cubic Feet)
2013,4,5.16,$/MCF,NUS,U.S.,PG1,City Gate Price,N3050US3,U.S. Natural Gas Citygate Price (Dollars per Thousand Cubic Feet)
2013,4,5.82,$/MCF,SAK,USA-AK,PG1,City Gate Price,N3050AK3,Natural Gas Citygate Price in Alaska (Dollars per Thousand Cubic Feet)
2013,4,4.84,$/MCF,NUS,U.S.,PEU,Electric Power Price,N3045US3,U.S. Natural Gas Electric Power Price (Dollars per Thousand Cubic Feet)
2013,4,4.43,$/MCF,SAK,USA-AK,PEU,Electric Power Price,N3045AK3,Alaska Natural Gas Price Sold to Electric Power Consumers (Dollars per Thousand Cubic Feet)
2013,4,4.95,$/MCF,NUS,U.S.,PIN,Industrial Price,N3035US3,United States Natural Gas Industrial Price (Dollars per Thousand Cubic Feet)
2013,4,7.9,$/MCF,SAK,USA-AK,PIN,Industrial Price,N3035AK3,Alaska Natural Gas Industrial Price (Dollars per Thousand Cubic Feet)
2013,4,8.15,$/MCF,NUS,U.S.,PCS,Price Delivered to Commercial Sectors,N3020US3,U.S. Price of Natural Gas Sold to Commercial Consumers (Dollars per Thousand Cubic Feet)
2013,4,8,$/MCF,SAK,USA-AK,PCS,Price Delivered to Commercial Sectors,N3020AK3,Alaska Price of Natural Gas Sold to Commercial Consumers (Dollars per Thousand Cubic Feet)
2013,4,10.43,$/MCF,NUS,U.S.,PRS,Price Delivered to Residential Consumers,N3010US3,U.S. Price of Natural Gas Delivered to Residential Consumers (Dollars per Thousand Cubic Feet)
2013,4,8.36,$/MCF,SAK,USA-AK,PRS,Price Delivered to Residential Consumers,N3010AK3,Alaska Price of Natural Gas Delivered to Residential Consumers (Dollars per Thousand Cubic Feet)
2013,3,4.75,$/MCF,NUS,U.S.,PG1,City Gate Price,N3050US3,U.S. Natural Gas Citygate Price (Dollars per Thousand Cubic Feet)
2013,3,6.33,$/MCF,SAK,USA-AK,PG1,City Gate Price,N3050AK3,Natural Gas Citygate Price in Alaska (Dollars per Thousand Cubic Feet)
2013,3,4.5,$/MCF,NUS,U.S.,PEU,Electric Power Price,N3045US3,U.S. Natural Gas Electric Power Price (Dollars per Thousand Cubic Feet)
2013,3,4.61,$/MCF,SAK,USA-AK,PEU,Electric Power Price,N3045AK3,Alaska Natural Gas Price Sold to Electric Power Consumers (Dollars per Thousand Cubic Feet)
2013,3,4.59,$/MCF,NUS,U.S.,PIN,Industrial Price,N3035US3,United States Natural Gas Industrial Price (Dollars per Thousand Cubic Feet)
2013,3,8.04,$/MCF,SAK,USA-AK,PIN,Industrial Price,N3035AK3,Alaska Natural Gas Industrial Price (Dollars per Thousand Cubic Feet)
2013,3,7.77,$/MCF,NUS,U.S.,PCS,Price Delivered to Commercial Sectors,N3020US3,U.S. Price of Natural Gas Sold to Commercial Consumers (Dollars per Thousand Cubic Feet)
2013,3,8.09,$/MCF,SAK,USA-AK,PCS,Price Delivered to Commercial Sectors,N3020AK3,Alaska Price of Natural Gas Sold to Commercial Consumers (Dollars per Thousand Cubic Feet)
2013,3,9.35,$/MCF,NUS,U.S.,PRS,Price Delivered to Residential Consumers,N3010US3,U.S. Price of Natural Gas Delivered to Residential Consumers (Dollars per Thousand Cubic Feet)
2013,3,8.41,$/MCF,SAK,USA-AK,PRS,Price Delivered to Residential Consumers,N3010AK3,Alaska Price of Natural Gas Delivered to Residential Consumers (Dollars per Thousand Cubic Feet)
2013,2,4.56,$/MCF,NUS,U.S.,PG1,City Gate Price,N3050US3,U.S. Natural Gas Citygate Price (Dollars per Thousand Cubic Feet)
2013,2,6.09,$/MCF,SAK,USA-AK,PG1,City Gate Price,N3050AK3,Natural Gas Citygate Price in Alaska (Dollars per Thousand Cubic Feet)
2013,2,4.59,$/MCF,NUS,U.S.,PEU,Electric Power Price,N3045US3,U.S. Natural Gas Electric Power Price (Dollars per Thousand Cubic Feet)
2013,2,4.63,$/MCF,SAK,USA-AK,PEU,Electric Power Price,N3045AK3,Alaska Natural Gas Price Sold to Electric Power Consumers (Dollars per Thousand Cubic Feet)
2013,2,4.54,$/MCF,NUS,U.S.,PIN,Industrial Price,N3035US3,United States Natural Gas Industrial Price (Dollars per Thousand Cubic Feet)
2013,2,8.08,$/MCF,SAK,USA-AK,PIN,Industrial Price,N3035AK3,Alaska Natural Gas Industrial Price (Dollars per Thousand Cubic Feet)
2013,2,7.78,$/MCF,NUS,U.S.,PCS,Price Delivered to Commercial Sectors,N3020US3,U.S. Price of Natural Gas Sold to Commercial Consumers (Dollars per Thousand Cubic Feet)
2013,2,8.29,$/MCF,SAK,USA-AK,PCS,Price Delivered to Commercial Sectors,N3020AK3,Alaska Price of Natural Gas Sold to Commercial Consumers (Dollars per Thousand Cubic Feet)
2013,2,9.23,$/MCF,NUS,U.S.,PRS,Price Delivered to Residential Consumers,N3010US3,U.S. Price of Natural Gas Delivered to Residential Consumers (Dollars per Thousand Cubic Feet)
2013,2,9.18,$/MCF,SAK,USA-AK,PRS,Price Delivered to Residential Consumers,N3010AK3,Alaska Price of Natural Gas Delivered to Residential Consumers (Dollars per Thousand Cubic Feet)
2013,1,4.52,$/MCF,NUS,U.S.,PG1,City Gate Price,N3050US3,U.S. Natural Gas Citygate Price (Dollars per Thousand Cubic Feet)
2013,1,6.3,$/MCF,SAK,USA-AK,PG1,City Gate Price,N3050AK3,Natural Gas Citygate Price in Alaska (Dollars per Thousand Cubic Feet)
2013,1,4.56,$/MCF,NUS,U.S.,PEU,Electric Power Price,N3045US3,U.S. Natural Gas Electric Power Price (Dollars per Thousand Cubic Feet)
2013,1,4.63,$/MCF,SAK,USA-AK,PEU,Electric Power Price,N3045AK3,Alaska Natural Gas Price Sold to Electric Power Consumers (Dollars per Thousand Cubic Feet)
2013,1,4.58,$/MCF,NUS,U.S.,PIN,Industrial Price,N3035US3,United States Natural Gas Industrial Price (Dollars per Thousand Cubic Feet)
2013,1,8.53,$/MCF,SAK,USA-AK,PIN,Industrial Price,N3035AK3,Alaska Natural Gas Industrial Price (Dollars per Thousand Cubic Feet)
2013,1,7.75,$/MCF,NUS,U.S.,PCS,Price Delivered to Commercial Sectors,N3020US3,U.S. Price of Natural Gas Sold to Commercial Consumers (Dollars per Thousand Cubic Feet)
2013,1,8.76,$/MCF,SAK,USA-AK,PCS,Price Delivered to Commercial Sectors,N3020AK3,Alaska Price of Natural Gas Sold to Commercial Consumers (Dollars per Thousand Cubic Feet)
2013,1,9.15,$/MCF,NUS,U.S.,PRS,Price Delivered to Residential Consumers,N3010US3,U.S. Price of Natural Gas Delivered to Residential Consumers (Dollars per Thousand Cubic Feet)
2013,1,9.07,$/MCF,SAK,USA-AK,PRS,Price Delivered to Residential Consumers,N3010AK3,Alaska Price of Natural Gas Delivered to Residential Consumers (Dollars per Thousand Cubic Feet)
2012,12,4.79,$/MCF,NUS,U.S.,PG1,City Gate Price,N3050US3,U.S. Natural Gas Citygate Price (Dollars per Thousand Cubic Feet)
2012,12,6.51,$/MCF,SAK,USA-AK,PG1,City Gate Price,N3050AK3,Natural Gas Citygate Price in Alaska (Dollars per Thousand Cubic Feet)
2012,12,4.35,$/MCF,NUS,U.S.,PEU,Electric Power Price,N3045US3,U.S. Natural Gas Electric Power Price (Dollars per Thousand Cubic Feet)
2012,12,4.13,$/MCF,SAK,USA-AK,PEU,Electric Power Price,N3045AK3,Alaska Natural Gas Price Sold to Electric Power Consumers (Dollars per Thousand Cubic Feet)
2012,12,4.73,$/MCF,NUS,U.S.,PIN,Industrial Price,N3035US3,United States Natural Gas Industrial Price (Dollars per Thousand Cubic Feet)
2012,12,6.59,$/MCF,SAK,USA-AK,PIN,Industrial Price,N3035AK3,Alaska Natural Gas Industrial Price (Dollars per Thousand Cubic Feet)
2012,12,8.18,$/MCF,NUS,U.S.,PCS,Price Delivered to Commercial Sectors,N3020US3,U.S. Price of Natural Gas Sold to Commercial Consumers (Dollars per Thousand Cubic Feet)
2012,12,8.4,$/MCF,SAK,USA-AK,PCS,Price Delivered to Commercial Sectors,N3020AK3,Alaska Price of Natural Gas Sold to Commercial Consumers (Dollars per Thousand Cubic Feet)
2012,12,9.8,$/MCF,NUS,U.S.,PRS,Price Delivered to Residential Consumers,N3010US3,U.S. Price of Natural Gas Delivered to Residential Consumers (Dollars per Thousand Cubic Feet)
2012,12,8.57,$/MCF,SAK,USA-AK,PRS,Price Delivered to Residential Consumers,N3010AK3,Alaska Price of Natural Gas Delivered to Residential Consumers (Dollars per Thousand Cubic Feet)
2012,11,4.79,$/MCF,NUS,U.S.,PG1,City Gate Price,N3050US3,U.S. Natural Gas Citygate Price (Dollars per Thousand Cubic Feet)
2012,11,6.04,$/MCF,SAK,USA-AK,PG1,City Gate Price,N3050AK3,Natural Gas Citygate Price in Alaska (Dollars per Thousand Cubic Feet)
2012,11,4.43,$/MCF,NUS,U.S.,PEU,Electric Power Price,N3045US3,U.S. Natural Gas Electric Power Price (Dollars per Thousand Cubic Feet)
2012,11,4.11,$/MCF,SAK,USA-AK,PEU,Electric Power Price,N3045AK3,Alaska Natural Gas Price Sold to Electric Power Consumers (Dollars per Thousand Cubic Feet)
2012,11,4.46,$/MCF,NUS,U.S.,PIN,Industrial Price,N3035US3,United States Natural Gas Industrial Price (Dollars per Thousand Cubic Feet)
2012,11,5.95,$/MCF,SAK,USA-AK,PIN,Industrial Price,N3035AK3,Alaska Natural Gas Industrial Price (Dollars per Thousand Cubic Feet)
2012,11,7.99,$/MCF,NUS,U.S.,PCS,Price Delivered to Commercial Sectors,N3020US3,U.S. Price of Natural Gas Sold to Commercial Consumers (Dollars per Thousand Cubic Feet)
2012,11,7.79,$/MCF,SAK,USA-AK,PCS,Price Delivered to Commercial Sectors,N3020AK3,Alaska Price of Natural Gas Sold to Commercial Consumers (Dollars per Thousand Cubic Feet)
2012,11,9.99,$/MCF,NUS,U.S.,PRS,Price Delivered to Residential Consumers,N3010US3,U.S. Price of Natural Gas Delivered to Residential Consumers (Dollars per Thousand Cubic Feet)
2012,11,7.86,$/MCF,SAK,USA-AK,PRS,Price Delivered to Residential Consumers,N3010AK3,Alaska Price of Natural Gas Delivered to Residential Consumers (Dollars per Thousand Cubic Feet)
2012,10,4.65,$/MCF,NUS,U.S.,PG1,City Gate Price,N3050US3,U.S. Natural Gas Citygate Price (Dollars per Thousand Cubic Feet)
2012,10,5.89,$/MCF,SAK,USA-AK,PG1,City Gate Price,N3050AK3,Natural Gas Citygate Price in Alaska (Dollars per Thousand Cubic Feet)
2012,10,4,$/MCF,NUS,U.S.,PEU,Electric Power Price,N3045US3,U.S. Natural Gas Electric Power Price (Dollars per Thousand Cubic Feet)
2012,10,4.17,$/MCF,SAK,USA-AK,PEU,Electric Power Price,N3045AK3,Alaska Natural Gas Price Sold to Electric Power Consumers (Dollars per Thousand Cubic Feet)
2012,10,3.94,$/MCF,NUS,U.S.,PIN,Industrial Price,N3035US3,United States Natural Gas Industrial Price (Dollars per Thousand Cubic Feet)
2012,10,4.14,$/MCF,SAK,USA-AK,PIN,Industrial Price,N3035AK3,Alaska Natural Gas Industrial Price (Dollars per Thousand Cubic Feet)
2012,10,8.07,$/MCF,NUS,U.S.,PCS,Price Delivered to Commercial Sectors,N3020US3,U.S. Price of Natural Gas Sold to Commercial Consumers (Dollars per Thousand Cubic Feet)
2012,10,7.87,$/MCF,SAK,USA-AK,PCS,Price Delivered to Commercial Sectors,N3020AK3,Alaska Price of Natural Gas Sold to Commercial Consumers (Dollars per Thousand Cubic Feet)
2012,10,11.68,$/MCF,NUS,U.S.,PRS,Price Delivered to Residential Consumers,N3010US3,U.S. Price of Natural Gas Delivered to Residential Consumers (Dollars per Thousand Cubic Feet)
2012,10,8.21,$/MCF,SAK,USA-AK,PRS,Price Delivered to Residential Consumers,N3010AK3,Alaska Price of Natural Gas Delivered to Residential Consumers (Dollars per Thousand Cubic Feet)
2012,9,4.76,$/MCF,NUS,U.S.,PG1,City Gate Price,N3050US3,U.S. Natural Gas Citygate Price (Dollars per Thousand Cubic Feet)
2012,9,6.14,$/MCF,SAK,USA-AK,PG1,City Gate Price,N3050AK3,Natural Gas Citygate Price in Alaska (Dollars per Thousand Cubic Feet)
2012,9,3.54,$/MCF,NUS,U.S.,PEU,Electric Power Price,N3045US3,U.S. Natural Gas Electric Power Price (Dollars per Thousand Cubic Feet)
2012,9,4.14,$/MCF,SAK,USA-AK,PEU,Electric Power Price,N3045AK3,Alaska Natural Gas Price Sold to Electric Power Consumers (Dollars per Thousand Cubic Feet)
2012,9,3.56,$/MCF,NUS,U.S.,PIN,Industrial Price,N3035US3,United States Natural Gas Industrial Price (Dollars per Thousand Cubic Feet)
2012,9,4.53,$/MCF,SAK,USA-AK,PIN,Industrial Price,N3035AK3,Alaska Natural Gas Industrial Price (Dollars per Thousand Cubic Feet)
2012,9,8.35,$/MCF,NUS,U.S.,PCS,Price Delivered to Commercial Sectors,N3020US3,U.S. Price of Natural Gas Sold to Commercial Consumers (Dollars per Thousand Cubic Feet)
2012,9,7.91,$/MCF,SAK,USA-AK,PCS,Price Delivered to Commercial Sectors,N3020AK3,Alaska Price of Natural Gas Sold to Commercial Consumers (Dollars per Thousand Cubic Feet)
2012,9,14.72,$/MCF,NUS,U.S.,PRS,Price Delivered to Residential Consumers,N3010US3,U.S. Price of Natural Gas Delivered to Residential Consumers (Dollars per Thousand Cubic Feet)
2012,9,8.74,$/MCF,SAK,USA-AK,PRS,Price Delivered to Residential Consumers,N3010AK3,Alaska Price of Natural Gas Delivered to Residential Consumers (Dollars per Thousand Cubic Feet)
2012,8,5.13,$/MCF,NUS,U.S.,PG1,City Gate Price,N3050US3,U.S. Natural Gas Citygate Price (Dollars per Thousand Cubic Feet)
2012,8,6.42,$/MCF,SAK,USA-AK,PG1,City Gate Price,N3050AK3,Natural Gas Citygate Price in Alaska (Dollars per Thousand Cubic Feet)
2012,8,3.61,$/MCF,NUS,U.S.,PEU,Electric Power Price,N3045US3,U.S. Natural Gas Electric Power Price (Dollars per Thousand Cubic Feet)
2012,8,4.16,$/MCF,SAK,USA-AK,PEU,Electric Power Price,N3045AK3,Alaska Natural Gas Price Sold to Electric Power Consumers (Dollars per Thousand Cubic Feet)
2012,8,3.83,$/MCF,NUS,U.S.,PIN,Industrial Price,N3035US3,United States Natural Gas Industrial Price (Dollars per Thousand Cubic Feet)
2012,8,4.8,$/MCF,SAK,USA-AK,PIN,Industrial Price,N3035AK3,Alaska Natural Gas Industrial Price (Dollars per Thousand Cubic Feet)
2012,8,8.71,$/MCF,NUS,U.S.,PCS,Price Delivered to Commercial Sectors,N3020US3,U.S. Price of Natural Gas Sold to Commercial Consumers (Dollars per Thousand Cubic Feet)
2012,8,7.99,$/MCF,SAK,USA-AK,PCS,Price Delivered to Commercial Sectors,N3020AK3,Alaska Price of Natural Gas Sold to Commercial Consumers (Dollars per Thousand Cubic Feet)
2012,8,15.82,$/MCF,NUS,U.S.,PRS,Price Delivered to Residential Consumers,N3010US3,U.S. Price of Natural Gas Delivered to Residential Consumers (Dollars per Thousand Cubic Feet)
2012,8,10.07,$/MCF,SAK,USA-AK,PRS,Price Delivered to Residential Consumers,N3010AK3,Alaska Price of Natural Gas Delivered to Residential Consumers (Dollars per Thousand Cubic Feet)
2012,7,4.88,$/MCF,NUS,U.S.,PG1,City Gate Price,N3050US3,U.S. Natural Gas Citygate Price (Dollars per Thousand Cubic Feet)
2012,7,5.82,$/MCF,SAK,USA-AK,PG1,City Gate Price,N3050AK3,Natural Gas Citygate Price in Alaska (Dollars per Thousand Cubic Feet)
2012,7,3.54,$/MCF,NUS,U.S.,PEU,Electric Power Price,N3045US3,U.S. Natural Gas Electric Power Price (Dollars per Thousand Cubic Feet)
2012,7,3.95,$/MCF,SAK,USA-AK,PEU,Electric Power Price,N3045AK3,Alaska Natural Gas Price Sold to Electric Power Consumers (Dollars per Thousand Cubic Feet)
2012,7,3.6,$/MCF,NUS,U.S.,PIN,Industrial Price,N3035US3,United States Natural Gas Industrial Price (Dollars per Thousand Cubic Feet)
2012,7,6.39,$/MCF,SAK,USA-AK,PIN,Industrial Price,N3035AK3,Alaska Natural Gas Industrial Price (Dollars per Thousand Cubic Feet)
2012,7,8.52,$/MCF,NUS,U.S.,PCS,Price Delivered to Commercial Sectors,N3020US3,U.S. Price of Natural Gas Sold to Commercial Consumers (Dollars per Thousand Cubic Feet)
2012,7,8.08,$/MCF,SAK,USA-AK,PCS,Price Delivered to Commercial Sectors,N3020AK3,Alaska Price of Natural Gas Sold to Commercial Consumers (Dollars per Thousand Cubic Feet)
2012,7,15.13,$/MCF,NUS,U.S.,PRS,Price Delivered to Residential Consumers,N3010US3,U.S. Price of Natural Gas Delivered to Residential Consumers (Dollars per Thousand Cubic Feet)
2012,7,9.7,$/MCF,SAK,USA-AK,PRS,Price Delivered to Residential Consumers,N3010AK3,Alaska Price of Natural Gas Delivered to Residential Consumers (Dollars per Thousand Cubic Feet)
2012,6,4.63,$/MCF,NUS,U.S.,PG1,City Gate Price,N3050US3,U.S. Natural Gas Citygate Price (Dollars per Thousand Cubic Feet)
2012,6,5.62,$/MCF,SAK,USA-AK,PG1,City Gate Price,N3050AK3,Natural Gas Citygate Price in Alaska (Dollars per Thousand Cubic Feet)
2012,6,3.21,$/MCF,NUS,U.S.,PEU,Electric Power Price,N3045US3,U.S. Natural Gas Electric Power Price (Dollars per Thousand Cubic Feet)
2012,6,4.05,$/MCF,SAK,USA-AK,PEU,Electric Power Price,N3045AK3,Alaska Natural Gas Price Sold to Electric Power Consumers (Dollars per Thousand Cubic Feet)
2012,6,3.34,$/MCF,NUS,U.S.,PIN,Industrial Price,N3035US3,United States Natural Gas Industrial Price (Dollars per Thousand Cubic Feet)
2012,6,6.27,$/MCF,SAK,USA-AK,PIN,Industrial Price,N3035AK3,Alaska Natural Gas Industrial Price (Dollars per Thousand Cubic Feet)
2012,6,8.44,$/MCF,NUS,U.S.,PCS,Price Delivered to Commercial Sectors,N3020US3,U.S. Price of Natural Gas Sold to Commercial Consumers (Dollars per Thousand Cubic Feet)
2012,6,7.88,$/MCF,SAK,USA-AK,PCS,Price Delivered to Commercial Sectors,N3020AK3,Alaska Price of Natural Gas Sold to Commercial Consumers (Dollars per Thousand Cubic Feet)
2012,6,14.18,$/MCF,NUS,U.S.,PRS,Price Delivered to Residential Consumers,N3010US3,U.S. Price of Natural Gas Delivered to Residential Consumers (Dollars per Thousand Cubic Feet)
2012,6,9.57,$/MCF,SAK,USA-AK,PRS,Price Delivered to Residential Consumers,N3010AK3,Alaska Price of Natural Gas Delivered to Residential Consumers (Dollars per Thousand Cubic Feet)
2012,5,4.3,$/MCF,NUS,U.S.,PG1,City Gate Price,N3050US3,U.S. Natural Gas Citygate Price (Dollars per Thousand Cubic Feet)
2012,5,5.72,$/MCF,SAK,USA-AK,PG1,City Gate Price,N3050AK3,Natural Gas Citygate Price in Alaska (Dollars per Thousand Cubic Feet)
2012,5,3.05,$/MCF,NUS,U.S.,PEU,Electric Power Price,N3045US3,U.S. Natural Gas Electric Power Price (Dollars per Thousand Cubic Feet)
2012,5,4.1,$/MCF,SAK,USA-AK,PEU,Electric Power Price,N3045AK3,Alaska Natural Gas Price Sold to Electric Power Consumers (Dollars per Thousand Cubic Feet)
2012,5,3.02,$/MCF,NUS,U.S.,PIN,Industrial Price,N3035US3,United States Natural Gas Industrial Price (Dollars per Thousand Cubic Feet)
2012,5,5.11,$/MCF,SAK,USA-AK,PIN,Industrial Price,N3035AK3,Alaska Natural Gas Industrial Price (Dollars per Thousand Cubic Feet)
2012,5,8.14,$/MCF,NUS,U.S.,PCS,Price Delivered to Commercial Sectors,N3020US3,U.S. Price of Natural Gas Sold to Commercial Consumers (Dollars per Thousand Cubic Feet)
2012,5,7.93,$/MCF,SAK,USA-AK,PCS,Price Delivered to Commercial Sectors,N3020AK3,Alaska Price of Natural Gas Sold to Commercial Consumers (Dollars per Thousand Cubic Feet)
2012,5,12.61,$/MCF,NUS,U.S.,PRS,Price Delivered to Residential Consumers,N3010US3,U.S. Price of Natural Gas Delivered to Residential Consumers (Dollars per Thousand Cubic Feet)
2012,5,8.93,$/MCF,SAK,USA-AK,PRS,Price Delivered to Residential Consumers,N3010AK3,Alaska Price of Natural Gas Delivered to Residential Consumers (Dollars per Thousand Cubic Feet)
2012,4,4.19,$/MCF,NUS,U.S.,PG1,City Gate Price,N3050US3,U.S. Natural Gas Citygate Price (Dollars per Thousand Cubic Feet)
2012,4,5.91,$/MCF,SAK,USA-AK,PG1,City Gate Price,N3050AK3,Natural Gas Citygate Price in Alaska (Dollars per Thousand Cubic Feet)
2012,4,2.81,$/MCF,NUS,U.S.,PEU,Electric Power Price,N3045US3,U.S. Natural Gas Electric Power Price (Dollars per Thousand Cubic Feet)
2012,4,4.43,$/MCF,SAK,USA-AK,PEU,Electric Power Price,N3045AK3,Alaska Natural Gas Price Sold to Electric Power Consumers (Dollars per Thousand Cubic Feet)
2012,4,3.21,$/MCF,NUS,U.S.,PIN,Industrial Price,N3035US3,United States Natural Gas Industrial Price (Dollars per Thousand Cubic Feet)
2012,4,3,$/MCF,SAK,USA-AK,PIN,Industrial Price,N3035AK3,Alaska Natural Gas Industrial Price (Dollars per Thousand Cubic Feet)
2012,4,8.04,$/MCF,NUS,U.S.,PCS,Price Delivered to Commercial Sectors,N3020US3,U.S. Price of Natural Gas Sold to Commercial Consumers (Dollars per Thousand Cubic Feet)
2012,4,7.99,$/MCF,SAK,USA-AK,PCS,Price Delivered to Commercial Sectors,N3020AK3,Alaska Price of Natural Gas Sold to Commercial Consumers (Dollars per Thousand Cubic Feet)
2012,4,10.94,$/MCF,NUS,U.S.,PRS,Price Delivered to Residential Consumers,N3010US3,U.S. Price of Natural Gas Delivered to Residential Consumers (Dollars per Thousand Cubic Feet)
2012,4,8.47,$/MCF,SAK,USA-AK,PRS,Price Delivered to Residential Consumers,N3010AK3,Alaska Price of Natural Gas Delivered to Residential Consumers (Dollars per Thousand Cubic Feet)
2012,3,4.84,$/MCF,NUS,U.S.,PG1,City Gate Price,N3050US3,U.S. Natural Gas Citygate Price (Dollars per Thousand Cubic Feet)
2012,3,5.79,$/MCF,SAK,USA-AK,PG1,City Gate Price,N3050AK3,Natural Gas Citygate Price in Alaska (Dollars per Thousand Cubic Feet)
2012,3,3.09,$/MCF,NUS,U.S.,PEU,Electric Power Price,N3045US3,U.S. Natural Gas Electric Power Price (Dollars per Thousand Cubic Feet)
2012,3,4.57,$/MCF,SAK,USA-AK,PEU,Electric Power Price,N3045AK3,Alaska Natural Gas Price Sold to Electric Power Consumers (Dollars per Thousand Cubic Feet)
2012,3,3.71,$/MCF,NUS,U.S.,PIN,Industrial Price,N3035US3,United States Natural Gas Industrial Price (Dollars per Thousand Cubic Feet)
2012,3,3.35,$/MCF,SAK,USA-AK,PIN,Industrial Price,N3035AK3,Alaska Natural Gas Industrial Price (Dollars per Thousand Cubic Feet)
2012,3,8.16,$/MCF,NUS,U.S.,PCS,Price Delivered to Commercial Sectors,N3020US3,U.S. Price of Natural Gas Sold to Commercial Consumers (Dollars per Thousand Cubic Feet)
2012,3,8.09,$/MCF,SAK,USA-AK,PCS,Price Delivered to Commercial Sectors,N3020AK3,Alaska Price of Natural Gas Sold to Commercial Consumers (Dollars per Thousand Cubic Feet)
2012,3,10.41,$/MCF,NUS,U.S.,PRS,Price Delivered to Residential Consumers,N3010US3,U.S. Price of Natural Gas Delivered to Residential Consumers (Dollars per Thousand Cubic Feet)
2012,3,8.17,$/MCF,SAK,USA-AK,PRS,Price Delivered to Residential Consumers,N3010AK3,Alaska Price of Natural Gas Delivered to Residential Consumers (Dollars per Thousand Cubic Feet)
2012,2,4.73,$/MCF,NUS,U.S.,PG1,City Gate Price,N3050US3,U.S. Natural Gas Citygate Price (Dollars per Thousand Cubic Feet)
2012,2,6.03,$/MCF,SAK,USA-AK,PG1,City Gate Price,N3050AK3,Natural Gas Citygate Price in Alaska (Dollars per Thousand Cubic Feet)
2012,2,3.46,$/MCF,NUS,U.S.,PEU,Electric Power Price,N3045US3,U.S. Natural Gas Electric Power Price (Dollars per Thousand Cubic Feet)
2012,2,4.83,$/MCF,SAK,USA-AK,PEU,Electric Power Price,N3045AK3,Alaska Natural Gas Price Sold to Electric Power Consumers (Dollars per Thousand Cubic Feet)
2012,2,4.19,$/MCF,NUS,U.S.,PIN,Industrial Price,N3035US3,United States Natural Gas Industrial Price (Dollars per Thousand Cubic Feet)
2012,2,4.45,$/MCF,SAK,USA-AK,PIN,Industrial Price,N3035AK3,Alaska Natural Gas Industrial Price (Dollars per Thousand Cubic Feet)
2012,2,7.76,$/MCF,NUS,U.S.,PCS,Price Delivered to Commercial Sectors,N3020US3,U.S. Price of Natural Gas Sold to Commercial Consumers (Dollars per Thousand Cubic Feet)
2012,2,8.32,$/MCF,SAK,USA-AK,PCS,Price Delivered to Commercial Sectors,N3020AK3,Alaska Price of Natural Gas Sold to Commercial Consumers (Dollars per Thousand Cubic Feet)
2012,2,9.47,$/MCF,NUS,U.S.,PRS,Price Delivered to Residential Consumers,N3010US3,U.S. Price of Natural Gas Delivered to Residential Consumers (Dollars per Thousand Cubic Feet)
2012,2,8.48,$/MCF,SAK,USA-AK,PRS,Price Delivered to Residential Consumers,N3010AK3,Alaska Price of Natural Gas Delivered to Residential Consumers (Dollars per Thousand Cubic Feet)
2012,1,4.85,$/MCF,NUS,U.S.,PG1,City Gate Price,N3050US3,U.S. Natural Gas Citygate Price (Dollars per Thousand Cubic Feet)
2012,1,6.7,$/MCF,SAK,USA-AK,PG1,City Gate Price,N3050AK3,Natural Gas Citygate Price in Alaska (Dollars per Thousand Cubic Feet)
2012,1,3.82,$/MCF,NUS,U.S.,PEU,Electric Power Price,N3045US3,U.S. Natural Gas Electric Power Price (Dollars per Thousand Cubic Feet)
2012,1,4.94,$/MCF,SAK,USA-AK,PEU,Electric Power Price,N3045AK3,Alaska Natural Gas Price Sold to Electric Power Consumers (Dollars per Thousand Cubic Feet)
2012,1,4.58,$/MCF,NUS,U.S.,PIN,Industrial Price,N3035US3,United States Natural Gas Industrial Price (Dollars per Thousand Cubic Feet)
2012,1,4.24,$/MCF,SAK,USA-AK,PIN,Industrial Price,N3035AK3,Alaska Natural Gas Industrial Price (Dollars per Thousand Cubic Feet)
2012,1,8.04,$/MCF,NUS,U.S.,PCS,Price Delivered to Commercial Sectors,N3020US3,U.S. Price of Natural Gas Sold to Commercial Consumers (Dollars per Thousand Cubic Feet)
2012,1,8.29,$/MCF,SAK,USA-AK,PCS,Price Delivered to Commercial Sectors,N3020AK3,Alaska Price of Natural Gas Sold to Commercial Consumers (Dollars per Thousand Cubic Feet)
2012,1,9.62,$/MCF,NUS,U.S.,PRS,Price Delivered to Residential Consumers,N3010US3,U.S. Price of Natural Gas Delivered to Residential Consumers (Dollars per Thousand Cubic Feet)
2012,1,8.26,$/MCF,SAK,USA-AK,PRS,Price Delivered to Residential Consumers,N3010AK3,Alaska Price of Natural Gas Delivered to Residential Consumers (Dollars per Thousand Cubic Feet)
2011,12,5.03,$/MCF,NUS,U.S.,PG1,City Gate Price,N3050US3,U.S. Natural Gas Citygate Price (Dollars per Thousand Cubic Feet)
2011,12,6.39,$/MCF,SAK,USA-AK,PG1,City Gate Price,N3050AK3,Natural Gas Citygate Price in Alaska (Dollars per Thousand Cubic Feet)
2011,12,4.18,$/MCF,NUS,U.S.,PEU,Electric Power Price,N3045US3,U.S. Natural Gas Electric Power Price (Dollars per Thousand Cubic Feet)
2011,12,4.94,$/MCF,SAK,USA-AK,PEU,Electric Power Price,N3045AK3,Alaska Natural Gas Price Sold to Electric Power Consumers (Dollars per Thousand Cubic Feet)
2011,12,4.59,$/MCF,NUS,U.S.,PIN,Industrial Price,N3035US3,United States Natural Gas Industrial Price (Dollars per Thousand Cubic Feet)
2011,12,3.24,$/MCF,SAK,USA-AK,PIN,Industrial Price,N3035AK3,Alaska Natural Gas Industrial Price (Dollars per Thousand Cubic Feet)
2011,12,8.3,$/MCF,NUS,U.S.,PCS,Price Delivered to Commercial Sectors,N3020US3,U.S. Price of Natural Gas Sold to Commercial Consumers (Dollars per Thousand Cubic Feet)
2011,12,7.88,$/MCF,SAK,USA-AK,PCS,Price Delivered to Commercial Sectors,N3020AK3,Alaska Price of Natural Gas Sold to Commercial Consumers (Dollars per Thousand Cubic Feet)
2011,12,9.83,$/MCF,NUS,U.S.,PRS,Price Delivered to Residential Consumers,N3010US3,U.S. Price of Natural Gas Delivered to Residential Consumers (Dollars per Thousand Cubic Feet)
2011,12,8.43,$/MCF,SAK,USA-AK,PRS,Price Delivered to Residential Consumers,N3010AK3,Alaska Price of Natural Gas Delivered to Residential Consumers (Dollars per Thousand Cubic Feet)
2011,11,5.29,$/MCF,NUS,U.S.,PG1,City Gate Price,N3050US3,U.S. Natural Gas Citygate Price (Dollars per Thousand Cubic Feet)
2011,11,6.18,$/MCF,SAK,USA-AK,PG1,City Gate Price,N3050AK3,Natural Gas Citygate Price in Alaska (Dollars per Thousand Cubic Feet)
2011,11,4.26,$/MCF,NUS,U.S.,PEU,Electric Power Price,N3045US3,U.S. Natural Gas Electric Power Price (Dollars per Thousand Cubic Feet)
2011,11,5.1,$/MCF,SAK,USA-AK,PEU,Electric Power Price,N3045AK3,Alaska Natural Gas Price Sold to Electric Power Consumers (Dollars per Thousand Cubic Feet)
2011,11,4.64,$/MCF,NUS,U.S.,PIN,Industrial Price,N3035US3,United States Natural Gas Industrial Price (Dollars per Thousand Cubic Feet)
2011,11,3.4,$/MCF,SAK,USA-AK,PIN,Industrial Price,N3035AK3,Alaska Natural Gas Industrial Price (Dollars per Thousand Cubic Feet)
2011,11,8.62,$/MCF,NUS,U.S.,PCS,Price Delivered to Commercial Sectors,N3020US3,U.S. Price of Natural Gas Sold to Commercial Consumers (Dollars per Thousand Cubic Feet)
2011,11,7.86,$/MCF,SAK,USA-AK,PCS,Price Delivered to Commercial Sectors,N3020AK3,Alaska Price of Natural Gas Sold to Commercial Consumers (Dollars per Thousand Cubic Feet)
2011,11,10.78,$/MCF,NUS,U.S.,PRS,Price Delivered to Residential Consumers,N3010US3,U.S. Price of Natural Gas Delivered to Residential Consumers (Dollars per Thousand Cubic Feet)
2011,11,8.23,$/MCF,SAK,USA-AK,PRS,Price Delivered to Residential Consumers,N3010AK3,Alaska Price of Natural Gas Delivered to Residential Consumers (Dollars per Thousand Cubic Feet)
2011,10,5.45,$/MCF,NUS,U.S.,PG1,City Gate Price,N3050US3,U.S. Natural Gas Citygate Price (Dollars per Thousand Cubic Feet)
2011,10,6.09,$/MCF,SAK,USA-AK,PG1,City Gate Price,N3050AK3,Natural Gas Citygate Price in Alaska (Dollars per Thousand Cubic Feet)
2011,10,4.49,$/MCF,NUS,U.S.,PEU,Electric Power Price,N3045US3,U.S. Natural Gas Electric Power Price (Dollars per Thousand Cubic Feet)
2011,10,4.89,$/MCF,SAK,USA-AK,PEU,Electric Power Price,N3045AK3,Alaska Natural Gas Price Sold to Electric Power Consumers (Dollars per Thousand Cubic Feet)
2011,10,4.71,$/MCF,NUS,U.S.,PIN,Industrial Price,N3035US3,United States Natural Gas Industrial Price (Dollars per Thousand Cubic Feet)
2011,10,3.62,$/MCF,SAK,USA-AK,PIN,Industrial Price,N3035AK3,Alaska Natural Gas Industrial Price (Dollars per Thousand Cubic Feet)
2011,10,8.94,$/MCF,NUS,U.S.,PCS,Price Delivered to Commercial Sectors,N3020US3,U.S. Price of Natural Gas Sold to Commercial Consumers (Dollars per Thousand Cubic Feet)
2011,10,8.05,$/MCF,SAK,USA-AK,PCS,Price Delivered to Commercial Sectors,N3020AK3,Alaska Price of Natural Gas Sold to Commercial Consumers (Dollars per Thousand Cubic Feet)
2011,10,12.85,$/MCF,NUS,U.S.,PRS,Price Delivered to Residential Consumers,N3010US3,U.S. Price of Natural Gas Delivered to Residential Consumers (Dollars per Thousand Cubic Feet)
2011,10,8.7,$/MCF,SAK,USA-AK,PRS,Price Delivered to Residential Consumers,N3010AK3,Alaska Price of Natural Gas Delivered to Residential Consumers (Dollars per Thousand Cubic Feet)
2011,9,5.94,$/MCF,NUS,U.S.,PG1,City Gate Price,N3050US3,U.S. Natural Gas Citygate Price (Dollars per Thousand Cubic Feet)
2011,9,5.91,$/MCF,SAK,USA-AK,PG1,City Gate Price,N3050AK3,Natural Gas Citygate Price in Alaska (Dollars per Thousand Cubic Feet)
2011,9,4.71,$/MCF,NUS,U.S.,PEU,Electric Power Price,N3045US3,U.S. Natural Gas Electric Power Price (Dollars per Thousand Cubic Feet)
2011,9,4.91,$/MCF,SAK,USA-AK,PEU,Electric Power Price,N3045AK3,Alaska Natural Gas Price Sold to Electric Power Consumers (Dollars per Thousand Cubic Feet)
2011,9,4.84,$/MCF,NUS,U.S.,PIN,Industrial Price,N3035US3,United States Natural Gas Industrial Price (Dollars per Thousand Cubic Feet)
2011,9,3.57,$/MCF,SAK,USA-AK,PIN,Industrial Price,N3035AK3,Alaska Natural Gas Industrial Price (Dollars per Thousand Cubic Feet)
2011,9,9.46,$/MCF,NUS,U.S.,PCS,Price Delivered to Commercial Sectors,N3020US3,U.S. Price of Natural Gas Sold to Commercial Consumers (Dollars per Thousand Cubic Feet)
2011,9,8.04,$/MCF,SAK,USA-AK,PCS,Price Delivered to Commercial Sectors,N3020AK3,Alaska Price of Natural Gas Sold to Commercial Consumers (Dollars per Thousand Cubic Feet)
2011,9,15.63,$/MCF,NUS,U.S.,PRS,Price Delivered to Residential Consumers,N3010US3,U.S. Price of Natural Gas Delivered to Residential Consumers (Dollars per Thousand Cubic Feet)
2011,9,9.13,$/MCF,SAK,USA-AK,PRS,Price Delivered to Residential Consumers,N3010AK3,Alaska Price of Natural Gas Delivered to Residential Consumers (Dollars per Thousand Cubic Feet)
2011,8,6.19,$/MCF,NUS,U.S.,PG1,City Gate Price,N3050US3,U.S. Natural Gas Citygate Price (Dollars per Thousand Cubic Feet)
2011,8,5.44,$/MCF,SAK,USA-AK,PG1,City Gate Price,N3050AK3,Natural Gas Citygate Price in Alaska (Dollars per Thousand Cubic Feet)
2011,8,4.85,$/MCF,NUS,U.S.,PEU,Electric Power Price,N3045US3,U.S. Natural Gas Electric Power Price (Dollars per Thousand Cubic Feet)
2011,8,4.98,$/MCF,SAK,USA-AK,PEU,Electric Power Price,N3045AK3,Alaska Natural Gas Price Sold to Electric Power Consumers (Dollars per Thousand Cubic Feet)
2011,8,5.21,$/MCF,NUS,U.S.,PIN,Industrial Price,N3035US3,United States Natural Gas Industrial Price (Dollars per Thousand Cubic Feet)
2011,8,4.06,$/MCF,SAK,USA-AK,PIN,Industrial Price,N3035AK3,Alaska Natural Gas Industrial Price (Dollars per Thousand Cubic Feet)
2011,8,9.77,$/MCF,NUS,U.S.,PCS,Price Delivered to Commercial Sectors,N3020US3,U.S. Price of Natural Gas Sold to Commercial Consumers (Dollars per Thousand Cubic Feet)
2011,8,7.85,$/MCF,SAK,USA-AK,PCS,Price Delivered to Commercial Sectors,N3020AK3,Alaska Price of Natural Gas Sold to Commercial Consumers (Dollars per Thousand Cubic Feet)
2011,8,16.67,$/MCF,NUS,U.S.,PRS,Price Delivered to Residential Consumers,N3010US3,U.S. Price of Natural Gas Delivered to Residential Consumers (Dollars per Thousand Cubic Feet)
2011,8,9.41,$/MCF,SAK,USA-AK,PRS,Price Delivered to Residential Consumers,N3010AK3,Alaska Price of Natural Gas Delivered to Residential Consumers (Dollars per Thousand Cubic Feet)
2011,7,6.16,$/MCF,NUS,U.S.,PG1,City Gate Price,N3050US3,U.S. Natural Gas Citygate Price (Dollars per Thousand Cubic Feet)
2011,7,5.46,$/MCF,SAK,USA-AK,PG1,City Gate Price,N3050AK3,Natural Gas Citygate Price in Alaska (Dollars per Thousand Cubic Feet)
2011,7,5.13,$/MCF,NUS,U.S.,PEU,Electric Power Price,N3045US3,U.S. Natural Gas Electric Power Price (Dollars per Thousand Cubic Feet)
2011,7,4.98,$/MCF,SAK,USA-AK,PEU,Electric Power Price,N3045AK3,Alaska Natural Gas Price Sold to Electric Power Consumers (Dollars per Thousand Cubic Feet)
2011,7,5.05,$/MCF,NUS,U.S.,PIN,Industrial Price,N3035US3,United States Natural Gas Industrial Price (Dollars per Thousand Cubic Feet)
2011,7,4.06,$/MCF,SAK,USA-AK,PIN,Industrial Price,N3035AK3,Alaska Natural Gas Industrial Price (Dollars per Thousand Cubic Feet)
2011,7,9.58,$/MCF,NUS,U.S.,PCS,Price Delivered to Commercial Sectors,N3020US3,U.S. Price of Natural Gas Sold to Commercial Consumers (Dollars per Thousand Cubic Feet)
2011,7,7.78,$/MCF,SAK,USA-AK,PCS,Price Delivered to Commercial Sectors,N3020AK3,Alaska Price of Natural Gas Sold to Commercial Consumers (Dollars per Thousand Cubic Feet)
2011,7,16.14,$/MCF,NUS,U.S.,PRS,Price Delivered to Residential Consumers,N3010US3,U.S. Price of Natural Gas Delivered to Residential Consumers (Dollars per Thousand Cubic Feet)
2011,7,9.7,$/MCF,SAK,USA-AK,PRS,Price Delivered to Residential Consumers,N3010AK3,Alaska Price of Natural Gas Delivered to Residential Consumers (Dollars per Thousand Cubic Feet)
2011,6,6.12,$/MCF,NUS,U.S.,PG1,City Gate Price,N3050US3,U.S. Natural Gas Citygate Price (Dollars per Thousand Cubic Feet)
2011,6,6.36,$/MCF,SAK,USA-AK,PG1,City Gate Price,N3050AK3,Natural Gas Citygate Price in Alaska (Dollars per Thousand Cubic Feet)
2011,6,5.2,$/MCF,NUS,U.S.,PEU,Electric Power Price,N3045US3,U.S. Natural Gas Electric Power Price (Dollars per Thousand Cubic Feet)
2011,6,5.27,$/MCF,SAK,USA-AK,PEU,Electric Power Price,N3045AK3,Alaska Natural Gas Price Sold to Electric Power Consumers (Dollars per Thousand Cubic Feet)
2011,6,5.21,$/MCF,NUS,U.S.,PIN,Industrial Price,N3035US3,United States Natural Gas Industrial Price (Dollars per Thousand Cubic Feet)
2011,6,4.09,$/MCF,SAK,USA-AK,PIN,Industrial Price,N3035AK3,Alaska Natural Gas Industrial Price (Dollars per Thousand Cubic Feet)
2011,6,9.57,$/MCF,NUS,U.S.,PCS,Price Delivered to Commercial Sectors,N3020US3,U.S. Price of Natural Gas Sold to Commercial Consumers (Dollars per Thousand Cubic Feet)
2011,6,7.91,$/MCF,SAK,USA-AK,PCS,Price Delivered to Commercial Sectors,N3020AK3,Alaska Price of Natural Gas Sold to Commercial Consumers (Dollars per Thousand Cubic Feet)
2011,6,14.7,$/MCF,NUS,U.S.,PRS,Price Delivered to Residential Consumers,N3010US3,U.S. Price of Natural Gas Delivered to Residential Consumers (Dollars per Thousand Cubic Feet)
2011,6,9.6,$/MCF,SAK,USA-AK,PRS,Price Delivered to Residential Consumers,N3010AK3,Alaska Price of Natural Gas Delivered to Residential Consumers (Dollars per Thousand Cubic Feet)
2011,5,5.8,$/MCF,NUS,U.S.,PG1,City Gate Price,N3050US3,U.S. Natural Gas Citygate Price (Dollars per Thousand Cubic Feet)
2011,5,6.74,$/MCF,SAK,USA-AK,PG1,City Gate Price,N3050AK3,Natural Gas Citygate Price in Alaska (Dollars per Thousand Cubic Feet)
2011,5,5.04,$/MCF,NUS,U.S.,PEU,Electric Power Price,N3045US3,U.S. Natural Gas Electric Power Price (Dollars per Thousand Cubic Feet)
2011,5,5.34,$/MCF,SAK,USA-AK,PEU,Electric Power Price,N3045AK3,Alaska Natural Gas Price Sold to Electric Power Consumers (Dollars per Thousand Cubic Feet)
2011,5,5.21,$/MCF,NUS,U.S.,PIN,Industrial Price,N3035US3,United States Natural Gas Industrial Price (Dollars per Thousand Cubic Feet)
2011,5,4.18,$/MCF,SAK,USA-AK,PIN,Industrial Price,N3035AK3,Alaska Natural Gas Industrial Price (Dollars per Thousand Cubic Feet)
2011,5,9.35,$/MCF,NUS,U.S.,PCS,Price Delivered to Commercial Sectors,N3020US3,U.S. Price of Natural Gas Sold to Commercial Consumers (Dollars per Thousand Cubic Feet)
2011,5,8.54,$/MCF,SAK,USA-AK,PCS,Price Delivered to Commercial Sectors,N3020AK3,Alaska Price of Natural Gas Sold to Commercial Consumers (Dollars per Thousand Cubic Feet)
2011,5,12.5,$/MCF,NUS,U.S.,PRS,Price Delivered to Residential Consumers,N3010US3,U.S. Price of Natural Gas Delivered to Residential Consumers (Dollars per Thousand Cubic Feet)
2011,5,9.67,$/MCF,SAK,USA-AK,PRS,Price Delivered to Residential Consumers,N3010AK3,Alaska Price of Natural Gas Delivered to Residential Consumers (Dollars per Thousand Cubic Feet)
2011,4,5.62,$/MCF,NUS,U.S.,PG1,City Gate Price,N3050US3,U.S. Natural Gas Citygate Price (Dollars per Thousand Cubic Feet)
2011,4,7.1,$/MCF,SAK,USA-AK,PG1,City Gate Price,N3050AK3,Natural Gas Citygate Price in Alaska (Dollars per Thousand Cubic Feet)
2011,4,5.03,$/MCF,NUS,U.S.,PEU,Electric Power Price,N3045US3,U.S. Natural Gas Electric Power Price (Dollars per Thousand Cubic Feet)
2011,4,5.23,$/MCF,SAK,USA-AK,PEU,Electric Power Price,N3045AK3,Alaska Natural Gas Price Sold to Electric Power Consumers (Dollars per Thousand Cubic Feet)
2011,4,5.34,$/MCF,NUS,U.S.,PIN,Industrial Price,N3035US3,United States Natural Gas Industrial Price (Dollars per Thousand Cubic Feet)
2011,4,3.95,$/MCF,SAK,USA-AK,PIN,Industrial Price,N3035AK3,Alaska Natural Gas Industrial Price (Dollars per Thousand Cubic Feet)
2011,4,9.02,$/MCF,NUS,U.S.,PCS,Price Delivered to Commercial Sectors,N3020US3,U.S. Price of Natural Gas Sold to Commercial Consumers (Dollars per Thousand Cubic Feet)
2011,4,8.38,$/MCF,SAK,USA-AK,PCS,Price Delivered to Commercial Sectors,N3020AK3,Alaska Price of Natural Gas Sold to Commercial Consumers (Dollars per Thousand Cubic Feet)
2011,4,11.27,$/MCF,NUS,U.S.,PRS,Price Delivered to Residential Consumers,N3010US3,U.S. Price of Natural Gas Delivered to Residential Consumers (Dollars per Thousand Cubic Feet)
2011,4,9.05,$/MCF,SAK,USA-AK,PRS,Price Delivered to Residential Consumers,N3010AK3,Alaska Price of Natural Gas Delivered to Residential Consumers (Dollars per Thousand Cubic Feet)
2011,3,5.73,$/MCF,NUS,U.S.,PG1,City Gate Price,N3050US3,U.S. Natural Gas Citygate Price (Dollars per Thousand Cubic Feet)
2011,3,6.61,$/MCF,SAK,USA-AK,PG1,City Gate Price,N3050AK3,Natural Gas Citygate Price in Alaska (Dollars per Thousand Cubic Feet)
2011,3,4.84,$/MCF,NUS,U.S.,PEU,Electric Power Price,N3045US3,U.S. Natural Gas Electric Power Price (Dollars per Thousand Cubic Feet)
2011,3,4.91,$/MCF,SAK,USA-AK,PEU,Electric Power Price,N3045AK3,Alaska Natural Gas Price Sold to Electric Power Consumers (Dollars per Thousand Cubic Feet)
2011,3,5.21,$/MCF,NUS,U.S.,PIN,Industrial Price,N3035US3,United States Natural Gas Industrial Price (Dollars per Thousand Cubic Feet)
2011,3,3.64,$/MCF,SAK,USA-AK,PIN,Industrial Price,N3035AK3,Alaska Natural Gas Industrial Price (Dollars per Thousand Cubic Feet)
2011,3,8.89,$/MCF,NUS,U.S.,PCS,Price Delivered to Commercial Sectors,N3020US3,U.S. Price of Natural Gas Sold to Commercial Consumers (Dollars per Thousand Cubic Feet)
2011,3,8.22,$/MCF,SAK,USA-AK,PCS,Price Delivered to Commercial Sectors,N3020AK3,Alaska Price of Natural Gas Sold to Commercial Consumers (Dollars per Thousand Cubic Feet)
2011,3,10.43,$/MCF,NUS,U.S.,PRS,Price Delivered to Residential Consumers,N3010US3,U.S. Price of Natural Gas Delivered to Residential Consumers (Dollars per Thousand Cubic Feet)
2011,3,8.77,$/MCF,SAK,USA-AK,PRS,Price Delivered to Residential Consumers,N3010AK3,Alaska Price of Natural Gas Delivered to Residential Consumers (Dollars per Thousand Cubic Feet)
2011,2,5.75,$/MCF,NUS,U.S.,PG1,City Gate Price,N3050US3,U.S. Natural Gas Citygate Price (Dollars per Thousand Cubic Feet)
2011,2,7.27,$/MCF,SAK,USA-AK,PG1,City Gate Price,N3050AK3,Natural Gas Citygate Price in Alaska (Dollars per Thousand Cubic Feet)
2011,2,5.29,$/MCF,NUS,U.S.,PEU,Electric Power Price,N3045US3,U.S. Natural Gas Electric Power Price (Dollars per Thousand Cubic Feet)
2011,2,5.05,$/MCF,SAK,USA-AK,PEU,Electric Power Price,N3045AK3,Alaska Natural Gas Price Sold to Electric Power Consumers (Dollars per Thousand Cubic Feet)
2011,2,5.77,$/MCF,NUS,U.S.,PIN,Industrial Price,N3035US3,United States Natural Gas Industrial Price (Dollars per Thousand Cubic Feet)
2011,2,4.31,$/MCF,SAK,USA-AK,PIN,Industrial Price,N3035AK3,Alaska Natural Gas Industrial Price (Dollars per Thousand Cubic Feet)
2011,2,8.88,$/MCF,NUS,U.S.,PCS,Price Delivered to Commercial Sectors,N3020US3,U.S. Price of Natural Gas Sold to Commercial Consumers (Dollars per Thousand Cubic Feet)
2011,2,8.26,$/MCF,SAK,USA-AK,PCS,Price Delivered to Commercial Sectors,N3020AK3,Alaska Price of Natural Gas Sold to Commercial Consumers (Dollars per Thousand Cubic Feet)
2011,2,10.14,$/MCF,NUS,U.S.,PRS,Price Delivered to Residential Consumers,N3010US3,U.S. Price of Natural Gas Delivered to Residential Consumers (Dollars per Thousand Cubic Feet)
2011,2,8.66,$/MCF,SAK,USA-AK,PRS,Price Delivered to Residential Consumers,N3010AK3,Alaska Price of Natural Gas Delivered to Residential Consumers (Dollars per Thousand Cubic Feet)
2011,1,5.69,$/MCF,NUS,U.S.,PG1,City Gate Price,N3050US3,U.S. Natural Gas Citygate Price (Dollars per Thousand Cubic Feet)
2011,1,6.94,$/MCF,SAK,USA-AK,PG1,City Gate Price,N3050AK3,Natural Gas Citygate Price in Alaska (Dollars per Thousand Cubic Feet)
2011,1,5.66,$/MCF,NUS,U.S.,PEU,Electric Power Price,N3045US3,U.S. Natural Gas Electric Power Price (Dollars per Thousand Cubic Feet)
2011,1,4.94,$/MCF,SAK,USA-AK,PEU,Electric Power Price,N3045AK3,Alaska Natural Gas Price Sold to Electric Power Consumers (Dollars per Thousand Cubic Feet)
2011,1,5.66,$/MCF,NUS,U.S.,PIN,Industrial Price,N3035US3,United States Natural Gas Industrial Price (Dollars per Thousand Cubic Feet)
2011,1,4.09,$/MCF,SAK,USA-AK,PIN,Industrial Price,N3035AK3,Alaska Natural Gas Industrial Price (Dollars per Thousand Cubic Feet)
2011,1,8.74,$/MCF,NUS,U.S.,PCS,Price Delivered to Commercial Sectors,N3020US3,U.S. Price of Natural Gas Sold to Commercial Consumers (Dollars per Thousand Cubic Feet)
2011,1,8.14,$/MCF,SAK,USA-AK,PCS,Price Delivered to Commercial Sectors,N3020AK3,Alaska Price of Natural Gas Sold to Commercial Consumers (Dollars per Thousand Cubic Feet)
2011,1,9.9,$/MCF,NUS,U.S.,PRS,Price Delivered to Residential Consumers,N3010US3,U.S. Price of Natural Gas Delivered to Residential Consumers (Dollars per Thousand Cubic Feet)
2011,1,8.64,$/MCF,SAK,USA-AK,PRS,Price Delivered to Residential Consumers,N3010AK3,Alaska Price of Natural Gas Delivered to Residential Consumers (Dollars per Thousand Cubic Feet)
2010,12,5.74,$/MCF,NUS,U.S.,PG1,City Gate Price,N3050US3,U.S. Natural Gas Citygate Price (Dollars per Thousand Cubic Feet)
2010,12,6.57,$/MCF,SAK,USA-AK,PG1,City Gate Price,N3050AK3,Natural Gas Citygate Price in Alaska (Dollars per Thousand Cubic Feet)
2010,12,5.68,$/MCF,NUS,U.S.,PEU,Electric Power Price,N3045US3,U.S. Natural Gas Electric Power Price (Dollars per Thousand Cubic Feet)
2010,12,,$/MCF,SAK,USA-AK,PEU,Electric Power Price,N3045AK3,Alaska Natural Gas Price Sold to Electric Power Consumers (Dollars per Thousand Cubic Feet)
2010,12,5.5,$/MCF,NUS,U.S.,PIN,Industrial Price,N3035US3,United States Natural Gas Industrial Price (Dollars per Thousand Cubic Feet)
2010,12,4.14,$/MCF,SAK,USA-AK,PIN,Industrial Price,N3035AK3,Alaska Natural Gas Industrial Price (Dollars per Thousand Cubic Feet)
2010,12,8.82,$/MCF,NUS,U.S.,PCS,Price Delivered to Commercial Sectors,N3020US3,U.S. Price of Natural Gas Sold to Commercial Consumers (Dollars per Thousand Cubic Feet)
2010,12,8.87,$/MCF,SAK,USA-AK,PCS,Price Delivered to Commercial Sectors,N3020AK3,Alaska Price of Natural Gas Sold to Commercial Consumers (Dollars per Thousand Cubic Feet)
2010,12,9.98,$/MCF,NUS,U.S.,PRS,Price Delivered to Residential Consumers,N3010US3,U.S. Price of Natural Gas Delivered to Residential Consumers (Dollars per Thousand Cubic Feet)
2010,12,8.58,$/MCF,SAK,USA-AK,PRS,Price Delivered to Residential Consumers,N3010AK3,Alaska Price of Natural Gas Delivered to Residential Consumers (Dollars per Thousand Cubic Feet)
2010,11,5.48,$/MCF,NUS,U.S.,PG1,City Gate Price,N3050US3,U.S. Natural Gas Citygate Price (Dollars per Thousand Cubic Feet)
2010,11,6.4,$/MCF,SAK,USA-AK,PG1,City Gate Price,N3050AK3,Natural Gas Citygate Price in Alaska (Dollars per Thousand Cubic Feet)
2010,11,4.55,$/MCF,NUS,U.S.,PEU,Electric Power Price,N3045US3,U.S. Natural Gas Electric Power Price (Dollars per Thousand Cubic Feet)
2010,11,,$/MCF,SAK,USA-AK,PEU,Electric Power Price,N3045AK3,Alaska Natural Gas Price Sold to Electric Power Consumers (Dollars per Thousand Cubic Feet)
2010,11,4.6,$/MCF,NUS,U.S.,PIN,Industrial Price,N3035US3,United States Natural Gas Industrial Price (Dollars per Thousand Cubic Feet)
2010,11,3.21,$/MCF,SAK,USA-AK,PIN,Industrial Price,N3035AK3,Alaska Natural Gas Industrial Price (Dollars per Thousand Cubic Feet)
2010,11,8.86,$/MCF,NUS,U.S.,PCS,Price Delivered to Commercial Sectors,N3020US3,U.S. Price of Natural Gas Sold to Commercial Consumers (Dollars per Thousand Cubic Feet)
2010,11,8.92,$/MCF,SAK,USA-AK,PCS,Price Delivered to Commercial Sectors,N3020AK3,Alaska Price of Natural Gas Sold to Commercial Consumers (Dollars per Thousand Cubic Feet)
2010,11,10.89,$/MCF,NUS,U.S.,PRS,Price Delivered to Residential Consumers,N3010US3,U.S. Price of Natural Gas Delivered to Residential Consumers (Dollars per Thousand Cubic Feet)
2010,11,8.77,$/MCF,SAK,USA-AK,PRS,Price Delivered to Residential Consumers,N3010AK3,Alaska Price of Natural Gas Delivered to Residential Consumers (Dollars per Thousand Cubic Feet)
2010,10,5.7,$/MCF,NUS,U.S.,PG1,City Gate Price,N3050US3,U.S. Natural Gas Citygate Price (Dollars per Thousand Cubic Feet)
2010,10,6.57,$/MCF,SAK,USA-AK,PG1,City Gate Price,N3050AK3,Natural Gas Citygate Price in Alaska (Dollars per Thousand Cubic Feet)
2010,10,4.45,$/MCF,NUS,U.S.,PEU,Electric Power Price,N3045US3,U.S. Natural Gas Electric Power Price (Dollars per Thousand Cubic Feet)
2010,10,,$/MCF,SAK,USA-AK,PEU,Electric Power Price,N3045AK3,Alaska Natural Gas Price Sold to Electric Power Consumers (Dollars per Thousand Cubic Feet)
2010,10,4.73,$/MCF,NUS,U.S.,PIN,Industrial Price,N3035US3,United States Natural Gas Industrial Price (Dollars per Thousand Cubic Feet)
2010,10,3.73,$/MCF,SAK,USA-AK,PIN,Industrial Price,N3035AK3,Alaska Natural Gas Industrial Price (Dollars per Thousand Cubic Feet)
2010,10,9.27,$/MCF,NUS,U.S.,PCS,Price Delivered to Commercial Sectors,N3020US3,U.S. Price of Natural Gas Sold to Commercial Consumers (Dollars per Thousand Cubic Feet)
2010,10,8.97,$/MCF,SAK,USA-AK,PCS,Price Delivered to Commercial Sectors,N3020AK3,Alaska Price of Natural Gas Sold to Commercial Consumers (Dollars per Thousand Cubic Feet)
2010,10,13.37,$/MCF,NUS,U.S.,PRS,Price Delivered to Residential Consumers,N3010US3,U.S. Price of Natural Gas Delivered to Residential Consumers (Dollars per Thousand Cubic Feet)
2010,10,9.04,$/MCF,SAK,USA-AK,PRS,Price Delivered to Residential Consumers,N3010AK3,Alaska Price of Natural Gas Delivered to Residential Consumers (Dollars per Thousand Cubic Feet)
2010,9,5.72,$/MCF,NUS,U.S.,PG1,City Gate Price,N3050US3,U.S. Natural Gas Citygate Price (Dollars per Thousand Cubic Feet)
2010,9,6.09,$/MCF,SAK,USA-AK,PG1,City Gate Price,N3050AK3,Natural Gas Citygate Price in Alaska (Dollars per Thousand Cubic Feet)
2010,9,4.61,$/MCF,NUS,U.S.,PEU,Electric Power Price,N3045US3,U.S. Natural Gas Electric Power Price (Dollars per Thousand Cubic Feet)
2010,9,,$/MCF,SAK,USA-AK,PEU,Electric Power Price,N3045AK3,Alaska Natural Gas Price Sold to Electric Power Consumers (Dollars per Thousand Cubic Feet)
2010,9,4.61,$/MCF,NUS,U.S.,PIN,Industrial Price,N3035US3,United States Natural Gas Industrial Price (Dollars per Thousand Cubic Feet)
2010,9,3.41,$/MCF,SAK,USA-AK,PIN,Industrial Price,N3035AK3,Alaska Natural Gas Industrial Price (Dollars per Thousand Cubic Feet)
2010,9,9.56,$/MCF,NUS,U.S.,PCS,Price Delivered to Commercial Sectors,N3020US3,U.S. Price of Natural Gas Sold to Commercial Consumers (Dollars per Thousand Cubic Feet)
2010,9,8.68,$/MCF,SAK,USA-AK,PCS,Price Delivered to Commercial Sectors,N3020AK3,Alaska Price of Natural Gas Sold to Commercial Consumers (Dollars per Thousand Cubic Feet)
2010,9,15.63,$/MCF,NUS,U.S.,PRS,Price Delivered to Residential Consumers,N3010US3,U.S. Price of Natural Gas Delivered to Residential Consumers (Dollars per Thousand Cubic Feet)
2010,9,10.12,$/MCF,SAK,USA-AK,PRS,Price Delivered to Residential Consumers,N3010AK3,Alaska Price of Natural Gas Delivered to Residential Consumers (Dollars per Thousand Cubic Feet)
2010,8,6.22,$/MCF,NUS,U.S.,PG1,City Gate Price,N3050US3,U.S. Natural Gas Citygate Price (Dollars per Thousand Cubic Feet)
2010,8,7.12,$/MCF,SAK,USA-AK,PG1,City Gate Price,N3050AK3,Natural Gas Citygate Price in Alaska (Dollars per Thousand Cubic Feet)
2010,8,5.06,$/MCF,NUS,U.S.,PEU,Electric Power Price,N3045US3,U.S. Natural Gas Electric Power Price (Dollars per Thousand Cubic Feet)
2010,8,,$/MCF,SAK,USA-AK,PEU,Electric Power Price,N3045AK3,Alaska Natural Gas Price Sold to Electric Power Consumers (Dollars per Thousand Cubic Feet)
2010,8,5.37,$/MCF,NUS,U.S.,PIN,Industrial Price,N3035US3,United States Natural Gas Industrial Price (Dollars per Thousand Cubic Feet)
2010,8,4.48,$/MCF,SAK,USA-AK,PIN,Industrial Price,N3035AK3,Alaska Natural Gas Industrial Price (Dollars per Thousand Cubic Feet)
2010,8,9.94,$/MCF,NUS,U.S.,PCS,Price Delivered to Commercial Sectors,N3020US3,U.S. Price of Natural Gas Sold to Commercial Consumers (Dollars per Thousand Cubic Feet)
2010,8,8.87,$/MCF,SAK,USA-AK,PCS,Price Delivered to Commercial Sectors,N3020AK3,Alaska Price of Natural Gas Sold to Commercial Consumers (Dollars per Thousand Cubic Feet)
2010,8,16.65,$/MCF,NUS,U.S.,PRS,Price Delivered to Residential Consumers,N3010US3,U.S. Price of Natural Gas Delivered to Residential Consumers (Dollars per Thousand Cubic Feet)
2010,8,10.69,$/MCF,SAK,USA-AK,PRS,Price Delivered to Residential Consumers,N3010AK3,Alaska Price of Natural Gas Delivered to Residential Consumers (Dollars per Thousand Cubic Feet)
2010,7,6.31,$/MCF,NUS,U.S.,PG1,City Gate Price,N3050US3,U.S. Natural Gas Citygate Price (Dollars per Thousand Cubic Feet)
2010,7,6.89,$/MCF,SAK,USA-AK,PG1,City Gate Price,N3050AK3,Natural Gas Citygate Price in Alaska (Dollars per Thousand Cubic Feet)
2010,7,5.34,$/MCF,NUS,U.S.,PEU,Electric Power Price,N3045US3,U.S. Natural Gas Electric Power Price (Dollars per Thousand Cubic Feet)
2010,7,,$/MCF,SAK,USA-AK,PEU,Electric Power Price,N3045AK3,Alaska Natural Gas Price Sold to Electric Power Consumers (Dollars per Thousand Cubic Feet)
2010,7,5.49,$/MCF,NUS,U.S.,PIN,Industrial Price,N3035US3,United States Natural Gas Industrial Price (Dollars per Thousand Cubic Feet)
2010,7,4.54,$/MCF,SAK,USA-AK,PIN,Industrial Price,N3035AK3,Alaska Natural Gas Industrial Price (Dollars per Thousand Cubic Feet)
2010,7,10.04,$/MCF,NUS,U.S.,PCS,Price Delivered to Commercial Sectors,N3020US3,U.S. Price of Natural Gas Sold to Commercial Consumers (Dollars per Thousand Cubic Feet)
2010,7,8.22,$/MCF,SAK,USA-AK,PCS,Price Delivered to Commercial Sectors,N3020AK3,Alaska Price of Natural Gas Sold to Commercial Consumers (Dollars per Thousand Cubic Feet)
2010,7,16.21,$/MCF,NUS,U.S.,PRS,Price Delivered to Residential Consumers,N3010US3,U.S. Price of Natural Gas Delivered to Residential Consumers (Dollars per Thousand Cubic Feet)
2010,7,9.89,$/MCF,SAK,USA-AK,PRS,Price Delivered to Residential Consumers,N3010AK3,Alaska Price of Natural Gas Delivered to Residential Consumers (Dollars per Thousand Cubic Feet)
2010,6,6.02,$/MCF,NUS,U.S.,PG1,City Gate Price,N3050US3,U.S. Natural Gas Citygate Price (Dollars per Thousand Cubic Feet)
2010,6,6.82,$/MCF,SAK,USA-AK,PG1,City Gate Price,N3050AK3,Natural Gas Citygate Price in Alaska (Dollars per Thousand Cubic Feet)
2010,6,5.31,$/MCF,NUS,U.S.,PEU,Electric Power Price,N3045US3,U.S. Natural Gas Electric Power Price (Dollars per Thousand Cubic Feet)
2010,6,,$/MCF,SAK,USA-AK,PEU,Electric Power Price,N3045AK3,Alaska Natural Gas Price Sold to Electric Power Consumers (Dollars per Thousand Cubic Feet)
2010,6,5.04,$/MCF,NUS,U.S.,PIN,Industrial Price,N3035US3,United States Natural Gas Industrial Price (Dollars per Thousand Cubic Feet)
2010,6,3.99,$/MCF,SAK,USA-AK,PIN,Industrial Price,N3035AK3,Alaska Natural Gas Industrial Price (Dollars per Thousand Cubic Feet)
2010,6,9.72,$/MCF,NUS,U.S.,PCS,Price Delivered to Commercial Sectors,N3020US3,U.S. Price of Natural Gas Sold to Commercial Consumers (Dollars per Thousand Cubic Feet)
2010,6,8.42,$/MCF,SAK,USA-AK,PCS,Price Delivered to Commercial Sectors,N3020AK3,Alaska Price of Natural Gas Sold to Commercial Consumers (Dollars per Thousand Cubic Feet)
2010,6,14.86,$/MCF,NUS,U.S.,PRS,Price Delivered to Residential Consumers,N3010US3,U.S. Price of Natural Gas Delivered to Residential Consumers (Dollars per Thousand Cubic Feet)
2010,6,9.77,$/MCF,SAK,USA-AK,PRS,Price Delivered to Residential Consumers,N3010AK3,Alaska Price of Natural Gas Delivered to Residential Consumers (Dollars per Thousand Cubic Feet)
2010,5,5.81,$/MCF,NUS,U.S.,PG1,City Gate Price,N3050US3,U.S. Natural Gas Citygate Price (Dollars per Thousand Cubic Feet)
2010,5,6.66,$/MCF,SAK,USA-AK,PG1,City Gate Price,N3050AK3,Natural Gas Citygate Price in Alaska (Dollars per Thousand Cubic Feet)
2010,5,4.96,$/MCF,NUS,U.S.,PEU,Electric Power Price,N3045US3,U.S. Natural Gas Electric Power Price (Dollars per Thousand Cubic Feet)
2010,5,,$/MCF,SAK,USA-AK,PEU,Electric Power Price,N3045AK3,Alaska Natural Gas Price Sold to Electric Power Consumers (Dollars per Thousand Cubic Feet)
2010,5,5.08,$/MCF,NUS,U.S.,PIN,Industrial Price,N3035US3,United States Natural Gas Industrial Price (Dollars per Thousand Cubic Feet)
2010,5,4.08,$/MCF,SAK,USA-AK,PIN,Industrial Price,N3035AK3,Alaska Natural Gas Industrial Price (Dollars per Thousand Cubic Feet)
2010,5,9.5,$/MCF,NUS,U.S.,PCS,Price Delivered to Commercial Sectors,N3020US3,U.S. Price of Natural Gas Sold to Commercial Consumers (Dollars per Thousand Cubic Feet)
2010,5,8.46,$/MCF,SAK,USA-AK,PCS,Price Delivered to Commercial Sectors,N3020AK3,Alaska Price of Natural Gas Sold to Commercial Consumers (Dollars per Thousand Cubic Feet)
2010,5,13.12,$/MCF,NUS,U.S.,PRS,Price Delivered to Residential Consumers,N3010US3,U.S. Price of Natural Gas Delivered to Residential Consumers (Dollars per Thousand Cubic Feet)
2010,5,9.3,$/MCF,SAK,USA-AK,PRS,Price Delivered to Residential Consumers,N3010AK3,Alaska Price of Natural Gas Delivered to Residential Consumers (Dollars per Thousand Cubic Feet)
2010,4,5.88,$/MCF,NUS,U.S.,PG1,City Gate Price,N3050US3,U.S. Natural Gas Citygate Price (Dollars per Thousand Cubic Feet)
2010,4,7.04,$/MCF,SAK,USA-AK,PG1,City Gate Price,N3050AK3,Natural Gas Citygate Price in Alaska (Dollars per Thousand Cubic Feet)
2010,4,4.91,$/MCF,NUS,U.S.,PEU,Electric Power Price,N3045US3,U.S. Natural Gas Electric Power Price (Dollars per Thousand Cubic Feet)
2010,4,,$/MCF,SAK,USA-AK,PEU,Electric Power Price,N3045AK3,Alaska Natural Gas Price Sold to Electric Power Consumers (Dollars per Thousand Cubic Feet)
2010,4,5.12,$/MCF,NUS,U.S.,PIN,Industrial Price,N3035US3,United States Natural Gas Industrial Price (Dollars per Thousand Cubic Feet)
2010,4,3.66,$/MCF,SAK,USA-AK,PIN,Industrial Price,N3035AK3,Alaska Natural Gas Industrial Price (Dollars per Thousand Cubic Feet)
2010,4,9.57,$/MCF,NUS,U.S.,PCS,Price Delivered to Commercial Sectors,N3020US3,U.S. Price of Natural Gas Sold to Commercial Consumers (Dollars per Thousand Cubic Feet)
2010,4,8.58,$/MCF,SAK,USA-AK,PCS,Price Delivered to Commercial Sectors,N3020AK3,Alaska Price of Natural Gas Sold to Commercial Consumers (Dollars per Thousand Cubic Feet)
2010,4,11.97,$/MCF,NUS,U.S.,PRS,Price Delivered to Residential Consumers,N3010US3,U.S. Price of Natural Gas Delivered to Residential Consumers (Dollars per Thousand Cubic Feet)
2010,4,8.8,$/MCF,SAK,USA-AK,PRS,Price Delivered to Residential Consumers,N3010AK3,Alaska Price of Natural Gas Delivered to Residential Consumers (Dollars per Thousand Cubic Feet)
2010,3,6.5,$/MCF,NUS,U.S.,PG1,City Gate Price,N3050US3,U.S. Natural Gas Citygate Price (Dollars per Thousand Cubic Feet)
2010,3,6.83,$/MCF,SAK,USA-AK,PG1,City Gate Price,N3050AK3,Natural Gas Citygate Price in Alaska (Dollars per Thousand Cubic Feet)
2010,3,5.47,$/MCF,NUS,U.S.,PEU,Electric Power Price,N3045US3,U.S. Natural Gas Electric Power Price (Dollars per Thousand Cubic Feet)
2010,3,,$/MCF,SAK,USA-AK,PEU,Electric Power Price,N3045AK3,Alaska Natural Gas Price Sold to Electric Power Consumers (Dollars per Thousand Cubic Feet)
2010,3,6.01,$/MCF,NUS,U.S.,PIN,Industrial Price,N3035US3,United States Natural Gas Industrial Price (Dollars per Thousand Cubic Feet)
2010,3,4.67,$/MCF,SAK,USA-AK,PIN,Industrial Price,N3035AK3,Alaska Natural Gas Industrial Price (Dollars per Thousand Cubic Feet)
2010,3,9.7,$/MCF,NUS,U.S.,PCS,Price Delivered to Commercial Sectors,N3020US3,U.S. Price of Natural Gas Sold to Commercial Consumers (Dollars per Thousand Cubic Feet)
2010,3,8.93,$/MCF,SAK,USA-AK,PCS,Price Delivered to Commercial Sectors,N3020AK3,Alaska Price of Natural Gas Sold to Commercial Consumers (Dollars per Thousand Cubic Feet)
2010,3,10.99,$/MCF,NUS,U.S.,PRS,Price Delivered to Residential Consumers,N3010US3,U.S. Price of Natural Gas Delivered to Residential Consumers (Dollars per Thousand Cubic Feet)
2010,3,8.61,$/MCF,SAK,USA-AK,PRS,Price Delivered to Residential Consumers,N3010AK3,Alaska Price of Natural Gas Delivered to Residential Consumers (Dollars per Thousand Cubic Feet)
2010,2,6.64,$/MCF,NUS,U.S.,PG1,City Gate Price,N3050US3,U.S. Natural Gas Citygate Price (Dollars per Thousand Cubic Feet)
2010,2,6.68,$/MCF,SAK,USA-AK,PG1,City Gate Price,N3050AK3,Natural Gas Citygate Price in Alaska (Dollars per Thousand Cubic Feet)
2010,2,6.27,$/MCF,NUS,U.S.,PEU,Electric Power Price,N3045US3,U.S. Natural Gas Electric Power Price (Dollars per Thousand Cubic Feet)
2010,2,,$/MCF,SAK,USA-AK,PEU,Electric Power Price,N3045AK3,Alaska Natural Gas Price Sold to Electric Power Consumers (Dollars per Thousand Cubic Feet)
2010,2,6.76,$/MCF,NUS,U.S.,PIN,Industrial Price,N3035US3,United States Natural Gas Industrial Price (Dollars per Thousand Cubic Feet)
2010,2,5.12,$/MCF,SAK,USA-AK,PIN,Industrial Price,N3035AK3,Alaska Natural Gas Industrial Price (Dollars per Thousand Cubic Feet)
2010,2,9.71,$/MCF,NUS,U.S.,PCS,Price Delivered to Commercial Sectors,N3020US3,U.S. Price of Natural Gas Sold to Commercial Consumers (Dollars per Thousand Cubic Feet)
2010,2,8.87,$/MCF,SAK,USA-AK,PCS,Price Delivered to Commercial Sectors,N3020AK3,Alaska Price of Natural Gas Sold to Commercial Consumers (Dollars per Thousand Cubic Feet)
2010,2,10.69,$/MCF,NUS,U.S.,PRS,Price Delivered to Residential Consumers,N3010US3,U.S. Price of Natural Gas Delivered to Residential Consumers (Dollars per Thousand Cubic Feet)
2010,2,8.55,$/MCF,SAK,USA-AK,PRS,Price Delivered to Residential Consumers,N3010AK3,Alaska Price of Natural Gas Delivered to Residential Consumers (Dollars per Thousand Cubic Feet)
2010,1,6.84,$/MCF,NUS,U.S.,PG1,City Gate Price,N3050US3,U.S. Natural Gas Citygate Price (Dollars per Thousand Cubic Feet)
2010,1,6.74,$/MCF,SAK,USA-AK,PG1,City Gate Price,N3050AK3,Natural Gas Citygate Price in Alaska (Dollars per Thousand Cubic Feet)
2010,1,6.98,$/MCF,NUS,U.S.,PEU,Electric Power Price,N3045US3,U.S. Natural Gas Electric Power Price (Dollars per Thousand Cubic Feet)
2010,1,,$/MCF,SAK,USA-AK,PEU,Electric Power Price,N3045AK3,Alaska Natural Gas Price Sold to Electric Power Consumers (Dollars per Thousand Cubic Feet)
2010,1,6.93,$/MCF,NUS,U.S.,PIN,Industrial Price,N3035US3,United States Natural Gas Industrial Price (Dollars per Thousand Cubic Feet)
2010,1,5.65,$/MCF,SAK,USA-AK,PIN,Industrial Price,N3035AK3,Alaska Natural Gas Industrial Price (Dollars per Thousand Cubic Feet)
2010,1,9.65,$/MCF,NUS,U.S.,PCS,Price Delivered to Commercial Sectors,N3020US3,U.S. Price of Natural Gas Sold to Commercial Consumers (Dollars per Thousand Cubic Feet)
2010,1,8.8,$/MCF,SAK,USA-AK,PCS,Price Delivered to Commercial Sectors,N3020AK3,Alaska Price of Natural Gas Sold to Commercial Consumers (Dollars per Thousand Cubic Feet)
2010,1,10.56,$/MCF,NUS,U.S.,PRS,Price Delivered to Residential Consumers,N3010US3,U.S. Price of Natural Gas Delivered to Residential Consumers (Dollars per Thousand Cubic Feet)
2010,1,8.45,$/MCF,SAK,USA-AK,PRS,Price Delivered to Residential Consumers,N3010AK3,Alaska Price of Natural Gas Delivered to Residential Consumers (Dollars per Thousand Cubic Feet)
2009,12,6.22,$/MCF,NUS,U.S.,PG1,City Gate Price,N3050US3,U.S. Natural Gas Citygate Price (Dollars per Thousand Cubic Feet)
2009,12,7.64,$/MCF,SAK,USA-AK,PG1,City Gate Price,N3050AK3,Natural Gas Citygate Price in Alaska (Dollars per Thousand Cubic Feet)
2009,12,6.24,$/MCF,NUS,U.S.,PEU,Electric Power Price,N3045US3,U.S. Natural Gas Electric Power Price (Dollars per Thousand Cubic Feet)
2009,12,,$/MCF,SAK,USA-AK,PEU,Electric Power Price,N3045AK3,Alaska Natural Gas Price Sold to Electric Power Consumers (Dollars per Thousand Cubic Feet)
2009,12,5.97,$/MCF,NUS,U.S.,PIN,Industrial Price,N3035US3,United States Natural Gas Industrial Price (Dollars per Thousand Cubic Feet)
2009,12,4.24,$/MCF,SAK,USA-AK,PIN,Industrial Price,N3035AK3,Alaska Natural Gas Industrial Price (Dollars per Thousand Cubic Feet)
2009,12,9.1,$/MCF,NUS,U.S.,PCS,Price Delivered to Commercial Sectors,N3020US3,U.S. Price of Natural Gas Sold to Commercial Consumers (Dollars per Thousand Cubic Feet)
2009,12,9.03,$/MCF,SAK,USA-AK,PCS,Price Delivered to Commercial Sectors,N3020AK3,Alaska Price of Natural Gas Sold to Commercial Consumers (Dollars per Thousand Cubic Feet)
2009,12,10.42,$/MCF,NUS,U.S.,PRS,Price Delivered to Residential Consumers,N3010US3,U.S. Price of Natural Gas Delivered to Residential Consumers (Dollars per Thousand Cubic Feet)
2009,12,8.96,$/MCF,SAK,USA-AK,PRS,Price Delivered to Residential Consumers,N3010AK3,Alaska Price of Natural Gas Delivered to Residential Consumers (Dollars per Thousand Cubic Feet)
2009,11,6.34,$/MCF,NUS,U.S.,PG1,City Gate Price,N3050US3,U.S. Natural Gas Citygate Price (Dollars per Thousand Cubic Feet)
2009,11,8.06,$/MCF,SAK,USA-AK,PG1,City Gate Price,N3050AK3,Natural Gas Citygate Price in Alaska (Dollars per Thousand Cubic Feet)
2009,11,5.06,$/MCF,NUS,U.S.,PEU,Electric Power Price,N3045US3,U.S. Natural Gas Electric Power Price (Dollars per Thousand Cubic Feet)
2009,11,,$/MCF,SAK,USA-AK,PEU,Electric Power Price,N3045AK3,Alaska Natural Gas Price Sold to Electric Power Consumers (Dollars per Thousand Cubic Feet)
2009,11,5.44,$/MCF,NUS,U.S.,PIN,Industrial Price,N3035US3,United States Natural Gas Industrial Price (Dollars per Thousand Cubic Feet)
2009,11,4.11,$/MCF,SAK,USA-AK,PIN,Industrial Price,N3035AK3,Alaska Natural Gas Industrial Price (Dollars per Thousand Cubic Feet)
2009,11,9.45,$/MCF,NUS,U.S.,PCS,Price Delivered to Commercial Sectors,N3020US3,U.S. Price of Natural Gas Sold to Commercial Consumers (Dollars per Thousand Cubic Feet)
2009,11,10.15,$/MCF,SAK,USA-AK,PCS,Price Delivered to Commercial Sectors,N3020AK3,Alaska Price of Natural Gas Sold to Commercial Consumers (Dollars per Thousand Cubic Feet)
2009,11,11.48,$/MCF,NUS,U.S.,PRS,Price Delivered to Residential Consumers,N3010US3,U.S. Price of Natural Gas Delivered to Residential Consumers (Dollars per Thousand Cubic Feet)
2009,11,10.22,$/MCF,SAK,USA-AK,PRS,Price Delivered to Residential Consumers,N3010AK3,Alaska Price of Natural Gas Delivered to Residential Consumers (Dollars per Thousand Cubic Feet)
2009,10,5.65,$/MCF,NUS,U.S.,PG1,City Gate Price,N3050US3,U.S. Natural Gas Citygate Price (Dollars per Thousand Cubic Feet)
2009,10,8.16,$/MCF,SAK,USA-AK,PG1,City Gate Price,N3050AK3,Natural Gas Citygate Price in Alaska (Dollars per Thousand Cubic Feet)
2009,10,5.04,$/MCF,NUS,U.S.,PEU,Electric Power Price,N3045US3,U.S. Natural Gas Electric Power Price (Dollars per Thousand Cubic Feet)
2009,10,,$/MCF,SAK,USA-AK,PEU,Electric Power Price,N3045AK3,Alaska Natural Gas Price Sold to Electric Power Consumers (Dollars per Thousand Cubic Feet)
2009,10,4.82,$/MCF,NUS,U.S.,PIN,Industrial Price,N3035US3,United States Natural Gas Industrial Price (Dollars per Thousand Cubic Feet)
2009,10,3.74,$/MCF,SAK,USA-AK,PIN,Industrial Price,N3035AK3,Alaska Natural Gas Industrial Price (Dollars per Thousand Cubic Feet)
2009,10,8.93,$/MCF,NUS,U.S.,PCS,Price Delivered to Commercial Sectors,N3020US3,U.S. Price of Natural Gas Sold to Commercial Consumers (Dollars per Thousand Cubic Feet)
2009,10,9.52,$/MCF,SAK,USA-AK,PCS,Price Delivered to Commercial Sectors,N3020AK3,Alaska Price of Natural Gas Sold to Commercial Consumers (Dollars per Thousand Cubic Feet)
2009,10,11.78,$/MCF,NUS,U.S.,PRS,Price Delivered to Residential Consumers,N3010US3,U.S. Price of Natural Gas Delivered to Residential Consumers (Dollars per Thousand Cubic Feet)
2009,10,10.52,$/MCF,SAK,USA-AK,PRS,Price Delivered to Residential Consumers,N3010AK3,Alaska Price of Natural Gas Delivered to Residential Consumers (Dollars per Thousand Cubic Feet)
2009,9,5.37,$/MCF,NUS,U.S.,PG1,City Gate Price,N3050US3,U.S. Natural Gas Citygate Price (Dollars per Thousand Cubic Feet)
2009,9,8.09,$/MCF,SAK,USA-AK,PG1,City Gate Price,N3050AK3,Natural Gas Citygate Price in Alaska (Dollars per Thousand Cubic Feet)
2009,9,4.02,$/MCF,NUS,U.S.,PEU,Electric Power Price,N3045US3,U.S. Natural Gas Electric Power Price (Dollars per Thousand Cubic Feet)
2009,9,,$/MCF,SAK,USA-AK,PEU,Electric Power Price,N3045AK3,Alaska Natural Gas Price Sold to Electric Power Consumers (Dollars per Thousand Cubic Feet)
2009,9,3.89,$/MCF,NUS,U.S.,PIN,Industrial Price,N3035US3,United States Natural Gas Industrial Price (Dollars per Thousand Cubic Feet)
2009,9,3.94,$/MCF,SAK,USA-AK,PIN,Industrial Price,N3035AK3,Alaska Natural Gas Industrial Price (Dollars per Thousand Cubic Feet)
2009,9,9.35,$/MCF,NUS,U.S.,PCS,Price Delivered to Commercial Sectors,N3020US3,U.S. Price of Natural Gas Sold to Commercial Consumers (Dollars per Thousand Cubic Feet)
2009,9,9.24,$/MCF,SAK,USA-AK,PCS,Price Delivered to Commercial Sectors,N3020AK3,Alaska Price of Natural Gas Sold to Commercial Consumers (Dollars per Thousand Cubic Feet)
2009,9,14.8,$/MCF,NUS,U.S.,PRS,Price Delivered to Residential Consumers,N3010US3,U.S. Price of Natural Gas Delivered to Residential Consumers (Dollars per Thousand Cubic Feet)
2009,9,10.89,$/MCF,SAK,USA-AK,PRS,Price Delivered to Residential Consumers,N3010AK3,Alaska Price of Natural Gas Delivered to Residential Consumers (Dollars per Thousand Cubic Feet)
2009,8,5.61,$/MCF,NUS,U.S.,PG1,City Gate Price,N3050US3,U.S. Natural Gas Citygate Price (Dollars per Thousand Cubic Feet)
2009,8,8.12,$/MCF,SAK,USA-AK,PG1,City Gate Price,N3050AK3,Natural Gas Citygate Price in Alaska (Dollars per Thousand Cubic Feet)
2009,8,4.3,$/MCF,NUS,U.S.,PEU,Electric Power Price,N3045US3,U.S. Natural Gas Electric Power Price (Dollars per Thousand Cubic Feet)
2009,8,,$/MCF,SAK,USA-AK,PEU,Electric Power Price,N3045AK3,Alaska Natural Gas Price Sold to Electric Power Consumers (Dollars per Thousand Cubic Feet)
2009,8,4.38,$/MCF,NUS,U.S.,PIN,Industrial Price,N3035US3,United States Natural Gas Industrial Price (Dollars per Thousand Cubic Feet)
2009,8,3.98,$/MCF,SAK,USA-AK,PIN,Industrial Price,N3035AK3,Alaska Natural Gas Industrial Price (Dollars per Thousand Cubic Feet)
2009,8,9.52,$/MCF,NUS,U.S.,PCS,Price Delivered to Commercial Sectors,N3020US3,U.S. Price of Natural Gas Sold to Commercial Consumers (Dollars per Thousand Cubic Feet)
2009,8,8.81,$/MCF,SAK,USA-AK,PCS,Price Delivered to Commercial Sectors,N3020AK3,Alaska Price of Natural Gas Sold to Commercial Consumers (Dollars per Thousand Cubic Feet)
2009,8,15.61,$/MCF,NUS,U.S.,PRS,Price Delivered to Residential Consumers,N3010US3,U.S. Price of Natural Gas Delivered to Residential Consumers (Dollars per Thousand Cubic Feet)
2009,8,11.41,$/MCF,SAK,USA-AK,PRS,Price Delivered to Residential Consumers,N3010AK3,Alaska Price of Natural Gas Delivered to Residential Consumers (Dollars per Thousand Cubic Feet)
2009,7,5.7,$/MCF,NUS,U.S.,PG1,City Gate Price,N3050US3,U.S. Natural Gas Citygate Price (Dollars per Thousand Cubic Feet)
2009,7,8.25,$/MCF,SAK,USA-AK,PG1,City Gate Price,N3050AK3,Natural Gas Citygate Price in Alaska (Dollars per Thousand Cubic Feet)
2009,7,4.47,$/MCF,NUS,U.S.,PEU,Electric Power Price,N3045US3,U.S. Natural Gas Electric Power Price (Dollars per Thousand Cubic Feet)
2009,7,,$/MCF,SAK,USA-AK,PEU,Electric Power Price,N3045AK3,Alaska Natural Gas Price Sold to Electric Power Consumers (Dollars per Thousand Cubic Feet)
2009,7,4.68,$/MCF,NUS,U.S.,PIN,Industrial Price,N3035US3,United States Natural Gas Industrial Price (Dollars per Thousand Cubic Feet)
2009,7,4.02,$/MCF,SAK,USA-AK,PIN,Industrial Price,N3035AK3,Alaska Natural Gas Industrial Price (Dollars per Thousand Cubic Feet)
2009,7,9.74,$/MCF,NUS,U.S.,PCS,Price Delivered to Commercial Sectors,N3020US3,U.S. Price of Natural Gas Sold to Commercial Consumers (Dollars per Thousand Cubic Feet)
2009,7,8.52,$/MCF,SAK,USA-AK,PCS,Price Delivered to Commercial Sectors,N3020AK3,Alaska Price of Natural Gas Sold to Commercial Consumers (Dollars per Thousand Cubic Feet)
2009,7,15.27,$/MCF,NUS,U.S.,PRS,Price Delivered to Residential Consumers,N3010US3,U.S. Price of Natural Gas Delivered to Residential Consumers (Dollars per Thousand Cubic Feet)
2009,7,11.64,$/MCF,SAK,USA-AK,PRS,Price Delivered to Residential Consumers,N3010AK3,Alaska Price of Natural Gas Delivered to Residential Consumers (Dollars per Thousand Cubic Feet)
2009,6,5.55,$/MCF,NUS,U.S.,PG1,City Gate Price,N3050US3,U.S. Natural Gas Citygate Price (Dollars per Thousand Cubic Feet)
2009,6,8.13,$/MCF,SAK,USA-AK,PG1,City Gate Price,N3050AK3,Natural Gas Citygate Price in Alaska (Dollars per Thousand Cubic Feet)
2009,6,4.62,$/MCF,NUS,U.S.,PEU,Electric Power Price,N3045US3,U.S. Natural Gas Electric Power Price (Dollars per Thousand Cubic Feet)
2009,6,,$/MCF,SAK,USA-AK,PEU,Electric Power Price,N3045AK3,Alaska Natural Gas Price Sold to Electric Power Consumers (Dollars per Thousand Cubic Feet)
2009,6,4.56,$/MCF,NUS,U.S.,PIN,Industrial Price,N3035US3,United States Natural Gas Industrial Price (Dollars per Thousand Cubic Feet)
2009,6,3.99,$/MCF,SAK,USA-AK,PIN,Industrial Price,N3035AK3,Alaska Natural Gas Industrial Price (Dollars per Thousand Cubic Feet)
2009,6,9.53,$/MCF,NUS,U.S.,PCS,Price Delivered to Commercial Sectors,N3020US3,U.S. Price of Natural Gas Sold to Commercial Consumers (Dollars per Thousand Cubic Feet)
2009,6,8.59,$/MCF,SAK,USA-AK,PCS,Price Delivered to Commercial Sectors,N3020AK3,Alaska Price of Natural Gas Sold to Commercial Consumers (Dollars per Thousand Cubic Feet)
2009,6,14.26,$/MCF,NUS,U.S.,PRS,Price Delivered to Residential Consumers,N3010US3,U.S. Price of Natural Gas Delivered to Residential Consumers (Dollars per Thousand Cubic Feet)
2009,6,11.33,$/MCF,SAK,USA-AK,PRS,Price Delivered to Residential Consumers,N3010AK3,Alaska Price of Natural Gas Delivered to Residential Consumers (Dollars per Thousand Cubic Feet)
2009,5,5.49,$/MCF,NUS,U.S.,PG1,City Gate Price,N3050US3,U.S. Natural Gas Citygate Price (Dollars per Thousand Cubic Feet)
2009,5,8.61,$/MCF,SAK,USA-AK,PG1,City Gate Price,N3050AK3,Natural Gas Citygate Price in Alaska (Dollars per Thousand Cubic Feet)
2009,5,4.7,$/MCF,NUS,U.S.,PEU,Electric Power Price,N3045US3,U.S. Natural Gas Electric Power Price (Dollars per Thousand Cubic Feet)
2009,5,,$/MCF,SAK,USA-AK,PEU,Electric Power Price,N3045AK3,Alaska Natural Gas Price Sold to Electric Power Consumers (Dollars per Thousand Cubic Feet)
2009,5,4.4,$/MCF,NUS,U.S.,PIN,Industrial Price,N3035US3,United States Natural Gas Industrial Price (Dollars per Thousand Cubic Feet)
2009,5,3.98,$/MCF,SAK,USA-AK,PIN,Industrial Price,N3035AK3,Alaska Natural Gas Industrial Price (Dollars per Thousand Cubic Feet)
2009,5,9.42,$/MCF,NUS,U.S.,PCS,Price Delivered to Commercial Sectors,N3020US3,U.S. Price of Natural Gas Sold to Commercial Consumers (Dollars per Thousand Cubic Feet)
2009,5,8.63,$/MCF,SAK,USA-AK,PCS,Price Delivered to Commercial Sectors,N3020AK3,Alaska Price of Natural Gas Sold to Commercial Consumers (Dollars per Thousand Cubic Feet)
2009,5,12.86,$/MCF,NUS,U.S.,PRS,Price Delivered to Residential Consumers,N3010US3,U.S. Price of Natural Gas Delivered to Residential Consumers (Dollars per Thousand Cubic Feet)
2009,5,10.91,$/MCF,SAK,USA-AK,PRS,Price Delivered to Residential Consumers,N3010AK3,Alaska Price of Natural Gas Delivered to Residential Consumers (Dollars per Thousand Cubic Feet)
2009,4,5.71,$/MCF,NUS,U.S.,PG1,City Gate Price,N3050US3,U.S. Natural Gas Citygate Price (Dollars per Thousand Cubic Feet)
2009,4,8.64,$/MCF,SAK,USA-AK,PG1,City Gate Price,N3050AK3,Natural Gas Citygate Price in Alaska (Dollars per Thousand Cubic Feet)
2009,4,4.7,$/MCF,NUS,U.S.,PEU,Electric Power Price,N3045US3,U.S. Natural Gas Electric Power Price (Dollars per Thousand Cubic Feet)
2009,4,,$/MCF,SAK,USA-AK,PEU,Electric Power Price,N3045AK3,Alaska Natural Gas Price Sold to Electric Power Consumers (Dollars per Thousand Cubic Feet)
2009,4,5.05,$/MCF,NUS,U.S.,PIN,Industrial Price,N3035US3,United States Natural Gas Industrial Price (Dollars per Thousand Cubic Feet)
2009,4,3.98,$/MCF,SAK,USA-AK,PIN,Industrial Price,N3035AK3,Alaska Natural Gas Industrial Price (Dollars per Thousand Cubic Feet)
2009,4,9.7,$/MCF,NUS,U.S.,PCS,Price Delivered to Commercial Sectors,N3020US3,U.S. Price of Natural Gas Sold to Commercial Consumers (Dollars per Thousand Cubic Feet)
2009,4,9.5,$/MCF,SAK,USA-AK,PCS,Price Delivered to Commercial Sectors,N3020AK3,Alaska Price of Natural Gas Sold to Commercial Consumers (Dollars per Thousand Cubic Feet)
2009,4,11.68,$/MCF,NUS,U.S.,PRS,Price Delivered to Residential Consumers,N3010US3,U.S. Price of Natural Gas Delivered to Residential Consumers (Dollars per Thousand Cubic Feet)
2009,4,10.4,$/MCF,SAK,USA-AK,PRS,Price Delivered to Residential Consumers,N3010AK3,Alaska Price of Natural Gas Delivered to Residential Consumers (Dollars per Thousand Cubic Feet)
2009,3,6.85,$/MCF,NUS,U.S.,PG1,City Gate Price,N3050US3,U.S. Natural Gas Citygate Price (Dollars per Thousand Cubic Feet)
2009,3,8.51,$/MCF,SAK,USA-AK,PG1,City Gate Price,N3050AK3,Natural Gas Citygate Price in Alaska (Dollars per Thousand Cubic Feet)
2009,3,4.92,$/MCF,NUS,U.S.,PEU,Electric Power Price,N3045US3,U.S. Natural Gas Electric Power Price (Dollars per Thousand Cubic Feet)
2009,3,,$/MCF,SAK,USA-AK,PEU,Electric Power Price,N3045AK3,Alaska Natural Gas Price Sold to Electric Power Consumers (Dollars per Thousand Cubic Feet)
2009,3,5.69,$/MCF,NUS,U.S.,PIN,Industrial Price,N3035US3,United States Natural Gas Industrial Price (Dollars per Thousand Cubic Feet)
2009,3,3.95,$/MCF,SAK,USA-AK,PIN,Industrial Price,N3035AK3,Alaska Natural Gas Industrial Price (Dollars per Thousand Cubic Feet)
2009,3,10.46,$/MCF,NUS,U.S.,PCS,Price Delivered to Commercial Sectors,N3020US3,U.S. Price of Natural Gas Sold to Commercial Consumers (Dollars per Thousand Cubic Feet)
2009,3,9.76,$/MCF,SAK,USA-AK,PCS,Price Delivered to Commercial Sectors,N3020AK3,Alaska Price of Natural Gas Sold to Commercial Consumers (Dollars per Thousand Cubic Feet)
2009,3,11.98,$/MCF,NUS,U.S.,PRS,Price Delivered to Residential Consumers,N3010US3,U.S. Price of Natural Gas Delivered to Residential Consumers (Dollars per Thousand Cubic Feet)
2009,3,10.19,$/MCF,SAK,USA-AK,PRS,Price Delivered to Residential Consumers,N3010AK3,Alaska Price of Natural Gas Delivered to Residential Consumers (Dollars per Thousand Cubic Feet)
2009,2,7.26,$/MCF,NUS,U.S.,PG1,City Gate Price,N3050US3,U.S. Natural Gas Citygate Price (Dollars per Thousand Cubic Feet)
2009,2,8.54,$/MCF,SAK,USA-AK,PG1,City Gate Price,N3050AK3,Natural Gas Citygate Price in Alaska (Dollars per Thousand Cubic Feet)
2009,2,5.62,$/MCF,NUS,U.S.,PEU,Electric Power Price,N3045US3,U.S. Natural Gas Electric Power Price (Dollars per Thousand Cubic Feet)
2009,2,,$/MCF,SAK,USA-AK,PEU,Electric Power Price,N3045AK3,Alaska Natural Gas Price Sold to Electric Power Consumers (Dollars per Thousand Cubic Feet)
2009,2,6.43,$/MCF,NUS,U.S.,PIN,Industrial Price,N3035US3,United States Natural Gas Industrial Price (Dollars per Thousand Cubic Feet)
2009,2,4.27,$/MCF,SAK,USA-AK,PIN,Industrial Price,N3035AK3,Alaska Natural Gas Industrial Price (Dollars per Thousand Cubic Feet)
2009,2,10.98,$/MCF,NUS,U.S.,PCS,Price Delivered to Commercial Sectors,N3020US3,U.S. Price of Natural Gas Sold to Commercial Consumers (Dollars per Thousand Cubic Feet)
2009,2,9.99,$/MCF,SAK,USA-AK,PCS,Price Delivered to Commercial Sectors,N3020AK3,Alaska Price of Natural Gas Sold to Commercial Consumers (Dollars per Thousand Cubic Feet)
2009,2,12.26,$/MCF,NUS,U.S.,PRS,Price Delivered to Residential Consumers,N3010US3,U.S. Price of Natural Gas Delivered to Residential Consumers (Dollars per Thousand Cubic Feet)
2009,2,10.18,$/MCF,SAK,USA-AK,PRS,Price Delivered to Residential Consumers,N3010AK3,Alaska Price of Natural Gas Delivered to Residential Consumers (Dollars per Thousand Cubic Feet)
2009,1,7.97,$/MCF,NUS,U.S.,PG1,City Gate Price,N3050US3,U.S. Natural Gas Citygate Price (Dollars per Thousand Cubic Feet)
2009,1,8.16,$/MCF,SAK,USA-AK,PG1,City Gate Price,N3050AK3,Natural Gas Citygate Price in Alaska (Dollars per Thousand Cubic Feet)
2009,1,6.62,$/MCF,NUS,U.S.,PEU,Electric Power Price,N3045US3,U.S. Natural Gas Electric Power Price (Dollars per Thousand Cubic Feet)
2009,1,,$/MCF,SAK,USA-AK,PEU,Electric Power Price,N3045AK3,Alaska Natural Gas Price Sold to Electric Power Consumers (Dollars per Thousand Cubic Feet)
2009,1,7.5,$/MCF,NUS,U.S.,PIN,Industrial Price,N3035US3,United States Natural Gas Industrial Price (Dollars per Thousand Cubic Feet)
2009,1,4.08,$/MCF,SAK,USA-AK,PIN,Industrial Price,N3035AK3,Alaska Natural Gas Industrial Price (Dollars per Thousand Cubic Feet)
2009,1,11.28,$/MCF,NUS,U.S.,PCS,Price Delivered to Commercial Sectors,N3020US3,U.S. Price of Natural Gas Sold to Commercial Consumers (Dollars per Thousand Cubic Feet)
2009,1,10.09,$/MCF,SAK,USA-AK,PCS,Price Delivered to Commercial Sectors,N3020AK3,Alaska Price of Natural Gas Sold to Commercial Consumers (Dollars per Thousand Cubic Feet)
2009,1,12.49,$/MCF,NUS,U.S.,PRS,Price Delivered to Residential Consumers,N3010US3,U.S. Price of Natural Gas Delivered to Residential Consumers (Dollars per Thousand Cubic Feet)
2009,1,10.12,$/MCF,SAK,USA-AK,PRS,Price Delivered to Residential Consumers,N3010AK3,Alaska Price of Natural Gas Delivered to Residential Consumers (Dollars per Thousand Cubic Feet)
2008,12,8.16,$/MCF,NUS,U.S.,PG1,City Gate Price,N3050US3,U.S. Natural Gas Citygate Price (Dollars per Thousand Cubic Feet)
2008,12,8.01,$/MCF,SAK,USA-AK,PG1,City Gate Price,N3050AK3,Natural Gas Citygate Price in Alaska (Dollars per Thousand Cubic Feet)
2008,12,6.9,$/MCF,NUS,U.S.,PEU,Electric Power Price,N3045US3,U.S. Natural Gas Electric Power Price (Dollars per Thousand Cubic Feet)
2008,12,,$/MCF,SAK,USA-AK,PEU,Electric Power Price,N3045AK3,Alaska Natural Gas Price Sold to Electric Power Consumers (Dollars per Thousand Cubic Feet)
2008,12,7.86,$/MCF,NUS,U.S.,PIN,Industrial Price,N3035US3,United States Natural Gas Industrial Price (Dollars per Thousand Cubic Feet)
2008,12,5.27,$/MCF,SAK,USA-AK,PIN,Industrial Price,N3035AK3,Alaska Natural Gas Industrial Price (Dollars per Thousand Cubic Feet)
2008,12,11.61,$/MCF,NUS,U.S.,PCS,Price Delivered to Commercial Sectors,N3020US3,U.S. Price of Natural Gas Sold to Commercial Consumers (Dollars per Thousand Cubic Feet)
2008,12,9.95,$/MCF,SAK,USA-AK,PCS,Price Delivered to Commercial Sectors,N3020AK3,Alaska Price of Natural Gas Sold to Commercial Consumers (Dollars per Thousand Cubic Feet)
2008,12,12.84,$/MCF,NUS,U.S.,PRS,Price Delivered to Residential Consumers,N3010US3,U.S. Price of Natural Gas Delivered to Residential Consumers (Dollars per Thousand Cubic Feet)
2008,12,9.71,$/MCF,SAK,USA-AK,PRS,Price Delivered to Residential Consumers,N3010AK3,Alaska Price of Natural Gas Delivered to Residential Consumers (Dollars per Thousand Cubic Feet)
2008,11,7.93,$/MCF,NUS,U.S.,PG1,City Gate Price,N3050US3,U.S. Natural Gas Citygate Price (Dollars per Thousand Cubic Feet)
2008,11,6.63,$/MCF,SAK,USA-AK,PG1,City Gate Price,N3050AK3,Natural Gas Citygate Price in Alaska (Dollars per Thousand Cubic Feet)
2008,11,6.64,$/MCF,NUS,U.S.,PEU,Electric Power Price,N3045US3,U.S. Natural Gas Electric Power Price (Dollars per Thousand Cubic Feet)
2008,11,,$/MCF,SAK,USA-AK,PEU,Electric Power Price,N3045AK3,Alaska Natural Gas Price Sold to Electric Power Consumers (Dollars per Thousand Cubic Feet)
2008,11,7.34,$/MCF,NUS,U.S.,PIN,Industrial Price,N3035US3,United States Natural Gas Industrial Price (Dollars per Thousand Cubic Feet)
2008,11,6.08,$/MCF,SAK,USA-AK,PIN,Industrial Price,N3035AK3,Alaska Natural Gas Industrial Price (Dollars per Thousand Cubic Feet)
2008,11,11.72,$/MCF,NUS,U.S.,PCS,Price Delivered to Commercial Sectors,N3020US3,U.S. Price of Natural Gas Sold to Commercial Consumers (Dollars per Thousand Cubic Feet)
2008,11,8.94,$/MCF,SAK,USA-AK,PCS,Price Delivered to Commercial Sectors,N3020AK3,Alaska Price of Natural Gas Sold to Commercial Consumers (Dollars per Thousand Cubic Feet)
2008,11,13.8,$/MCF,NUS,U.S.,PRS,Price Delivered to Residential Consumers,N3010US3,U.S. Price of Natural Gas Delivered to Residential Consumers (Dollars per Thousand Cubic Feet)
2008,11,8.36,$/MCF,SAK,USA-AK,PRS,Price Delivered to Residential Consumers,N3010AK3,Alaska Price of Natural Gas Delivered to Residential Consumers (Dollars per Thousand Cubic Feet)
2008,10,7.8,$/MCF,NUS,U.S.,PG1,City Gate Price,N3050US3,U.S. Natural Gas Citygate Price (Dollars per Thousand Cubic Feet)
2008,10,6.41,$/MCF,SAK,USA-AK,PG1,City Gate Price,N3050AK3,Natural Gas Citygate Price in Alaska (Dollars per Thousand Cubic Feet)
2008,10,6.74,$/MCF,NUS,U.S.,PEU,Electric Power Price,N3045US3,U.S. Natural Gas Electric Power Price (Dollars per Thousand Cubic Feet)
2008,10,,$/MCF,SAK,USA-AK,PEU,Electric Power Price,N3045AK3,Alaska Natural Gas Price Sold to Electric Power Consumers (Dollars per Thousand Cubic Feet)
2008,10,8.1,$/MCF,NUS,U.S.,PIN,Industrial Price,N3035US3,United States Natural Gas Industrial Price (Dollars per Thousand Cubic Feet)
2008,10,6.17,$/MCF,SAK,USA-AK,PIN,Industrial Price,N3035AK3,Alaska Natural Gas Industrial Price (Dollars per Thousand Cubic Feet)
2008,10,12.06,$/MCF,NUS,U.S.,PCS,Price Delivered to Commercial Sectors,N3020US3,U.S. Price of Natural Gas Sold to Commercial Consumers (Dollars per Thousand Cubic Feet)
2008,10,8.85,$/MCF,SAK,USA-AK,PCS,Price Delivered to Commercial Sectors,N3020AK3,Alaska Price of Natural Gas Sold to Commercial Consumers (Dollars per Thousand Cubic Feet)
2008,10,15.45,$/MCF,NUS,U.S.,PRS,Price Delivered to Residential Consumers,N3010US3,U.S. Price of Natural Gas Delivered to Residential Consumers (Dollars per Thousand Cubic Feet)
2008,10,8.5,$/MCF,SAK,USA-AK,PRS,Price Delivered to Residential Consumers,N3010AK3,Alaska Price of Natural Gas Delivered to Residential Consumers (Dollars per Thousand Cubic Feet)
2008,9,8.99,$/MCF,NUS,U.S.,PG1,City Gate Price,N3050US3,U.S. Natural Gas Citygate Price (Dollars per Thousand Cubic Feet)
2008,9,6.03,$/MCF,SAK,USA-AK,PG1,City Gate Price,N3050AK3,Natural Gas Citygate Price in Alaska (Dollars per Thousand Cubic Feet)
2008,9,7.81,$/MCF,NUS,U.S.,PEU,Electric Power Price,N3045US3,U.S. Natural Gas Electric Power Price (Dollars per Thousand Cubic Feet)
2008,9,,$/MCF,SAK,USA-AK,PEU,Electric Power Price,N3045AK3,Alaska Natural Gas Price Sold to Electric Power Consumers (Dollars per Thousand Cubic Feet)
2008,9,9.13,$/MCF,NUS,U.S.,PIN,Industrial Price,N3035US3,United States Natural Gas Industrial Price (Dollars per Thousand Cubic Feet)
2008,9,4.3,$/MCF,SAK,USA-AK,PIN,Industrial Price,N3035AK3,Alaska Natural Gas Industrial Price (Dollars per Thousand Cubic Feet)
2008,9,13.12,$/MCF,NUS,U.S.,PCS,Price Delivered to Commercial Sectors,N3020US3,U.S. Price of Natural Gas Sold to Commercial Consumers (Dollars per Thousand Cubic Feet)
2008,9,7.91,$/MCF,SAK,USA-AK,PCS,Price Delivered to Commercial Sectors,N3020AK3,Alaska Price of Natural Gas Sold to Commercial Consumers (Dollars per Thousand Cubic Feet)
2008,9,18.41,$/MCF,NUS,U.S.,PRS,Price Delivered to Residential Consumers,N3010US3,U.S. Price of Natural Gas Delivered to Residential Consumers (Dollars per Thousand Cubic Feet)
2008,9,8.94,$/MCF,SAK,USA-AK,PRS,Price Delivered to Residential Consumers,N3010AK3,Alaska Price of Natural Gas Delivered to Residential Consumers (Dollars per Thousand Cubic Feet)
2008,8,10.2,$/MCF,NUS,U.S.,PG1,City Gate Price,N3050US3,U.S. Natural Gas Citygate Price (Dollars per Thousand Cubic Feet)
2008,8,6.42,$/MCF,SAK,USA-AK,PG1,City Gate Price,N3050AK3,Natural Gas Citygate Price in Alaska (Dollars per Thousand Cubic Feet)
2008,8,8.97,$/MCF,NUS,U.S.,PEU,Electric Power Price,N3045US3,U.S. Natural Gas Electric Power Price (Dollars per Thousand Cubic Feet)
2008,8,,$/MCF,SAK,USA-AK,PEU,Electric Power Price,N3045AK3,Alaska Natural Gas Price Sold to Electric Power Consumers (Dollars per Thousand Cubic Feet)
2008,8,10.1,$/MCF,NUS,U.S.,PIN,Industrial Price,N3035US3,United States Natural Gas Industrial Price (Dollars per Thousand Cubic Feet)
2008,8,4.41,$/MCF,SAK,USA-AK,PIN,Industrial Price,N3035AK3,Alaska Natural Gas Industrial Price (Dollars per Thousand Cubic Feet)
2008,8,14.19,$/MCF,NUS,U.S.,PCS,Price Delivered to Commercial Sectors,N3020US3,U.S. Price of Natural Gas Sold to Commercial Consumers (Dollars per Thousand Cubic Feet)
2008,8,7.97,$/MCF,SAK,USA-AK,PCS,Price Delivered to Commercial Sectors,N3020AK3,Alaska Price of Natural Gas Sold to Commercial Consumers (Dollars per Thousand Cubic Feet)
2008,8,20.17,$/MCF,NUS,U.S.,PRS,Price Delivered to Residential Consumers,N3010US3,U.S. Price of Natural Gas Delivered to Residential Consumers (Dollars per Thousand Cubic Feet)
2008,8,9.4,$/MCF,SAK,USA-AK,PRS,Price Delivered to Residential Consumers,N3010AK3,Alaska Price of Natural Gas Delivered to Residential Consumers (Dollars per Thousand Cubic Feet)
2008,7,12.48,$/MCF,NUS,U.S.,PG1,City Gate Price,N3050US3,U.S. Natural Gas Citygate Price (Dollars per Thousand Cubic Feet)
2008,7,6.59,$/MCF,SAK,USA-AK,PG1,City Gate Price,N3050AK3,Natural Gas Citygate Price in Alaska (Dollars per Thousand Cubic Feet)
2008,7,11.71,$/MCF,NUS,U.S.,PEU,Electric Power Price,N3045US3,U.S. Natural Gas Electric Power Price (Dollars per Thousand Cubic Feet)
2008,7,,$/MCF,SAK,USA-AK,PEU,Electric Power Price,N3045AK3,Alaska Natural Gas Price Sold to Electric Power Consumers (Dollars per Thousand Cubic Feet)
2008,7,13.06,$/MCF,NUS,U.S.,PIN,Industrial Price,N3035US3,United States Natural Gas Industrial Price (Dollars per Thousand Cubic Feet)
2008,7,4.89,$/MCF,SAK,USA-AK,PIN,Industrial Price,N3035AK3,Alaska Natural Gas Industrial Price (Dollars per Thousand Cubic Feet)
2008,7,15.64,$/MCF,NUS,U.S.,PCS,Price Delivered to Commercial Sectors,N3020US3,U.S. Price of Natural Gas Sold to Commercial Consumers (Dollars per Thousand Cubic Feet)
2008,7,7.27,$/MCF,SAK,USA-AK,PCS,Price Delivered to Commercial Sectors,N3020AK3,Alaska Price of Natural Gas Sold to Commercial Consumers (Dollars per Thousand Cubic Feet)
2008,7,20.77,$/MCF,NUS,U.S.,PRS,Price Delivered to Residential Consumers,N3010US3,U.S. Price of Natural Gas Delivered to Residential Consumers (Dollars per Thousand Cubic Feet)
2008,7,9.42,$/MCF,SAK,USA-AK,PRS,Price Delivered to Residential Consumers,N3010AK3,Alaska Price of Natural Gas Delivered to Residential Consumers (Dollars per Thousand Cubic Feet)
2008,6,11.85,$/MCF,NUS,U.S.,PG1,City Gate Price,N3050US3,U.S. Natural Gas Citygate Price (Dollars per Thousand Cubic Feet)
2008,6,7.22,$/MCF,SAK,USA-AK,PG1,City Gate Price,N3050AK3,Natural Gas Citygate Price in Alaska (Dollars per Thousand Cubic Feet)
2008,6,12.41,$/MCF,NUS,U.S.,PEU,Electric Power Price,N3045US3,U.S. Natural Gas Electric Power Price (Dollars per Thousand Cubic Feet)
2008,6,,$/MCF,SAK,USA-AK,PEU,Electric Power Price,N3045AK3,Alaska Natural Gas Price Sold to Electric Power Consumers (Dollars per Thousand Cubic Feet)
2008,6,12.11,$/MCF,NUS,U.S.,PIN,Industrial Price,N3035US3,United States Natural Gas Industrial Price (Dollars per Thousand Cubic Feet)
2008,6,4.7,$/MCF,SAK,USA-AK,PIN,Industrial Price,N3035AK3,Alaska Natural Gas Industrial Price (Dollars per Thousand Cubic Feet)
2008,6,14.68,$/MCF,NUS,U.S.,PCS,Price Delivered to Commercial Sectors,N3020US3,U.S. Price of Natural Gas Sold to Commercial Consumers (Dollars per Thousand Cubic Feet)
2008,6,7.64,$/MCF,SAK,USA-AK,PCS,Price Delivered to Commercial Sectors,N3020AK3,Alaska Price of Natural Gas Sold to Commercial Consumers (Dollars per Thousand Cubic Feet)
2008,6,18.91,$/MCF,NUS,U.S.,PRS,Price Delivered to Residential Consumers,N3010US3,U.S. Price of Natural Gas Delivered to Residential Consumers (Dollars per Thousand Cubic Feet)
2008,6,9.36,$/MCF,SAK,USA-AK,PRS,Price Delivered to Residential Consumers,N3010AK3,Alaska Price of Natural Gas Delivered to Residential Consumers (Dollars per Thousand Cubic Feet)
2008,5,11.05,$/MCF,NUS,U.S.,PG1,City Gate Price,N3050US3,U.S. Natural Gas Citygate Price (Dollars per Thousand Cubic Feet)
2008,5,6.76,$/MCF,SAK,USA-AK,PG1,City Gate Price,N3050AK3,Natural Gas Citygate Price in Alaska (Dollars per Thousand Cubic Feet)
2008,5,10.97,$/MCF,NUS,U.S.,PEU,Electric Power Price,N3045US3,U.S. Natural Gas Electric Power Price (Dollars per Thousand Cubic Feet)
2008,5,,$/MCF,SAK,USA-AK,PEU,Electric Power Price,N3045AK3,Alaska Natural Gas Price Sold to Electric Power Consumers (Dollars per Thousand Cubic Feet)
2008,5,11.35,$/MCF,NUS,U.S.,PIN,Industrial Price,N3035US3,United States Natural Gas Industrial Price (Dollars per Thousand Cubic Feet)
2008,5,4.97,$/MCF,SAK,USA-AK,PIN,Industrial Price,N3035AK3,Alaska Natural Gas Industrial Price (Dollars per Thousand Cubic Feet)
2008,5,13.51,$/MCF,NUS,U.S.,PCS,Price Delivered to Commercial Sectors,N3020US3,U.S. Price of Natural Gas Sold to Commercial Consumers (Dollars per Thousand Cubic Feet)
2008,5,7.85,$/MCF,SAK,USA-AK,PCS,Price Delivered to Commercial Sectors,N3020AK3,Alaska Price of Natural Gas Sold to Commercial Consumers (Dollars per Thousand Cubic Feet)
2008,5,16.33,$/MCF,NUS,U.S.,PRS,Price Delivered to Residential Consumers,N3010US3,U.S. Price of Natural Gas Delivered to Residential Consumers (Dollars per Thousand Cubic Feet)
2008,5,8.83,$/MCF,SAK,USA-AK,PRS,Price Delivered to Residential Consumers,N3010AK3,Alaska Price of Natural Gas Delivered to Residential Consumers (Dollars per Thousand Cubic Feet)
2008,4,9.84,$/MCF,NUS,U.S.,PG1,City Gate Price,N3050US3,U.S. Natural Gas Citygate Price (Dollars per Thousand Cubic Feet)
2008,4,5.85,$/MCF,SAK,USA-AK,PG1,City Gate Price,N3050AK3,Natural Gas Citygate Price in Alaska (Dollars per Thousand Cubic Feet)
2008,4,10.19,$/MCF,NUS,U.S.,PEU,Electric Power Price,N3045US3,U.S. Natural Gas Electric Power Price (Dollars per Thousand Cubic Feet)
2008,4,,$/MCF,SAK,USA-AK,PEU,Electric Power Price,N3045AK3,Alaska Natural Gas Price Sold to Electric Power Consumers (Dollars per Thousand Cubic Feet)
2008,4,10.03,$/MCF,NUS,U.S.,PIN,Industrial Price,N3035US3,United States Natural Gas Industrial Price (Dollars per Thousand Cubic Feet)
2008,4,4.65,$/MCF,SAK,USA-AK,PIN,Industrial Price,N3035AK3,Alaska Natural Gas Industrial Price (Dollars per Thousand Cubic Feet)
2008,4,12.63,$/MCF,NUS,U.S.,PCS,Price Delivered to Commercial Sectors,N3020US3,U.S. Price of Natural Gas Sold to Commercial Consumers (Dollars per Thousand Cubic Feet)
2008,4,8.45,$/MCF,SAK,USA-AK,PCS,Price Delivered to Commercial Sectors,N3020AK3,Alaska Price of Natural Gas Sold to Commercial Consumers (Dollars per Thousand Cubic Feet)
2008,4,14.49,$/MCF,NUS,U.S.,PRS,Price Delivered to Residential Consumers,N3010US3,U.S. Price of Natural Gas Delivered to Residential Consumers (Dollars per Thousand Cubic Feet)
2008,4,8.57,$/MCF,SAK,USA-AK,PRS,Price Delivered to Residential Consumers,N3010AK3,Alaska Price of Natural Gas Delivered to Residential Consumers (Dollars per Thousand Cubic Feet)
2008,3,9.49,$/MCF,NUS,U.S.,PG1,City Gate Price,N3050US3,U.S. Natural Gas Citygate Price (Dollars per Thousand Cubic Feet)
2008,3,7.12,$/MCF,SAK,USA-AK,PG1,City Gate Price,N3050AK3,Natural Gas Citygate Price in Alaska (Dollars per Thousand Cubic Feet)
2008,3,9.53,$/MCF,NUS,U.S.,PEU,Electric Power Price,N3045US3,U.S. Natural Gas Electric Power Price (Dollars per Thousand Cubic Feet)
2008,3,,$/MCF,SAK,USA-AK,PEU,Electric Power Price,N3045AK3,Alaska Natural Gas Price Sold to Electric Power Consumers (Dollars per Thousand Cubic Feet)
2008,3,9.61,$/MCF,NUS,U.S.,PIN,Industrial Price,N3035US3,United States Natural Gas Industrial Price (Dollars per Thousand Cubic Feet)
2008,3,7.32,$/MCF,SAK,USA-AK,PIN,Industrial Price,N3035AK3,Alaska Natural Gas Industrial Price (Dollars per Thousand Cubic Feet)
2008,3,12.03,$/MCF,NUS,U.S.,PCS,Price Delivered to Commercial Sectors,N3020US3,U.S. Price of Natural Gas Sold to Commercial Consumers (Dollars per Thousand Cubic Feet)
2008,3,8.54,$/MCF,SAK,USA-AK,PCS,Price Delivered to Commercial Sectors,N3020AK3,Alaska Price of Natural Gas Sold to Commercial Consumers (Dollars per Thousand Cubic Feet)
2008,3,13.13,$/MCF,NUS,U.S.,PRS,Price Delivered to Residential Consumers,N3010US3,U.S. Price of Natural Gas Delivered to Residential Consumers (Dollars per Thousand Cubic Feet)
2008,3,8.41,$/MCF,SAK,USA-AK,PRS,Price Delivered to Residential Consumers,N3010AK3,Alaska Price of Natural Gas Delivered to Residential Consumers (Dollars per Thousand Cubic Feet)
2008,2,8.91,$/MCF,NUS,U.S.,PG1,City Gate Price,N3050US3,U.S. Natural Gas Citygate Price (Dollars per Thousand Cubic Feet)
2008,2,6.45,$/MCF,SAK,USA-AK,PG1,City Gate Price,N3050AK3,Natural Gas Citygate Price in Alaska (Dollars per Thousand Cubic Feet)
2008,2,8.87,$/MCF,NUS,U.S.,PEU,Electric Power Price,N3045US3,U.S. Natural Gas Electric Power Price (Dollars per Thousand Cubic Feet)
2008,2,,$/MCF,SAK,USA-AK,PEU,Electric Power Price,N3045AK3,Alaska Natural Gas Price Sold to Electric Power Consumers (Dollars per Thousand Cubic Feet)
2008,2,8.96,$/MCF,NUS,U.S.,PIN,Industrial Price,N3035US3,United States Natural Gas Industrial Price (Dollars per Thousand Cubic Feet)
2008,2,6.87,$/MCF,SAK,USA-AK,PIN,Industrial Price,N3035AK3,Alaska Natural Gas Industrial Price (Dollars per Thousand Cubic Feet)
2008,2,11.49,$/MCF,NUS,U.S.,PCS,Price Delivered to Commercial Sectors,N3020US3,U.S. Price of Natural Gas Sold to Commercial Consumers (Dollars per Thousand Cubic Feet)
2008,2,8.57,$/MCF,SAK,USA-AK,PCS,Price Delivered to Commercial Sectors,N3020AK3,Alaska Price of Natural Gas Sold to Commercial Consumers (Dollars per Thousand Cubic Feet)
2008,2,12.58,$/MCF,NUS,U.S.,PRS,Price Delivered to Residential Consumers,N3010US3,U.S. Price of Natural Gas Delivered to Residential Consumers (Dollars per Thousand Cubic Feet)
2008,2,8.31,$/MCF,SAK,USA-AK,PRS,Price Delivered to Residential Consumers,N3010AK3,Alaska Price of Natural Gas Delivered to Residential Consumers (Dollars per Thousand Cubic Feet)
2008,1,8.37,$/MCF,NUS,U.S.,PG1,City Gate Price,N3050US3,U.S. Natural Gas Citygate Price (Dollars per Thousand Cubic Feet)
2008,1,6.57,$/MCF,SAK,USA-AK,PG1,City Gate Price,N3050AK3,Natural Gas Citygate Price in Alaska (Dollars per Thousand Cubic Feet)
2008,1,8.52,$/MCF,NUS,U.S.,PEU,Electric Power Price,N3045US3,U.S. Natural Gas Electric Power Price (Dollars per Thousand Cubic Feet)
2008,1,,$/MCF,SAK,USA-AK,PEU,Electric Power Price,N3045AK3,Alaska Natural Gas Price Sold to Electric Power Consumers (Dollars per Thousand Cubic Feet)
2008,1,8.29,$/MCF,NUS,U.S.,PIN,Industrial Price,N3035US3,United States Natural Gas Industrial Price (Dollars per Thousand Cubic Feet)
2008,1,5.92,$/MCF,SAK,USA-AK,PIN,Industrial Price,N3035AK3,Alaska Natural Gas Industrial Price (Dollars per Thousand Cubic Feet)
2008,1,11.2,$/MCF,NUS,U.S.,PCS,Price Delivered to Commercial Sectors,N3020US3,U.S. Price of Natural Gas Sold to Commercial Consumers (Dollars per Thousand Cubic Feet)
2008,1,8.76,$/MCF,SAK,USA-AK,PCS,Price Delivered to Commercial Sectors,N3020AK3,Alaska Price of Natural Gas Sold to Commercial Consumers (Dollars per Thousand Cubic Feet)
2008,1,12.24,$/MCF,NUS,U.S.,PRS,Price Delivered to Residential Consumers,N3010US3,U.S. Price of Natural Gas Delivered to Residential Consumers (Dollars per Thousand Cubic Feet)
2008,1,8.28,$/MCF,SAK,USA-AK,PRS,Price Delivered to Residential Consumers,N3010AK3,Alaska Price of Natural Gas Delivered to Residential Consumers (Dollars per Thousand Cubic Feet)
2007,12,8.27,$/MCF,NUS,U.S.,PG1,City Gate Price,N3050US3,U.S. Natural Gas Citygate Price (Dollars per Thousand Cubic Feet)
2007,12,6.83,$/MCF,SAK,USA-AK,PG1,City Gate Price,N3050AK3,Natural Gas Citygate Price in Alaska (Dollars per Thousand Cubic Feet)
2007,12,7.93,$/MCF,NUS,U.S.,PEU,Electric Power Price,N3045US3,U.S. Natural Gas Electric Power Price (Dollars per Thousand Cubic Feet)
2007,12,3.49,$/MCF,SAK,USA-AK,PEU,Electric Power Price,N3045AK3,Alaska Natural Gas Price Sold to Electric Power Consumers (Dollars per Thousand Cubic Feet)
2007,12,8.18,$/MCF,NUS,U.S.,PIN,Industrial Price,N3035US3,United States Natural Gas Industrial Price (Dollars per Thousand Cubic Feet)
2007,12,5.94,$/MCF,SAK,USA-AK,PIN,Industrial Price,N3035AK3,Alaska Natural Gas Industrial Price (Dollars per Thousand Cubic Feet)
2007,12,11.24,$/MCF,NUS,U.S.,PCS,Price Delivered to Commercial Sectors,N3020US3,U.S. Price of Natural Gas Sold to Commercial Consumers (Dollars per Thousand Cubic Feet)
2007,12,7.89,$/MCF,SAK,USA-AK,PCS,Price Delivered to Commercial Sectors,N3020AK3,Alaska Price of Natural Gas Sold to Commercial Consumers (Dollars per Thousand Cubic Feet)
2007,12,12.34,$/MCF,NUS,U.S.,PRS,Price Delivered to Residential Consumers,N3010US3,U.S. Price of Natural Gas Delivered to Residential Consumers (Dollars per Thousand Cubic Feet)
2007,12,8.36,$/MCF,SAK,USA-AK,PRS,Price Delivered to Residential Consumers,N3010AK3,Alaska Price of Natural Gas Delivered to Residential Consumers (Dollars per Thousand Cubic Feet)
2007,11,8.14,$/MCF,NUS,U.S.,PG1,City Gate Price,N3050US3,U.S. Natural Gas Citygate Price (Dollars per Thousand Cubic Feet)
2007,11,6.84,$/MCF,SAK,USA-AK,PG1,City Gate Price,N3050AK3,Natural Gas Citygate Price in Alaska (Dollars per Thousand Cubic Feet)
2007,11,7.28,$/MCF,NUS,U.S.,PEU,Electric Power Price,N3045US3,U.S. Natural Gas Electric Power Price (Dollars per Thousand Cubic Feet)
2007,11,3.57,$/MCF,SAK,USA-AK,PEU,Electric Power Price,N3045AK3,Alaska Natural Gas Price Sold to Electric Power Consumers (Dollars per Thousand Cubic Feet)
2007,11,7.87,$/MCF,NUS,U.S.,PIN,Industrial Price,N3035US3,United States Natural Gas Industrial Price (Dollars per Thousand Cubic Feet)
2007,11,5.64,$/MCF,SAK,USA-AK,PIN,Industrial Price,N3035AK3,Alaska Natural Gas Industrial Price (Dollars per Thousand Cubic Feet)
2007,11,11.23,$/MCF,NUS,U.S.,PCS,Price Delivered to Commercial Sectors,N3020US3,U.S. Price of Natural Gas Sold to Commercial Consumers (Dollars per Thousand Cubic Feet)
2007,11,7.9,$/MCF,SAK,USA-AK,PCS,Price Delivered to Commercial Sectors,N3020AK3,Alaska Price of Natural Gas Sold to Commercial Consumers (Dollars per Thousand Cubic Feet)
2007,11,13.04,$/MCF,NUS,U.S.,PRS,Price Delivered to Residential Consumers,N3010US3,U.S. Price of Natural Gas Delivered to Residential Consumers (Dollars per Thousand Cubic Feet)
2007,11,8.62,$/MCF,SAK,USA-AK,PRS,Price Delivered to Residential Consumers,N3010AK3,Alaska Price of Natural Gas Delivered to Residential Consumers (Dollars per Thousand Cubic Feet)
2007,10,7.43,$/MCF,NUS,U.S.,PG1,City Gate Price,N3050US3,U.S. Natural Gas Citygate Price (Dollars per Thousand Cubic Feet)
2007,10,6.76,$/MCF,SAK,USA-AK,PG1,City Gate Price,N3050AK3,Natural Gas Citygate Price in Alaska (Dollars per Thousand Cubic Feet)
2007,10,7,$/MCF,NUS,U.S.,PEU,Electric Power Price,N3045US3,U.S. Natural Gas Electric Power Price (Dollars per Thousand Cubic Feet)
2007,10,3.51,$/MCF,SAK,USA-AK,PEU,Electric Power Price,N3045AK3,Alaska Natural Gas Price Sold to Electric Power Consumers (Dollars per Thousand Cubic Feet)
2007,10,7.06,$/MCF,NUS,U.S.,PIN,Industrial Price,N3035US3,United States Natural Gas Industrial Price (Dollars per Thousand Cubic Feet)
2007,10,5.36,$/MCF,SAK,USA-AK,PIN,Industrial Price,N3035AK3,Alaska Natural Gas Industrial Price (Dollars per Thousand Cubic Feet)
2007,10,10.93,$/MCF,NUS,U.S.,PCS,Price Delivered to Commercial Sectors,N3020US3,U.S. Price of Natural Gas Sold to Commercial Consumers (Dollars per Thousand Cubic Feet)
2007,10,7.29,$/MCF,SAK,USA-AK,PCS,Price Delivered to Commercial Sectors,N3020AK3,Alaska Price of Natural Gas Sold to Commercial Consumers (Dollars per Thousand Cubic Feet)
2007,10,14.57,$/MCF,NUS,U.S.,PRS,Price Delivered to Residential Consumers,N3010US3,U.S. Price of Natural Gas Delivered to Residential Consumers (Dollars per Thousand Cubic Feet)
2007,10,8.68,$/MCF,SAK,USA-AK,PRS,Price Delivered to Residential Consumers,N3010AK3,Alaska Price of Natural Gas Delivered to Residential Consumers (Dollars per Thousand Cubic Feet)
2007,9,7,$/MCF,NUS,U.S.,PG1,City Gate Price,N3050US3,U.S. Natural Gas Citygate Price (Dollars per Thousand Cubic Feet)
2007,9,6.43,$/MCF,SAK,USA-AK,PG1,City Gate Price,N3050AK3,Natural Gas Citygate Price in Alaska (Dollars per Thousand Cubic Feet)
2007,9,6.33,$/MCF,NUS,U.S.,PEU,Electric Power Price,N3045US3,U.S. Natural Gas Electric Power Price (Dollars per Thousand Cubic Feet)
2007,9,3.64,$/MCF,SAK,USA-AK,PEU,Electric Power Price,N3045AK3,Alaska Natural Gas Price Sold to Electric Power Consumers (Dollars per Thousand Cubic Feet)
2007,9,6.28,$/MCF,NUS,U.S.,PIN,Industrial Price,N3035US3,United States Natural Gas Industrial Price (Dollars per Thousand Cubic Feet)
2007,9,4.53,$/MCF,SAK,USA-AK,PIN,Industrial Price,N3035AK3,Alaska Natural Gas Industrial Price (Dollars per Thousand Cubic Feet)
2007,9,10.92,$/MCF,NUS,U.S.,PCS,Price Delivered to Commercial Sectors,N3020US3,U.S. Price of Natural Gas Sold to Commercial Consumers (Dollars per Thousand Cubic Feet)
2007,9,7.21,$/MCF,SAK,USA-AK,PCS,Price Delivered to Commercial Sectors,N3020AK3,Alaska Price of Natural Gas Sold to Commercial Consumers (Dollars per Thousand Cubic Feet)
2007,9,16.03,$/MCF,NUS,U.S.,PRS,Price Delivered to Residential Consumers,N3010US3,U.S. Price of Natural Gas Delivered to Residential Consumers (Dollars per Thousand Cubic Feet)
2007,9,9.23,$/MCF,SAK,USA-AK,PRS,Price Delivered to Residential Consumers,N3010AK3,Alaska Price of Natural Gas Delivered to Residential Consumers (Dollars per Thousand Cubic Feet)
2007,8,7.6,$/MCF,NUS,U.S.,PG1,City Gate Price,N3050US3,U.S. Natural Gas Citygate Price (Dollars per Thousand Cubic Feet)
2007,8,5.12,$/MCF,SAK,USA-AK,PG1,City Gate Price,N3050AK3,Natural Gas Citygate Price in Alaska (Dollars per Thousand Cubic Feet)
2007,8,6.83,$/MCF,NUS,U.S.,PEU,Electric Power Price,N3045US3,U.S. Natural Gas Electric Power Price (Dollars per Thousand Cubic Feet)
2007,8,3.57,$/MCF,SAK,USA-AK,PEU,Electric Power Price,N3045AK3,Alaska Natural Gas Price Sold to Electric Power Consumers (Dollars per Thousand Cubic Feet)
2007,8,6.72,$/MCF,NUS,U.S.,PIN,Industrial Price,N3035US3,United States Natural Gas Industrial Price (Dollars per Thousand Cubic Feet)
2007,8,4.61,$/MCF,SAK,USA-AK,PIN,Industrial Price,N3035AK3,Alaska Natural Gas Industrial Price (Dollars per Thousand Cubic Feet)
2007,8,11.19,$/MCF,NUS,U.S.,PCS,Price Delivered to Commercial Sectors,N3020US3,U.S. Price of Natural Gas Sold to Commercial Consumers (Dollars per Thousand Cubic Feet)
2007,8,7.14,$/MCF,SAK,USA-AK,PCS,Price Delivered to Commercial Sectors,N3020AK3,Alaska Price of Natural Gas Sold to Commercial Consumers (Dollars per Thousand Cubic Feet)
2007,8,16.71,$/MCF,NUS,U.S.,PRS,Price Delivered to Residential Consumers,N3010US3,U.S. Price of Natural Gas Delivered to Residential Consumers (Dollars per Thousand Cubic Feet)
2007,8,9.82,$/MCF,SAK,USA-AK,PRS,Price Delivered to Residential Consumers,N3010AK3,Alaska Price of Natural Gas Delivered to Residential Consumers (Dollars per Thousand Cubic Feet)
2007,7,8.02,$/MCF,NUS,U.S.,PG1,City Gate Price,N3050US3,U.S. Natural Gas Citygate Price (Dollars per Thousand Cubic Feet)
2007,7,6.78,$/MCF,SAK,USA-AK,PG1,City Gate Price,N3050AK3,Natural Gas Citygate Price in Alaska (Dollars per Thousand Cubic Feet)
2007,7,7.03,$/MCF,NUS,U.S.,PEU,Electric Power Price,N3045US3,U.S. Natural Gas Electric Power Price (Dollars per Thousand Cubic Feet)
2007,7,3.57,$/MCF,SAK,USA-AK,PEU,Electric Power Price,N3045AK3,Alaska Natural Gas Price Sold to Electric Power Consumers (Dollars per Thousand Cubic Feet)
2007,7,7.51,$/MCF,NUS,U.S.,PIN,Industrial Price,N3035US3,United States Natural Gas Industrial Price (Dollars per Thousand Cubic Feet)
2007,7,4.56,$/MCF,SAK,USA-AK,PIN,Industrial Price,N3035AK3,Alaska Natural Gas Industrial Price (Dollars per Thousand Cubic Feet)
2007,7,11.63,$/MCF,NUS,U.S.,PCS,Price Delivered to Commercial Sectors,N3020US3,U.S. Price of Natural Gas Sold to Commercial Consumers (Dollars per Thousand Cubic Feet)
2007,7,6.2,$/MCF,SAK,USA-AK,PCS,Price Delivered to Commercial Sectors,N3020AK3,Alaska Price of Natural Gas Sold to Commercial Consumers (Dollars per Thousand Cubic Feet)
2007,7,16.71,$/MCF,NUS,U.S.,PRS,Price Delivered to Residential Consumers,N3010US3,U.S. Price of Natural Gas Delivered to Residential Consumers (Dollars per Thousand Cubic Feet)
2007,7,9.77,$/MCF,SAK,USA-AK,PRS,Price Delivered to Residential Consumers,N3010AK3,Alaska Price of Natural Gas Delivered to Residential Consumers (Dollars per Thousand Cubic Feet)
2007,6,8.45,$/MCF,NUS,U.S.,PG1,City Gate Price,N3050US3,U.S. Natural Gas Citygate Price (Dollars per Thousand Cubic Feet)
2007,6,6.41,$/MCF,SAK,USA-AK,PG1,City Gate Price,N3050AK3,Natural Gas Citygate Price in Alaska (Dollars per Thousand Cubic Feet)
2007,6,7.8,$/MCF,NUS,U.S.,PEU,Electric Power Price,N3045US3,U.S. Natural Gas Electric Power Price (Dollars per Thousand Cubic Feet)
2007,6,3.48,$/MCF,SAK,USA-AK,PEU,Electric Power Price,N3045AK3,Alaska Natural Gas Price Sold to Electric Power Consumers (Dollars per Thousand Cubic Feet)
2007,6,7.92,$/MCF,NUS,U.S.,PIN,Industrial Price,N3035US3,United States Natural Gas Industrial Price (Dollars per Thousand Cubic Feet)
2007,6,4.57,$/MCF,SAK,USA-AK,PIN,Industrial Price,N3035AK3,Alaska Natural Gas Industrial Price (Dollars per Thousand Cubic Feet)
2007,6,11.81,$/MCF,NUS,U.S.,PCS,Price Delivered to Commercial Sectors,N3020US3,U.S. Price of Natural Gas Sold to Commercial Consumers (Dollars per Thousand Cubic Feet)
2007,6,6.96,$/MCF,SAK,USA-AK,PCS,Price Delivered to Commercial Sectors,N3020AK3,Alaska Price of Natural Gas Sold to Commercial Consumers (Dollars per Thousand Cubic Feet)
2007,6,16.28,$/MCF,NUS,U.S.,PRS,Price Delivered to Residential Consumers,N3010US3,U.S. Price of Natural Gas Delivered to Residential Consumers (Dollars per Thousand Cubic Feet)
2007,6,9.55,$/MCF,SAK,USA-AK,PRS,Price Delivered to Residential Consumers,N3010AK3,Alaska Price of Natural Gas Delivered to Residential Consumers (Dollars per Thousand Cubic Feet)
2007,5,8.41,$/MCF,NUS,U.S.,PG1,City Gate Price,N3050US3,U.S. Natural Gas Citygate Price (Dollars per Thousand Cubic Feet)
2007,5,6.57,$/MCF,SAK,USA-AK,PG1,City Gate Price,N3050AK3,Natural Gas Citygate Price in Alaska (Dollars per Thousand Cubic Feet)
2007,5,7.96,$/MCF,NUS,U.S.,PEU,Electric Power Price,N3045US3,U.S. Natural Gas Electric Power Price (Dollars per Thousand Cubic Feet)
2007,5,3.56,$/MCF,SAK,USA-AK,PEU,Electric Power Price,N3045AK3,Alaska Natural Gas Price Sold to Electric Power Consumers (Dollars per Thousand Cubic Feet)
2007,5,8.11,$/MCF,NUS,U.S.,PIN,Industrial Price,N3035US3,United States Natural Gas Industrial Price (Dollars per Thousand Cubic Feet)
2007,5,4.62,$/MCF,SAK,USA-AK,PIN,Industrial Price,N3035AK3,Alaska Natural Gas Industrial Price (Dollars per Thousand Cubic Feet)
2007,5,11.51,$/MCF,NUS,U.S.,PCS,Price Delivered to Commercial Sectors,N3020US3,U.S. Price of Natural Gas Sold to Commercial Consumers (Dollars per Thousand Cubic Feet)
2007,5,6.87,$/MCF,SAK,USA-AK,PCS,Price Delivered to Commercial Sectors,N3020AK3,Alaska Price of Natural Gas Sold to Commercial Consumers (Dollars per Thousand Cubic Feet)
2007,5,14.69,$/MCF,NUS,U.S.,PRS,Price Delivered to Residential Consumers,N3010US3,U.S. Price of Natural Gas Delivered to Residential Consumers (Dollars per Thousand Cubic Feet)
2007,5,9.03,$/MCF,SAK,USA-AK,PRS,Price Delivered to Residential Consumers,N3010AK3,Alaska Price of Natural Gas Delivered to Residential Consumers (Dollars per Thousand Cubic Feet)
2007,4,8.2,$/MCF,NUS,U.S.,PG1,City Gate Price,N3050US3,U.S. Natural Gas Citygate Price (Dollars per Thousand Cubic Feet)
2007,4,6.54,$/MCF,SAK,USA-AK,PG1,City Gate Price,N3050AK3,Natural Gas Citygate Price in Alaska (Dollars per Thousand Cubic Feet)
2007,4,7.77,$/MCF,NUS,U.S.,PEU,Electric Power Price,N3045US3,U.S. Natural Gas Electric Power Price (Dollars per Thousand Cubic Feet)
2007,4,3.64,$/MCF,SAK,USA-AK,PEU,Electric Power Price,N3045AK3,Alaska Natural Gas Price Sold to Electric Power Consumers (Dollars per Thousand Cubic Feet)
2007,4,8.14,$/MCF,NUS,U.S.,PIN,Industrial Price,N3035US3,United States Natural Gas Industrial Price (Dollars per Thousand Cubic Feet)
2007,4,4.57,$/MCF,SAK,USA-AK,PIN,Industrial Price,N3035AK3,Alaska Natural Gas Industrial Price (Dollars per Thousand Cubic Feet)
2007,4,11.5,$/MCF,NUS,U.S.,PCS,Price Delivered to Commercial Sectors,N3020US3,U.S. Price of Natural Gas Sold to Commercial Consumers (Dollars per Thousand Cubic Feet)
2007,4,7.63,$/MCF,SAK,USA-AK,PCS,Price Delivered to Commercial Sectors,N3020AK3,Alaska Price of Natural Gas Sold to Commercial Consumers (Dollars per Thousand Cubic Feet)
2007,4,13.31,$/MCF,NUS,U.S.,PRS,Price Delivered to Residential Consumers,N3010US3,U.S. Price of Natural Gas Delivered to Residential Consumers (Dollars per Thousand Cubic Feet)
2007,4,8.72,$/MCF,SAK,USA-AK,PRS,Price Delivered to Residential Consumers,N3010AK3,Alaska Price of Natural Gas Delivered to Residential Consumers (Dollars per Thousand Cubic Feet)
2007,3,8.79,$/MCF,NUS,U.S.,PG1,City Gate Price,N3050US3,U.S. Natural Gas Citygate Price (Dollars per Thousand Cubic Feet)
2007,3,6.86,$/MCF,SAK,USA-AK,PG1,City Gate Price,N3050AK3,Natural Gas Citygate Price in Alaska (Dollars per Thousand Cubic Feet)
2007,3,7.64,$/MCF,NUS,U.S.,PEU,Electric Power Price,N3045US3,U.S. Natural Gas Electric Power Price (Dollars per Thousand Cubic Feet)
2007,3,3.59,$/MCF,SAK,USA-AK,PEU,Electric Power Price,N3045AK3,Alaska Natural Gas Price Sold to Electric Power Consumers (Dollars per Thousand Cubic Feet)
2007,3,8.42,$/MCF,NUS,U.S.,PIN,Industrial Price,N3035US3,United States Natural Gas Industrial Price (Dollars per Thousand Cubic Feet)
2007,3,4.49,$/MCF,SAK,USA-AK,PIN,Industrial Price,N3035AK3,Alaska Natural Gas Industrial Price (Dollars per Thousand Cubic Feet)
2007,3,11.79,$/MCF,NUS,U.S.,PCS,Price Delivered to Commercial Sectors,N3020US3,U.S. Price of Natural Gas Sold to Commercial Consumers (Dollars per Thousand Cubic Feet)
2007,3,7.84,$/MCF,SAK,USA-AK,PCS,Price Delivered to Commercial Sectors,N3020AK3,Alaska Price of Natural Gas Sold to Commercial Consumers (Dollars per Thousand Cubic Feet)
2007,3,12.81,$/MCF,NUS,U.S.,PRS,Price Delivered to Residential Consumers,N3010US3,U.S. Price of Natural Gas Delivered to Residential Consumers (Dollars per Thousand Cubic Feet)
2007,3,8.44,$/MCF,SAK,USA-AK,PRS,Price Delivered to Residential Consumers,N3010AK3,Alaska Price of Natural Gas Delivered to Residential Consumers (Dollars per Thousand Cubic Feet)
2007,2,8.57,$/MCF,NUS,U.S.,PG1,City Gate Price,N3050US3,U.S. Natural Gas Citygate Price (Dollars per Thousand Cubic Feet)
2007,2,7.07,$/MCF,SAK,USA-AK,PG1,City Gate Price,N3050AK3,Natural Gas Citygate Price in Alaska (Dollars per Thousand Cubic Feet)
2007,2,8.18,$/MCF,NUS,U.S.,PEU,Electric Power Price,N3045US3,U.S. Natural Gas Electric Power Price (Dollars per Thousand Cubic Feet)
2007,2,3.54,$/MCF,SAK,USA-AK,PEU,Electric Power Price,N3045AK3,Alaska Natural Gas Price Sold to Electric Power Consumers (Dollars per Thousand Cubic Feet)
2007,2,8.25,$/MCF,NUS,U.S.,PIN,Industrial Price,N3035US3,United States Natural Gas Industrial Price (Dollars per Thousand Cubic Feet)
2007,2,4.37,$/MCF,SAK,USA-AK,PIN,Industrial Price,N3035AK3,Alaska Natural Gas Industrial Price (Dollars per Thousand Cubic Feet)
2007,2,11.22,$/MCF,NUS,U.S.,PCS,Price Delivered to Commercial Sectors,N3020US3,U.S. Price of Natural Gas Sold to Commercial Consumers (Dollars per Thousand Cubic Feet)
2007,2,7.8,$/MCF,SAK,USA-AK,PCS,Price Delivered to Commercial Sectors,N3020AK3,Alaska Price of Natural Gas Sold to Commercial Consumers (Dollars per Thousand Cubic Feet)
2007,2,12.13,$/MCF,NUS,U.S.,PRS,Price Delivered to Residential Consumers,N3010US3,U.S. Price of Natural Gas Delivered to Residential Consumers (Dollars per Thousand Cubic Feet)
2007,2,8.46,$/MCF,SAK,USA-AK,PRS,Price Delivered to Residential Consumers,N3010AK3,Alaska Price of Natural Gas Delivered to Residential Consumers (Dollars per Thousand Cubic Feet)
2007,1,7.88,$/MCF,NUS,U.S.,PG1,City Gate Price,N3050US3,U.S. Natural Gas Citygate Price (Dollars per Thousand Cubic Feet)
2007,1,6.93,$/MCF,SAK,USA-AK,PG1,City Gate Price,N3050AK3,Natural Gas Citygate Price in Alaska (Dollars per Thousand Cubic Feet)
2007,1,7.08,$/MCF,NUS,U.S.,PEU,Electric Power Price,N3045US3,U.S. Natural Gas Electric Power Price (Dollars per Thousand Cubic Feet)
2007,1,3.75,$/MCF,SAK,USA-AK,PEU,Electric Power Price,N3045AK3,Alaska Natural Gas Price Sold to Electric Power Consumers (Dollars per Thousand Cubic Feet)
2007,1,7.36,$/MCF,NUS,U.S.,PIN,Industrial Price,N3035US3,United States Natural Gas Industrial Price (Dollars per Thousand Cubic Feet)
2007,1,4.36,$/MCF,SAK,USA-AK,PIN,Industrial Price,N3035AK3,Alaska Natural Gas Industrial Price (Dollars per Thousand Cubic Feet)
2007,1,11.18,$/MCF,NUS,U.S.,PCS,Price Delivered to Commercial Sectors,N3020US3,U.S. Price of Natural Gas Sold to Commercial Consumers (Dollars per Thousand Cubic Feet)
2007,1,7.84,$/MCF,SAK,USA-AK,PCS,Price Delivered to Commercial Sectors,N3020AK3,Alaska Price of Natural Gas Sold to Commercial Consumers (Dollars per Thousand Cubic Feet)
2007,1,12.17,$/MCF,NUS,U.S.,PRS,Price Delivered to Residential Consumers,N3010US3,U.S. Price of Natural Gas Delivered to Residential Consumers (Dollars per Thousand Cubic Feet)
2007,1,8.46,$/MCF,SAK,USA-AK,PRS,Price Delivered to Residential Consumers,N3010AK3,Alaska Price of Natural Gas Delivered to Residential Consumers (Dollars per Thousand Cubic Feet)
2006,12,8.66,$/MCF,NUS,U.S.,PG1,City Gate Price,N3050US3,U.S. Natural Gas Citygate Price (Dollars per Thousand Cubic Feet)
2006,12,6.69,$/MCF,SAK,USA-AK,PG1,City Gate Price,N3050AK3,Natural Gas Citygate Price in Alaska (Dollars per Thousand Cubic Feet)
2006,12,7.57,$/MCF,NUS,U.S.,PEU,Electric Power Price,N3045US3,U.S. Natural Gas Electric Power Price (Dollars per Thousand Cubic Feet)
2006,12,3.88,$/MCF,SAK,USA-AK,PEU,Electric Power Price,N3045AK3,Alaska Natural Gas Price Sold to Electric Power Consumers (Dollars per Thousand Cubic Feet)
2006,12,8.23,$/MCF,NUS,U.S.,PIN,Industrial Price,N3035US3,United States Natural Gas Industrial Price (Dollars per Thousand Cubic Feet)
2006,12,4.23,$/MCF,SAK,USA-AK,PIN,Industrial Price,N3035AK3,Alaska Natural Gas Industrial Price (Dollars per Thousand Cubic Feet)
2006,12,11.61,$/MCF,NUS,U.S.,PCS,Price Delivered to Commercial Sectors,N3020US3,U.S. Price of Natural Gas Sold to Commercial Consumers (Dollars per Thousand Cubic Feet)
2006,12,5.54,$/MCF,SAK,USA-AK,PCS,Price Delivered to Commercial Sectors,N3020AK3,Alaska Price of Natural Gas Sold to Commercial Consumers (Dollars per Thousand Cubic Feet)
2006,12,12.53,$/MCF,NUS,U.S.,PRS,Price Delivered to Residential Consumers,N3010US3,U.S. Price of Natural Gas Delivered to Residential Consumers (Dollars per Thousand Cubic Feet)
2006,12,8.07,$/MCF,SAK,USA-AK,PRS,Price Delivered to Residential Consumers,N3010AK3,Alaska Price of Natural Gas Delivered to Residential Consumers (Dollars per Thousand Cubic Feet)
2006,11,8.47,$/MCF,NUS,U.S.,PG1,City Gate Price,N3050US3,U.S. Natural Gas Citygate Price (Dollars per Thousand Cubic Feet)
2006,11,4.9,$/MCF,SAK,USA-AK,PG1,City Gate Price,N3050AK3,Natural Gas Citygate Price in Alaska (Dollars per Thousand Cubic Feet)
2006,11,7.48,$/MCF,NUS,U.S.,PEU,Electric Power Price,N3045US3,U.S. Natural Gas Electric Power Price (Dollars per Thousand Cubic Feet)
2006,11,3.94,$/MCF,SAK,USA-AK,PEU,Electric Power Price,N3045AK3,Alaska Natural Gas Price Sold to Electric Power Consumers (Dollars per Thousand Cubic Feet)
2006,11,7.74,$/MCF,NUS,U.S.,PIN,Industrial Price,N3035US3,United States Natural Gas Industrial Price (Dollars per Thousand Cubic Feet)
2006,11,4.27,$/MCF,SAK,USA-AK,PIN,Industrial Price,N3035AK3,Alaska Natural Gas Industrial Price (Dollars per Thousand Cubic Feet)
2006,11,11.05,$/MCF,NUS,U.S.,PCS,Price Delivered to Commercial Sectors,N3020US3,U.S. Price of Natural Gas Sold to Commercial Consumers (Dollars per Thousand Cubic Feet)
2006,11,4.55,$/MCF,SAK,USA-AK,PCS,Price Delivered to Commercial Sectors,N3020AK3,Alaska Price of Natural Gas Sold to Commercial Consumers (Dollars per Thousand Cubic Feet)
2006,11,12.45,$/MCF,NUS,U.S.,PRS,Price Delivered to Residential Consumers,N3010US3,U.S. Price of Natural Gas Delivered to Residential Consumers (Dollars per Thousand Cubic Feet)
2006,11,6.38,$/MCF,SAK,USA-AK,PRS,Price Delivered to Residential Consumers,N3010AK3,Alaska Price of Natural Gas Delivered to Residential Consumers (Dollars per Thousand Cubic Feet)
2006,10,6.42,$/MCF,NUS,U.S.,PG1,City Gate Price,N3050US3,U.S. Natural Gas Citygate Price (Dollars per Thousand Cubic Feet)
2006,10,5.06,$/MCF,SAK,USA-AK,PG1,City Gate Price,N3050AK3,Natural Gas Citygate Price in Alaska (Dollars per Thousand Cubic Feet)
2006,10,5.76,$/MCF,NUS,U.S.,PEU,Electric Power Price,N3045US3,U.S. Natural Gas Electric Power Price (Dollars per Thousand Cubic Feet)
2006,10,3.79,$/MCF,SAK,USA-AK,PEU,Electric Power Price,N3045AK3,Alaska Natural Gas Price Sold to Electric Power Consumers (Dollars per Thousand Cubic Feet)
2006,10,5.62,$/MCF,NUS,U.S.,PIN,Industrial Price,N3035US3,United States Natural Gas Industrial Price (Dollars per Thousand Cubic Feet)
2006,10,3.72,$/MCF,SAK,USA-AK,PIN,Industrial Price,N3035AK3,Alaska Natural Gas Industrial Price (Dollars per Thousand Cubic Feet)
2006,10,10.05,$/MCF,NUS,U.S.,PCS,Price Delivered to Commercial Sectors,N3020US3,U.S. Price of Natural Gas Sold to Commercial Consumers (Dollars per Thousand Cubic Feet)
2006,10,4.46,$/MCF,SAK,USA-AK,PCS,Price Delivered to Commercial Sectors,N3020AK3,Alaska Price of Natural Gas Sold to Commercial Consumers (Dollars per Thousand Cubic Feet)
2006,10,12.51,$/MCF,NUS,U.S.,PRS,Price Delivered to Residential Consumers,N3010US3,U.S. Price of Natural Gas Delivered to Residential Consumers (Dollars per Thousand Cubic Feet)
2006,10,6.69,$/MCF,SAK,USA-AK,PRS,Price Delivered to Residential Consumers,N3010AK3,Alaska Price of Natural Gas Delivered to Residential Consumers (Dollars per Thousand Cubic Feet)
2006,9,7.68,$/MCF,NUS,U.S.,PG1,City Gate Price,N3050US3,U.S. Natural Gas Citygate Price (Dollars per Thousand Cubic Feet)
2006,9,4.78,$/MCF,SAK,USA-AK,PG1,City Gate Price,N3050AK3,Natural Gas Citygate Price in Alaska (Dollars per Thousand Cubic Feet)
2006,9,6.27,$/MCF,NUS,U.S.,PEU,Electric Power Price,N3045US3,U.S. Natural Gas Electric Power Price (Dollars per Thousand Cubic Feet)
2006,9,3.72,$/MCF,SAK,USA-AK,PEU,Electric Power Price,N3045AK3,Alaska Natural Gas Price Sold to Electric Power Consumers (Dollars per Thousand Cubic Feet)
2006,9,7.21,$/MCF,NUS,U.S.,PIN,Industrial Price,N3035US3,United States Natural Gas Industrial Price (Dollars per Thousand Cubic Feet)
2006,9,3.65,$/MCF,SAK,USA-AK,PIN,Industrial Price,N3035AK3,Alaska Natural Gas Industrial Price (Dollars per Thousand Cubic Feet)
2006,9,11.16,$/MCF,NUS,U.S.,PCS,Price Delivered to Commercial Sectors,N3020US3,U.S. Price of Natural Gas Sold to Commercial Consumers (Dollars per Thousand Cubic Feet)
2006,9,4.25,$/MCF,SAK,USA-AK,PCS,Price Delivered to Commercial Sectors,N3020AK3,Alaska Price of Natural Gas Sold to Commercial Consumers (Dollars per Thousand Cubic Feet)
2006,9,15.71,$/MCF,NUS,U.S.,PRS,Price Delivered to Residential Consumers,N3010US3,U.S. Price of Natural Gas Delivered to Residential Consumers (Dollars per Thousand Cubic Feet)
2006,9,7.13,$/MCF,SAK,USA-AK,PRS,Price Delivered to Residential Consumers,N3010AK3,Alaska Price of Natural Gas Delivered to Residential Consumers (Dollars per Thousand Cubic Feet)
2006,8,8.1,$/MCF,NUS,U.S.,PG1,City Gate Price,N3050US3,U.S. Natural Gas Citygate Price (Dollars per Thousand Cubic Feet)
2006,8,4.52,$/MCF,SAK,USA-AK,PG1,City Gate Price,N3050AK3,Natural Gas Citygate Price in Alaska (Dollars per Thousand Cubic Feet)
2006,8,7.56,$/MCF,NUS,U.S.,PEU,Electric Power Price,N3045US3,U.S. Natural Gas Electric Power Price (Dollars per Thousand Cubic Feet)
2006,8,3.38,$/MCF,SAK,USA-AK,PEU,Electric Power Price,N3045AK3,Alaska Natural Gas Price Sold to Electric Power Consumers (Dollars per Thousand Cubic Feet)
2006,8,7.36,$/MCF,NUS,U.S.,PIN,Industrial Price,N3035US3,United States Natural Gas Industrial Price (Dollars per Thousand Cubic Feet)
2006,8,3.68,$/MCF,SAK,USA-AK,PIN,Industrial Price,N3035AK3,Alaska Natural Gas Industrial Price (Dollars per Thousand Cubic Feet)
2006,8,11.2,$/MCF,NUS,U.S.,PCS,Price Delivered to Commercial Sectors,N3020US3,U.S. Price of Natural Gas Sold to Commercial Consumers (Dollars per Thousand Cubic Feet)
2006,8,4.01,$/MCF,SAK,USA-AK,PCS,Price Delivered to Commercial Sectors,N3020AK3,Alaska Price of Natural Gas Sold to Commercial Consumers (Dollars per Thousand Cubic Feet)
2006,8,16.18,$/MCF,NUS,U.S.,PRS,Price Delivered to Residential Consumers,N3010US3,U.S. Price of Natural Gas Delivered to Residential Consumers (Dollars per Thousand Cubic Feet)
2006,8,7.49,$/MCF,SAK,USA-AK,PRS,Price Delivered to Residential Consumers,N3010AK3,Alaska Price of Natural Gas Delivered to Residential Consumers (Dollars per Thousand Cubic Feet)
2006,7,7.4,$/MCF,NUS,U.S.,PG1,City Gate Price,N3050US3,U.S. Natural Gas Citygate Price (Dollars per Thousand Cubic Feet)
2006,7,5.3,$/MCF,SAK,USA-AK,PG1,City Gate Price,N3050AK3,Natural Gas Citygate Price in Alaska (Dollars per Thousand Cubic Feet)
2006,7,6.69,$/MCF,NUS,U.S.,PEU,Electric Power Price,N3045US3,U.S. Natural Gas Electric Power Price (Dollars per Thousand Cubic Feet)
2006,7,3.51,$/MCF,SAK,USA-AK,PEU,Electric Power Price,N3045AK3,Alaska Natural Gas Price Sold to Electric Power Consumers (Dollars per Thousand Cubic Feet)
2006,7,6.78,$/MCF,NUS,U.S.,PIN,Industrial Price,N3035US3,United States Natural Gas Industrial Price (Dollars per Thousand Cubic Feet)
2006,7,3.68,$/MCF,SAK,USA-AK,PIN,Industrial Price,N3035AK3,Alaska Natural Gas Industrial Price (Dollars per Thousand Cubic Feet)
2006,7,10.98,$/MCF,NUS,U.S.,PCS,Price Delivered to Commercial Sectors,N3020US3,U.S. Price of Natural Gas Sold to Commercial Consumers (Dollars per Thousand Cubic Feet)
2006,7,4.28,$/MCF,SAK,USA-AK,PCS,Price Delivered to Commercial Sectors,N3020AK3,Alaska Price of Natural Gas Sold to Commercial Consumers (Dollars per Thousand Cubic Feet)
2006,7,15.72,$/MCF,NUS,U.S.,PRS,Price Delivered to Residential Consumers,N3010US3,U.S. Price of Natural Gas Delivered to Residential Consumers (Dollars per Thousand Cubic Feet)
2006,7,7.8,$/MCF,SAK,USA-AK,PRS,Price Delivered to Residential Consumers,N3010AK3,Alaska Price of Natural Gas Delivered to Residential Consumers (Dollars per Thousand Cubic Feet)
2006,6,7.39,$/MCF,NUS,U.S.,PG1,City Gate Price,N3050US3,U.S. Natural Gas Citygate Price (Dollars per Thousand Cubic Feet)
2006,6,6.63,$/MCF,SAK,USA-AK,PG1,City Gate Price,N3050AK3,Natural Gas Citygate Price in Alaska (Dollars per Thousand Cubic Feet)
2006,6,6.69,$/MCF,NUS,U.S.,PEU,Electric Power Price,N3045US3,U.S. Natural Gas Electric Power Price (Dollars per Thousand Cubic Feet)
2006,6,3.74,$/MCF,SAK,USA-AK,PEU,Electric Power Price,N3045AK3,Alaska Natural Gas Price Sold to Electric Power Consumers (Dollars per Thousand Cubic Feet)
2006,6,6.92,$/MCF,NUS,U.S.,PIN,Industrial Price,N3035US3,United States Natural Gas Industrial Price (Dollars per Thousand Cubic Feet)
2006,6,3.69,$/MCF,SAK,USA-AK,PIN,Industrial Price,N3035AK3,Alaska Natural Gas Industrial Price (Dollars per Thousand Cubic Feet)
2006,6,11.09,$/MCF,NUS,U.S.,PCS,Price Delivered to Commercial Sectors,N3020US3,U.S. Price of Natural Gas Sold to Commercial Consumers (Dollars per Thousand Cubic Feet)
2006,6,4.37,$/MCF,SAK,USA-AK,PCS,Price Delivered to Commercial Sectors,N3020AK3,Alaska Price of Natural Gas Sold to Commercial Consumers (Dollars per Thousand Cubic Feet)
2006,6,15.07,$/MCF,NUS,U.S.,PRS,Price Delivered to Residential Consumers,N3010US3,U.S. Price of Natural Gas Delivered to Residential Consumers (Dollars per Thousand Cubic Feet)
2006,6,7.44,$/MCF,SAK,USA-AK,PRS,Price Delivered to Residential Consumers,N3010AK3,Alaska Price of Natural Gas Delivered to Residential Consumers (Dollars per Thousand Cubic Feet)
2006,5,7.99,$/MCF,NUS,U.S.,PG1,City Gate Price,N3050US3,U.S. Natural Gas Citygate Price (Dollars per Thousand Cubic Feet)
2006,5,5.19,$/MCF,SAK,USA-AK,PG1,City Gate Price,N3050AK3,Natural Gas Citygate Price in Alaska (Dollars per Thousand Cubic Feet)
2006,5,6.89,$/MCF,NUS,U.S.,PEU,Electric Power Price,N3045US3,U.S. Natural Gas Electric Power Price (Dollars per Thousand Cubic Feet)
2006,5,3.63,$/MCF,SAK,USA-AK,PEU,Electric Power Price,N3045AK3,Alaska Natural Gas Price Sold to Electric Power Consumers (Dollars per Thousand Cubic Feet)
2006,5,7.63,$/MCF,NUS,U.S.,PIN,Industrial Price,N3035US3,United States Natural Gas Industrial Price (Dollars per Thousand Cubic Feet)
2006,5,3.71,$/MCF,SAK,USA-AK,PIN,Industrial Price,N3035AK3,Alaska Natural Gas Industrial Price (Dollars per Thousand Cubic Feet)
2006,5,11.61,$/MCF,NUS,U.S.,PCS,Price Delivered to Commercial Sectors,N3020US3,U.S. Price of Natural Gas Sold to Commercial Consumers (Dollars per Thousand Cubic Feet)
2006,5,4.46,$/MCF,SAK,USA-AK,PCS,Price Delivered to Commercial Sectors,N3020AK3,Alaska Price of Natural Gas Sold to Commercial Consumers (Dollars per Thousand Cubic Feet)
2006,5,14.41,$/MCF,NUS,U.S.,PRS,Price Delivered to Residential Consumers,N3010US3,U.S. Price of Natural Gas Delivered to Residential Consumers (Dollars per Thousand Cubic Feet)
2006,5,7.16,$/MCF,SAK,USA-AK,PRS,Price Delivered to Residential Consumers,N3010AK3,Alaska Price of Natural Gas Delivered to Residential Consumers (Dollars per Thousand Cubic Feet)
2006,4,8.29,$/MCF,NUS,U.S.,PG1,City Gate Price,N3050US3,U.S. Natural Gas Citygate Price (Dollars per Thousand Cubic Feet)
2006,4,5.55,$/MCF,SAK,USA-AK,PG1,City Gate Price,N3050AK3,Natural Gas Citygate Price in Alaska (Dollars per Thousand Cubic Feet)
2006,4,7.32,$/MCF,NUS,U.S.,PEU,Electric Power Price,N3045US3,U.S. Natural Gas Electric Power Price (Dollars per Thousand Cubic Feet)
2006,4,3.68,$/MCF,SAK,USA-AK,PEU,Electric Power Price,N3045AK3,Alaska Natural Gas Price Sold to Electric Power Consumers (Dollars per Thousand Cubic Feet)
2006,4,7.93,$/MCF,NUS,U.S.,PIN,Industrial Price,N3035US3,United States Natural Gas Industrial Price (Dollars per Thousand Cubic Feet)
2006,4,3.67,$/MCF,SAK,USA-AK,PIN,Industrial Price,N3035AK3,Alaska Natural Gas Industrial Price (Dollars per Thousand Cubic Feet)
2006,4,11.57,$/MCF,NUS,U.S.,PCS,Price Delivered to Commercial Sectors,N3020US3,U.S. Price of Natural Gas Sold to Commercial Consumers (Dollars per Thousand Cubic Feet)
2006,4,4.61,$/MCF,SAK,USA-AK,PCS,Price Delivered to Commercial Sectors,N3020AK3,Alaska Price of Natural Gas Sold to Commercial Consumers (Dollars per Thousand Cubic Feet)
2006,4,13.27,$/MCF,NUS,U.S.,PRS,Price Delivered to Residential Consumers,N3010US3,U.S. Price of Natural Gas Delivered to Residential Consumers (Dollars per Thousand Cubic Feet)
2006,4,6.65,$/MCF,SAK,USA-AK,PRS,Price Delivered to Residential Consumers,N3010AK3,Alaska Price of Natural Gas Delivered to Residential Consumers (Dollars per Thousand Cubic Feet)
2006,3,8.81,$/MCF,NUS,U.S.,PG1,City Gate Price,N3050US3,U.S. Natural Gas Citygate Price (Dollars per Thousand Cubic Feet)
2006,3,4.64,$/MCF,SAK,USA-AK,PG1,City Gate Price,N3050AK3,Natural Gas Citygate Price in Alaska (Dollars per Thousand Cubic Feet)
2006,3,7.36,$/MCF,NUS,U.S.,PEU,Electric Power Price,N3045US3,U.S. Natural Gas Electric Power Price (Dollars per Thousand Cubic Feet)
2006,3,3.42,$/MCF,SAK,USA-AK,PEU,Electric Power Price,N3045AK3,Alaska Natural Gas Price Sold to Electric Power Consumers (Dollars per Thousand Cubic Feet)
2006,3,8.24,$/MCF,NUS,U.S.,PIN,Industrial Price,N3035US3,United States Natural Gas Industrial Price (Dollars per Thousand Cubic Feet)
2006,3,4.32,$/MCF,SAK,USA-AK,PIN,Industrial Price,N3035AK3,Alaska Natural Gas Industrial Price (Dollars per Thousand Cubic Feet)
2006,3,12.07,$/MCF,NUS,U.S.,PCS,Price Delivered to Commercial Sectors,N3020US3,U.S. Price of Natural Gas Sold to Commercial Consumers (Dollars per Thousand Cubic Feet)
2006,3,4.67,$/MCF,SAK,USA-AK,PCS,Price Delivered to Commercial Sectors,N3020AK3,Alaska Price of Natural Gas Sold to Commercial Consumers (Dollars per Thousand Cubic Feet)
2006,3,13.17,$/MCF,NUS,U.S.,PRS,Price Delivered to Residential Consumers,N3010US3,U.S. Price of Natural Gas Delivered to Residential Consumers (Dollars per Thousand Cubic Feet)
2006,3,6.51,$/MCF,SAK,USA-AK,PRS,Price Delivered to Residential Consumers,N3010AK3,Alaska Price of Natural Gas Delivered to Residential Consumers (Dollars per Thousand Cubic Feet)
2006,2,9.34,$/MCF,NUS,U.S.,PG1,City Gate Price,N3050US3,U.S. Natural Gas Citygate Price (Dollars per Thousand Cubic Feet)
2006,2,4.83,$/MCF,SAK,USA-AK,PG1,City Gate Price,N3050AK3,Natural Gas Citygate Price in Alaska (Dollars per Thousand Cubic Feet)
2006,2,8,$/MCF,NUS,U.S.,PEU,Electric Power Price,N3045US3,U.S. Natural Gas Electric Power Price (Dollars per Thousand Cubic Feet)
2006,2,3.52,$/MCF,SAK,USA-AK,PEU,Electric Power Price,N3045AK3,Alaska Natural Gas Price Sold to Electric Power Consumers (Dollars per Thousand Cubic Feet)
2006,2,9.38,$/MCF,NUS,U.S.,PIN,Industrial Price,N3035US3,United States Natural Gas Industrial Price (Dollars per Thousand Cubic Feet)
2006,2,4.08,$/MCF,SAK,USA-AK,PIN,Industrial Price,N3035AK3,Alaska Natural Gas Industrial Price (Dollars per Thousand Cubic Feet)
2006,2,12.95,$/MCF,NUS,U.S.,PCS,Price Delivered to Commercial Sectors,N3020US3,U.S. Price of Natural Gas Sold to Commercial Consumers (Dollars per Thousand Cubic Feet)
2006,2,4.81,$/MCF,SAK,USA-AK,PCS,Price Delivered to Commercial Sectors,N3020AK3,Alaska Price of Natural Gas Sold to Commercial Consumers (Dollars per Thousand Cubic Feet)
2006,2,13.98,$/MCF,NUS,U.S.,PRS,Price Delivered to Residential Consumers,N3010US3,U.S. Price of Natural Gas Delivered to Residential Consumers (Dollars per Thousand Cubic Feet)
2006,2,6.5,$/MCF,SAK,USA-AK,PRS,Price Delivered to Residential Consumers,N3010AK3,Alaska Price of Natural Gas Delivered to Residential Consumers (Dollars per Thousand Cubic Feet)
2006,1,10.8,$/MCF,NUS,U.S.,PG1,City Gate Price,N3050US3,U.S. Natural Gas Citygate Price (Dollars per Thousand Cubic Feet)
2006,1,5.1,$/MCF,SAK,USA-AK,PG1,City Gate Price,N3050AK3,Natural Gas Citygate Price in Alaska (Dollars per Thousand Cubic Feet)
2006,1,9.15,$/MCF,NUS,U.S.,PEU,Electric Power Price,N3045US3,U.S. Natural Gas Electric Power Price (Dollars per Thousand Cubic Feet)
2006,1,3.52,$/MCF,SAK,USA-AK,PEU,Electric Power Price,N3045AK3,Alaska Natural Gas Price Sold to Electric Power Consumers (Dollars per Thousand Cubic Feet)
2006,1,10.85,$/MCF,NUS,U.S.,PIN,Industrial Price,N3035US3,United States Natural Gas Industrial Price (Dollars per Thousand Cubic Feet)
2006,1,4.06,$/MCF,SAK,USA-AK,PIN,Industrial Price,N3035AK3,Alaska Natural Gas Industrial Price (Dollars per Thousand Cubic Feet)
2006,1,14.16,$/MCF,NUS,U.S.,PCS,Price Delivered to Commercial Sectors,N3020US3,U.S. Price of Natural Gas Sold to Commercial Consumers (Dollars per Thousand Cubic Feet)
2006,1,4.92,$/MCF,SAK,USA-AK,PCS,Price Delivered to Commercial Sectors,N3020AK3,Alaska Price of Natural Gas Sold to Commercial Consumers (Dollars per Thousand Cubic Feet)
2006,1,14.92,$/MCF,NUS,U.S.,PRS,Price Delivered to Residential Consumers,N3010US3,U.S. Price of Natural Gas Delivered to Residential Consumers (Dollars per Thousand Cubic Feet)
2006,1,6.35,$/MCF,SAK,USA-AK,PRS,Price Delivered to Residential Consumers,N3010AK3,Alaska Price of Natural Gas Delivered to Residential Consumers (Dollars per Thousand Cubic Feet)
2005,12,10.77,$/MCF,NUS,U.S.,PG1,City Gate Price,N3050US3,U.S. Natural Gas Citygate Price (Dollars per Thousand Cubic Feet)
2005,12,4.43,$/MCF,SAK,USA-AK,PG1,City Gate Price,N3050AK3,Natural Gas Citygate Price in Alaska (Dollars per Thousand Cubic Feet)
2005,12,11.26,$/MCF,NUS,U.S.,PEU,Electric Power Price,N3045US3,U.S. Natural Gas Electric Power Price (Dollars per Thousand Cubic Feet)
2005,12,3.66,$/MCF,SAK,USA-AK,PEU,Electric Power Price,N3045AK3,Alaska Natural Gas Price Sold to Electric Power Consumers (Dollars per Thousand Cubic Feet)
2005,12,11.17,$/MCF,NUS,U.S.,PIN,Industrial Price,N3035US3,United States Natural Gas Industrial Price (Dollars per Thousand Cubic Feet)
2005,12,3.72,$/MCF,SAK,USA-AK,PIN,Industrial Price,N3035AK3,Alaska Natural Gas Industrial Price (Dollars per Thousand Cubic Feet)
2005,12,14.01,$/MCF,NUS,U.S.,PCS,Price Delivered to Commercial Sectors,N3020US3,U.S. Price of Natural Gas Sold to Commercial Consumers (Dollars per Thousand Cubic Feet)
2005,12,5.67,$/MCF,SAK,USA-AK,PCS,Price Delivered to Commercial Sectors,N3020AK3,Alaska Price of Natural Gas Sold to Commercial Consumers (Dollars per Thousand Cubic Feet)
2005,12,14.6,$/MCF,NUS,U.S.,PRS,Price Delivered to Residential Consumers,N3010US3,U.S. Price of Natural Gas Delivered to Residential Consumers (Dollars per Thousand Cubic Feet)
2005,12,6.1,$/MCF,SAK,USA-AK,PRS,Price Delivered to Residential Consumers,N3010AK3,Alaska Price of Natural Gas Delivered to Residential Consumers (Dollars per Thousand Cubic Feet)
2005,11,11.57,$/MCF,NUS,U.S.,PG1,City Gate Price,N3050US3,U.S. Natural Gas Citygate Price (Dollars per Thousand Cubic Feet)
2005,11,3.69,$/MCF,SAK,USA-AK,PG1,City Gate Price,N3050AK3,Natural Gas Citygate Price in Alaska (Dollars per Thousand Cubic Feet)
2005,11,9.87,$/MCF,NUS,U.S.,PEU,Electric Power Price,N3045US3,U.S. Natural Gas Electric Power Price (Dollars per Thousand Cubic Feet)
2005,11,3.58,$/MCF,SAK,USA-AK,PEU,Electric Power Price,N3045AK3,Alaska Natural Gas Price Sold to Electric Power Consumers (Dollars per Thousand Cubic Feet)
2005,11,12.11,$/MCF,NUS,U.S.,PIN,Industrial Price,N3035US3,United States Natural Gas Industrial Price (Dollars per Thousand Cubic Feet)
2005,11,3.99,$/MCF,SAK,USA-AK,PIN,Industrial Price,N3035AK3,Alaska Natural Gas Industrial Price (Dollars per Thousand Cubic Feet)
2005,11,14.76,$/MCF,NUS,U.S.,PCS,Price Delivered to Commercial Sectors,N3020US3,U.S. Price of Natural Gas Sold to Commercial Consumers (Dollars per Thousand Cubic Feet)
2005,11,5.29,$/MCF,SAK,USA-AK,PCS,Price Delivered to Commercial Sectors,N3020AK3,Alaska Price of Natural Gas Sold to Commercial Consumers (Dollars per Thousand Cubic Feet)
2005,11,15.64,$/MCF,NUS,U.S.,PRS,Price Delivered to Residential Consumers,N3010US3,U.S. Price of Natural Gas Delivered to Residential Consumers (Dollars per Thousand Cubic Feet)
2005,11,5.4,$/MCF,SAK,USA-AK,PRS,Price Delivered to Residential Consumers,N3010AK3,Alaska Price of Natural Gas Delivered to Residential Consumers (Dollars per Thousand Cubic Feet)
2005,10,12.16,$/MCF,NUS,U.S.,PG1,City Gate Price,N3050US3,U.S. Natural Gas Citygate Price (Dollars per Thousand Cubic Feet)
2005,10,3.84,$/MCF,SAK,USA-AK,PG1,City Gate Price,N3050AK3,Natural Gas Citygate Price in Alaska (Dollars per Thousand Cubic Feet)
2005,10,11.84,$/MCF,NUS,U.S.,PEU,Electric Power Price,N3045US3,U.S. Natural Gas Electric Power Price (Dollars per Thousand Cubic Feet)
2005,10,3.59,$/MCF,SAK,USA-AK,PEU,Electric Power Price,N3045AK3,Alaska Natural Gas Price Sold to Electric Power Consumers (Dollars per Thousand Cubic Feet)
2005,10,12.06,$/MCF,NUS,U.S.,PIN,Industrial Price,N3035US3,United States Natural Gas Industrial Price (Dollars per Thousand Cubic Feet)
2005,10,2.61,$/MCF,SAK,USA-AK,PIN,Industrial Price,N3035AK3,Alaska Natural Gas Industrial Price (Dollars per Thousand Cubic Feet)
2005,10,14.29,$/MCF,NUS,U.S.,PCS,Price Delivered to Commercial Sectors,N3020US3,U.S. Price of Natural Gas Sold to Commercial Consumers (Dollars per Thousand Cubic Feet)
2005,10,4.97,$/MCF,SAK,USA-AK,PCS,Price Delivered to Commercial Sectors,N3020AK3,Alaska Price of Natural Gas Sold to Commercial Consumers (Dollars per Thousand Cubic Feet)
2005,10,16.44,$/MCF,NUS,U.S.,PRS,Price Delivered to Residential Consumers,N3010US3,U.S. Price of Natural Gas Delivered to Residential Consumers (Dollars per Thousand Cubic Feet)
2005,10,5.59,$/MCF,SAK,USA-AK,PRS,Price Delivered to Residential Consumers,N3010AK3,Alaska Price of Natural Gas Delivered to Residential Consumers (Dollars per Thousand Cubic Feet)
2005,9,10.26,$/MCF,NUS,U.S.,PG1,City Gate Price,N3050US3,U.S. Natural Gas Citygate Price (Dollars per Thousand Cubic Feet)
2005,9,2.66,$/MCF,SAK,USA-AK,PG1,City Gate Price,N3050AK3,Natural Gas Citygate Price in Alaska (Dollars per Thousand Cubic Feet)
2005,9,10.99,$/MCF,NUS,U.S.,PEU,Electric Power Price,N3045US3,U.S. Natural Gas Electric Power Price (Dollars per Thousand Cubic Feet)
2005,9,3.53,$/MCF,SAK,USA-AK,PEU,Electric Power Price,N3045AK3,Alaska Natural Gas Price Sold to Electric Power Consumers (Dollars per Thousand Cubic Feet)
2005,9,10.18,$/MCF,NUS,U.S.,PIN,Industrial Price,N3035US3,United States Natural Gas Industrial Price (Dollars per Thousand Cubic Feet)
2005,9,2.48,$/MCF,SAK,USA-AK,PIN,Industrial Price,N3035AK3,Alaska Natural Gas Industrial Price (Dollars per Thousand Cubic Feet)
2005,9,12.59,$/MCF,NUS,U.S.,PCS,Price Delivered to Commercial Sectors,N3020US3,U.S. Price of Natural Gas Sold to Commercial Consumers (Dollars per Thousand Cubic Feet)
2005,9,4.6,$/MCF,SAK,USA-AK,PCS,Price Delivered to Commercial Sectors,N3020AK3,Alaska Price of Natural Gas Sold to Commercial Consumers (Dollars per Thousand Cubic Feet)
2005,9,16.56,$/MCF,NUS,U.S.,PRS,Price Delivered to Residential Consumers,N3010US3,U.S. Price of Natural Gas Delivered to Residential Consumers (Dollars per Thousand Cubic Feet)
2005,9,6.15,$/MCF,SAK,USA-AK,PRS,Price Delivered to Residential Consumers,N3010AK3,Alaska Price of Natural Gas Delivered to Residential Consumers (Dollars per Thousand Cubic Feet)
2005,8,8.2,$/MCF,NUS,U.S.,PG1,City Gate Price,N3050US3,U.S. Natural Gas Citygate Price (Dollars per Thousand Cubic Feet)
2005,8,2.77,$/MCF,SAK,USA-AK,PG1,City Gate Price,N3050AK3,Natural Gas Citygate Price in Alaska (Dollars per Thousand Cubic Feet)
2005,8,8.67,$/MCF,NUS,U.S.,PEU,Electric Power Price,N3045US3,U.S. Natural Gas Electric Power Price (Dollars per Thousand Cubic Feet)
2005,8,3.54,$/MCF,SAK,USA-AK,PEU,Electric Power Price,N3045AK3,Alaska Natural Gas Price Sold to Electric Power Consumers (Dollars per Thousand Cubic Feet)
2005,8,7.98,$/MCF,NUS,U.S.,PIN,Industrial Price,N3035US3,United States Natural Gas Industrial Price (Dollars per Thousand Cubic Feet)
2005,8,2.4,$/MCF,SAK,USA-AK,PIN,Industrial Price,N3035AK3,Alaska Natural Gas Industrial Price (Dollars per Thousand Cubic Feet)
2005,8,11.01,$/MCF,NUS,U.S.,PCS,Price Delivered to Commercial Sectors,N3020US3,U.S. Price of Natural Gas Sold to Commercial Consumers (Dollars per Thousand Cubic Feet)
2005,8,4.54,$/MCF,SAK,USA-AK,PCS,Price Delivered to Commercial Sectors,N3020AK3,Alaska Price of Natural Gas Sold to Commercial Consumers (Dollars per Thousand Cubic Feet)
2005,8,15.51,$/MCF,NUS,U.S.,PRS,Price Delivered to Residential Consumers,N3010US3,U.S. Price of Natural Gas Delivered to Residential Consumers (Dollars per Thousand Cubic Feet)
2005,8,6.74,$/MCF,SAK,USA-AK,PRS,Price Delivered to Residential Consumers,N3010AK3,Alaska Price of Natural Gas Delivered to Residential Consumers (Dollars per Thousand Cubic Feet)
2005,7,7.68,$/MCF,NUS,U.S.,PG1,City Gate Price,N3050US3,U.S. Natural Gas Citygate Price (Dollars per Thousand Cubic Feet)
2005,7,3.86,$/MCF,SAK,USA-AK,PG1,City Gate Price,N3050AK3,Natural Gas Citygate Price in Alaska (Dollars per Thousand Cubic Feet)
2005,7,7.57,$/MCF,NUS,U.S.,PEU,Electric Power Price,N3045US3,U.S. Natural Gas Electric Power Price (Dollars per Thousand Cubic Feet)
2005,7,3.54,$/MCF,SAK,USA-AK,PEU,Electric Power Price,N3045AK3,Alaska Natural Gas Price Sold to Electric Power Consumers (Dollars per Thousand Cubic Feet)
2005,7,7.4,$/MCF,NUS,U.S.,PIN,Industrial Price,N3035US3,United States Natural Gas Industrial Price (Dollars per Thousand Cubic Feet)
2005,7,2.38,$/MCF,SAK,USA-AK,PIN,Industrial Price,N3035AK3,Alaska Natural Gas Industrial Price (Dollars per Thousand Cubic Feet)
2005,7,10.58,$/MCF,NUS,U.S.,PCS,Price Delivered to Commercial Sectors,N3020US3,U.S. Price of Natural Gas Sold to Commercial Consumers (Dollars per Thousand Cubic Feet)
2005,7,4.41,$/MCF,SAK,USA-AK,PCS,Price Delivered to Commercial Sectors,N3020AK3,Alaska Price of Natural Gas Sold to Commercial Consumers (Dollars per Thousand Cubic Feet)
2005,7,14.86,$/MCF,NUS,U.S.,PRS,Price Delivered to Residential Consumers,N3010US3,U.S. Price of Natural Gas Delivered to Residential Consumers (Dollars per Thousand Cubic Feet)
2005,7,6.9,$/MCF,SAK,USA-AK,PRS,Price Delivered to Residential Consumers,N3010AK3,Alaska Price of Natural Gas Delivered to Residential Consumers (Dollars per Thousand Cubic Feet)
2005,6,7.3,$/MCF,NUS,U.S.,PG1,City Gate Price,N3050US3,U.S. Natural Gas Citygate Price (Dollars per Thousand Cubic Feet)
2005,6,3.55,$/MCF,SAK,USA-AK,PG1,City Gate Price,N3050AK3,Natural Gas Citygate Price in Alaska (Dollars per Thousand Cubic Feet)
2005,6,7.08,$/MCF,NUS,U.S.,PEU,Electric Power Price,N3045US3,U.S. Natural Gas Electric Power Price (Dollars per Thousand Cubic Feet)
2005,6,3.32,$/MCF,SAK,USA-AK,PEU,Electric Power Price,N3045AK3,Alaska Natural Gas Price Sold to Electric Power Consumers (Dollars per Thousand Cubic Feet)
2005,6,6.91,$/MCF,NUS,U.S.,PIN,Industrial Price,N3035US3,United States Natural Gas Industrial Price (Dollars per Thousand Cubic Feet)
2005,6,2.25,$/MCF,SAK,USA-AK,PIN,Industrial Price,N3035AK3,Alaska Natural Gas Industrial Price (Dollars per Thousand Cubic Feet)
2005,6,10.22,$/MCF,NUS,U.S.,PCS,Price Delivered to Commercial Sectors,N3020US3,U.S. Price of Natural Gas Sold to Commercial Consumers (Dollars per Thousand Cubic Feet)
2005,6,4.25,$/MCF,SAK,USA-AK,PCS,Price Delivered to Commercial Sectors,N3020AK3,Alaska Price of Natural Gas Sold to Commercial Consumers (Dollars per Thousand Cubic Feet)
2005,6,13.79,$/MCF,NUS,U.S.,PRS,Price Delivered to Residential Consumers,N3010US3,U.S. Price of Natural Gas Delivered to Residential Consumers (Dollars per Thousand Cubic Feet)
2005,6,6.61,$/MCF,SAK,USA-AK,PRS,Price Delivered to Residential Consumers,N3010AK3,Alaska Price of Natural Gas Delivered to Residential Consumers (Dollars per Thousand Cubic Feet)
2005,5,7.51,$/MCF,NUS,U.S.,PG1,City Gate Price,N3050US3,U.S. Natural Gas Citygate Price (Dollars per Thousand Cubic Feet)
2005,5,3.41,$/MCF,SAK,USA-AK,PG1,City Gate Price,N3050AK3,Natural Gas Citygate Price in Alaska (Dollars per Thousand Cubic Feet)
2005,5,6.83,$/MCF,NUS,U.S.,PEU,Electric Power Price,N3045US3,U.S. Natural Gas Electric Power Price (Dollars per Thousand Cubic Feet)
2005,5,3.38,$/MCF,SAK,USA-AK,PEU,Electric Power Price,N3045AK3,Alaska Natural Gas Price Sold to Electric Power Consumers (Dollars per Thousand Cubic Feet)
2005,5,7.19,$/MCF,NUS,U.S.,PIN,Industrial Price,N3035US3,United States Natural Gas Industrial Price (Dollars per Thousand Cubic Feet)
2005,5,2.29,$/MCF,SAK,USA-AK,PIN,Industrial Price,N3035AK3,Alaska Natural Gas Industrial Price (Dollars per Thousand Cubic Feet)
2005,5,10.35,$/MCF,NUS,U.S.,PCS,Price Delivered to Commercial Sectors,N3020US3,U.S. Price of Natural Gas Sold to Commercial Consumers (Dollars per Thousand Cubic Feet)
2005,5,4.4,$/MCF,SAK,USA-AK,PCS,Price Delivered to Commercial Sectors,N3020AK3,Alaska Price of Natural Gas Sold to Commercial Consumers (Dollars per Thousand Cubic Feet)
2005,5,12.74,$/MCF,NUS,U.S.,PRS,Price Delivered to Residential Consumers,N3010US3,U.S. Price of Natural Gas Delivered to Residential Consumers (Dollars per Thousand Cubic Feet)
2005,5,6.04,$/MCF,SAK,USA-AK,PRS,Price Delivered to Residential Consumers,N3010AK3,Alaska Price of Natural Gas Delivered to Residential Consumers (Dollars per Thousand Cubic Feet)
2005,4,7.79,$/MCF,NUS,U.S.,PG1,City Gate Price,N3050US3,U.S. Natural Gas Citygate Price (Dollars per Thousand Cubic Feet)
2005,4,3.57,$/MCF,SAK,USA-AK,PG1,City Gate Price,N3050AK3,Natural Gas Citygate Price in Alaska (Dollars per Thousand Cubic Feet)
2005,4,7.27,$/MCF,NUS,U.S.,PEU,Electric Power Price,N3045US3,U.S. Natural Gas Electric Power Price (Dollars per Thousand Cubic Feet)
2005,4,3.31,$/MCF,SAK,USA-AK,PEU,Electric Power Price,N3045AK3,Alaska Natural Gas Price Sold to Electric Power Consumers (Dollars per Thousand Cubic Feet)
2005,4,7.71,$/MCF,NUS,U.S.,PIN,Industrial Price,N3035US3,United States Natural Gas Industrial Price (Dollars per Thousand Cubic Feet)
2005,4,2.3,$/MCF,SAK,USA-AK,PIN,Industrial Price,N3035AK3,Alaska Natural Gas Industrial Price (Dollars per Thousand Cubic Feet)
2005,4,10.25,$/MCF,NUS,U.S.,PCS,Price Delivered to Commercial Sectors,N3020US3,U.S. Price of Natural Gas Sold to Commercial Consumers (Dollars per Thousand Cubic Feet)
2005,4,4.64,$/MCF,SAK,USA-AK,PCS,Price Delivered to Commercial Sectors,N3020AK3,Alaska Price of Natural Gas Sold to Commercial Consumers (Dollars per Thousand Cubic Feet)
2005,4,11.88,$/MCF,NUS,U.S.,PRS,Price Delivered to Residential Consumers,N3010US3,U.S. Price of Natural Gas Delivered to Residential Consumers (Dollars per Thousand Cubic Feet)
2005,4,5.7,$/MCF,SAK,USA-AK,PRS,Price Delivered to Residential Consumers,N3010AK3,Alaska Price of Natural Gas Delivered to Residential Consumers (Dollars per Thousand Cubic Feet)
2005,3,7.24,$/MCF,NUS,U.S.,PG1,City Gate Price,N3050US3,U.S. Natural Gas Citygate Price (Dollars per Thousand Cubic Feet)
2005,3,3.8,$/MCF,SAK,USA-AK,PG1,City Gate Price,N3050AK3,Natural Gas Citygate Price in Alaska (Dollars per Thousand Cubic Feet)
2005,3,6.84,$/MCF,NUS,U.S.,PEU,Electric Power Price,N3045US3,U.S. Natural Gas Electric Power Price (Dollars per Thousand Cubic Feet)
2005,3,3.17,$/MCF,SAK,USA-AK,PEU,Electric Power Price,N3045AK3,Alaska Natural Gas Price Sold to Electric Power Consumers (Dollars per Thousand Cubic Feet)
2005,3,7.12,$/MCF,NUS,U.S.,PIN,Industrial Price,N3035US3,United States Natural Gas Industrial Price (Dollars per Thousand Cubic Feet)
2005,3,2.49,$/MCF,SAK,USA-AK,PIN,Industrial Price,N3035AK3,Alaska Natural Gas Industrial Price (Dollars per Thousand Cubic Feet)
2005,3,9.91,$/MCF,NUS,U.S.,PCS,Price Delivered to Commercial Sectors,N3020US3,U.S. Price of Natural Gas Sold to Commercial Consumers (Dollars per Thousand Cubic Feet)
2005,3,4.71,$/MCF,SAK,USA-AK,PCS,Price Delivered to Commercial Sectors,N3020AK3,Alaska Price of Natural Gas Sold to Commercial Consumers (Dollars per Thousand Cubic Feet)
2005,3,10.84,$/MCF,NUS,U.S.,PRS,Price Delivered to Residential Consumers,N3010US3,U.S. Price of Natural Gas Delivered to Residential Consumers (Dollars per Thousand Cubic Feet)
2005,3,5.51,$/MCF,SAK,USA-AK,PRS,Price Delivered to Residential Consumers,N3010AK3,Alaska Price of Natural Gas Delivered to Residential Consumers (Dollars per Thousand Cubic Feet)
2005,2,7.09,$/MCF,NUS,U.S.,PG1,City Gate Price,N3050US3,U.S. Natural Gas Citygate Price (Dollars per Thousand Cubic Feet)
2005,2,4.35,$/MCF,SAK,USA-AK,PG1,City Gate Price,N3050AK3,Natural Gas Citygate Price in Alaska (Dollars per Thousand Cubic Feet)
2005,2,6.42,$/MCF,NUS,U.S.,PEU,Electric Power Price,N3045US3,U.S. Natural Gas Electric Power Price (Dollars per Thousand Cubic Feet)
2005,2,3.12,$/MCF,SAK,USA-AK,PEU,Electric Power Price,N3045AK3,Alaska Natural Gas Price Sold to Electric Power Consumers (Dollars per Thousand Cubic Feet)
2005,2,7.15,$/MCF,NUS,U.S.,PIN,Industrial Price,N3035US3,United States Natural Gas Industrial Price (Dollars per Thousand Cubic Feet)
2005,2,2.41,$/MCF,SAK,USA-AK,PIN,Industrial Price,N3035AK3,Alaska Natural Gas Industrial Price (Dollars per Thousand Cubic Feet)
2005,2,9.83,$/MCF,NUS,U.S.,PCS,Price Delivered to Commercial Sectors,N3020US3,U.S. Price of Natural Gas Sold to Commercial Consumers (Dollars per Thousand Cubic Feet)
2005,2,4.95,$/MCF,SAK,USA-AK,PCS,Price Delivered to Commercial Sectors,N3020AK3,Alaska Price of Natural Gas Sold to Commercial Consumers (Dollars per Thousand Cubic Feet)
2005,2,10.87,$/MCF,NUS,U.S.,PRS,Price Delivered to Residential Consumers,N3010US3,U.S. Price of Natural Gas Delivered to Residential Consumers (Dollars per Thousand Cubic Feet)
2005,2,5.45,$/MCF,SAK,USA-AK,PRS,Price Delivered to Residential Consumers,N3010AK3,Alaska Price of Natural Gas Delivered to Residential Consumers (Dollars per Thousand Cubic Feet)
2005,1,7.05,$/MCF,NUS,U.S.,PG1,City Gate Price,N3050US3,U.S. Natural Gas Citygate Price (Dollars per Thousand Cubic Feet)
2005,1,3.27,$/MCF,SAK,USA-AK,PG1,City Gate Price,N3050AK3,Natural Gas Citygate Price in Alaska (Dollars per Thousand Cubic Feet)
2005,1,6.72,$/MCF,NUS,U.S.,PEU,Electric Power Price,N3045US3,U.S. Natural Gas Electric Power Price (Dollars per Thousand Cubic Feet)
2005,1,3.11,$/MCF,SAK,USA-AK,PEU,Electric Power Price,N3045AK3,Alaska Natural Gas Price Sold to Electric Power Consumers (Dollars per Thousand Cubic Feet)
2005,1,7.06,$/MCF,NUS,U.S.,PIN,Industrial Price,N3035US3,United States Natural Gas Industrial Price (Dollars per Thousand Cubic Feet)
2005,1,2.4,$/MCF,SAK,USA-AK,PIN,Industrial Price,N3035AK3,Alaska Natural Gas Industrial Price (Dollars per Thousand Cubic Feet)
2005,1,10.02,$/MCF,NUS,U.S.,PCS,Price Delivered to Commercial Sectors,N3020US3,U.S. Price of Natural Gas Sold to Commercial Consumers (Dollars per Thousand Cubic Feet)
2005,1,5.01,$/MCF,SAK,USA-AK,PCS,Price Delivered to Commercial Sectors,N3020AK3,Alaska Price of Natural Gas Sold to Commercial Consumers (Dollars per Thousand Cubic Feet)
2005,1,10.9,$/MCF,NUS,U.S.,PRS,Price Delivered to Residential Consumers,N3010US3,U.S. Price of Natural Gas Delivered to Residential Consumers (Dollars per Thousand Cubic Feet)
2005,1,5.38,$/MCF,SAK,USA-AK,PRS,Price Delivered to Residential Consumers,N3010AK3,Alaska Price of Natural Gas Delivered to Residential Consumers (Dollars per Thousand Cubic Feet)
2004,12,7.49,$/MCF,NUS,U.S.,PG1,City Gate Price,N3050US3,U.S. Natural Gas Citygate Price (Dollars per Thousand Cubic Feet)
2004,12,2.86,$/MCF,SAK,USA-AK,PG1,City Gate Price,N3050AK3,Natural Gas Citygate Price in Alaska (Dollars per Thousand Cubic Feet)
2004,12,6.88,$/MCF,NUS,U.S.,PEU,Electric Power Price,N3045US3,U.S. Natural Gas Electric Power Price (Dollars per Thousand Cubic Feet)
2004,12,2.78,$/MCF,SAK,USA-AK,PEU,Electric Power Price,N3045AK3,Alaska Natural Gas Price Sold to Electric Power Consumers (Dollars per Thousand Cubic Feet)
2004,12,7.54,$/MCF,NUS,U.S.,PIN,Industrial Price,N3035US3,United States Natural Gas Industrial Price (Dollars per Thousand Cubic Feet)
2004,12,1.99,$/MCF,SAK,USA-AK,PIN,Industrial Price,N3035AK3,Alaska Natural Gas Industrial Price (Dollars per Thousand Cubic Feet)
2004,12,10.42,$/MCF,NUS,U.S.,PCS,Price Delivered to Commercial Sectors,N3020US3,U.S. Price of Natural Gas Sold to Commercial Consumers (Dollars per Thousand Cubic Feet)
2004,12,4.39,$/MCF,SAK,USA-AK,PCS,Price Delivered to Commercial Sectors,N3020AK3,Alaska Price of Natural Gas Sold to Commercial Consumers (Dollars per Thousand Cubic Feet)
2004,12,11.09,$/MCF,NUS,U.S.,PRS,Price Delivered to Residential Consumers,N3010US3,U.S. Price of Natural Gas Delivered to Residential Consumers (Dollars per Thousand Cubic Feet)
2004,12,5.17,$/MCF,SAK,USA-AK,PRS,Price Delivered to Residential Consumers,N3010AK3,Alaska Price of Natural Gas Delivered to Residential Consumers (Dollars per Thousand Cubic Feet)
2004,11,7.5,$/MCF,NUS,U.S.,PG1,City Gate Price,N3050US3,U.S. Natural Gas Citygate Price (Dollars per Thousand Cubic Feet)
2004,11,3.08,$/MCF,SAK,USA-AK,PG1,City Gate Price,N3050AK3,Natural Gas Citygate Price in Alaska (Dollars per Thousand Cubic Feet)
2004,11,6.71,$/MCF,NUS,U.S.,PEU,Electric Power Price,N3045US3,U.S. Natural Gas Electric Power Price (Dollars per Thousand Cubic Feet)
2004,11,2.78,$/MCF,SAK,USA-AK,PEU,Electric Power Price,N3045AK3,Alaska Natural Gas Price Sold to Electric Power Consumers (Dollars per Thousand Cubic Feet)
2004,11,7.64,$/MCF,NUS,U.S.,PIN,Industrial Price,N3035US3,United States Natural Gas Industrial Price (Dollars per Thousand Cubic Feet)
2004,11,2.07,$/MCF,SAK,USA-AK,PIN,Industrial Price,N3035AK3,Alaska Natural Gas Industrial Price (Dollars per Thousand Cubic Feet)
2004,11,10.21,$/MCF,NUS,U.S.,PCS,Price Delivered to Commercial Sectors,N3020US3,U.S. Price of Natural Gas Sold to Commercial Consumers (Dollars per Thousand Cubic Feet)
2004,11,4.65,$/MCF,SAK,USA-AK,PCS,Price Delivered to Commercial Sectors,N3020AK3,Alaska Price of Natural Gas Sold to Commercial Consumers (Dollars per Thousand Cubic Feet)
2004,11,11.44,$/MCF,NUS,U.S.,PRS,Price Delivered to Residential Consumers,N3010US3,U.S. Price of Natural Gas Delivered to Residential Consumers (Dollars per Thousand Cubic Feet)
2004,11,4.68,$/MCF,SAK,USA-AK,PRS,Price Delivered to Residential Consumers,N3010AK3,Alaska Price of Natural Gas Delivered to Residential Consumers (Dollars per Thousand Cubic Feet)
2004,10,6.3,$/MCF,NUS,U.S.,PG1,City Gate Price,N3050US3,U.S. Natural Gas Citygate Price (Dollars per Thousand Cubic Feet)
2004,10,3.06,$/MCF,SAK,USA-AK,PG1,City Gate Price,N3050AK3,Natural Gas Citygate Price in Alaska (Dollars per Thousand Cubic Feet)
2004,10,6.05,$/MCF,NUS,U.S.,PEU,Electric Power Price,N3045US3,U.S. Natural Gas Electric Power Price (Dollars per Thousand Cubic Feet)
2004,10,2.78,$/MCF,SAK,USA-AK,PEU,Electric Power Price,N3045AK3,Alaska Natural Gas Price Sold to Electric Power Consumers (Dollars per Thousand Cubic Feet)
2004,10,6.03,$/MCF,NUS,U.S.,PIN,Industrial Price,N3035US3,United States Natural Gas Industrial Price (Dollars per Thousand Cubic Feet)
2004,10,1.99,$/MCF,SAK,USA-AK,PIN,Industrial Price,N3035AK3,Alaska Natural Gas Industrial Price (Dollars per Thousand Cubic Feet)
2004,10,9.17,$/MCF,NUS,U.S.,PCS,Price Delivered to Commercial Sectors,N3020US3,U.S. Price of Natural Gas Sold to Commercial Consumers (Dollars per Thousand Cubic Feet)
2004,10,4.24,$/MCF,SAK,USA-AK,PCS,Price Delivered to Commercial Sectors,N3020AK3,Alaska Price of Natural Gas Sold to Commercial Consumers (Dollars per Thousand Cubic Feet)
2004,10,11.69,$/MCF,NUS,U.S.,PRS,Price Delivered to Residential Consumers,N3010US3,U.S. Price of Natural Gas Delivered to Residential Consumers (Dollars per Thousand Cubic Feet)
2004,10,4.8,$/MCF,SAK,USA-AK,PRS,Price Delivered to Residential Consumers,N3010AK3,Alaska Price of Natural Gas Delivered to Residential Consumers (Dollars per Thousand Cubic Feet)
2004,9,6.06,$/MCF,NUS,U.S.,PG1,City Gate Price,N3050US3,U.S. Natural Gas Citygate Price (Dollars per Thousand Cubic Feet)
2004,9,3.01,$/MCF,SAK,USA-AK,PG1,City Gate Price,N3050AK3,Natural Gas Citygate Price in Alaska (Dollars per Thousand Cubic Feet)
2004,9,5.39,$/MCF,NUS,U.S.,PEU,Electric Power Price,N3045US3,U.S. Natural Gas Electric Power Price (Dollars per Thousand Cubic Feet)
2004,9,2.78,$/MCF,SAK,USA-AK,PEU,Electric Power Price,N3045AK3,Alaska Natural Gas Price Sold to Electric Power Consumers (Dollars per Thousand Cubic Feet)
2004,9,5.68,$/MCF,NUS,U.S.,PIN,Industrial Price,N3035US3,United States Natural Gas Industrial Price (Dollars per Thousand Cubic Feet)
2004,9,2,$/MCF,SAK,USA-AK,PIN,Industrial Price,N3035AK3,Alaska Natural Gas Industrial Price (Dollars per Thousand Cubic Feet)
2004,9,9.26,$/MCF,NUS,U.S.,PCS,Price Delivered to Commercial Sectors,N3020US3,U.S. Price of Natural Gas Sold to Commercial Consumers (Dollars per Thousand Cubic Feet)
2004,9,4.1,$/MCF,SAK,USA-AK,PCS,Price Delivered to Commercial Sectors,N3020AK3,Alaska Price of Natural Gas Sold to Commercial Consumers (Dollars per Thousand Cubic Feet)
2004,9,13.31,$/MCF,NUS,U.S.,PRS,Price Delivered to Residential Consumers,N3010US3,U.S. Price of Natural Gas Delivered to Residential Consumers (Dollars per Thousand Cubic Feet)
2004,9,5.05,$/MCF,SAK,USA-AK,PRS,Price Delivered to Residential Consumers,N3010AK3,Alaska Price of Natural Gas Delivered to Residential Consumers (Dollars per Thousand Cubic Feet)
2004,8,6.51,$/MCF,NUS,U.S.,PG1,City Gate Price,N3050US3,U.S. Natural Gas Citygate Price (Dollars per Thousand Cubic Feet)
2004,8,2.86,$/MCF,SAK,USA-AK,PG1,City Gate Price,N3050AK3,Natural Gas Citygate Price in Alaska (Dollars per Thousand Cubic Feet)
2004,8,5.97,$/MCF,NUS,U.S.,PEU,Electric Power Price,N3045US3,U.S. Natural Gas Electric Power Price (Dollars per Thousand Cubic Feet)
2004,8,2.77,$/MCF,SAK,USA-AK,PEU,Electric Power Price,N3045AK3,Alaska Natural Gas Price Sold to Electric Power Consumers (Dollars per Thousand Cubic Feet)
2004,8,6.36,$/MCF,NUS,U.S.,PIN,Industrial Price,N3035US3,United States Natural Gas Industrial Price (Dollars per Thousand Cubic Feet)
2004,8,2,$/MCF,SAK,USA-AK,PIN,Industrial Price,N3035AK3,Alaska Natural Gas Industrial Price (Dollars per Thousand Cubic Feet)
2004,8,9.66,$/MCF,NUS,U.S.,PCS,Price Delivered to Commercial Sectors,N3020US3,U.S. Price of Natural Gas Sold to Commercial Consumers (Dollars per Thousand Cubic Feet)
2004,8,3.89,$/MCF,SAK,USA-AK,PCS,Price Delivered to Commercial Sectors,N3020AK3,Alaska Price of Natural Gas Sold to Commercial Consumers (Dollars per Thousand Cubic Feet)
2004,8,13.74,$/MCF,NUS,U.S.,PRS,Price Delivered to Residential Consumers,N3010US3,U.S. Price of Natural Gas Delivered to Residential Consumers (Dollars per Thousand Cubic Feet)
2004,8,5.88,$/MCF,SAK,USA-AK,PRS,Price Delivered to Residential Consumers,N3010AK3,Alaska Price of Natural Gas Delivered to Residential Consumers (Dollars per Thousand Cubic Feet)
2004,7,6.68,$/MCF,NUS,U.S.,PG1,City Gate Price,N3050US3,U.S. Natural Gas Citygate Price (Dollars per Thousand Cubic Feet)
2004,7,3.01,$/MCF,SAK,USA-AK,PG1,City Gate Price,N3050AK3,Natural Gas Citygate Price in Alaska (Dollars per Thousand Cubic Feet)
2004,7,6.24,$/MCF,NUS,U.S.,PEU,Electric Power Price,N3045US3,U.S. Natural Gas Electric Power Price (Dollars per Thousand Cubic Feet)
2004,7,2.69,$/MCF,SAK,USA-AK,PEU,Electric Power Price,N3045AK3,Alaska Natural Gas Price Sold to Electric Power Consumers (Dollars per Thousand Cubic Feet)
2004,7,6.41,$/MCF,NUS,U.S.,PIN,Industrial Price,N3035US3,United States Natural Gas Industrial Price (Dollars per Thousand Cubic Feet)
2004,7,2.12,$/MCF,SAK,USA-AK,PIN,Industrial Price,N3035AK3,Alaska Natural Gas Industrial Price (Dollars per Thousand Cubic Feet)
2004,7,9.65,$/MCF,NUS,U.S.,PCS,Price Delivered to Commercial Sectors,N3020US3,U.S. Price of Natural Gas Sold to Commercial Consumers (Dollars per Thousand Cubic Feet)
2004,7,3.82,$/MCF,SAK,USA-AK,PCS,Price Delivered to Commercial Sectors,N3020AK3,Alaska Price of Natural Gas Sold to Commercial Consumers (Dollars per Thousand Cubic Feet)
2004,7,13.54,$/MCF,NUS,U.S.,PRS,Price Delivered to Residential Consumers,N3010US3,U.S. Price of Natural Gas Delivered to Residential Consumers (Dollars per Thousand Cubic Feet)
2004,7,6.03,$/MCF,SAK,USA-AK,PRS,Price Delivered to Residential Consumers,N3010AK3,Alaska Price of Natural Gas Delivered to Residential Consumers (Dollars per Thousand Cubic Feet)
2004,6,6.94,$/MCF,NUS,U.S.,PG1,City Gate Price,N3050US3,U.S. Natural Gas Citygate Price (Dollars per Thousand Cubic Feet)
2004,6,3.03,$/MCF,SAK,USA-AK,PG1,City Gate Price,N3050AK3,Natural Gas Citygate Price in Alaska (Dollars per Thousand Cubic Feet)
2004,6,6.52,$/MCF,NUS,U.S.,PEU,Electric Power Price,N3045US3,U.S. Natural Gas Electric Power Price (Dollars per Thousand Cubic Feet)
2004,6,2.81,$/MCF,SAK,USA-AK,PEU,Electric Power Price,N3045AK3,Alaska Natural Gas Price Sold to Electric Power Consumers (Dollars per Thousand Cubic Feet)
2004,6,6.82,$/MCF,NUS,U.S.,PIN,Industrial Price,N3035US3,United States Natural Gas Industrial Price (Dollars per Thousand Cubic Feet)
2004,6,1.95,$/MCF,SAK,USA-AK,PIN,Industrial Price,N3035AK3,Alaska Natural Gas Industrial Price (Dollars per Thousand Cubic Feet)
2004,6,9.71,$/MCF,NUS,U.S.,PCS,Price Delivered to Commercial Sectors,N3020US3,U.S. Price of Natural Gas Sold to Commercial Consumers (Dollars per Thousand Cubic Feet)
2004,6,3.76,$/MCF,SAK,USA-AK,PCS,Price Delivered to Commercial Sectors,N3020AK3,Alaska Price of Natural Gas Sold to Commercial Consumers (Dollars per Thousand Cubic Feet)
2004,6,13.08,$/MCF,NUS,U.S.,PRS,Price Delivered to Residential Consumers,N3010US3,U.S. Price of Natural Gas Delivered to Residential Consumers (Dollars per Thousand Cubic Feet)
2004,6,5.79,$/MCF,SAK,USA-AK,PRS,Price Delivered to Residential Consumers,N3010AK3,Alaska Price of Natural Gas Delivered to Residential Consumers (Dollars per Thousand Cubic Feet)
2004,5,6.48,$/MCF,NUS,U.S.,PG1,City Gate Price,N3050US3,U.S. Natural Gas Citygate Price (Dollars per Thousand Cubic Feet)
2004,5,2.97,$/MCF,SAK,USA-AK,PG1,City Gate Price,N3050AK3,Natural Gas Citygate Price in Alaska (Dollars per Thousand Cubic Feet)
2004,5,6.3,$/MCF,NUS,U.S.,PEU,Electric Power Price,N3045US3,U.S. Natural Gas Electric Power Price (Dollars per Thousand Cubic Feet)
2004,5,2.8,$/MCF,SAK,USA-AK,PEU,Electric Power Price,N3045AK3,Alaska Natural Gas Price Sold to Electric Power Consumers (Dollars per Thousand Cubic Feet)
2004,5,6.34,$/MCF,NUS,U.S.,PIN,Industrial Price,N3035US3,United States Natural Gas Industrial Price (Dollars per Thousand Cubic Feet)
2004,5,1.8,$/MCF,SAK,USA-AK,PIN,Industrial Price,N3035AK3,Alaska Natural Gas Industrial Price (Dollars per Thousand Cubic Feet)
2004,5,9.23,$/MCF,NUS,U.S.,PCS,Price Delivered to Commercial Sectors,N3020US3,U.S. Price of Natural Gas Sold to Commercial Consumers (Dollars per Thousand Cubic Feet)
2004,5,3.85,$/MCF,SAK,USA-AK,PCS,Price Delivered to Commercial Sectors,N3020AK3,Alaska Price of Natural Gas Sold to Commercial Consumers (Dollars per Thousand Cubic Feet)
2004,5,11.63,$/MCF,NUS,U.S.,PRS,Price Delivered to Residential Consumers,N3010US3,U.S. Price of Natural Gas Delivered to Residential Consumers (Dollars per Thousand Cubic Feet)
2004,5,5.11,$/MCF,SAK,USA-AK,PRS,Price Delivered to Residential Consumers,N3010AK3,Alaska Price of Natural Gas Delivered to Residential Consumers (Dollars per Thousand Cubic Feet)
2004,4,6.31,$/MCF,NUS,U.S.,PG1,City Gate Price,N3050US3,U.S. Natural Gas Citygate Price (Dollars per Thousand Cubic Feet)
2004,4,3.23,$/MCF,SAK,USA-AK,PG1,City Gate Price,N3050AK3,Natural Gas Citygate Price in Alaska (Dollars per Thousand Cubic Feet)
2004,4,5.74,$/MCF,NUS,U.S.,PEU,Electric Power Price,N3045US3,U.S. Natural Gas Electric Power Price (Dollars per Thousand Cubic Feet)
2004,4,2.85,$/MCF,SAK,USA-AK,PEU,Electric Power Price,N3045AK3,Alaska Natural Gas Price Sold to Electric Power Consumers (Dollars per Thousand Cubic Feet)
2004,4,6.06,$/MCF,NUS,U.S.,PIN,Industrial Price,N3035US3,United States Natural Gas Industrial Price (Dollars per Thousand Cubic Feet)
2004,4,1.86,$/MCF,SAK,USA-AK,PIN,Industrial Price,N3035AK3,Alaska Natural Gas Industrial Price (Dollars per Thousand Cubic Feet)
2004,4,9.02,$/MCF,NUS,U.S.,PCS,Price Delivered to Commercial Sectors,N3020US3,U.S. Price of Natural Gas Sold to Commercial Consumers (Dollars per Thousand Cubic Feet)
2004,4,3.94,$/MCF,SAK,USA-AK,PCS,Price Delivered to Commercial Sectors,N3020AK3,Alaska Price of Natural Gas Sold to Commercial Consumers (Dollars per Thousand Cubic Feet)
2004,4,10.54,$/MCF,NUS,U.S.,PRS,Price Delivered to Residential Consumers,N3010US3,U.S. Price of Natural Gas Delivered to Residential Consumers (Dollars per Thousand Cubic Feet)
2004,4,4.82,$/MCF,SAK,USA-AK,PRS,Price Delivered to Residential Consumers,N3010AK3,Alaska Price of Natural Gas Delivered to Residential Consumers (Dollars per Thousand Cubic Feet)
2004,3,6.23,$/MCF,NUS,U.S.,PG1,City Gate Price,N3050US3,U.S. Natural Gas Citygate Price (Dollars per Thousand Cubic Feet)
2004,3,3.05,$/MCF,SAK,USA-AK,PG1,City Gate Price,N3050AK3,Natural Gas Citygate Price in Alaska (Dollars per Thousand Cubic Feet)
2004,3,5.5,$/MCF,NUS,U.S.,PEU,Electric Power Price,N3045US3,U.S. Natural Gas Electric Power Price (Dollars per Thousand Cubic Feet)
2004,3,2.81,$/MCF,SAK,USA-AK,PEU,Electric Power Price,N3045AK3,Alaska Natural Gas Price Sold to Electric Power Consumers (Dollars per Thousand Cubic Feet)
2004,3,5.97,$/MCF,NUS,U.S.,PIN,Industrial Price,N3035US3,United States Natural Gas Industrial Price (Dollars per Thousand Cubic Feet)
2004,3,1.9,$/MCF,SAK,USA-AK,PIN,Industrial Price,N3035AK3,Alaska Natural Gas Industrial Price (Dollars per Thousand Cubic Feet)
2004,3,9.05,$/MCF,NUS,U.S.,PCS,Price Delivered to Commercial Sectors,N3020US3,U.S. Price of Natural Gas Sold to Commercial Consumers (Dollars per Thousand Cubic Feet)
2004,3,4.07,$/MCF,SAK,USA-AK,PCS,Price Delivered to Commercial Sectors,N3020AK3,Alaska Price of Natural Gas Sold to Commercial Consumers (Dollars per Thousand Cubic Feet)
2004,3,10.03,$/MCF,NUS,U.S.,PRS,Price Delivered to Residential Consumers,N3010US3,U.S. Price of Natural Gas Delivered to Residential Consumers (Dollars per Thousand Cubic Feet)
2004,3,4.66,$/MCF,SAK,USA-AK,PRS,Price Delivered to Residential Consumers,N3010AK3,Alaska Price of Natural Gas Delivered to Residential Consumers (Dollars per Thousand Cubic Feet)
2004,2,6.35,$/MCF,NUS,U.S.,PG1,City Gate Price,N3050US3,U.S. Natural Gas Citygate Price (Dollars per Thousand Cubic Feet)
2004,2,3.5,$/MCF,SAK,USA-AK,PG1,City Gate Price,N3050AK3,Natural Gas Citygate Price in Alaska (Dollars per Thousand Cubic Feet)
2004,2,5.76,$/MCF,NUS,U.S.,PEU,Electric Power Price,N3045US3,U.S. Natural Gas Electric Power Price (Dollars per Thousand Cubic Feet)
2004,2,2.78,$/MCF,SAK,USA-AK,PEU,Electric Power Price,N3045AK3,Alaska Natural Gas Price Sold to Electric Power Consumers (Dollars per Thousand Cubic Feet)
2004,2,6.52,$/MCF,NUS,U.S.,PIN,Industrial Price,N3035US3,United States Natural Gas Industrial Price (Dollars per Thousand Cubic Feet)
2004,2,1.86,$/MCF,SAK,USA-AK,PIN,Industrial Price,N3035AK3,Alaska Natural Gas Industrial Price (Dollars per Thousand Cubic Feet)
2004,2,9.1,$/MCF,NUS,U.S.,PCS,Price Delivered to Commercial Sectors,N3020US3,U.S. Price of Natural Gas Sold to Commercial Consumers (Dollars per Thousand Cubic Feet)
2004,2,4.08,$/MCF,SAK,USA-AK,PCS,Price Delivered to Commercial Sectors,N3020AK3,Alaska Price of Natural Gas Sold to Commercial Consumers (Dollars per Thousand Cubic Feet)
2004,2,9.85,$/MCF,NUS,U.S.,PRS,Price Delivered to Residential Consumers,N3010US3,U.S. Price of Natural Gas Delivered to Residential Consumers (Dollars per Thousand Cubic Feet)
2004,2,4.66,$/MCF,SAK,USA-AK,PRS,Price Delivered to Residential Consumers,N3010AK3,Alaska Price of Natural Gas Delivered to Residential Consumers (Dollars per Thousand Cubic Feet)
2004,1,6.41,$/MCF,NUS,U.S.,PG1,City Gate Price,N3050US3,U.S. Natural Gas Citygate Price (Dollars per Thousand Cubic Feet)
2004,1,2.89,$/MCF,SAK,USA-AK,PG1,City Gate Price,N3050AK3,Natural Gas Citygate Price in Alaska (Dollars per Thousand Cubic Feet)
2004,1,6.37,$/MCF,NUS,U.S.,PEU,Electric Power Price,N3045US3,U.S. Natural Gas Electric Power Price (Dollars per Thousand Cubic Feet)
2004,1,2.78,$/MCF,SAK,USA-AK,PEU,Electric Power Price,N3045AK3,Alaska Natural Gas Price Sold to Electric Power Consumers (Dollars per Thousand Cubic Feet)
2004,1,6.72,$/MCF,NUS,U.S.,PIN,Industrial Price,N3035US3,United States Natural Gas Industrial Price (Dollars per Thousand Cubic Feet)
2004,1,1.8,$/MCF,SAK,USA-AK,PIN,Industrial Price,N3035AK3,Alaska Natural Gas Industrial Price (Dollars per Thousand Cubic Feet)
2004,1,9.06,$/MCF,NUS,U.S.,PCS,Price Delivered to Commercial Sectors,N3020US3,U.S. Price of Natural Gas Sold to Commercial Consumers (Dollars per Thousand Cubic Feet)
2004,1,4.21,$/MCF,SAK,USA-AK,PCS,Price Delivered to Commercial Sectors,N3020AK3,Alaska Price of Natural Gas Sold to Commercial Consumers (Dollars per Thousand Cubic Feet)
2004,1,9.71,$/MCF,NUS,U.S.,PRS,Price Delivered to Residential Consumers,N3010US3,U.S. Price of Natural Gas Delivered to Residential Consumers (Dollars per Thousand Cubic Feet)
2004,1,4.51,$/MCF,SAK,USA-AK,PRS,Price Delivered to Residential Consumers,N3010AK3,Alaska Price of Natural Gas Delivered to Residential Consumers (Dollars per Thousand Cubic Feet)
2003,12,5.89,$/MCF,NUS,U.S.,PG1,City Gate Price,N3050US3,U.S. Natural Gas Citygate Price (Dollars per Thousand Cubic Feet)
2003,12,2.33,$/MCF,SAK,USA-AK,PG1,City Gate Price,N3050AK3,Natural Gas Citygate Price in Alaska (Dollars per Thousand Cubic Feet)
2003,12,5.69,$/MCF,NUS,U.S.,PEU,Electric Power Price,N3045US3,U.S. Natural Gas Electric Power Price (Dollars per Thousand Cubic Feet)
2003,12,2.64,$/MCF,SAK,USA-AK,PEU,Electric Power Price,N3045AK3,Alaska Natural Gas Price Sold to Electric Power Consumers (Dollars per Thousand Cubic Feet)
2003,12,5.9,$/MCF,NUS,U.S.,PIN,Industrial Price,N3035US3,United States Natural Gas Industrial Price (Dollars per Thousand Cubic Feet)
2003,12,1.38,$/MCF,SAK,USA-AK,PIN,Industrial Price,N3035AK3,Alaska Natural Gas Industrial Price (Dollars per Thousand Cubic Feet)
2003,12,8.62,$/MCF,NUS,U.S.,PCS,Price Delivered to Commercial Sectors,N3020US3,U.S. Price of Natural Gas Sold to Commercial Consumers (Dollars per Thousand Cubic Feet)
2003,12,3.95,$/MCF,SAK,USA-AK,PCS,Price Delivered to Commercial Sectors,N3020AK3,Alaska Price of Natural Gas Sold to Commercial Consumers (Dollars per Thousand Cubic Feet)
2003,12,9.51,$/MCF,NUS,U.S.,PRS,Price Delivered to Residential Consumers,N3010US3,U.S. Price of Natural Gas Delivered to Residential Consumers (Dollars per Thousand Cubic Feet)
2003,12,4.41,$/MCF,SAK,USA-AK,PRS,Price Delivered to Residential Consumers,N3010AK3,Alaska Price of Natural Gas Delivered to Residential Consumers (Dollars per Thousand Cubic Feet)
2003,11,5.54,$/MCF,NUS,U.S.,PG1,City Gate Price,N3050US3,U.S. Natural Gas Citygate Price (Dollars per Thousand Cubic Feet)
2003,11,2.37,$/MCF,SAK,USA-AK,PG1,City Gate Price,N3050AK3,Natural Gas Citygate Price in Alaska (Dollars per Thousand Cubic Feet)
2003,11,4.85,$/MCF,NUS,U.S.,PEU,Electric Power Price,N3045US3,U.S. Natural Gas Electric Power Price (Dollars per Thousand Cubic Feet)
2003,11,2.64,$/MCF,SAK,USA-AK,PEU,Electric Power Price,N3045AK3,Alaska Natural Gas Price Sold to Electric Power Consumers (Dollars per Thousand Cubic Feet)
2003,11,5.19,$/MCF,NUS,U.S.,PIN,Industrial Price,N3035US3,United States Natural Gas Industrial Price (Dollars per Thousand Cubic Feet)
2003,11,1.44,$/MCF,SAK,USA-AK,PIN,Industrial Price,N3035AK3,Alaska Natural Gas Industrial Price (Dollars per Thousand Cubic Feet)
2003,11,8.36,$/MCF,NUS,U.S.,PCS,Price Delivered to Commercial Sectors,N3020US3,U.S. Price of Natural Gas Sold to Commercial Consumers (Dollars per Thousand Cubic Feet)
2003,11,3.84,$/MCF,SAK,USA-AK,PCS,Price Delivered to Commercial Sectors,N3020AK3,Alaska Price of Natural Gas Sold to Commercial Consumers (Dollars per Thousand Cubic Feet)
2003,11,9.77,$/MCF,NUS,U.S.,PRS,Price Delivered to Residential Consumers,N3010US3,U.S. Price of Natural Gas Delivered to Residential Consumers (Dollars per Thousand Cubic Feet)
2003,11,4.1,$/MCF,SAK,USA-AK,PRS,Price Delivered to Residential Consumers,N3010AK3,Alaska Price of Natural Gas Delivered to Residential Consumers (Dollars per Thousand Cubic Feet)
2003,10,5.33,$/MCF,NUS,U.S.,PG1,City Gate Price,N3050US3,U.S. Natural Gas Citygate Price (Dollars per Thousand Cubic Feet)
2003,10,2.34,$/MCF,SAK,USA-AK,PG1,City Gate Price,N3050AK3,Natural Gas Citygate Price in Alaska (Dollars per Thousand Cubic Feet)
2003,10,4.98,$/MCF,NUS,U.S.,PEU,Electric Power Price,N3045US3,U.S. Natural Gas Electric Power Price (Dollars per Thousand Cubic Feet)
2003,10,2.65,$/MCF,SAK,USA-AK,PEU,Electric Power Price,N3045AK3,Alaska Natural Gas Price Sold to Electric Power Consumers (Dollars per Thousand Cubic Feet)
2003,10,4.93,$/MCF,NUS,U.S.,PIN,Industrial Price,N3035US3,United States Natural Gas Industrial Price (Dollars per Thousand Cubic Feet)
2003,10,1.65,$/MCF,SAK,USA-AK,PIN,Industrial Price,N3035AK3,Alaska Natural Gas Industrial Price (Dollars per Thousand Cubic Feet)
2003,10,8.28,$/MCF,NUS,U.S.,PCS,Price Delivered to Commercial Sectors,N3020US3,U.S. Price of Natural Gas Sold to Commercial Consumers (Dollars per Thousand Cubic Feet)
2003,10,4.17,$/MCF,SAK,USA-AK,PCS,Price Delivered to Commercial Sectors,N3020AK3,Alaska Price of Natural Gas Sold to Commercial Consumers (Dollars per Thousand Cubic Feet)
2003,10,10.64,$/MCF,NUS,U.S.,PRS,Price Delivered to Residential Consumers,N3010US3,U.S. Price of Natural Gas Delivered to Residential Consumers (Dollars per Thousand Cubic Feet)
2003,10,4.29,$/MCF,SAK,USA-AK,PRS,Price Delivered to Residential Consumers,N3010AK3,Alaska Price of Natural Gas Delivered to Residential Consumers (Dollars per Thousand Cubic Feet)
2003,9,5.58,$/MCF,NUS,U.S.,PG1,City Gate Price,N3050US3,U.S. Natural Gas Citygate Price (Dollars per Thousand Cubic Feet)
2003,9,2.35,$/MCF,SAK,USA-AK,PG1,City Gate Price,N3050AK3,Natural Gas Citygate Price in Alaska (Dollars per Thousand Cubic Feet)
2003,9,5.12,$/MCF,NUS,U.S.,PEU,Electric Power Price,N3045US3,U.S. Natural Gas Electric Power Price (Dollars per Thousand Cubic Feet)
2003,9,2.5,$/MCF,SAK,USA-AK,PEU,Electric Power Price,N3045AK3,Alaska Natural Gas Price Sold to Electric Power Consumers (Dollars per Thousand Cubic Feet)
2003,9,5.32,$/MCF,NUS,U.S.,PIN,Industrial Price,N3035US3,United States Natural Gas Industrial Price (Dollars per Thousand Cubic Feet)
2003,9,1.76,$/MCF,SAK,USA-AK,PIN,Industrial Price,N3035AK3,Alaska Natural Gas Industrial Price (Dollars per Thousand Cubic Feet)
2003,9,8.41,$/MCF,NUS,U.S.,PCS,Price Delivered to Commercial Sectors,N3020US3,U.S. Price of Natural Gas Sold to Commercial Consumers (Dollars per Thousand Cubic Feet)
2003,9,3.34,$/MCF,SAK,USA-AK,PCS,Price Delivered to Commercial Sectors,N3020AK3,Alaska Price of Natural Gas Sold to Commercial Consumers (Dollars per Thousand Cubic Feet)
2003,9,12.31,$/MCF,NUS,U.S.,PRS,Price Delivered to Residential Consumers,N3010US3,U.S. Price of Natural Gas Delivered to Residential Consumers (Dollars per Thousand Cubic Feet)
2003,9,4.63,$/MCF,SAK,USA-AK,PRS,Price Delivered to Residential Consumers,N3010AK3,Alaska Price of Natural Gas Delivered to Residential Consumers (Dollars per Thousand Cubic Feet)
2003,8,5.48,$/MCF,NUS,U.S.,PG1,City Gate Price,N3050US3,U.S. Natural Gas Citygate Price (Dollars per Thousand Cubic Feet)
2003,8,2.57,$/MCF,SAK,USA-AK,PG1,City Gate Price,N3050AK3,Natural Gas Citygate Price in Alaska (Dollars per Thousand Cubic Feet)
2003,8,5.23,$/MCF,NUS,U.S.,PEU,Electric Power Price,N3045US3,U.S. Natural Gas Electric Power Price (Dollars per Thousand Cubic Feet)
2003,8,2.58,$/MCF,SAK,USA-AK,PEU,Electric Power Price,N3045AK3,Alaska Natural Gas Price Sold to Electric Power Consumers (Dollars per Thousand Cubic Feet)
2003,8,5.28,$/MCF,NUS,U.S.,PIN,Industrial Price,N3035US3,United States Natural Gas Industrial Price (Dollars per Thousand Cubic Feet)
2003,8,1.77,$/MCF,SAK,USA-AK,PIN,Industrial Price,N3035AK3,Alaska Natural Gas Industrial Price (Dollars per Thousand Cubic Feet)
2003,8,8.4,$/MCF,NUS,U.S.,PCS,Price Delivered to Commercial Sectors,N3020US3,U.S. Price of Natural Gas Sold to Commercial Consumers (Dollars per Thousand Cubic Feet)
2003,8,3.26,$/MCF,SAK,USA-AK,PCS,Price Delivered to Commercial Sectors,N3020AK3,Alaska Price of Natural Gas Sold to Commercial Consumers (Dollars per Thousand Cubic Feet)
2003,8,12.84,$/MCF,NUS,U.S.,PRS,Price Delivered to Residential Consumers,N3010US3,U.S. Price of Natural Gas Delivered to Residential Consumers (Dollars per Thousand Cubic Feet)
2003,8,5.25,$/MCF,SAK,USA-AK,PRS,Price Delivered to Residential Consumers,N3010AK3,Alaska Price of Natural Gas Delivered to Residential Consumers (Dollars per Thousand Cubic Feet)
2003,7,5.83,$/MCF,NUS,U.S.,PG1,City Gate Price,N3050US3,U.S. Natural Gas Citygate Price (Dollars per Thousand Cubic Feet)
2003,7,2.12,$/MCF,SAK,USA-AK,PG1,City Gate Price,N3050AK3,Natural Gas Citygate Price in Alaska (Dollars per Thousand Cubic Feet)
2003,7,5.45,$/MCF,NUS,U.S.,PEU,Electric Power Price,N3045US3,U.S. Natural Gas Electric Power Price (Dollars per Thousand Cubic Feet)
2003,7,2.57,$/MCF,SAK,USA-AK,PEU,Electric Power Price,N3045AK3,Alaska Natural Gas Price Sold to Electric Power Consumers (Dollars per Thousand Cubic Feet)
2003,7,5.69,$/MCF,NUS,U.S.,PIN,Industrial Price,N3035US3,United States Natural Gas Industrial Price (Dollars per Thousand Cubic Feet)
2003,7,1.76,$/MCF,SAK,USA-AK,PIN,Industrial Price,N3035AK3,Alaska Natural Gas Industrial Price (Dollars per Thousand Cubic Feet)
2003,7,8.73,$/MCF,NUS,U.S.,PCS,Price Delivered to Commercial Sectors,N3020US3,U.S. Price of Natural Gas Sold to Commercial Consumers (Dollars per Thousand Cubic Feet)
2003,7,3.14,$/MCF,SAK,USA-AK,PCS,Price Delivered to Commercial Sectors,N3020AK3,Alaska Price of Natural Gas Sold to Commercial Consumers (Dollars per Thousand Cubic Feet)
2003,7,12.75,$/MCF,NUS,U.S.,PRS,Price Delivered to Residential Consumers,N3010US3,U.S. Price of Natural Gas Delivered to Residential Consumers (Dollars per Thousand Cubic Feet)
2003,7,5.41,$/MCF,SAK,USA-AK,PRS,Price Delivered to Residential Consumers,N3010AK3,Alaska Price of Natural Gas Delivered to Residential Consumers (Dollars per Thousand Cubic Feet)
2003,6,6.4,$/MCF,NUS,U.S.,PG1,City Gate Price,N3050US3,U.S. Natural Gas Citygate Price (Dollars per Thousand Cubic Feet)
2003,6,2.14,$/MCF,SAK,USA-AK,PG1,City Gate Price,N3050AK3,Natural Gas Citygate Price in Alaska (Dollars per Thousand Cubic Feet)
2003,6,6.08,$/MCF,NUS,U.S.,PEU,Electric Power Price,N3045US3,U.S. Natural Gas Electric Power Price (Dollars per Thousand Cubic Feet)
2003,6,2.07,$/MCF,SAK,USA-AK,PEU,Electric Power Price,N3045AK3,Alaska Natural Gas Price Sold to Electric Power Consumers (Dollars per Thousand Cubic Feet)
2003,6,6.59,$/MCF,NUS,U.S.,PIN,Industrial Price,N3035US3,United States Natural Gas Industrial Price (Dollars per Thousand Cubic Feet)
2003,6,1.6,$/MCF,SAK,USA-AK,PIN,Industrial Price,N3035AK3,Alaska Natural Gas Industrial Price (Dollars per Thousand Cubic Feet)
2003,6,9,$/MCF,NUS,U.S.,PCS,Price Delivered to Commercial Sectors,N3020US3,U.S. Price of Natural Gas Sold to Commercial Consumers (Dollars per Thousand Cubic Feet)
2003,6,2.98,$/MCF,SAK,USA-AK,PCS,Price Delivered to Commercial Sectors,N3020AK3,Alaska Price of Natural Gas Sold to Commercial Consumers (Dollars per Thousand Cubic Feet)
2003,6,12.08,$/MCF,NUS,U.S.,PRS,Price Delivered to Residential Consumers,N3010US3,U.S. Price of Natural Gas Delivered to Residential Consumers (Dollars per Thousand Cubic Feet)
2003,6,4.81,$/MCF,SAK,USA-AK,PRS,Price Delivered to Residential Consumers,N3010AK3,Alaska Price of Natural Gas Delivered to Residential Consumers (Dollars per Thousand Cubic Feet)
2003,5,5.69,$/MCF,NUS,U.S.,PG1,City Gate Price,N3050US3,U.S. Natural Gas Citygate Price (Dollars per Thousand Cubic Feet)
2003,5,2.37,$/MCF,SAK,USA-AK,PG1,City Gate Price,N3050AK3,Natural Gas Citygate Price in Alaska (Dollars per Thousand Cubic Feet)
2003,5,5.7,$/MCF,NUS,U.S.,PEU,Electric Power Price,N3045US3,U.S. Natural Gas Electric Power Price (Dollars per Thousand Cubic Feet)
2003,5,,$/MCF,SAK,USA-AK,PEU,Electric Power Price,N3045AK3,Alaska Natural Gas Price Sold to Electric Power Consumers (Dollars per Thousand Cubic Feet)
2003,5,5.78,$/MCF,NUS,U.S.,PIN,Industrial Price,N3035US3,United States Natural Gas Industrial Price (Dollars per Thousand Cubic Feet)
2003,5,1.48,$/MCF,SAK,USA-AK,PIN,Industrial Price,N3035AK3,Alaska Natural Gas Industrial Price (Dollars per Thousand Cubic Feet)
2003,5,8.71,$/MCF,NUS,U.S.,PCS,Price Delivered to Commercial Sectors,N3020US3,U.S. Price of Natural Gas Sold to Commercial Consumers (Dollars per Thousand Cubic Feet)
2003,5,3.32,$/MCF,SAK,USA-AK,PCS,Price Delivered to Commercial Sectors,N3020AK3,Alaska Price of Natural Gas Sold to Commercial Consumers (Dollars per Thousand Cubic Feet)
2003,5,10.79,$/MCF,NUS,U.S.,PRS,Price Delivered to Residential Consumers,N3010US3,U.S. Price of Natural Gas Delivered to Residential Consumers (Dollars per Thousand Cubic Feet)
2003,5,4.59,$/MCF,SAK,USA-AK,PRS,Price Delivered to Residential Consumers,N3010AK3,Alaska Price of Natural Gas Delivered to Residential Consumers (Dollars per Thousand Cubic Feet)
2003,4,5.6,$/MCF,NUS,U.S.,PG1,City Gate Price,N3050US3,U.S. Natural Gas Citygate Price (Dollars per Thousand Cubic Feet)
2003,4,2.36,$/MCF,SAK,USA-AK,PG1,City Gate Price,N3050AK3,Natural Gas Citygate Price in Alaska (Dollars per Thousand Cubic Feet)
2003,4,5.38,$/MCF,NUS,U.S.,PEU,Electric Power Price,N3045US3,U.S. Natural Gas Electric Power Price (Dollars per Thousand Cubic Feet)
2003,4,2.11,$/MCF,SAK,USA-AK,PEU,Electric Power Price,N3045AK3,Alaska Natural Gas Price Sold to Electric Power Consumers (Dollars per Thousand Cubic Feet)
2003,4,5.96,$/MCF,NUS,U.S.,PIN,Industrial Price,N3035US3,United States Natural Gas Industrial Price (Dollars per Thousand Cubic Feet)
2003,4,1.39,$/MCF,SAK,USA-AK,PIN,Industrial Price,N3035AK3,Alaska Natural Gas Industrial Price (Dollars per Thousand Cubic Feet)
2003,4,8.97,$/MCF,NUS,U.S.,PCS,Price Delivered to Commercial Sectors,N3020US3,U.S. Price of Natural Gas Sold to Commercial Consumers (Dollars per Thousand Cubic Feet)
2003,4,3.39,$/MCF,SAK,USA-AK,PCS,Price Delivered to Commercial Sectors,N3020AK3,Alaska Price of Natural Gas Sold to Commercial Consumers (Dollars per Thousand Cubic Feet)
2003,4,10.18,$/MCF,NUS,U.S.,PRS,Price Delivered to Residential Consumers,N3010US3,U.S. Price of Natural Gas Delivered to Residential Consumers (Dollars per Thousand Cubic Feet)
2003,4,4.3,$/MCF,SAK,USA-AK,PRS,Price Delivered to Residential Consumers,N3010AK3,Alaska Price of Natural Gas Delivered to Residential Consumers (Dollars per Thousand Cubic Feet)
2003,3,7.63,$/MCF,NUS,U.S.,PG1,City Gate Price,N3050US3,U.S. Natural Gas Citygate Price (Dollars per Thousand Cubic Feet)
2003,3,2.3,$/MCF,SAK,USA-AK,PG1,City Gate Price,N3050AK3,Natural Gas Citygate Price in Alaska (Dollars per Thousand Cubic Feet)
2003,3,7.05,$/MCF,NUS,U.S.,PEU,Electric Power Price,N3045US3,U.S. Natural Gas Electric Power Price (Dollars per Thousand Cubic Feet)
2003,3,2.02,$/MCF,SAK,USA-AK,PEU,Electric Power Price,N3045AK3,Alaska Natural Gas Price Sold to Electric Power Consumers (Dollars per Thousand Cubic Feet)
2003,3,8.27,$/MCF,NUS,U.S.,PIN,Industrial Price,N3035US3,United States Natural Gas Industrial Price (Dollars per Thousand Cubic Feet)
2003,3,1.38,$/MCF,SAK,USA-AK,PIN,Industrial Price,N3035AK3,Alaska Natural Gas Industrial Price (Dollars per Thousand Cubic Feet)
2003,3,9.2,$/MCF,NUS,U.S.,PCS,Price Delivered to Commercial Sectors,N3020US3,U.S. Price of Natural Gas Sold to Commercial Consumers (Dollars per Thousand Cubic Feet)
2003,3,3.9,$/MCF,SAK,USA-AK,PCS,Price Delivered to Commercial Sectors,N3020AK3,Alaska Price of Natural Gas Sold to Commercial Consumers (Dollars per Thousand Cubic Feet)
2003,3,9.77,$/MCF,NUS,U.S.,PRS,Price Delivered to Residential Consumers,N3010US3,U.S. Price of Natural Gas Delivered to Residential Consumers (Dollars per Thousand Cubic Feet)
2003,3,4.32,$/MCF,SAK,USA-AK,PRS,Price Delivered to Residential Consumers,N3010AK3,Alaska Price of Natural Gas Delivered to Residential Consumers (Dollars per Thousand Cubic Feet)
2003,2,5.83,$/MCF,NUS,U.S.,PG1,City Gate Price,N3050US3,U.S. Natural Gas Citygate Price (Dollars per Thousand Cubic Feet)
2003,2,2.22,$/MCF,SAK,USA-AK,PG1,City Gate Price,N3050AK3,Natural Gas Citygate Price in Alaska (Dollars per Thousand Cubic Feet)
2003,2,6.47,$/MCF,NUS,U.S.,PEU,Electric Power Price,N3045US3,U.S. Natural Gas Electric Power Price (Dollars per Thousand Cubic Feet)
2003,2,2.03,$/MCF,SAK,USA-AK,PEU,Electric Power Price,N3045AK3,Alaska Natural Gas Price Sold to Electric Power Consumers (Dollars per Thousand Cubic Feet)
2003,2,6.4,$/MCF,NUS,U.S.,PIN,Industrial Price,N3035US3,United States Natural Gas Industrial Price (Dollars per Thousand Cubic Feet)
2003,2,1.36,$/MCF,SAK,USA-AK,PIN,Industrial Price,N3035AK3,Alaska Natural Gas Industrial Price (Dollars per Thousand Cubic Feet)
2003,2,7.98,$/MCF,NUS,U.S.,PCS,Price Delivered to Commercial Sectors,N3020US3,U.S. Price of Natural Gas Sold to Commercial Consumers (Dollars per Thousand Cubic Feet)
2003,2,3.88,$/MCF,SAK,USA-AK,PCS,Price Delivered to Commercial Sectors,N3020AK3,Alaska Price of Natural Gas Sold to Commercial Consumers (Dollars per Thousand Cubic Feet)
2003,2,8.58,$/MCF,NUS,U.S.,PRS,Price Delivered to Residential Consumers,N3010US3,U.S. Price of Natural Gas Delivered to Residential Consumers (Dollars per Thousand Cubic Feet)
2003,2,4.32,$/MCF,SAK,USA-AK,PRS,Price Delivered to Residential Consumers,N3010AK3,Alaska Price of Natural Gas Delivered to Residential Consumers (Dollars per Thousand Cubic Feet)
2003,1,5.28,$/MCF,NUS,U.S.,PG1,City Gate Price,N3050US3,U.S. Natural Gas Citygate Price (Dollars per Thousand Cubic Feet)
2003,1,2.35,$/MCF,SAK,USA-AK,PG1,City Gate Price,N3050AK3,Natural Gas Citygate Price in Alaska (Dollars per Thousand Cubic Feet)
2003,1,5.33,$/MCF,NUS,U.S.,PEU,Electric Power Price,N3045US3,U.S. Natural Gas Electric Power Price (Dollars per Thousand Cubic Feet)
2003,1,2.02,$/MCF,SAK,USA-AK,PEU,Electric Power Price,N3045AK3,Alaska Natural Gas Price Sold to Electric Power Consumers (Dollars per Thousand Cubic Feet)
2003,1,5.65,$/MCF,NUS,U.S.,PIN,Industrial Price,N3035US3,United States Natural Gas Industrial Price (Dollars per Thousand Cubic Feet)
2003,1,1.28,$/MCF,SAK,USA-AK,PIN,Industrial Price,N3035AK3,Alaska Natural Gas Industrial Price (Dollars per Thousand Cubic Feet)
2003,1,7.48,$/MCF,NUS,U.S.,PCS,Price Delivered to Commercial Sectors,N3020US3,U.S. Price of Natural Gas Sold to Commercial Consumers (Dollars per Thousand Cubic Feet)
2003,1,3.49,$/MCF,SAK,USA-AK,PCS,Price Delivered to Commercial Sectors,N3020AK3,Alaska Price of Natural Gas Sold to Commercial Consumers (Dollars per Thousand Cubic Feet)
2003,1,8.18,$/MCF,NUS,U.S.,PRS,Price Delivered to Residential Consumers,N3010US3,U.S. Price of Natural Gas Delivered to Residential Consumers (Dollars per Thousand Cubic Feet)
2003,1,4.19,$/MCF,SAK,USA-AK,PRS,Price Delivered to Residential Consumers,N3010AK3,Alaska Price of Natural Gas Delivered to Residential Consumers (Dollars per Thousand Cubic Feet)
2002,12,4.74,$/MCF,NUS,U.S.,PG1,City Gate Price,N3050US3,U.S. Natural Gas Citygate Price (Dollars per Thousand Cubic Feet)
2002,12,2.44,$/MCF,SAK,USA-AK,PG1,City Gate Price,N3050AK3,Natural Gas Citygate Price in Alaska (Dollars per Thousand Cubic Feet)
2002,12,4.72,$/MCF,NUS,U.S.,PEU,Electric Power Price,N3045US3,U.S. Natural Gas Electric Power Price (Dollars per Thousand Cubic Feet)
2002,12,1.98,$/MCF,SAK,USA-AK,PEU,Electric Power Price,N3045AK3,Alaska Natural Gas Price Sold to Electric Power Consumers (Dollars per Thousand Cubic Feet)
2002,12,4.92,$/MCF,NUS,U.S.,PIN,Industrial Price,N3035US3,United States Natural Gas Industrial Price (Dollars per Thousand Cubic Feet)
2002,12,1.68,$/MCF,SAK,USA-AK,PIN,Industrial Price,N3035AK3,Alaska Natural Gas Industrial Price (Dollars per Thousand Cubic Feet)
2002,12,7.16,$/MCF,NUS,U.S.,PCS,Price Delivered to Commercial Sectors,N3020US3,U.S. Price of Natural Gas Sold to Commercial Consumers (Dollars per Thousand Cubic Feet)
2002,12,3.28,$/MCF,SAK,USA-AK,PCS,Price Delivered to Commercial Sectors,N3020AK3,Alaska Price of Natural Gas Sold to Commercial Consumers (Dollars per Thousand Cubic Feet)
2002,12,7.87,$/MCF,NUS,U.S.,PRS,Price Delivered to Residential Consumers,N3010US3,U.S. Price of Natural Gas Delivered to Residential Consumers (Dollars per Thousand Cubic Feet)
2002,12,4.47,$/MCF,SAK,USA-AK,PRS,Price Delivered to Residential Consumers,N3010AK3,Alaska Price of Natural Gas Delivered to Residential Consumers (Dollars per Thousand Cubic Feet)
2002,11,4.65,$/MCF,NUS,U.S.,PG1,City Gate Price,N3050US3,U.S. Natural Gas Citygate Price (Dollars per Thousand Cubic Feet)
2002,11,2.46,$/MCF,SAK,USA-AK,PG1,City Gate Price,N3050AK3,Natural Gas Citygate Price in Alaska (Dollars per Thousand Cubic Feet)
2002,11,4.35,$/MCF,NUS,U.S.,PEU,Electric Power Price,N3045US3,U.S. Natural Gas Electric Power Price (Dollars per Thousand Cubic Feet)
2002,11,2.02,$/MCF,SAK,USA-AK,PEU,Electric Power Price,N3045AK3,Alaska Natural Gas Price Sold to Electric Power Consumers (Dollars per Thousand Cubic Feet)
2002,11,4.72,$/MCF,NUS,U.S.,PIN,Industrial Price,N3035US3,United States Natural Gas Industrial Price (Dollars per Thousand Cubic Feet)
2002,11,1.69,$/MCF,SAK,USA-AK,PIN,Industrial Price,N3035AK3,Alaska Natural Gas Industrial Price (Dollars per Thousand Cubic Feet)
2002,11,6.89,$/MCF,NUS,U.S.,PCS,Price Delivered to Commercial Sectors,N3020US3,U.S. Price of Natural Gas Sold to Commercial Consumers (Dollars per Thousand Cubic Feet)
2002,11,3.11,$/MCF,SAK,USA-AK,PCS,Price Delivered to Commercial Sectors,N3020AK3,Alaska Price of Natural Gas Sold to Commercial Consumers (Dollars per Thousand Cubic Feet)
2002,11,7.99,$/MCF,NUS,U.S.,PRS,Price Delivered to Residential Consumers,N3010US3,U.S. Price of Natural Gas Delivered to Residential Consumers (Dollars per Thousand Cubic Feet)
2002,11,4.41,$/MCF,SAK,USA-AK,PRS,Price Delivered to Residential Consumers,N3010AK3,Alaska Price of Natural Gas Delivered to Residential Consumers (Dollars per Thousand Cubic Feet)
2002,10,4.32,$/MCF,NUS,U.S.,PG1,City Gate Price,N3050US3,U.S. Natural Gas Citygate Price (Dollars per Thousand Cubic Feet)
2002,10,2.27,$/MCF,SAK,USA-AK,PG1,City Gate Price,N3050AK3,Natural Gas Citygate Price in Alaska (Dollars per Thousand Cubic Feet)
2002,10,4.19,$/MCF,NUS,U.S.,PEU,Electric Power Price,N3045US3,U.S. Natural Gas Electric Power Price (Dollars per Thousand Cubic Feet)
2002,10,2.02,$/MCF,SAK,USA-AK,PEU,Electric Power Price,N3045AK3,Alaska Natural Gas Price Sold to Electric Power Consumers (Dollars per Thousand Cubic Feet)
2002,10,4.18,$/MCF,NUS,U.S.,PIN,Industrial Price,N3035US3,United States Natural Gas Industrial Price (Dollars per Thousand Cubic Feet)
2002,10,1.58,$/MCF,SAK,USA-AK,PIN,Industrial Price,N3035AK3,Alaska Natural Gas Industrial Price (Dollars per Thousand Cubic Feet)
2002,10,6.64,$/MCF,NUS,U.S.,PCS,Price Delivered to Commercial Sectors,N3020US3,U.S. Price of Natural Gas Sold to Commercial Consumers (Dollars per Thousand Cubic Feet)
2002,10,3.05,$/MCF,SAK,USA-AK,PCS,Price Delivered to Commercial Sectors,N3020AK3,Alaska Price of Natural Gas Sold to Commercial Consumers (Dollars per Thousand Cubic Feet)
2002,10,8.61,$/MCF,NUS,U.S.,PRS,Price Delivered to Residential Consumers,N3010US3,U.S. Price of Natural Gas Delivered to Residential Consumers (Dollars per Thousand Cubic Feet)
2002,10,4.47,$/MCF,SAK,USA-AK,PRS,Price Delivered to Residential Consumers,N3010AK3,Alaska Price of Natural Gas Delivered to Residential Consumers (Dollars per Thousand Cubic Feet)
2002,9,3.99,$/MCF,NUS,U.S.,PG1,City Gate Price,N3050US3,U.S. Natural Gas Citygate Price (Dollars per Thousand Cubic Feet)
2002,9,2.39,$/MCF,SAK,USA-AK,PG1,City Gate Price,N3050AK3,Natural Gas Citygate Price in Alaska (Dollars per Thousand Cubic Feet)
2002,9,3.71,$/MCF,NUS,U.S.,PEU,Electric Power Price,N3045US3,U.S. Natural Gas Electric Power Price (Dollars per Thousand Cubic Feet)
2002,9,2.11,$/MCF,SAK,USA-AK,PEU,Electric Power Price,N3045AK3,Alaska Natural Gas Price Sold to Electric Power Consumers (Dollars per Thousand Cubic Feet)
2002,9,3.89,$/MCF,NUS,U.S.,PIN,Industrial Price,N3035US3,United States Natural Gas Industrial Price (Dollars per Thousand Cubic Feet)
2002,9,1.58,$/MCF,SAK,USA-AK,PIN,Industrial Price,N3035AK3,Alaska Natural Gas Industrial Price (Dollars per Thousand Cubic Feet)
2002,9,6.54,$/MCF,NUS,U.S.,PCS,Price Delivered to Commercial Sectors,N3020US3,U.S. Price of Natural Gas Sold to Commercial Consumers (Dollars per Thousand Cubic Feet)
2002,9,3.55,$/MCF,SAK,USA-AK,PCS,Price Delivered to Commercial Sectors,N3020AK3,Alaska Price of Natural Gas Sold to Commercial Consumers (Dollars per Thousand Cubic Feet)
2002,9,10.23,$/MCF,NUS,U.S.,PRS,Price Delivered to Residential Consumers,N3010US3,U.S. Price of Natural Gas Delivered to Residential Consumers (Dollars per Thousand Cubic Feet)
2002,9,4.72,$/MCF,SAK,USA-AK,PRS,Price Delivered to Residential Consumers,N3010AK3,Alaska Price of Natural Gas Delivered to Residential Consumers (Dollars per Thousand Cubic Feet)
2002,8,3.67,$/MCF,NUS,U.S.,PG1,City Gate Price,N3050US3,U.S. Natural Gas Citygate Price (Dollars per Thousand Cubic Feet)
2002,8,1.72,$/MCF,SAK,USA-AK,PG1,City Gate Price,N3050AK3,Natural Gas Citygate Price in Alaska (Dollars per Thousand Cubic Feet)
2002,8,3.42,$/MCF,NUS,U.S.,PEU,Electric Power Price,N3045US3,U.S. Natural Gas Electric Power Price (Dollars per Thousand Cubic Feet)
2002,8,2.12,$/MCF,SAK,USA-AK,PEU,Electric Power Price,N3045AK3,Alaska Natural Gas Price Sold to Electric Power Consumers (Dollars per Thousand Cubic Feet)
2002,8,3.62,$/MCF,NUS,U.S.,PIN,Industrial Price,N3035US3,United States Natural Gas Industrial Price (Dollars per Thousand Cubic Feet)
2002,8,1.56,$/MCF,SAK,USA-AK,PIN,Industrial Price,N3035AK3,Alaska Natural Gas Industrial Price (Dollars per Thousand Cubic Feet)
2002,8,6.45,$/MCF,NUS,U.S.,PCS,Price Delivered to Commercial Sectors,N3020US3,U.S. Price of Natural Gas Sold to Commercial Consumers (Dollars per Thousand Cubic Feet)
2002,8,3.51,$/MCF,SAK,USA-AK,PCS,Price Delivered to Commercial Sectors,N3020AK3,Alaska Price of Natural Gas Sold to Commercial Consumers (Dollars per Thousand Cubic Feet)
2002,8,10.44,$/MCF,NUS,U.S.,PRS,Price Delivered to Residential Consumers,N3010US3,U.S. Price of Natural Gas Delivered to Residential Consumers (Dollars per Thousand Cubic Feet)
2002,8,5.12,$/MCF,SAK,USA-AK,PRS,Price Delivered to Residential Consumers,N3010AK3,Alaska Price of Natural Gas Delivered to Residential Consumers (Dollars per Thousand Cubic Feet)
2002,7,3.95,$/MCF,NUS,U.S.,PG1,City Gate Price,N3050US3,U.S. Natural Gas Citygate Price (Dollars per Thousand Cubic Feet)
2002,7,2.38,$/MCF,SAK,USA-AK,PG1,City Gate Price,N3050AK3,Natural Gas Citygate Price in Alaska (Dollars per Thousand Cubic Feet)
2002,7,3.49,$/MCF,NUS,U.S.,PEU,Electric Power Price,N3045US3,U.S. Natural Gas Electric Power Price (Dollars per Thousand Cubic Feet)
2002,7,2.12,$/MCF,SAK,USA-AK,PEU,Electric Power Price,N3045AK3,Alaska Natural Gas Price Sold to Electric Power Consumers (Dollars per Thousand Cubic Feet)
2002,7,3.8,$/MCF,NUS,U.S.,PIN,Industrial Price,N3035US3,United States Natural Gas Industrial Price (Dollars per Thousand Cubic Feet)
2002,7,1.51,$/MCF,SAK,USA-AK,PIN,Industrial Price,N3035AK3,Alaska Natural Gas Industrial Price (Dollars per Thousand Cubic Feet)
2002,7,6.62,$/MCF,NUS,U.S.,PCS,Price Delivered to Commercial Sectors,N3020US3,U.S. Price of Natural Gas Sold to Commercial Consumers (Dollars per Thousand Cubic Feet)
2002,7,3.42,$/MCF,SAK,USA-AK,PCS,Price Delivered to Commercial Sectors,N3020AK3,Alaska Price of Natural Gas Sold to Commercial Consumers (Dollars per Thousand Cubic Feet)
2002,7,10.31,$/MCF,NUS,U.S.,PRS,Price Delivered to Residential Consumers,N3010US3,U.S. Price of Natural Gas Delivered to Residential Consumers (Dollars per Thousand Cubic Feet)
2002,7,5.36,$/MCF,SAK,USA-AK,PRS,Price Delivered to Residential Consumers,N3010AK3,Alaska Price of Natural Gas Delivered to Residential Consumers (Dollars per Thousand Cubic Feet)
2002,6,4.15,$/MCF,NUS,U.S.,PG1,City Gate Price,N3050US3,U.S. Natural Gas Citygate Price (Dollars per Thousand Cubic Feet)
2002,6,2.31,$/MCF,SAK,USA-AK,PG1,City Gate Price,N3050AK3,Natural Gas Citygate Price in Alaska (Dollars per Thousand Cubic Feet)
2002,6,3.61,$/MCF,NUS,U.S.,PEU,Electric Power Price,N3045US3,U.S. Natural Gas Electric Power Price (Dollars per Thousand Cubic Feet)
2002,6,2.4,$/MCF,SAK,USA-AK,PEU,Electric Power Price,N3045AK3,Alaska Natural Gas Price Sold to Electric Power Consumers (Dollars per Thousand Cubic Feet)
2002,6,3.86,$/MCF,NUS,U.S.,PIN,Industrial Price,N3035US3,United States Natural Gas Industrial Price (Dollars per Thousand Cubic Feet)
2002,6,1.66,$/MCF,SAK,USA-AK,PIN,Industrial Price,N3035AK3,Alaska Natural Gas Industrial Price (Dollars per Thousand Cubic Feet)
2002,6,6.8,$/MCF,NUS,U.S.,PCS,Price Delivered to Commercial Sectors,N3020US3,U.S. Price of Natural Gas Sold to Commercial Consumers (Dollars per Thousand Cubic Feet)
2002,6,2.24,$/MCF,SAK,USA-AK,PCS,Price Delivered to Commercial Sectors,N3020AK3,Alaska Price of Natural Gas Sold to Commercial Consumers (Dollars per Thousand Cubic Feet)
2002,6,9.58,$/MCF,NUS,U.S.,PRS,Price Delivered to Residential Consumers,N3010US3,U.S. Price of Natural Gas Delivered to Residential Consumers (Dollars per Thousand Cubic Feet)
2002,6,2.76,$/MCF,SAK,USA-AK,PRS,Price Delivered to Residential Consumers,N3010AK3,Alaska Price of Natural Gas Delivered to Residential Consumers (Dollars per Thousand Cubic Feet)
2002,5,4.07,$/MCF,NUS,U.S.,PG1,City Gate Price,N3050US3,U.S. Natural Gas Citygate Price (Dollars per Thousand Cubic Feet)
2002,5,2.34,$/MCF,SAK,USA-AK,PG1,City Gate Price,N3050AK3,Natural Gas Citygate Price in Alaska (Dollars per Thousand Cubic Feet)
2002,5,3.78,$/MCF,NUS,U.S.,PEU,Electric Power Price,N3045US3,U.S. Natural Gas Electric Power Price (Dollars per Thousand Cubic Feet)
2002,5,2.38,$/MCF,SAK,USA-AK,PEU,Electric Power Price,N3045AK3,Alaska Natural Gas Price Sold to Electric Power Consumers (Dollars per Thousand Cubic Feet)
2002,5,4.07,$/MCF,NUS,U.S.,PIN,Industrial Price,N3035US3,United States Natural Gas Industrial Price (Dollars per Thousand Cubic Feet)
2002,5,1.62,$/MCF,SAK,USA-AK,PIN,Industrial Price,N3035AK3,Alaska Natural Gas Industrial Price (Dollars per Thousand Cubic Feet)
2002,5,6.68,$/MCF,NUS,U.S.,PCS,Price Delivered to Commercial Sectors,N3020US3,U.S. Price of Natural Gas Sold to Commercial Consumers (Dollars per Thousand Cubic Feet)
2002,5,3.27,$/MCF,SAK,USA-AK,PCS,Price Delivered to Commercial Sectors,N3020AK3,Alaska Price of Natural Gas Sold to Commercial Consumers (Dollars per Thousand Cubic Feet)
2002,5,8.54,$/MCF,NUS,U.S.,PRS,Price Delivered to Residential Consumers,N3010US3,U.S. Price of Natural Gas Delivered to Residential Consumers (Dollars per Thousand Cubic Feet)
2002,5,4.66,$/MCF,SAK,USA-AK,PRS,Price Delivered to Residential Consumers,N3010AK3,Alaska Price of Natural Gas Delivered to Residential Consumers (Dollars per Thousand Cubic Feet)
2002,4,4.21,$/MCF,NUS,U.S.,PG1,City Gate Price,N3050US3,U.S. Natural Gas Citygate Price (Dollars per Thousand Cubic Feet)
2002,4,2.39,$/MCF,SAK,USA-AK,PG1,City Gate Price,N3050AK3,Natural Gas Citygate Price in Alaska (Dollars per Thousand Cubic Feet)
2002,4,3.8,$/MCF,NUS,U.S.,PEU,Electric Power Price,N3045US3,U.S. Natural Gas Electric Power Price (Dollars per Thousand Cubic Feet)
2002,4,2.46,$/MCF,SAK,USA-AK,PEU,Electric Power Price,N3045AK3,Alaska Natural Gas Price Sold to Electric Power Consumers (Dollars per Thousand Cubic Feet)
2002,4,3.64,$/MCF,NUS,U.S.,PIN,Industrial Price,N3035US3,United States Natural Gas Industrial Price (Dollars per Thousand Cubic Feet)
2002,4,1.64,$/MCF,SAK,USA-AK,PIN,Industrial Price,N3035AK3,Alaska Natural Gas Industrial Price (Dollars per Thousand Cubic Feet)
2002,4,6.56,$/MCF,NUS,U.S.,PCS,Price Delivered to Commercial Sectors,N3020US3,U.S. Price of Natural Gas Sold to Commercial Consumers (Dollars per Thousand Cubic Feet)
2002,4,3.75,$/MCF,SAK,USA-AK,PCS,Price Delivered to Commercial Sectors,N3020AK3,Alaska Price of Natural Gas Sold to Commercial Consumers (Dollars per Thousand Cubic Feet)
2002,4,7.66,$/MCF,NUS,U.S.,PRS,Price Delivered to Residential Consumers,N3010US3,U.S. Price of Natural Gas Delivered to Residential Consumers (Dollars per Thousand Cubic Feet)
2002,4,4.49,$/MCF,SAK,USA-AK,PRS,Price Delivered to Residential Consumers,N3010AK3,Alaska Price of Natural Gas Delivered to Residential Consumers (Dollars per Thousand Cubic Feet)
2002,3,3.84,$/MCF,NUS,U.S.,PG1,City Gate Price,N3050US3,U.S. Natural Gas Citygate Price (Dollars per Thousand Cubic Feet)
2002,3,2.41,$/MCF,SAK,USA-AK,PG1,City Gate Price,N3050AK3,Natural Gas Citygate Price in Alaska (Dollars per Thousand Cubic Feet)
2002,3,3.37,$/MCF,NUS,U.S.,PEU,Electric Power Price,N3045US3,U.S. Natural Gas Electric Power Price (Dollars per Thousand Cubic Feet)
2002,3,2.77,$/MCF,SAK,USA-AK,PEU,Electric Power Price,N3045AK3,Alaska Natural Gas Price Sold to Electric Power Consumers (Dollars per Thousand Cubic Feet)
2002,3,3.78,$/MCF,NUS,U.S.,PIN,Industrial Price,N3035US3,United States Natural Gas Industrial Price (Dollars per Thousand Cubic Feet)
2002,3,1.66,$/MCF,SAK,USA-AK,PIN,Industrial Price,N3035AK3,Alaska Natural Gas Industrial Price (Dollars per Thousand Cubic Feet)
2002,3,6.28,$/MCF,NUS,U.S.,PCS,Price Delivered to Commercial Sectors,N3020US3,U.S. Price of Natural Gas Sold to Commercial Consumers (Dollars per Thousand Cubic Feet)
2002,3,3.82,$/MCF,SAK,USA-AK,PCS,Price Delivered to Commercial Sectors,N3020AK3,Alaska Price of Natural Gas Sold to Commercial Consumers (Dollars per Thousand Cubic Feet)
2002,3,7.1,$/MCF,NUS,U.S.,PRS,Price Delivered to Residential Consumers,N3010US3,U.S. Price of Natural Gas Delivered to Residential Consumers (Dollars per Thousand Cubic Feet)
2002,3,4.47,$/MCF,SAK,USA-AK,PRS,Price Delivered to Residential Consumers,N3010AK3,Alaska Price of Natural Gas Delivered to Residential Consumers (Dollars per Thousand Cubic Feet)
2002,2,3.76,$/MCF,NUS,U.S.,PG1,City Gate Price,N3050US3,U.S. Natural Gas Citygate Price (Dollars per Thousand Cubic Feet)
2002,2,2.41,$/MCF,SAK,USA-AK,PG1,City Gate Price,N3050AK3,Natural Gas Citygate Price in Alaska (Dollars per Thousand Cubic Feet)
2002,2,2.86,$/MCF,NUS,U.S.,PEU,Electric Power Price,N3045US3,U.S. Natural Gas Electric Power Price (Dollars per Thousand Cubic Feet)
2002,2,2.57,$/MCF,SAK,USA-AK,PEU,Electric Power Price,N3045AK3,Alaska Natural Gas Price Sold to Electric Power Consumers (Dollars per Thousand Cubic Feet)
2002,2,3.7,$/MCF,NUS,U.S.,PIN,Industrial Price,N3035US3,United States Natural Gas Industrial Price (Dollars per Thousand Cubic Feet)
2002,2,1.68,$/MCF,SAK,USA-AK,PIN,Industrial Price,N3035AK3,Alaska Natural Gas Industrial Price (Dollars per Thousand Cubic Feet)
2002,2,6.4,$/MCF,NUS,U.S.,PCS,Price Delivered to Commercial Sectors,N3020US3,U.S. Price of Natural Gas Sold to Commercial Consumers (Dollars per Thousand Cubic Feet)
2002,2,3.73,$/MCF,SAK,USA-AK,PCS,Price Delivered to Commercial Sectors,N3020AK3,Alaska Price of Natural Gas Sold to Commercial Consumers (Dollars per Thousand Cubic Feet)
2002,2,7.23,$/MCF,NUS,U.S.,PRS,Price Delivered to Residential Consumers,N3010US3,U.S. Price of Natural Gas Delivered to Residential Consumers (Dollars per Thousand Cubic Feet)
2002,2,4.42,$/MCF,SAK,USA-AK,PRS,Price Delivered to Residential Consumers,N3010AK3,Alaska Price of Natural Gas Delivered to Residential Consumers (Dollars per Thousand Cubic Feet)
2002,1,3.79,$/MCF,NUS,U.S.,PG1,City Gate Price,N3050US3,U.S. Natural Gas Citygate Price (Dollars per Thousand Cubic Feet)
2002,1,2.44,$/MCF,SAK,USA-AK,PG1,City Gate Price,N3050AK3,Natural Gas Citygate Price in Alaska (Dollars per Thousand Cubic Feet)
2002,1,3.1,$/MCF,NUS,U.S.,PEU,Electric Power Price,N3045US3,U.S. Natural Gas Electric Power Price (Dollars per Thousand Cubic Feet)
2002,1,,$/MCF,SAK,USA-AK,PEU,Electric Power Price,N3045AK3,Alaska Natural Gas Price Sold to Electric Power Consumers (Dollars per Thousand Cubic Feet)
2002,1,4.05,$/MCF,NUS,U.S.,PIN,Industrial Price,N3035US3,United States Natural Gas Industrial Price (Dollars per Thousand Cubic Feet)
2002,1,1.74,$/MCF,SAK,USA-AK,PIN,Industrial Price,N3035AK3,Alaska Natural Gas Industrial Price (Dollars per Thousand Cubic Feet)
2002,1,6.51,$/MCF,NUS,U.S.,PCS,Price Delivered to Commercial Sectors,N3020US3,U.S. Price of Natural Gas Sold to Commercial Consumers (Dollars per Thousand Cubic Feet)
2002,1,3.84,$/MCF,SAK,USA-AK,PCS,Price Delivered to Commercial Sectors,N3020AK3,Alaska Price of Natural Gas Sold to Commercial Consumers (Dollars per Thousand Cubic Feet)
2002,1,7.38,$/MCF,NUS,U.S.,PRS,Price Delivered to Residential Consumers,N3010US3,U.S. Price of Natural Gas Delivered to Residential Consumers (Dollars per Thousand Cubic Feet)
2002,1,4.55,$/MCF,SAK,USA-AK,PRS,Price Delivered to Residential Consumers,N3010AK3,Alaska Price of Natural Gas Delivered to Residential Consumers (Dollars per Thousand Cubic Feet)
2001,12,3.9,$/MCF,NUS,U.S.,PG1,City Gate Price,N3050US3,U.S. Natural Gas Citygate Price (Dollars per Thousand Cubic Feet)
2001,12,2.34,$/MCF,SAK,USA-AK,PG1,City Gate Price,N3050AK3,Natural Gas Citygate Price in Alaska (Dollars per Thousand Cubic Feet)
2001,12,3.69,$/MCF,NUS,U.S.,PIN,Industrial Price,N3035US3,United States Natural Gas Industrial Price (Dollars per Thousand Cubic Feet)
2001,12,1.86,$/MCF,SAK,USA-AK,PIN,Industrial Price,N3035AK3,Alaska Natural Gas Industrial Price (Dollars per Thousand Cubic Feet)
2001,12,6.35,$/MCF,NUS,U.S.,PCS,Price Delivered to Commercial Sectors,N3020US3,U.S. Price of Natural Gas Sold to Commercial Consumers (Dollars per Thousand Cubic Feet)
2001,12,3.39,$/MCF,SAK,USA-AK,PCS,Price Delivered to Commercial Sectors,N3020AK3,Alaska Price of Natural Gas Sold to Commercial Consumers (Dollars per Thousand Cubic Feet)
2001,12,7.3,$/MCF,NUS,U.S.,PRS,Price Delivered to Residential Consumers,N3010US3,U.S. Price of Natural Gas Delivered to Residential Consumers (Dollars per Thousand Cubic Feet)
2001,12,4.1,$/MCF,SAK,USA-AK,PRS,Price Delivered to Residential Consumers,N3010AK3,Alaska Price of Natural Gas Delivered to Residential Consumers (Dollars per Thousand Cubic Feet)
2001,11,4.02,$/MCF,NUS,U.S.,PG1,City Gate Price,N3050US3,U.S. Natural Gas Citygate Price (Dollars per Thousand Cubic Feet)
2001,11,2.3,$/MCF,SAK,USA-AK,PG1,City Gate Price,N3050AK3,Natural Gas Citygate Price in Alaska (Dollars per Thousand Cubic Feet)
2001,11,3.88,$/MCF,NUS,U.S.,PIN,Industrial Price,N3035US3,United States Natural Gas Industrial Price (Dollars per Thousand Cubic Feet)
2001,11,1.79,$/MCF,SAK,USA-AK,PIN,Industrial Price,N3035AK3,Alaska Natural Gas Industrial Price (Dollars per Thousand Cubic Feet)
2001,11,6.79,$/MCF,NUS,U.S.,PCS,Price Delivered to Commercial Sectors,N3020US3,U.S. Price of Natural Gas Sold to Commercial Consumers (Dollars per Thousand Cubic Feet)
2001,11,3.3,$/MCF,SAK,USA-AK,PCS,Price Delivered to Commercial Sectors,N3020AK3,Alaska Price of Natural Gas Sold to Commercial Consumers (Dollars per Thousand Cubic Feet)
2001,11,7.98,$/MCF,NUS,U.S.,PRS,Price Delivered to Residential Consumers,N3010US3,U.S. Price of Natural Gas Delivered to Residential Consumers (Dollars per Thousand Cubic Feet)
2001,11,4.05,$/MCF,SAK,USA-AK,PRS,Price Delivered to Residential Consumers,N3010AK3,Alaska Price of Natural Gas Delivered to Residential Consumers (Dollars per Thousand Cubic Feet)
2001,10,3.37,$/MCF,NUS,U.S.,PG1,City Gate Price,N3050US3,U.S. Natural Gas Citygate Price (Dollars per Thousand Cubic Feet)
2001,10,2.29,$/MCF,SAK,USA-AK,PG1,City Gate Price,N3050AK3,Natural Gas Citygate Price in Alaska (Dollars per Thousand Cubic Feet)
2001,10,3.18,$/MCF,NUS,U.S.,PIN,Industrial Price,N3035US3,United States Natural Gas Industrial Price (Dollars per Thousand Cubic Feet)
2001,10,1.82,$/MCF,SAK,USA-AK,PIN,Industrial Price,N3035AK3,Alaska Natural Gas Industrial Price (Dollars per Thousand Cubic Feet)
2001,10,6.39,$/MCF,NUS,U.S.,PCS,Price Delivered to Commercial Sectors,N3020US3,U.S. Price of Natural Gas Sold to Commercial Consumers (Dollars per Thousand Cubic Feet)
2001,10,3.31,$/MCF,SAK,USA-AK,PCS,Price Delivered to Commercial Sectors,N3020AK3,Alaska Price of Natural Gas Sold to Commercial Consumers (Dollars per Thousand Cubic Feet)
2001,10,8.24,$/MCF,NUS,U.S.,PRS,Price Delivered to Residential Consumers,N3010US3,U.S. Price of Natural Gas Delivered to Residential Consumers (Dollars per Thousand Cubic Feet)
2001,10,4.27,$/MCF,SAK,USA-AK,PRS,Price Delivered to Residential Consumers,N3010AK3,Alaska Price of Natural Gas Delivered to Residential Consumers (Dollars per Thousand Cubic Feet)
2001,9,3.66,$/MCF,NUS,U.S.,PG1,City Gate Price,N3050US3,U.S. Natural Gas Citygate Price (Dollars per Thousand Cubic Feet)
2001,9,2.25,$/MCF,SAK,USA-AK,PG1,City Gate Price,N3050AK3,Natural Gas Citygate Price in Alaska (Dollars per Thousand Cubic Feet)
2001,9,3.5,$/MCF,NUS,U.S.,PIN,Industrial Price,N3035US3,United States Natural Gas Industrial Price (Dollars per Thousand Cubic Feet)
2001,9,1.76,$/MCF,SAK,USA-AK,PIN,Industrial Price,N3035AK3,Alaska Natural Gas Industrial Price (Dollars per Thousand Cubic Feet)
2001,9,6.96,$/MCF,NUS,U.S.,PCS,Price Delivered to Commercial Sectors,N3020US3,U.S. Price of Natural Gas Sold to Commercial Consumers (Dollars per Thousand Cubic Feet)
2001,9,3.2,$/MCF,SAK,USA-AK,PCS,Price Delivered to Commercial Sectors,N3020AK3,Alaska Price of Natural Gas Sold to Commercial Consumers (Dollars per Thousand Cubic Feet)
2001,9,10.17,$/MCF,NUS,U.S.,PRS,Price Delivered to Residential Consumers,N3010US3,U.S. Price of Natural Gas Delivered to Residential Consumers (Dollars per Thousand Cubic Feet)
2001,9,4.51,$/MCF,SAK,USA-AK,PRS,Price Delivered to Residential Consumers,N3010AK3,Alaska Price of Natural Gas Delivered to Residential Consumers (Dollars per Thousand Cubic Feet)
2001,8,4.32,$/MCF,NUS,U.S.,PG1,City Gate Price,N3050US3,U.S. Natural Gas Citygate Price (Dollars per Thousand Cubic Feet)
2001,8,2.22,$/MCF,SAK,USA-AK,PG1,City Gate Price,N3050AK3,Natural Gas Citygate Price in Alaska (Dollars per Thousand Cubic Feet)
2001,8,3.99,$/MCF,NUS,U.S.,PIN,Industrial Price,N3035US3,United States Natural Gas Industrial Price (Dollars per Thousand Cubic Feet)
2001,8,1.75,$/MCF,SAK,USA-AK,PIN,Industrial Price,N3035AK3,Alaska Natural Gas Industrial Price (Dollars per Thousand Cubic Feet)
2001,8,7.61,$/MCF,NUS,U.S.,PCS,Price Delivered to Commercial Sectors,N3020US3,U.S. Price of Natural Gas Sold to Commercial Consumers (Dollars per Thousand Cubic Feet)
2001,8,3.03,$/MCF,SAK,USA-AK,PCS,Price Delivered to Commercial Sectors,N3020AK3,Alaska Price of Natural Gas Sold to Commercial Consumers (Dollars per Thousand Cubic Feet)
2001,8,10.89,$/MCF,NUS,U.S.,PRS,Price Delivered to Residential Consumers,N3010US3,U.S. Price of Natural Gas Delivered to Residential Consumers (Dollars per Thousand Cubic Feet)
2001,8,4.74,$/MCF,SAK,USA-AK,PRS,Price Delivered to Residential Consumers,N3010AK3,Alaska Price of Natural Gas Delivered to Residential Consumers (Dollars per Thousand Cubic Feet)
2001,7,4.03,$/MCF,NUS,U.S.,PG1,City Gate Price,N3050US3,U.S. Natural Gas Citygate Price (Dollars per Thousand Cubic Feet)
2001,7,1.91,$/MCF,SAK,USA-AK,PG1,City Gate Price,N3050AK3,Natural Gas Citygate Price in Alaska (Dollars per Thousand Cubic Feet)
2001,7,4.1,$/MCF,NUS,U.S.,PIN,Industrial Price,N3035US3,United States Natural Gas Industrial Price (Dollars per Thousand Cubic Feet)
2001,7,1.74,$/MCF,SAK,USA-AK,PIN,Industrial Price,N3035AK3,Alaska Natural Gas Industrial Price (Dollars per Thousand Cubic Feet)
2001,7,7.9,$/MCF,NUS,U.S.,PCS,Price Delivered to Commercial Sectors,N3020US3,U.S. Price of Natural Gas Sold to Commercial Consumers (Dollars per Thousand Cubic Feet)
2001,7,3.14,$/MCF,SAK,USA-AK,PCS,Price Delivered to Commercial Sectors,N3020AK3,Alaska Price of Natural Gas Sold to Commercial Consumers (Dollars per Thousand Cubic Feet)
2001,7,11.22,$/MCF,NUS,U.S.,PRS,Price Delivered to Residential Consumers,N3010US3,U.S. Price of Natural Gas Delivered to Residential Consumers (Dollars per Thousand Cubic Feet)
2001,7,4.91,$/MCF,SAK,USA-AK,PRS,Price Delivered to Residential Consumers,N3010AK3,Alaska Price of Natural Gas Delivered to Residential Consumers (Dollars per Thousand Cubic Feet)
2001,6,5.38,$/MCF,NUS,U.S.,PG1,City Gate Price,N3050US3,U.S. Natural Gas Citygate Price (Dollars per Thousand Cubic Feet)
2001,6,2.53,$/MCF,SAK,USA-AK,PG1,City Gate Price,N3050AK3,Natural Gas Citygate Price in Alaska (Dollars per Thousand Cubic Feet)
2001,6,4.75,$/MCF,NUS,U.S.,PIN,Industrial Price,N3035US3,United States Natural Gas Industrial Price (Dollars per Thousand Cubic Feet)
2001,6,1.49,$/MCF,SAK,USA-AK,PIN,Industrial Price,N3035AK3,Alaska Natural Gas Industrial Price (Dollars per Thousand Cubic Feet)
2001,6,8.5,$/MCF,NUS,U.S.,PCS,Price Delivered to Commercial Sectors,N3020US3,U.S. Price of Natural Gas Sold to Commercial Consumers (Dollars per Thousand Cubic Feet)
2001,6,2.94,$/MCF,SAK,USA-AK,PCS,Price Delivered to Commercial Sectors,N3020AK3,Alaska Price of Natural Gas Sold to Commercial Consumers (Dollars per Thousand Cubic Feet)
2001,6,11.58,$/MCF,NUS,U.S.,PRS,Price Delivered to Residential Consumers,N3010US3,U.S. Price of Natural Gas Delivered to Residential Consumers (Dollars per Thousand Cubic Feet)
2001,6,4.63,$/MCF,SAK,USA-AK,PRS,Price Delivered to Residential Consumers,N3010AK3,Alaska Price of Natural Gas Delivered to Residential Consumers (Dollars per Thousand Cubic Feet)
2001,5,5.77,$/MCF,NUS,U.S.,PG1,City Gate Price,N3050US3,U.S. Natural Gas Citygate Price (Dollars per Thousand Cubic Feet)
2001,5,2.23,$/MCF,SAK,USA-AK,PG1,City Gate Price,N3050AK3,Natural Gas Citygate Price in Alaska (Dollars per Thousand Cubic Feet)
2001,5,5.46,$/MCF,NUS,U.S.,PIN,Industrial Price,N3035US3,United States Natural Gas Industrial Price (Dollars per Thousand Cubic Feet)
2001,5,1.53,$/MCF,SAK,USA-AK,PIN,Industrial Price,N3035AK3,Alaska Natural Gas Industrial Price (Dollars per Thousand Cubic Feet)
2001,5,9.19,$/MCF,NUS,U.S.,PCS,Price Delivered to Commercial Sectors,N3020US3,U.S. Price of Natural Gas Sold to Commercial Consumers (Dollars per Thousand Cubic Feet)
2001,5,2.98,$/MCF,SAK,USA-AK,PCS,Price Delivered to Commercial Sectors,N3020AK3,Alaska Price of Natural Gas Sold to Commercial Consumers (Dollars per Thousand Cubic Feet)
2001,5,11.14,$/MCF,NUS,U.S.,PRS,Price Delivered to Residential Consumers,N3010US3,U.S. Price of Natural Gas Delivered to Residential Consumers (Dollars per Thousand Cubic Feet)
2001,5,4.36,$/MCF,SAK,USA-AK,PRS,Price Delivered to Residential Consumers,N3010AK3,Alaska Price of Natural Gas Delivered to Residential Consumers (Dollars per Thousand Cubic Feet)
2001,4,6.3,$/MCF,NUS,U.S.,PG1,City Gate Price,N3050US3,U.S. Natural Gas Citygate Price (Dollars per Thousand Cubic Feet)
2001,4,2.33,$/MCF,SAK,USA-AK,PG1,City Gate Price,N3050AK3,Natural Gas Citygate Price in Alaska (Dollars per Thousand Cubic Feet)
2001,4,6.08,$/MCF,NUS,U.S.,PIN,Industrial Price,N3035US3,United States Natural Gas Industrial Price (Dollars per Thousand Cubic Feet)
2001,4,1.51,$/MCF,SAK,USA-AK,PIN,Industrial Price,N3035AK3,Alaska Natural Gas Industrial Price (Dollars per Thousand Cubic Feet)
2001,4,9.01,$/MCF,NUS,U.S.,PCS,Price Delivered to Commercial Sectors,N3020US3,U.S. Price of Natural Gas Sold to Commercial Consumers (Dollars per Thousand Cubic Feet)
2001,4,2.9,$/MCF,SAK,USA-AK,PCS,Price Delivered to Commercial Sectors,N3020AK3,Alaska Price of Natural Gas Sold to Commercial Consumers (Dollars per Thousand Cubic Feet)
2001,4,10.16,$/MCF,NUS,U.S.,PRS,Price Delivered to Residential Consumers,N3010US3,U.S. Price of Natural Gas Delivered to Residential Consumers (Dollars per Thousand Cubic Feet)
2001,4,4.16,$/MCF,SAK,USA-AK,PRS,Price Delivered to Residential Consumers,N3010AK3,Alaska Price of Natural Gas Delivered to Residential Consumers (Dollars per Thousand Cubic Feet)
2001,3,6.1,$/MCF,NUS,U.S.,PG1,City Gate Price,N3050US3,U.S. Natural Gas Citygate Price (Dollars per Thousand Cubic Feet)
2001,3,2.42,$/MCF,SAK,USA-AK,PG1,City Gate Price,N3050AK3,Natural Gas Citygate Price in Alaska (Dollars per Thousand Cubic Feet)
2001,3,6.3,$/MCF,NUS,U.S.,PIN,Industrial Price,N3035US3,United States Natural Gas Industrial Price (Dollars per Thousand Cubic Feet)
2001,3,1.56,$/MCF,SAK,USA-AK,PIN,Industrial Price,N3035AK3,Alaska Natural Gas Industrial Price (Dollars per Thousand Cubic Feet)
2001,3,9.14,$/MCF,NUS,U.S.,PCS,Price Delivered to Commercial Sectors,N3020US3,U.S. Price of Natural Gas Sold to Commercial Consumers (Dollars per Thousand Cubic Feet)
2001,3,3.1,$/MCF,SAK,USA-AK,PCS,Price Delivered to Commercial Sectors,N3020AK3,Alaska Price of Natural Gas Sold to Commercial Consumers (Dollars per Thousand Cubic Feet)
2001,3,9.85,$/MCF,NUS,U.S.,PRS,Price Delivered to Residential Consumers,N3010US3,U.S. Price of Natural Gas Delivered to Residential Consumers (Dollars per Thousand Cubic Feet)
2001,3,4.18,$/MCF,SAK,USA-AK,PRS,Price Delivered to Residential Consumers,N3010AK3,Alaska Price of Natural Gas Delivered to Residential Consumers (Dollars per Thousand Cubic Feet)
2001,2,7.08,$/MCF,NUS,U.S.,PG1,City Gate Price,N3050US3,U.S. Natural Gas Citygate Price (Dollars per Thousand Cubic Feet)
2001,2,2.42,$/MCF,SAK,USA-AK,PG1,City Gate Price,N3050AK3,Natural Gas Citygate Price in Alaska (Dollars per Thousand Cubic Feet)
2001,2,7.21,$/MCF,NUS,U.S.,PIN,Industrial Price,N3035US3,United States Natural Gas Industrial Price (Dollars per Thousand Cubic Feet)
2001,2,1.55,$/MCF,SAK,USA-AK,PIN,Industrial Price,N3035AK3,Alaska Natural Gas Industrial Price (Dollars per Thousand Cubic Feet)
2001,2,9.8,$/MCF,NUS,U.S.,PCS,Price Delivered to Commercial Sectors,N3020US3,U.S. Price of Natural Gas Sold to Commercial Consumers (Dollars per Thousand Cubic Feet)
2001,2,3.11,$/MCF,SAK,USA-AK,PCS,Price Delivered to Commercial Sectors,N3020AK3,Alaska Price of Natural Gas Sold to Commercial Consumers (Dollars per Thousand Cubic Feet)
2001,2,10.26,$/MCF,NUS,U.S.,PRS,Price Delivered to Residential Consumers,N3010US3,U.S. Price of Natural Gas Delivered to Residential Consumers (Dollars per Thousand Cubic Feet)
2001,2,4.17,$/MCF,SAK,USA-AK,PRS,Price Delivered to Residential Consumers,N3010AK3,Alaska Price of Natural Gas Delivered to Residential Consumers (Dollars per Thousand Cubic Feet)
2001,1,8.91,$/MCF,NUS,U.S.,PG1,City Gate Price,N3050US3,U.S. Natural Gas Citygate Price (Dollars per Thousand Cubic Feet)
2001,1,2.32,$/MCF,SAK,USA-AK,PG1,City Gate Price,N3050AK3,Natural Gas Citygate Price in Alaska (Dollars per Thousand Cubic Feet)
2001,1,8.84,$/MCF,NUS,U.S.,PIN,Industrial Price,N3035US3,United States Natural Gas Industrial Price (Dollars per Thousand Cubic Feet)
2001,1,1.57,$/MCF,SAK,USA-AK,PIN,Industrial Price,N3035AK3,Alaska Natural Gas Industrial Price (Dollars per Thousand Cubic Feet)
2001,1,9.5,$/MCF,NUS,U.S.,PCS,Price Delivered to Commercial Sectors,N3020US3,U.S. Price of Natural Gas Sold to Commercial Consumers (Dollars per Thousand Cubic Feet)
2001,1,3.1,$/MCF,SAK,USA-AK,PCS,Price Delivered to Commercial Sectors,N3020AK3,Alaska Price of Natural Gas Sold to Commercial Consumers (Dollars per Thousand Cubic Feet)
2001,1,10.12,$/MCF,NUS,U.S.,PRS,Price Delivered to Residential Consumers,N3010US3,U.S. Price of Natural Gas Delivered to Residential Consumers (Dollars per Thousand Cubic Feet)
2001,1,4.1,$/MCF,SAK,USA-AK,PRS,Price Delivered to Residential Consumers,N3010AK3,Alaska Price of Natural Gas Delivered to Residential Consumers (Dollars per Thousand Cubic Feet)
2000,12,6.64,$/MCF,NUS,U.S.,PG1,City Gate Price,N3050US3,U.S. Natural Gas Citygate Price (Dollars per Thousand Cubic Feet)
2000,12,1.61,$/MCF,SAK,USA-AK,PG1,City Gate Price,N3050AK3,Natural Gas Citygate Price in Alaska (Dollars per Thousand Cubic Feet)
2000,12,8.2,$/MCF,NUS,U.S.,PCS,Price Delivered to Commercial Sectors,N3020US3,U.S. Price of Natural Gas Sold to Commercial Consumers (Dollars per Thousand Cubic Feet)
2000,12,2.32,$/MCF,SAK,USA-AK,PCS,Price Delivered to Commercial Sectors,N3020AK3,Alaska Price of Natural Gas Sold to Commercial Consumers (Dollars per Thousand Cubic Feet)
2000,12,8.56,$/MCF,NUS,U.S.,PRS,Price Delivered to Residential Consumers,N3010US3,U.S. Price of Natural Gas Delivered to Residential Consumers (Dollars per Thousand Cubic Feet)
2000,12,3.9,$/MCF,SAK,USA-AK,PRS,Price Delivered to Residential Consumers,N3010AK3,Alaska Price of Natural Gas Delivered to Residential Consumers (Dollars per Thousand Cubic Feet)
2000,11,5.2,$/MCF,NUS,U.S.,PG1,City Gate Price,N3050US3,U.S. Natural Gas Citygate Price (Dollars per Thousand Cubic Feet)
2000,11,1.62,$/MCF,SAK,USA-AK,PG1,City Gate Price,N3050AK3,Natural Gas Citygate Price in Alaska (Dollars per Thousand Cubic Feet)
2000,11,7.57,$/MCF,NUS,U.S.,PCS,Price Delivered to Commercial Sectors,N3020US3,U.S. Price of Natural Gas Sold to Commercial Consumers (Dollars per Thousand Cubic Feet)
2000,11,2.12,$/MCF,SAK,USA-AK,PCS,Price Delivered to Commercial Sectors,N3020AK3,Alaska Price of Natural Gas Sold to Commercial Consumers (Dollars per Thousand Cubic Feet)
2000,11,8.58,$/MCF,NUS,U.S.,PRS,Price Delivered to Residential Consumers,N3010US3,U.S. Price of Natural Gas Delivered to Residential Consumers (Dollars per Thousand Cubic Feet)
2000,11,3.41,$/MCF,SAK,USA-AK,PRS,Price Delivered to Residential Consumers,N3010AK3,Alaska Price of Natural Gas Delivered to Residential Consumers (Dollars per Thousand Cubic Feet)
2000,10,5.66,$/MCF,NUS,U.S.,PG1,City Gate Price,N3050US3,U.S. Natural Gas Citygate Price (Dollars per Thousand Cubic Feet)
2000,10,1.62,$/MCF,SAK,USA-AK,PG1,City Gate Price,N3050AK3,Natural Gas Citygate Price in Alaska (Dollars per Thousand Cubic Feet)
2000,10,7.48,$/MCF,NUS,U.S.,PCS,Price Delivered to Commercial Sectors,N3020US3,U.S. Price of Natural Gas Sold to Commercial Consumers (Dollars per Thousand Cubic Feet)
2000,10,1.98,$/MCF,SAK,USA-AK,PCS,Price Delivered to Commercial Sectors,N3020AK3,Alaska Price of Natural Gas Sold to Commercial Consumers (Dollars per Thousand Cubic Feet)
2000,10,9.44,$/MCF,NUS,U.S.,PRS,Price Delivered to Residential Consumers,N3010US3,U.S. Price of Natural Gas Delivered to Residential Consumers (Dollars per Thousand Cubic Feet)
2000,10,3.52,$/MCF,SAK,USA-AK,PRS,Price Delivered to Residential Consumers,N3010AK3,Alaska Price of Natural Gas Delivered to Residential Consumers (Dollars per Thousand Cubic Feet)
2000,9,5.21,$/MCF,NUS,U.S.,PG1,City Gate Price,N3050US3,U.S. Natural Gas Citygate Price (Dollars per Thousand Cubic Feet)
2000,9,1.6,$/MCF,SAK,USA-AK,PG1,City Gate Price,N3050AK3,Natural Gas Citygate Price in Alaska (Dollars per Thousand Cubic Feet)
2000,9,6.92,$/MCF,NUS,U.S.,PCS,Price Delivered to Commercial Sectors,N3020US3,U.S. Price of Natural Gas Sold to Commercial Consumers (Dollars per Thousand Cubic Feet)
2000,9,1.93,$/MCF,SAK,USA-AK,PCS,Price Delivered to Commercial Sectors,N3020AK3,Alaska Price of Natural Gas Sold to Commercial Consumers (Dollars per Thousand Cubic Feet)
2000,9,10.1,$/MCF,NUS,U.S.,PRS,Price Delivered to Residential Consumers,N3010US3,U.S. Price of Natural Gas Delivered to Residential Consumers (Dollars per Thousand Cubic Feet)
2000,9,3.74,$/MCF,SAK,USA-AK,PRS,Price Delivered to Residential Consumers,N3010AK3,Alaska Price of Natural Gas Delivered to Residential Consumers (Dollars per Thousand Cubic Feet)
2000,8,4.63,$/MCF,NUS,U.S.,PG1,City Gate Price,N3050US3,U.S. Natural Gas Citygate Price (Dollars per Thousand Cubic Feet)
2000,8,1.58,$/MCF,SAK,USA-AK,PG1,City Gate Price,N3050AK3,Natural Gas Citygate Price in Alaska (Dollars per Thousand Cubic Feet)
2000,8,6.08,$/MCF,NUS,U.S.,PCS,Price Delivered to Commercial Sectors,N3020US3,U.S. Price of Natural Gas Sold to Commercial Consumers (Dollars per Thousand Cubic Feet)
2000,8,1.87,$/MCF,SAK,USA-AK,PCS,Price Delivered to Commercial Sectors,N3020AK3,Alaska Price of Natural Gas Sold to Commercial Consumers (Dollars per Thousand Cubic Feet)
2000,8,10.37,$/MCF,NUS,U.S.,PRS,Price Delivered to Residential Consumers,N3010US3,U.S. Price of Natural Gas Delivered to Residential Consumers (Dollars per Thousand Cubic Feet)
2000,8,3.88,$/MCF,SAK,USA-AK,PRS,Price Delivered to Residential Consumers,N3010AK3,Alaska Price of Natural Gas Delivered to Residential Consumers (Dollars per Thousand Cubic Feet)
2000,7,5.2,$/MCF,NUS,U.S.,PG1,City Gate Price,N3050US3,U.S. Natural Gas Citygate Price (Dollars per Thousand Cubic Feet)
2000,7,1.53,$/MCF,SAK,USA-AK,PG1,City Gate Price,N3050AK3,Natural Gas Citygate Price in Alaska (Dollars per Thousand Cubic Feet)
2000,7,6.55,$/MCF,NUS,U.S.,PCS,Price Delivered to Commercial Sectors,N3020US3,U.S. Price of Natural Gas Sold to Commercial Consumers (Dollars per Thousand Cubic Feet)
2000,7,1.77,$/MCF,SAK,USA-AK,PCS,Price Delivered to Commercial Sectors,N3020AK3,Alaska Price of Natural Gas Sold to Commercial Consumers (Dollars per Thousand Cubic Feet)
2000,7,10.32,$/MCF,NUS,U.S.,PRS,Price Delivered to Residential Consumers,N3010US3,U.S. Price of Natural Gas Delivered to Residential Consumers (Dollars per Thousand Cubic Feet)
2000,7,4.2,$/MCF,SAK,USA-AK,PRS,Price Delivered to Residential Consumers,N3010AK3,Alaska Price of Natural Gas Delivered to Residential Consumers (Dollars per Thousand Cubic Feet)
2000,6,5.19,$/MCF,NUS,U.S.,PG1,City Gate Price,N3050US3,U.S. Natural Gas Citygate Price (Dollars per Thousand Cubic Feet)
2000,6,1.59,$/MCF,SAK,USA-AK,PG1,City Gate Price,N3050AK3,Natural Gas Citygate Price in Alaska (Dollars per Thousand Cubic Feet)
2000,6,6.49,$/MCF,NUS,U.S.,PCS,Price Delivered to Commercial Sectors,N3020US3,U.S. Price of Natural Gas Sold to Commercial Consumers (Dollars per Thousand Cubic Feet)
2000,6,2.03,$/MCF,SAK,USA-AK,PCS,Price Delivered to Commercial Sectors,N3020AK3,Alaska Price of Natural Gas Sold to Commercial Consumers (Dollars per Thousand Cubic Feet)
2000,6,9.5,$/MCF,NUS,U.S.,PRS,Price Delivered to Residential Consumers,N3010US3,U.S. Price of Natural Gas Delivered to Residential Consumers (Dollars per Thousand Cubic Feet)
2000,6,3.86,$/MCF,SAK,USA-AK,PRS,Price Delivered to Residential Consumers,N3010AK3,Alaska Price of Natural Gas Delivered to Residential Consumers (Dollars per Thousand Cubic Feet)
2000,5,4.15,$/MCF,NUS,U.S.,PG1,City Gate Price,N3050US3,U.S. Natural Gas Citygate Price (Dollars per Thousand Cubic Feet)
2000,5,1.62,$/MCF,SAK,USA-AK,PG1,City Gate Price,N3050AK3,Natural Gas Citygate Price in Alaska (Dollars per Thousand Cubic Feet)
2000,5,5.97,$/MCF,NUS,U.S.,PCS,Price Delivered to Commercial Sectors,N3020US3,U.S. Price of Natural Gas Sold to Commercial Consumers (Dollars per Thousand Cubic Feet)
2000,5,1.9,$/MCF,SAK,USA-AK,PCS,Price Delivered to Commercial Sectors,N3020AK3,Alaska Price of Natural Gas Sold to Commercial Consumers (Dollars per Thousand Cubic Feet)
2000,5,8.26,$/MCF,NUS,U.S.,PRS,Price Delivered to Residential Consumers,N3010US3,U.S. Price of Natural Gas Delivered to Residential Consumers (Dollars per Thousand Cubic Feet)
2000,5,3.66,$/MCF,SAK,USA-AK,PRS,Price Delivered to Residential Consumers,N3010AK3,Alaska Price of Natural Gas Delivered to Residential Consumers (Dollars per Thousand Cubic Feet)
2000,4,3.72,$/MCF,NUS,U.S.,PG1,City Gate Price,N3050US3,U.S. Natural Gas Citygate Price (Dollars per Thousand Cubic Feet)
2000,4,1.6,$/MCF,SAK,USA-AK,PG1,City Gate Price,N3050AK3,Natural Gas Citygate Price in Alaska (Dollars per Thousand Cubic Feet)
2000,4,6.03,$/MCF,NUS,U.S.,PCS,Price Delivered to Commercial Sectors,N3020US3,U.S. Price of Natural Gas Sold to Commercial Consumers (Dollars per Thousand Cubic Feet)
2000,4,1.97,$/MCF,SAK,USA-AK,PCS,Price Delivered to Commercial Sectors,N3020AK3,Alaska Price of Natural Gas Sold to Commercial Consumers (Dollars per Thousand Cubic Feet)
2000,4,7.19,$/MCF,NUS,U.S.,PRS,Price Delivered to Residential Consumers,N3010US3,U.S. Price of Natural Gas Delivered to Residential Consumers (Dollars per Thousand Cubic Feet)
2000,4,3.45,$/MCF,SAK,USA-AK,PRS,Price Delivered to Residential Consumers,N3010AK3,Alaska Price of Natural Gas Delivered to Residential Consumers (Dollars per Thousand Cubic Feet)
2000,3,3.54,$/MCF,NUS,U.S.,PG1,City Gate Price,N3050US3,U.S. Natural Gas Citygate Price (Dollars per Thousand Cubic Feet)
2000,3,1.64,$/MCF,SAK,USA-AK,PG1,City Gate Price,N3050AK3,Natural Gas Citygate Price in Alaska (Dollars per Thousand Cubic Feet)
2000,3,5.78,$/MCF,NUS,U.S.,PCS,Price Delivered to Commercial Sectors,N3020US3,U.S. Price of Natural Gas Sold to Commercial Consumers (Dollars per Thousand Cubic Feet)
2000,3,2.14,$/MCF,SAK,USA-AK,PCS,Price Delivered to Commercial Sectors,N3020AK3,Alaska Price of Natural Gas Sold to Commercial Consumers (Dollars per Thousand Cubic Feet)
2000,3,6.91,$/MCF,NUS,U.S.,PRS,Price Delivered to Residential Consumers,N3010US3,U.S. Price of Natural Gas Delivered to Residential Consumers (Dollars per Thousand Cubic Feet)
2000,3,3.53,$/MCF,SAK,USA-AK,PRS,Price Delivered to Residential Consumers,N3010AK3,Alaska Price of Natural Gas Delivered to Residential Consumers (Dollars per Thousand Cubic Feet)
2000,2,3.48,$/MCF,NUS,U.S.,PG1,City Gate Price,N3050US3,U.S. Natural Gas Citygate Price (Dollars per Thousand Cubic Feet)
2000,2,1.56,$/MCF,SAK,USA-AK,PG1,City Gate Price,N3050AK3,Natural Gas Citygate Price in Alaska (Dollars per Thousand Cubic Feet)
2000,2,5.95,$/MCF,NUS,U.S.,PCS,Price Delivered to Commercial Sectors,N3020US3,U.S. Price of Natural Gas Sold to Commercial Consumers (Dollars per Thousand Cubic Feet)
2000,2,2.13,$/MCF,SAK,USA-AK,PCS,Price Delivered to Commercial Sectors,N3020AK3,Alaska Price of Natural Gas Sold to Commercial Consumers (Dollars per Thousand Cubic Feet)
2000,2,6.54,$/MCF,NUS,U.S.,PRS,Price Delivered to Residential Consumers,N3010US3,U.S. Price of Natural Gas Delivered to Residential Consumers (Dollars per Thousand Cubic Feet)
2000,2,3.36,$/MCF,SAK,USA-AK,PRS,Price Delivered to Residential Consumers,N3010AK3,Alaska Price of Natural Gas Delivered to Residential Consumers (Dollars per Thousand Cubic Feet)
2000,1,3.27,$/MCF,NUS,U.S.,PG1,City Gate Price,N3050US3,U.S. Natural Gas Citygate Price (Dollars per Thousand Cubic Feet)
2000,1,1.61,$/MCF,SAK,USA-AK,PG1,City Gate Price,N3050AK3,Natural Gas Citygate Price in Alaska (Dollars per Thousand Cubic Feet)
2000,1,5.77,$/MCF,NUS,U.S.,PCS,Price Delivered to Commercial Sectors,N3020US3,U.S. Price of Natural Gas Sold to Commercial Consumers (Dollars per Thousand Cubic Feet)
2000,1,2.17,$/MCF,SAK,USA-AK,PCS,Price Delivered to Commercial Sectors,N3020AK3,Alaska Price of Natural Gas Sold to Commercial Consumers (Dollars per Thousand Cubic Feet)
2000,1,6.37,$/MCF,NUS,U.S.,PRS,Price Delivered to Residential Consumers,N3010US3,U.S. Price of Natural Gas Delivered to Residential Consumers (Dollars per Thousand Cubic Feet)
2000,1,3.34,$/MCF,SAK,USA-AK,PRS,Price Delivered to Residential Consumers,N3010AK3,Alaska Price of Natural Gas Delivered to Residential Consumers (Dollars per Thousand Cubic Feet)
1999,12,3.19,$/MCF,NUS,U.S.,PG1,City Gate Price,N3050US3,U.S. Natural Gas Citygate Price (Dollars per Thousand Cubic Feet)
1999,12,1.32,$/MCF,SAK,USA-AK,PG1,City Gate Price,N3050AK3,Natural Gas Citygate Price in Alaska (Dollars per Thousand Cubic Feet)
1999,12,5.57,$/MCF,NUS,U.S.,PCS,Price Delivered to Commercial Sectors,N3020US3,U.S. Price of Natural Gas Sold to Commercial Consumers (Dollars per Thousand Cubic Feet)
1999,12,2.17,$/MCF,SAK,USA-AK,PCS,Price Delivered to Commercial Sectors,N3020AK3,Alaska Price of Natural Gas Sold to Commercial Consumers (Dollars per Thousand Cubic Feet)
1999,12,6.51,$/MCF,NUS,U.S.,PRS,Price Delivered to Residential Consumers,N3010US3,U.S. Price of Natural Gas Delivered to Residential Consumers (Dollars per Thousand Cubic Feet)
1999,12,3.45,$/MCF,SAK,USA-AK,PRS,Price Delivered to Residential Consumers,N3010AK3,Alaska Price of Natural Gas Delivered to Residential Consumers (Dollars per Thousand Cubic Feet)
1999,11,3.71,$/MCF,NUS,U.S.,PG1,City Gate Price,N3050US3,U.S. Natural Gas Citygate Price (Dollars per Thousand Cubic Feet)
1999,11,1.34,$/MCF,SAK,USA-AK,PG1,City Gate Price,N3050AK3,Natural Gas Citygate Price in Alaska (Dollars per Thousand Cubic Feet)
1999,11,5.72,$/MCF,NUS,U.S.,PCS,Price Delivered to Commercial Sectors,N3020US3,U.S. Price of Natural Gas Sold to Commercial Consumers (Dollars per Thousand Cubic Feet)
1999,11,2.16,$/MCF,SAK,USA-AK,PCS,Price Delivered to Commercial Sectors,N3020AK3,Alaska Price of Natural Gas Sold to Commercial Consumers (Dollars per Thousand Cubic Feet)
1999,11,7.15,$/MCF,NUS,U.S.,PRS,Price Delivered to Residential Consumers,N3010US3,U.S. Price of Natural Gas Delivered to Residential Consumers (Dollars per Thousand Cubic Feet)
1999,11,3.58,$/MCF,SAK,USA-AK,PRS,Price Delivered to Residential Consumers,N3010AK3,Alaska Price of Natural Gas Delivered to Residential Consumers (Dollars per Thousand Cubic Feet)
1999,10,3.21,$/MCF,NUS,U.S.,PG1,City Gate Price,N3050US3,U.S. Natural Gas Citygate Price (Dollars per Thousand Cubic Feet)
1999,10,1.36,$/MCF,SAK,USA-AK,PG1,City Gate Price,N3050AK3,Natural Gas Citygate Price in Alaska (Dollars per Thousand Cubic Feet)
1999,10,5.46,$/MCF,NUS,U.S.,PCS,Price Delivered to Commercial Sectors,N3020US3,U.S. Price of Natural Gas Sold to Commercial Consumers (Dollars per Thousand Cubic Feet)
1999,10,2.15,$/MCF,SAK,USA-AK,PCS,Price Delivered to Commercial Sectors,N3020AK3,Alaska Price of Natural Gas Sold to Commercial Consumers (Dollars per Thousand Cubic Feet)
1999,10,7.56,$/MCF,NUS,U.S.,PRS,Price Delivered to Residential Consumers,N3010US3,U.S. Price of Natural Gas Delivered to Residential Consumers (Dollars per Thousand Cubic Feet)
1999,10,3.7,$/MCF,SAK,USA-AK,PRS,Price Delivered to Residential Consumers,N3010AK3,Alaska Price of Natural Gas Delivered to Residential Consumers (Dollars per Thousand Cubic Feet)
1999,9,3.59,$/MCF,NUS,U.S.,PG1,City Gate Price,N3050US3,U.S. Natural Gas Citygate Price (Dollars per Thousand Cubic Feet)
1999,9,1.41,$/MCF,SAK,USA-AK,PG1,City Gate Price,N3050AK3,Natural Gas Citygate Price in Alaska (Dollars per Thousand Cubic Feet)
1999,9,5.55,$/MCF,NUS,U.S.,PCS,Price Delivered to Commercial Sectors,N3020US3,U.S. Price of Natural Gas Sold to Commercial Consumers (Dollars per Thousand Cubic Feet)
1999,9,1.96,$/MCF,SAK,USA-AK,PCS,Price Delivered to Commercial Sectors,N3020AK3,Alaska Price of Natural Gas Sold to Commercial Consumers (Dollars per Thousand Cubic Feet)
1999,9,8.63,$/MCF,NUS,U.S.,PRS,Price Delivered to Residential Consumers,N3010US3,U.S. Price of Natural Gas Delivered to Residential Consumers (Dollars per Thousand Cubic Feet)
1999,9,3.84,$/MCF,SAK,USA-AK,PRS,Price Delivered to Residential Consumers,N3010AK3,Alaska Price of Natural Gas Delivered to Residential Consumers (Dollars per Thousand Cubic Feet)
1999,8,3.39,$/MCF,NUS,U.S.,PG1,City Gate Price,N3050US3,U.S. Natural Gas Citygate Price (Dollars per Thousand Cubic Feet)
1999,8,1.11,$/MCF,SAK,USA-AK,PG1,City Gate Price,N3050AK3,Natural Gas Citygate Price in Alaska (Dollars per Thousand Cubic Feet)
1999,8,5.45,$/MCF,NUS,U.S.,PCS,Price Delivered to Commercial Sectors,N3020US3,U.S. Price of Natural Gas Sold to Commercial Consumers (Dollars per Thousand Cubic Feet)
1999,8,1.81,$/MCF,SAK,USA-AK,PCS,Price Delivered to Commercial Sectors,N3020AK3,Alaska Price of Natural Gas Sold to Commercial Consumers (Dollars per Thousand Cubic Feet)
1999,8,9.14,$/MCF,NUS,U.S.,PRS,Price Delivered to Residential Consumers,N3010US3,U.S. Price of Natural Gas Delivered to Residential Consumers (Dollars per Thousand Cubic Feet)
1999,8,4.27,$/MCF,SAK,USA-AK,PRS,Price Delivered to Residential Consumers,N3010AK3,Alaska Price of Natural Gas Delivered to Residential Consumers (Dollars per Thousand Cubic Feet)
1999,7,3.11,$/MCF,NUS,U.S.,PG1,City Gate Price,N3050US3,U.S. Natural Gas Citygate Price (Dollars per Thousand Cubic Feet)
1999,7,1.26,$/MCF,SAK,USA-AK,PG1,City Gate Price,N3050AK3,Natural Gas Citygate Price in Alaska (Dollars per Thousand Cubic Feet)
1999,7,5.43,$/MCF,NUS,U.S.,PCS,Price Delivered to Commercial Sectors,N3020US3,U.S. Price of Natural Gas Sold to Commercial Consumers (Dollars per Thousand Cubic Feet)
1999,7,1.85,$/MCF,SAK,USA-AK,PCS,Price Delivered to Commercial Sectors,N3020AK3,Alaska Price of Natural Gas Sold to Commercial Consumers (Dollars per Thousand Cubic Feet)
1999,7,8.83,$/MCF,NUS,U.S.,PRS,Price Delivered to Residential Consumers,N3010US3,U.S. Price of Natural Gas Delivered to Residential Consumers (Dollars per Thousand Cubic Feet)
1999,7,4.31,$/MCF,SAK,USA-AK,PRS,Price Delivered to Residential Consumers,N3010AK3,Alaska Price of Natural Gas Delivered to Residential Consumers (Dollars per Thousand Cubic Feet)
1999,6,3.12,$/MCF,NUS,U.S.,PG1,City Gate Price,N3050US3,U.S. Natural Gas Citygate Price (Dollars per Thousand Cubic Feet)
1999,6,1.27,$/MCF,SAK,USA-AK,PG1,City Gate Price,N3050AK3,Natural Gas Citygate Price in Alaska (Dollars per Thousand Cubic Feet)
1999,6,5.29,$/MCF,NUS,U.S.,PCS,Price Delivered to Commercial Sectors,N3020US3,U.S. Price of Natural Gas Sold to Commercial Consumers (Dollars per Thousand Cubic Feet)
1999,6,1.78,$/MCF,SAK,USA-AK,PCS,Price Delivered to Commercial Sectors,N3020AK3,Alaska Price of Natural Gas Sold to Commercial Consumers (Dollars per Thousand Cubic Feet)
1999,6,8.2,$/MCF,NUS,U.S.,PRS,Price Delivered to Residential Consumers,N3010US3,U.S. Price of Natural Gas Delivered to Residential Consumers (Dollars per Thousand Cubic Feet)
1999,6,4.1,$/MCF,SAK,USA-AK,PRS,Price Delivered to Residential Consumers,N3010AK3,Alaska Price of Natural Gas Delivered to Residential Consumers (Dollars per Thousand Cubic Feet)
1999,5,3.25,$/MCF,NUS,U.S.,PG1,City Gate Price,N3050US3,U.S. Natural Gas Citygate Price (Dollars per Thousand Cubic Feet)
1999,5,1.23,$/MCF,SAK,USA-AK,PG1,City Gate Price,N3050AK3,Natural Gas Citygate Price in Alaska (Dollars per Thousand Cubic Feet)
1999,5,5.34,$/MCF,NUS,U.S.,PCS,Price Delivered to Commercial Sectors,N3020US3,U.S. Price of Natural Gas Sold to Commercial Consumers (Dollars per Thousand Cubic Feet)
1999,5,1.97,$/MCF,SAK,USA-AK,PCS,Price Delivered to Commercial Sectors,N3020AK3,Alaska Price of Natural Gas Sold to Commercial Consumers (Dollars per Thousand Cubic Feet)
1999,5,7.3,$/MCF,NUS,U.S.,PRS,Price Delivered to Residential Consumers,N3010US3,U.S. Price of Natural Gas Delivered to Residential Consumers (Dollars per Thousand Cubic Feet)
1999,5,3.81,$/MCF,SAK,USA-AK,PRS,Price Delivered to Residential Consumers,N3010AK3,Alaska Price of Natural Gas Delivered to Residential Consumers (Dollars per Thousand Cubic Feet)
1999,4,2.88,$/MCF,NUS,U.S.,PG1,City Gate Price,N3050US3,U.S. Natural Gas Citygate Price (Dollars per Thousand Cubic Feet)
1999,4,1.32,$/MCF,SAK,USA-AK,PG1,City Gate Price,N3050AK3,Natural Gas Citygate Price in Alaska (Dollars per Thousand Cubic Feet)
1999,4,5.31,$/MCF,NUS,U.S.,PCS,Price Delivered to Commercial Sectors,N3020US3,U.S. Price of Natural Gas Sold to Commercial Consumers (Dollars per Thousand Cubic Feet)
1999,4,2.31,$/MCF,SAK,USA-AK,PCS,Price Delivered to Commercial Sectors,N3020AK3,Alaska Price of Natural Gas Sold to Commercial Consumers (Dollars per Thousand Cubic Feet)
1999,4,6.44,$/MCF,NUS,U.S.,PRS,Price Delivered to Residential Consumers,N3010US3,U.S. Price of Natural Gas Delivered to Residential Consumers (Dollars per Thousand Cubic Feet)
1999,4,3.65,$/MCF,SAK,USA-AK,PRS,Price Delivered to Residential Consumers,N3010AK3,Alaska Price of Natural Gas Delivered to Residential Consumers (Dollars per Thousand Cubic Feet)
1999,3,2.77,$/MCF,NUS,U.S.,PG1,City Gate Price,N3050US3,U.S. Natural Gas Citygate Price (Dollars per Thousand Cubic Feet)
1999,3,1.33,$/MCF,SAK,USA-AK,PG1,City Gate Price,N3050AK3,Natural Gas Citygate Price in Alaska (Dollars per Thousand Cubic Feet)
1999,3,4.97,$/MCF,NUS,U.S.,PCS,Price Delivered to Commercial Sectors,N3020US3,U.S. Price of Natural Gas Sold to Commercial Consumers (Dollars per Thousand Cubic Feet)
1999,3,2.37,$/MCF,SAK,USA-AK,PCS,Price Delivered to Commercial Sectors,N3020AK3,Alaska Price of Natural Gas Sold to Commercial Consumers (Dollars per Thousand Cubic Feet)
1999,3,6.06,$/MCF,NUS,U.S.,PRS,Price Delivered to Residential Consumers,N3010US3,U.S. Price of Natural Gas Delivered to Residential Consumers (Dollars per Thousand Cubic Feet)
1999,3,3.59,$/MCF,SAK,USA-AK,PRS,Price Delivered to Residential Consumers,N3010AK3,Alaska Price of Natural Gas Delivered to Residential Consumers (Dollars per Thousand Cubic Feet)
1999,2,2.92,$/MCF,NUS,U.S.,PG1,City Gate Price,N3050US3,U.S. Natural Gas Citygate Price (Dollars per Thousand Cubic Feet)
1999,2,1.34,$/MCF,SAK,USA-AK,PG1,City Gate Price,N3050AK3,Natural Gas Citygate Price in Alaska (Dollars per Thousand Cubic Feet)
1999,2,5.28,$/MCF,NUS,U.S.,PCS,Price Delivered to Commercial Sectors,N3020US3,U.S. Price of Natural Gas Sold to Commercial Consumers (Dollars per Thousand Cubic Feet)
1999,2,2.41,$/MCF,SAK,USA-AK,PCS,Price Delivered to Commercial Sectors,N3020AK3,Alaska Price of Natural Gas Sold to Commercial Consumers (Dollars per Thousand Cubic Feet)
1999,2,6.29,$/MCF,NUS,U.S.,PRS,Price Delivered to Residential Consumers,N3010US3,U.S. Price of Natural Gas Delivered to Residential Consumers (Dollars per Thousand Cubic Feet)
1999,2,3.53,$/MCF,SAK,USA-AK,PRS,Price Delivered to Residential Consumers,N3010AK3,Alaska Price of Natural Gas Delivered to Residential Consumers (Dollars per Thousand Cubic Feet)
1999,1,2.85,$/MCF,NUS,U.S.,PG1,City Gate Price,N3050US3,U.S. Natural Gas Citygate Price (Dollars per Thousand Cubic Feet)
1999,1,1.32,$/MCF,SAK,USA-AK,PG1,City Gate Price,N3050AK3,Natural Gas Citygate Price in Alaska (Dollars per Thousand Cubic Feet)
1999,1,5.19,$/MCF,NUS,U.S.,PCS,Price Delivered to Commercial Sectors,N3020US3,U.S. Price of Natural Gas Sold to Commercial Consumers (Dollars per Thousand Cubic Feet)
1999,1,2.47,$/MCF,SAK,USA-AK,PCS,Price Delivered to Commercial Sectors,N3020AK3,Alaska Price of Natural Gas Sold to Commercial Consumers (Dollars per Thousand Cubic Feet)
1999,1,6,$/MCF,NUS,U.S.,PRS,Price Delivered to Residential Consumers,N3010US3,U.S. Price of Natural Gas Delivered to Residential Consumers (Dollars per Thousand Cubic Feet)
1999,1,3.53,$/MCF,SAK,USA-AK,PRS,Price Delivered to Residential Consumers,N3010AK3,Alaska Price of Natural Gas Delivered to Residential Consumers (Dollars per Thousand Cubic Feet)
1998,12,3.1,$/MCF,NUS,U.S.,PG1,City Gate Price,N3050US3,U.S. Natural Gas Citygate Price (Dollars per Thousand Cubic Feet)
1998,12,1.73,$/MCF,SAK,USA-AK,PG1,City Gate Price,N3050AK3,Natural Gas Citygate Price in Alaska (Dollars per Thousand Cubic Feet)
1998,12,5.23,$/MCF,NUS,U.S.,PCS,Price Delivered to Commercial Sectors,N3020US3,U.S. Price of Natural Gas Sold to Commercial Consumers (Dollars per Thousand Cubic Feet)
1998,12,2.46,$/MCF,SAK,USA-AK,PCS,Price Delivered to Commercial Sectors,N3020AK3,Alaska Price of Natural Gas Sold to Commercial Consumers (Dollars per Thousand Cubic Feet)
1998,12,6.34,$/MCF,NUS,U.S.,PRS,Price Delivered to Residential Consumers,N3010US3,U.S. Price of Natural Gas Delivered to Residential Consumers (Dollars per Thousand Cubic Feet)
1998,12,3.51,$/MCF,SAK,USA-AK,PRS,Price Delivered to Residential Consumers,N3010AK3,Alaska Price of Natural Gas Delivered to Residential Consumers (Dollars per Thousand Cubic Feet)
1998,11,2.99,$/MCF,NUS,U.S.,PG1,City Gate Price,N3050US3,U.S. Natural Gas Citygate Price (Dollars per Thousand Cubic Feet)
1998,11,1.74,$/MCF,SAK,USA-AK,PG1,City Gate Price,N3050AK3,Natural Gas Citygate Price in Alaska (Dollars per Thousand Cubic Feet)
1998,11,5.22,$/MCF,NUS,U.S.,PCS,Price Delivered to Commercial Sectors,N3020US3,U.S. Price of Natural Gas Sold to Commercial Consumers (Dollars per Thousand Cubic Feet)
1998,11,2.48,$/MCF,SAK,USA-AK,PCS,Price Delivered to Commercial Sectors,N3020AK3,Alaska Price of Natural Gas Sold to Commercial Consumers (Dollars per Thousand Cubic Feet)
1998,11,6.58,$/MCF,NUS,U.S.,PRS,Price Delivered to Residential Consumers,N3010US3,U.S. Price of Natural Gas Delivered to Residential Consumers (Dollars per Thousand Cubic Feet)
1998,11,3.7,$/MCF,SAK,USA-AK,PRS,Price Delivered to Residential Consumers,N3010AK3,Alaska Price of Natural Gas Delivered to Residential Consumers (Dollars per Thousand Cubic Feet)
1998,10,2.99,$/MCF,NUS,U.S.,PG1,City Gate Price,N3050US3,U.S. Natural Gas Citygate Price (Dollars per Thousand Cubic Feet)
1998,10,1.73,$/MCF,SAK,USA-AK,PG1,City Gate Price,N3050AK3,Natural Gas Citygate Price in Alaska (Dollars per Thousand Cubic Feet)
1998,10,5.31,$/MCF,NUS,U.S.,PCS,Price Delivered to Commercial Sectors,N3020US3,U.S. Price of Natural Gas Sold to Commercial Consumers (Dollars per Thousand Cubic Feet)
1998,10,2.33,$/MCF,SAK,USA-AK,PCS,Price Delivered to Commercial Sectors,N3020AK3,Alaska Price of Natural Gas Sold to Commercial Consumers (Dollars per Thousand Cubic Feet)
1998,10,7.6,$/MCF,NUS,U.S.,PRS,Price Delivered to Residential Consumers,N3010US3,U.S. Price of Natural Gas Delivered to Residential Consumers (Dollars per Thousand Cubic Feet)
1998,10,3.74,$/MCF,SAK,USA-AK,PRS,Price Delivered to Residential Consumers,N3010AK3,Alaska Price of Natural Gas Delivered to Residential Consumers (Dollars per Thousand Cubic Feet)
1998,9,2.78,$/MCF,NUS,U.S.,PG1,City Gate Price,N3050US3,U.S. Natural Gas Citygate Price (Dollars per Thousand Cubic Feet)
1998,9,1.71,$/MCF,SAK,USA-AK,PG1,City Gate Price,N3050AK3,Natural Gas Citygate Price in Alaska (Dollars per Thousand Cubic Feet)
1998,9,5.49,$/MCF,NUS,U.S.,PCS,Price Delivered to Commercial Sectors,N3020US3,U.S. Price of Natural Gas Sold to Commercial Consumers (Dollars per Thousand Cubic Feet)
1998,9,3.23,$/MCF,SAK,USA-AK,PCS,Price Delivered to Commercial Sectors,N3020AK3,Alaska Price of Natural Gas Sold to Commercial Consumers (Dollars per Thousand Cubic Feet)
1998,9,8.96,$/MCF,NUS,U.S.,PRS,Price Delivered to Residential Consumers,N3010US3,U.S. Price of Natural Gas Delivered to Residential Consumers (Dollars per Thousand Cubic Feet)
1998,9,3.01,$/MCF,SAK,USA-AK,PRS,Price Delivered to Residential Consumers,N3010AK3,Alaska Price of Natural Gas Delivered to Residential Consumers (Dollars per Thousand Cubic Feet)
1998,8,3.01,$/MCF,NUS,U.S.,PG1,City Gate Price,N3050US3,U.S. Natural Gas Citygate Price (Dollars per Thousand Cubic Feet)
1998,8,1.71,$/MCF,SAK,USA-AK,PG1,City Gate Price,N3050AK3,Natural Gas Citygate Price in Alaska (Dollars per Thousand Cubic Feet)
1998,8,5.46,$/MCF,NUS,U.S.,PCS,Price Delivered to Commercial Sectors,N3020US3,U.S. Price of Natural Gas Sold to Commercial Consumers (Dollars per Thousand Cubic Feet)
1998,8,2.15,$/MCF,SAK,USA-AK,PCS,Price Delivered to Commercial Sectors,N3020AK3,Alaska Price of Natural Gas Sold to Commercial Consumers (Dollars per Thousand Cubic Feet)
1998,8,9.25,$/MCF,NUS,U.S.,PRS,Price Delivered to Residential Consumers,N3010US3,U.S. Price of Natural Gas Delivered to Residential Consumers (Dollars per Thousand Cubic Feet)
1998,8,3.75,$/MCF,SAK,USA-AK,PRS,Price Delivered to Residential Consumers,N3010AK3,Alaska Price of Natural Gas Delivered to Residential Consumers (Dollars per Thousand Cubic Feet)
1998,7,3.31,$/MCF,NUS,U.S.,PG1,City Gate Price,N3050US3,U.S. Natural Gas Citygate Price (Dollars per Thousand Cubic Feet)
1998,7,1.64,$/MCF,SAK,USA-AK,PG1,City Gate Price,N3050AK3,Natural Gas Citygate Price in Alaska (Dollars per Thousand Cubic Feet)
1998,7,5.64,$/MCF,NUS,U.S.,PCS,Price Delivered to Commercial Sectors,N3020US3,U.S. Price of Natural Gas Sold to Commercial Consumers (Dollars per Thousand Cubic Feet)
1998,7,2.08,$/MCF,SAK,USA-AK,PCS,Price Delivered to Commercial Sectors,N3020AK3,Alaska Price of Natural Gas Sold to Commercial Consumers (Dollars per Thousand Cubic Feet)
1998,7,8.53,$/MCF,NUS,U.S.,PRS,Price Delivered to Residential Consumers,N3010US3,U.S. Price of Natural Gas Delivered to Residential Consumers (Dollars per Thousand Cubic Feet)
1998,7,4.71,$/MCF,SAK,USA-AK,PRS,Price Delivered to Residential Consumers,N3010AK3,Alaska Price of Natural Gas Delivered to Residential Consumers (Dollars per Thousand Cubic Feet)
1998,6,2.98,$/MCF,NUS,U.S.,PG1,City Gate Price,N3050US3,U.S. Natural Gas Citygate Price (Dollars per Thousand Cubic Feet)
1998,6,1.67,$/MCF,SAK,USA-AK,PG1,City Gate Price,N3050AK3,Natural Gas Citygate Price in Alaska (Dollars per Thousand Cubic Feet)
1998,6,5.51,$/MCF,NUS,U.S.,PCS,Price Delivered to Commercial Sectors,N3020US3,U.S. Price of Natural Gas Sold to Commercial Consumers (Dollars per Thousand Cubic Feet)
1998,6,2.05,$/MCF,SAK,USA-AK,PCS,Price Delivered to Commercial Sectors,N3020AK3,Alaska Price of Natural Gas Sold to Commercial Consumers (Dollars per Thousand Cubic Feet)
1998,6,8.51,$/MCF,NUS,U.S.,PRS,Price Delivered to Residential Consumers,N3010US3,U.S. Price of Natural Gas Delivered to Residential Consumers (Dollars per Thousand Cubic Feet)
1998,6,4.02,$/MCF,SAK,USA-AK,PRS,Price Delivered to Residential Consumers,N3010AK3,Alaska Price of Natural Gas Delivered to Residential Consumers (Dollars per Thousand Cubic Feet)
1998,5,3.12,$/MCF,NUS,U.S.,PG1,City Gate Price,N3050US3,U.S. Natural Gas Citygate Price (Dollars per Thousand Cubic Feet)
1998,5,1.68,$/MCF,SAK,USA-AK,PG1,City Gate Price,N3050AK3,Natural Gas Citygate Price in Alaska (Dollars per Thousand Cubic Feet)
1998,5,5.73,$/MCF,NUS,U.S.,PCS,Price Delivered to Commercial Sectors,N3020US3,U.S. Price of Natural Gas Sold to Commercial Consumers (Dollars per Thousand Cubic Feet)
1998,5,2.24,$/MCF,SAK,USA-AK,PCS,Price Delivered to Commercial Sectors,N3020AK3,Alaska Price of Natural Gas Sold to Commercial Consumers (Dollars per Thousand Cubic Feet)
1998,5,7.7,$/MCF,NUS,U.S.,PRS,Price Delivered to Residential Consumers,N3010US3,U.S. Price of Natural Gas Delivered to Residential Consumers (Dollars per Thousand Cubic Feet)
1998,5,3.83,$/MCF,SAK,USA-AK,PRS,Price Delivered to Residential Consumers,N3010AK3,Alaska Price of Natural Gas Delivered to Residential Consumers (Dollars per Thousand Cubic Feet)
1998,4,3.23,$/MCF,NUS,U.S.,PG1,City Gate Price,N3050US3,U.S. Natural Gas Citygate Price (Dollars per Thousand Cubic Feet)
1998,4,1.71,$/MCF,SAK,USA-AK,PG1,City Gate Price,N3050AK3,Natural Gas Citygate Price in Alaska (Dollars per Thousand Cubic Feet)
1998,4,5.64,$/MCF,NUS,U.S.,PCS,Price Delivered to Commercial Sectors,N3020US3,U.S. Price of Natural Gas Sold to Commercial Consumers (Dollars per Thousand Cubic Feet)
1998,4,2.32,$/MCF,SAK,USA-AK,PCS,Price Delivered to Commercial Sectors,N3020AK3,Alaska Price of Natural Gas Sold to Commercial Consumers (Dollars per Thousand Cubic Feet)
1998,4,6.81,$/MCF,NUS,U.S.,PRS,Price Delivered to Residential Consumers,N3010US3,U.S. Price of Natural Gas Delivered to Residential Consumers (Dollars per Thousand Cubic Feet)
1998,4,3.66,$/MCF,SAK,USA-AK,PRS,Price Delivered to Residential Consumers,N3010AK3,Alaska Price of Natural Gas Delivered to Residential Consumers (Dollars per Thousand Cubic Feet)
1998,3,3.06,$/MCF,NUS,U.S.,PG1,City Gate Price,N3050US3,U.S. Natural Gas Citygate Price (Dollars per Thousand Cubic Feet)
1998,3,1.73,$/MCF,SAK,USA-AK,PG1,City Gate Price,N3050AK3,Natural Gas Citygate Price in Alaska (Dollars per Thousand Cubic Feet)
1998,3,5.4,$/MCF,NUS,U.S.,PCS,Price Delivered to Commercial Sectors,N3020US3,U.S. Price of Natural Gas Sold to Commercial Consumers (Dollars per Thousand Cubic Feet)
1998,3,2.4,$/MCF,SAK,USA-AK,PCS,Price Delivered to Commercial Sectors,N3020AK3,Alaska Price of Natural Gas Sold to Commercial Consumers (Dollars per Thousand Cubic Feet)
1998,3,6.29,$/MCF,NUS,U.S.,PRS,Price Delivered to Residential Consumers,N3010US3,U.S. Price of Natural Gas Delivered to Residential Consumers (Dollars per Thousand Cubic Feet)
1998,3,3.71,$/MCF,SAK,USA-AK,PRS,Price Delivered to Residential Consumers,N3010AK3,Alaska Price of Natural Gas Delivered to Residential Consumers (Dollars per Thousand Cubic Feet)
1998,2,3.08,$/MCF,NUS,U.S.,PG1,City Gate Price,N3050US3,U.S. Natural Gas Citygate Price (Dollars per Thousand Cubic Feet)
1998,2,1.72,$/MCF,SAK,USA-AK,PG1,City Gate Price,N3050AK3,Natural Gas Citygate Price in Alaska (Dollars per Thousand Cubic Feet)
1998,2,5.59,$/MCF,NUS,U.S.,PCS,Price Delivered to Commercial Sectors,N3020US3,U.S. Price of Natural Gas Sold to Commercial Consumers (Dollars per Thousand Cubic Feet)
1998,2,2.46,$/MCF,SAK,USA-AK,PCS,Price Delivered to Commercial Sectors,N3020AK3,Alaska Price of Natural Gas Sold to Commercial Consumers (Dollars per Thousand Cubic Feet)
1998,2,6.41,$/MCF,NUS,U.S.,PRS,Price Delivered to Residential Consumers,N3010US3,U.S. Price of Natural Gas Delivered to Residential Consumers (Dollars per Thousand Cubic Feet)
1998,2,3.65,$/MCF,SAK,USA-AK,PRS,Price Delivered to Residential Consumers,N3010AK3,Alaska Price of Natural Gas Delivered to Residential Consumers (Dollars per Thousand Cubic Feet)
1998,1,3.08,$/MCF,NUS,U.S.,PG1,City Gate Price,N3050US3,U.S. Natural Gas Citygate Price (Dollars per Thousand Cubic Feet)
1998,1,1.75,$/MCF,SAK,USA-AK,PG1,City Gate Price,N3050AK3,Natural Gas Citygate Price in Alaska (Dollars per Thousand Cubic Feet)
1998,1,5.65,$/MCF,NUS,U.S.,PCS,Price Delivered to Commercial Sectors,N3020US3,U.S. Price of Natural Gas Sold to Commercial Consumers (Dollars per Thousand Cubic Feet)
1998,1,2.5,$/MCF,SAK,USA-AK,PCS,Price Delivered to Commercial Sectors,N3020AK3,Alaska Price of Natural Gas Sold to Commercial Consumers (Dollars per Thousand Cubic Feet)
1998,1,6.41,$/MCF,NUS,U.S.,PRS,Price Delivered to Residential Consumers,N3010US3,U.S. Price of Natural Gas Delivered to Residential Consumers (Dollars per Thousand Cubic Feet)
1998,1,3.56,$/MCF,SAK,USA-AK,PRS,Price Delivered to Residential Consumers,N3010AK3,Alaska Price of Natural Gas Delivered to Residential Consumers (Dollars per Thousand Cubic Feet)
1997,12,3.42,$/MCF,NUS,U.S.,PG1,City Gate Price,N3050US3,U.S. Natural Gas Citygate Price (Dollars per Thousand Cubic Feet)
1997,12,1.82,$/MCF,SAK,USA-AK,PG1,City Gate Price,N3050AK3,Natural Gas Citygate Price in Alaska (Dollars per Thousand Cubic Feet)
1997,12,5.72,$/MCF,NUS,U.S.,PCS,Price Delivered to Commercial Sectors,N3020US3,U.S. Price of Natural Gas Sold to Commercial Consumers (Dollars per Thousand Cubic Feet)
1997,12,2.55,$/MCF,SAK,USA-AK,PCS,Price Delivered to Commercial Sectors,N3020AK3,Alaska Price of Natural Gas Sold to Commercial Consumers (Dollars per Thousand Cubic Feet)
1997,12,6.54,$/MCF,NUS,U.S.,PRS,Price Delivered to Residential Consumers,N3010US3,U.S. Price of Natural Gas Delivered to Residential Consumers (Dollars per Thousand Cubic Feet)
1997,12,3.62,$/MCF,SAK,USA-AK,PRS,Price Delivered to Residential Consumers,N3010AK3,Alaska Price of Natural Gas Delivered to Residential Consumers (Dollars per Thousand Cubic Feet)
1997,11,4.76,$/MCF,NUS,U.S.,PG1,City Gate Price,N3050US3,U.S. Natural Gas Citygate Price (Dollars per Thousand Cubic Feet)
1997,11,1.82,$/MCF,SAK,USA-AK,PG1,City Gate Price,N3050AK3,Natural Gas Citygate Price in Alaska (Dollars per Thousand Cubic Feet)
1997,11,5.86,$/MCF,NUS,U.S.,PCS,Price Delivered to Commercial Sectors,N3020US3,U.S. Price of Natural Gas Sold to Commercial Consumers (Dollars per Thousand Cubic Feet)
1997,11,2.53,$/MCF,SAK,USA-AK,PCS,Price Delivered to Commercial Sectors,N3020AK3,Alaska Price of Natural Gas Sold to Commercial Consumers (Dollars per Thousand Cubic Feet)
1997,11,6.86,$/MCF,NUS,U.S.,PRS,Price Delivered to Residential Consumers,N3010US3,U.S. Price of Natural Gas Delivered to Residential Consumers (Dollars per Thousand Cubic Feet)
1997,11,3.69,$/MCF,SAK,USA-AK,PRS,Price Delivered to Residential Consumers,N3010AK3,Alaska Price of Natural Gas Delivered to Residential Consumers (Dollars per Thousand Cubic Feet)
1997,10,3.86,$/MCF,NUS,U.S.,PG1,City Gate Price,N3050US3,U.S. Natural Gas Citygate Price (Dollars per Thousand Cubic Feet)
1997,10,1.78,$/MCF,SAK,USA-AK,PG1,City Gate Price,N3050AK3,Natural Gas Citygate Price in Alaska (Dollars per Thousand Cubic Feet)
1997,10,5.74,$/MCF,NUS,U.S.,PCS,Price Delivered to Commercial Sectors,N3020US3,U.S. Price of Natural Gas Sold to Commercial Consumers (Dollars per Thousand Cubic Feet)
1997,10,2.52,$/MCF,SAK,USA-AK,PCS,Price Delivered to Commercial Sectors,N3020AK3,Alaska Price of Natural Gas Sold to Commercial Consumers (Dollars per Thousand Cubic Feet)
1997,10,7.69,$/MCF,NUS,U.S.,PRS,Price Delivered to Residential Consumers,N3010US3,U.S. Price of Natural Gas Delivered to Residential Consumers (Dollars per Thousand Cubic Feet)
1997,10,3.75,$/MCF,SAK,USA-AK,PRS,Price Delivered to Residential Consumers,N3010AK3,Alaska Price of Natural Gas Delivered to Residential Consumers (Dollars per Thousand Cubic Feet)
1997,9,3.5,$/MCF,NUS,U.S.,PG1,City Gate Price,N3050US3,U.S. Natural Gas Citygate Price (Dollars per Thousand Cubic Feet)
1997,9,1.79,$/MCF,SAK,USA-AK,PG1,City Gate Price,N3050AK3,Natural Gas Citygate Price in Alaska (Dollars per Thousand Cubic Feet)
1997,9,5.58,$/MCF,NUS,U.S.,PCS,Price Delivered to Commercial Sectors,N3020US3,U.S. Price of Natural Gas Sold to Commercial Consumers (Dollars per Thousand Cubic Feet)
1997,9,2.28,$/MCF,SAK,USA-AK,PCS,Price Delivered to Commercial Sectors,N3020AK3,Alaska Price of Natural Gas Sold to Commercial Consumers (Dollars per Thousand Cubic Feet)
1997,9,8.84,$/MCF,NUS,U.S.,PRS,Price Delivered to Residential Consumers,N3010US3,U.S. Price of Natural Gas Delivered to Residential Consumers (Dollars per Thousand Cubic Feet)
1997,9,3.94,$/MCF,SAK,USA-AK,PRS,Price Delivered to Residential Consumers,N3010AK3,Alaska Price of Natural Gas Delivered to Residential Consumers (Dollars per Thousand Cubic Feet)
1997,8,3.34,$/MCF,NUS,U.S.,PG1,City Gate Price,N3050US3,U.S. Natural Gas Citygate Price (Dollars per Thousand Cubic Feet)
1997,8,1.73,$/MCF,SAK,USA-AK,PG1,City Gate Price,N3050AK3,Natural Gas Citygate Price in Alaska (Dollars per Thousand Cubic Feet)
1997,8,5.43,$/MCF,NUS,U.S.,PCS,Price Delivered to Commercial Sectors,N3020US3,U.S. Price of Natural Gas Sold to Commercial Consumers (Dollars per Thousand Cubic Feet)
1997,8,2.09,$/MCF,SAK,USA-AK,PCS,Price Delivered to Commercial Sectors,N3020AK3,Alaska Price of Natural Gas Sold to Commercial Consumers (Dollars per Thousand Cubic Feet)
1997,8,8.99,$/MCF,NUS,U.S.,PRS,Price Delivered to Residential Consumers,N3010US3,U.S. Price of Natural Gas Delivered to Residential Consumers (Dollars per Thousand Cubic Feet)
1997,8,4.49,$/MCF,SAK,USA-AK,PRS,Price Delivered to Residential Consumers,N3010AK3,Alaska Price of Natural Gas Delivered to Residential Consumers (Dollars per Thousand Cubic Feet)
1997,7,3.44,$/MCF,NUS,U.S.,PG1,City Gate Price,N3050US3,U.S. Natural Gas Citygate Price (Dollars per Thousand Cubic Feet)
1997,7,1.74,$/MCF,SAK,USA-AK,PG1,City Gate Price,N3050AK3,Natural Gas Citygate Price in Alaska (Dollars per Thousand Cubic Feet)
1997,7,5.35,$/MCF,NUS,U.S.,PCS,Price Delivered to Commercial Sectors,N3020US3,U.S. Price of Natural Gas Sold to Commercial Consumers (Dollars per Thousand Cubic Feet)
1997,7,2.24,$/MCF,SAK,USA-AK,PCS,Price Delivered to Commercial Sectors,N3020AK3,Alaska Price of Natural Gas Sold to Commercial Consumers (Dollars per Thousand Cubic Feet)
1997,7,8.78,$/MCF,NUS,U.S.,PRS,Price Delivered to Residential Consumers,N3010US3,U.S. Price of Natural Gas Delivered to Residential Consumers (Dollars per Thousand Cubic Feet)
1997,7,4.43,$/MCF,SAK,USA-AK,PRS,Price Delivered to Residential Consumers,N3010AK3,Alaska Price of Natural Gas Delivered to Residential Consumers (Dollars per Thousand Cubic Feet)
1997,6,3.41,$/MCF,NUS,U.S.,PG1,City Gate Price,N3050US3,U.S. Natural Gas Citygate Price (Dollars per Thousand Cubic Feet)
1997,6,1.7,$/MCF,SAK,USA-AK,PG1,City Gate Price,N3050AK3,Natural Gas Citygate Price in Alaska (Dollars per Thousand Cubic Feet)
1997,6,5.64,$/MCF,NUS,U.S.,PCS,Price Delivered to Commercial Sectors,N3020US3,U.S. Price of Natural Gas Sold to Commercial Consumers (Dollars per Thousand Cubic Feet)
1997,6,2.15,$/MCF,SAK,USA-AK,PCS,Price Delivered to Commercial Sectors,N3020AK3,Alaska Price of Natural Gas Sold to Commercial Consumers (Dollars per Thousand Cubic Feet)
1997,6,8.3,$/MCF,NUS,U.S.,PRS,Price Delivered to Residential Consumers,N3010US3,U.S. Price of Natural Gas Delivered to Residential Consumers (Dollars per Thousand Cubic Feet)
1997,6,4.27,$/MCF,SAK,USA-AK,PRS,Price Delivered to Residential Consumers,N3010AK3,Alaska Price of Natural Gas Delivered to Residential Consumers (Dollars per Thousand Cubic Feet)
1997,5,3.11,$/MCF,NUS,U.S.,PG1,City Gate Price,N3050US3,U.S. Natural Gas Citygate Price (Dollars per Thousand Cubic Feet)
1997,5,1.78,$/MCF,SAK,USA-AK,PG1,City Gate Price,N3050AK3,Natural Gas Citygate Price in Alaska (Dollars per Thousand Cubic Feet)
1997,5,5.39,$/MCF,NUS,U.S.,PCS,Price Delivered to Commercial Sectors,N3020US3,U.S. Price of Natural Gas Sold to Commercial Consumers (Dollars per Thousand Cubic Feet)
1997,5,2.23,$/MCF,SAK,USA-AK,PCS,Price Delivered to Commercial Sectors,N3020AK3,Alaska Price of Natural Gas Sold to Commercial Consumers (Dollars per Thousand Cubic Feet)
1997,5,6.83,$/MCF,NUS,U.S.,PRS,Price Delivered to Residential Consumers,N3010US3,U.S. Price of Natural Gas Delivered to Residential Consumers (Dollars per Thousand Cubic Feet)
1997,5,3.88,$/MCF,SAK,USA-AK,PRS,Price Delivered to Residential Consumers,N3010AK3,Alaska Price of Natural Gas Delivered to Residential Consumers (Dollars per Thousand Cubic Feet)
1997,4,2.92,$/MCF,NUS,U.S.,PG1,City Gate Price,N3050US3,U.S. Natural Gas Citygate Price (Dollars per Thousand Cubic Feet)
1997,4,1.81,$/MCF,SAK,USA-AK,PG1,City Gate Price,N3050AK3,Natural Gas Citygate Price in Alaska (Dollars per Thousand Cubic Feet)
1997,4,5.46,$/MCF,NUS,U.S.,PCS,Price Delivered to Commercial Sectors,N3020US3,U.S. Price of Natural Gas Sold to Commercial Consumers (Dollars per Thousand Cubic Feet)
1997,4,2.37,$/MCF,SAK,USA-AK,PCS,Price Delivered to Commercial Sectors,N3020AK3,Alaska Price of Natural Gas Sold to Commercial Consumers (Dollars per Thousand Cubic Feet)
1997,4,6.53,$/MCF,NUS,U.S.,PRS,Price Delivered to Residential Consumers,N3010US3,U.S. Price of Natural Gas Delivered to Residential Consumers (Dollars per Thousand Cubic Feet)
1997,4,3.75,$/MCF,SAK,USA-AK,PRS,Price Delivered to Residential Consumers,N3010AK3,Alaska Price of Natural Gas Delivered to Residential Consumers (Dollars per Thousand Cubic Feet)
1997,3,3.07,$/MCF,NUS,U.S.,PG1,City Gate Price,N3050US3,U.S. Natural Gas Citygate Price (Dollars per Thousand Cubic Feet)
1997,3,1.84,$/MCF,SAK,USA-AK,PG1,City Gate Price,N3050AK3,Natural Gas Citygate Price in Alaska (Dollars per Thousand Cubic Feet)
1997,3,5.73,$/MCF,NUS,U.S.,PCS,Price Delivered to Commercial Sectors,N3020US3,U.S. Price of Natural Gas Sold to Commercial Consumers (Dollars per Thousand Cubic Feet)
1997,3,2.53,$/MCF,SAK,USA-AK,PCS,Price Delivered to Commercial Sectors,N3020AK3,Alaska Price of Natural Gas Sold to Commercial Consumers (Dollars per Thousand Cubic Feet)
1997,3,6.52,$/MCF,NUS,U.S.,PRS,Price Delivered to Residential Consumers,N3010US3,U.S. Price of Natural Gas Delivered to Residential Consumers (Dollars per Thousand Cubic Feet)
1997,3,3.75,$/MCF,SAK,USA-AK,PRS,Price Delivered to Residential Consumers,N3010AK3,Alaska Price of Natural Gas Delivered to Residential Consumers (Dollars per Thousand Cubic Feet)
1997,2,3.76,$/MCF,NUS,U.S.,PG1,City Gate Price,N3050US3,U.S. Natural Gas Citygate Price (Dollars per Thousand Cubic Feet)
1997,2,1.8,$/MCF,SAK,USA-AK,PG1,City Gate Price,N3050AK3,Natural Gas Citygate Price in Alaska (Dollars per Thousand Cubic Feet)
1997,2,6.14,$/MCF,NUS,U.S.,PCS,Price Delivered to Commercial Sectors,N3020US3,U.S. Price of Natural Gas Sold to Commercial Consumers (Dollars per Thousand Cubic Feet)
1997,2,2.52,$/MCF,SAK,USA-AK,PCS,Price Delivered to Commercial Sectors,N3020AK3,Alaska Price of Natural Gas Sold to Commercial Consumers (Dollars per Thousand Cubic Feet)
1997,2,6.79,$/MCF,NUS,U.S.,PRS,Price Delivered to Residential Consumers,N3010US3,U.S. Price of Natural Gas Delivered to Residential Consumers (Dollars per Thousand Cubic Feet)
1997,2,3.67,$/MCF,SAK,USA-AK,PRS,Price Delivered to Residential Consumers,N3010AK3,Alaska Price of Natural Gas Delivered to Residential Consumers (Dollars per Thousand Cubic Feet)
1997,1,4.28,$/MCF,NUS,U.S.,PG1,City Gate Price,N3050US3,U.S. Natural Gas Citygate Price (Dollars per Thousand Cubic Feet)
1997,1,1.88,$/MCF,SAK,USA-AK,PG1,City Gate Price,N3050AK3,Natural Gas Citygate Price in Alaska (Dollars per Thousand Cubic Feet)
1997,1,6.19,$/MCF,NUS,U.S.,PCS,Price Delivered to Commercial Sectors,N3020US3,U.S. Price of Natural Gas Sold to Commercial Consumers (Dollars per Thousand Cubic Feet)
1997,1,2.6,$/MCF,SAK,USA-AK,PCS,Price Delivered to Commercial Sectors,N3020AK3,Alaska Price of Natural Gas Sold to Commercial Consumers (Dollars per Thousand Cubic Feet)
1997,1,6.74,$/MCF,NUS,U.S.,PRS,Price Delivered to Residential Consumers,N3010US3,U.S. Price of Natural Gas Delivered to Residential Consumers (Dollars per Thousand Cubic Feet)
1997,1,3.62,$/MCF,SAK,USA-AK,PRS,Price Delivered to Residential Consumers,N3010AK3,Alaska Price of Natural Gas Delivered to Residential Consumers (Dollars per Thousand Cubic Feet)
1996,12,4.18,$/MCF,NUS,U.S.,PG1,City Gate Price,N3050US3,U.S. Natural Gas Citygate Price (Dollars per Thousand Cubic Feet)
1996,12,1.59,$/MCF,SAK,USA-AK,PG1,City Gate Price,N3050AK3,Natural Gas Citygate Price in Alaska (Dollars per Thousand Cubic Feet)
1996,12,5.78,$/MCF,NUS,U.S.,PCS,Price Delivered to Commercial Sectors,N3020US3,U.S. Price of Natural Gas Sold to Commercial Consumers (Dollars per Thousand Cubic Feet)
1996,12,2.39,$/MCF,SAK,USA-AK,PCS,Price Delivered to Commercial Sectors,N3020AK3,Alaska Price of Natural Gas Sold to Commercial Consumers (Dollars per Thousand Cubic Feet)
1996,12,6.47,$/MCF,NUS,U.S.,PRS,Price Delivered to Residential Consumers,N3010US3,U.S. Price of Natural Gas Delivered to Residential Consumers (Dollars per Thousand Cubic Feet)
1996,12,3.32,$/MCF,SAK,USA-AK,PRS,Price Delivered to Residential Consumers,N3010AK3,Alaska Price of Natural Gas Delivered to Residential Consumers (Dollars per Thousand Cubic Feet)
1996,11,3.46,$/MCF,NUS,U.S.,PG1,City Gate Price,N3050US3,U.S. Natural Gas Citygate Price (Dollars per Thousand Cubic Feet)
1996,11,1.6,$/MCF,SAK,USA-AK,PG1,City Gate Price,N3050AK3,Natural Gas Citygate Price in Alaska (Dollars per Thousand Cubic Feet)
1996,11,5.4,$/MCF,NUS,U.S.,PCS,Price Delivered to Commercial Sectors,N3020US3,U.S. Price of Natural Gas Sold to Commercial Consumers (Dollars per Thousand Cubic Feet)
1996,11,2.34,$/MCF,SAK,USA-AK,PCS,Price Delivered to Commercial Sectors,N3020AK3,Alaska Price of Natural Gas Sold to Commercial Consumers (Dollars per Thousand Cubic Feet)
1996,11,6.37,$/MCF,NUS,U.S.,PRS,Price Delivered to Residential Consumers,N3010US3,U.S. Price of Natural Gas Delivered to Residential Consumers (Dollars per Thousand Cubic Feet)
1996,11,3.37,$/MCF,SAK,USA-AK,PRS,Price Delivered to Residential Consumers,N3010AK3,Alaska Price of Natural Gas Delivered to Residential Consumers (Dollars per Thousand Cubic Feet)
1996,10,2.94,$/MCF,NUS,U.S.,PG1,City Gate Price,N3050US3,U.S. Natural Gas Citygate Price (Dollars per Thousand Cubic Feet)
1996,10,1.55,$/MCF,SAK,USA-AK,PG1,City Gate Price,N3050AK3,Natural Gas Citygate Price in Alaska (Dollars per Thousand Cubic Feet)
1996,10,5.33,$/MCF,NUS,U.S.,PCS,Price Delivered to Commercial Sectors,N3020US3,U.S. Price of Natural Gas Sold to Commercial Consumers (Dollars per Thousand Cubic Feet)
1996,10,2.23,$/MCF,SAK,USA-AK,PCS,Price Delivered to Commercial Sectors,N3020AK3,Alaska Price of Natural Gas Sold to Commercial Consumers (Dollars per Thousand Cubic Feet)
1996,10,7.05,$/MCF,NUS,U.S.,PRS,Price Delivered to Residential Consumers,N3010US3,U.S. Price of Natural Gas Delivered to Residential Consumers (Dollars per Thousand Cubic Feet)
1996,10,3.46,$/MCF,SAK,USA-AK,PRS,Price Delivered to Residential Consumers,N3010AK3,Alaska Price of Natural Gas Delivered to Residential Consumers (Dollars per Thousand Cubic Feet)
1996,9,3.05,$/MCF,NUS,U.S.,PG1,City Gate Price,N3050US3,U.S. Natural Gas Citygate Price (Dollars per Thousand Cubic Feet)
1996,9,1.57,$/MCF,SAK,USA-AK,PG1,City Gate Price,N3050AK3,Natural Gas Citygate Price in Alaska (Dollars per Thousand Cubic Feet)
1996,9,5.46,$/MCF,NUS,U.S.,PCS,Price Delivered to Commercial Sectors,N3020US3,U.S. Price of Natural Gas Sold to Commercial Consumers (Dollars per Thousand Cubic Feet)
1996,9,2.02,$/MCF,SAK,USA-AK,PCS,Price Delivered to Commercial Sectors,N3020AK3,Alaska Price of Natural Gas Sold to Commercial Consumers (Dollars per Thousand Cubic Feet)
1996,9,7.99,$/MCF,NUS,U.S.,PRS,Price Delivered to Residential Consumers,N3010US3,U.S. Price of Natural Gas Delivered to Residential Consumers (Dollars per Thousand Cubic Feet)
1996,9,3.77,$/MCF,SAK,USA-AK,PRS,Price Delivered to Residential Consumers,N3010AK3,Alaska Price of Natural Gas Delivered to Residential Consumers (Dollars per Thousand Cubic Feet)
1996,8,3.46,$/MCF,NUS,U.S.,PG1,City Gate Price,N3050US3,U.S. Natural Gas Citygate Price (Dollars per Thousand Cubic Feet)
1996,8,1.54,$/MCF,SAK,USA-AK,PG1,City Gate Price,N3050AK3,Natural Gas Citygate Price in Alaska (Dollars per Thousand Cubic Feet)
1996,8,5.56,$/MCF,NUS,U.S.,PCS,Price Delivered to Commercial Sectors,N3020US3,U.S. Price of Natural Gas Sold to Commercial Consumers (Dollars per Thousand Cubic Feet)
1996,8,2.03,$/MCF,SAK,USA-AK,PCS,Price Delivered to Commercial Sectors,N3020AK3,Alaska Price of Natural Gas Sold to Commercial Consumers (Dollars per Thousand Cubic Feet)
1996,8,8.73,$/MCF,NUS,U.S.,PRS,Price Delivered to Residential Consumers,N3010US3,U.S. Price of Natural Gas Delivered to Residential Consumers (Dollars per Thousand Cubic Feet)
1996,8,3.82,$/MCF,SAK,USA-AK,PRS,Price Delivered to Residential Consumers,N3010AK3,Alaska Price of Natural Gas Delivered to Residential Consumers (Dollars per Thousand Cubic Feet)
1996,7,3.49,$/MCF,NUS,U.S.,PG1,City Gate Price,N3050US3,U.S. Natural Gas Citygate Price (Dollars per Thousand Cubic Feet)
1996,7,1.54,$/MCF,SAK,USA-AK,PG1,City Gate Price,N3050AK3,Natural Gas Citygate Price in Alaska (Dollars per Thousand Cubic Feet)
1996,7,5.46,$/MCF,NUS,U.S.,PCS,Price Delivered to Commercial Sectors,N3020US3,U.S. Price of Natural Gas Sold to Commercial Consumers (Dollars per Thousand Cubic Feet)
1996,7,2.15,$/MCF,SAK,USA-AK,PCS,Price Delivered to Commercial Sectors,N3020AK3,Alaska Price of Natural Gas Sold to Commercial Consumers (Dollars per Thousand Cubic Feet)
1996,7,8.64,$/MCF,NUS,U.S.,PRS,Price Delivered to Residential Consumers,N3010US3,U.S. Price of Natural Gas Delivered to Residential Consumers (Dollars per Thousand Cubic Feet)
1996,7,3.87,$/MCF,SAK,USA-AK,PRS,Price Delivered to Residential Consumers,N3010AK3,Alaska Price of Natural Gas Delivered to Residential Consumers (Dollars per Thousand Cubic Feet)
1996,6,3.41,$/MCF,NUS,U.S.,PG1,City Gate Price,N3050US3,U.S. Natural Gas Citygate Price (Dollars per Thousand Cubic Feet)
1996,6,1.57,$/MCF,SAK,USA-AK,PG1,City Gate Price,N3050AK3,Natural Gas Citygate Price in Alaska (Dollars per Thousand Cubic Feet)
1996,6,5.43,$/MCF,NUS,U.S.,PCS,Price Delivered to Commercial Sectors,N3020US3,U.S. Price of Natural Gas Sold to Commercial Consumers (Dollars per Thousand Cubic Feet)
1996,6,2.22,$/MCF,SAK,USA-AK,PCS,Price Delivered to Commercial Sectors,N3020AK3,Alaska Price of Natural Gas Sold to Commercial Consumers (Dollars per Thousand Cubic Feet)
1996,6,7.83,$/MCF,NUS,U.S.,PRS,Price Delivered to Residential Consumers,N3010US3,U.S. Price of Natural Gas Delivered to Residential Consumers (Dollars per Thousand Cubic Feet)
1996,6,3.71,$/MCF,SAK,USA-AK,PRS,Price Delivered to Residential Consumers,N3010AK3,Alaska Price of Natural Gas Delivered to Residential Consumers (Dollars per Thousand Cubic Feet)
1996,5,3.18,$/MCF,NUS,U.S.,PG1,City Gate Price,N3050US3,U.S. Natural Gas Citygate Price (Dollars per Thousand Cubic Feet)
1996,5,1.56,$/MCF,SAK,USA-AK,PG1,City Gate Price,N3050AK3,Natural Gas Citygate Price in Alaska (Dollars per Thousand Cubic Feet)
1996,5,5.4,$/MCF,NUS,U.S.,PCS,Price Delivered to Commercial Sectors,N3020US3,U.S. Price of Natural Gas Sold to Commercial Consumers (Dollars per Thousand Cubic Feet)
1996,5,2.27,$/MCF,SAK,USA-AK,PCS,Price Delivered to Commercial Sectors,N3020AK3,Alaska Price of Natural Gas Sold to Commercial Consumers (Dollars per Thousand Cubic Feet)
1996,5,6.84,$/MCF,NUS,U.S.,PRS,Price Delivered to Residential Consumers,N3010US3,U.S. Price of Natural Gas Delivered to Residential Consumers (Dollars per Thousand Cubic Feet)
1996,5,3.53,$/MCF,SAK,USA-AK,PRS,Price Delivered to Residential Consumers,N3010AK3,Alaska Price of Natural Gas Delivered to Residential Consumers (Dollars per Thousand Cubic Feet)
1996,4,3.22,$/MCF,NUS,U.S.,PG1,City Gate Price,N3050US3,U.S. Natural Gas Citygate Price (Dollars per Thousand Cubic Feet)
1996,4,1.58,$/MCF,SAK,USA-AK,PG1,City Gate Price,N3050AK3,Natural Gas Citygate Price in Alaska (Dollars per Thousand Cubic Feet)
1996,4,5.34,$/MCF,NUS,U.S.,PCS,Price Delivered to Commercial Sectors,N3020US3,U.S. Price of Natural Gas Sold to Commercial Consumers (Dollars per Thousand Cubic Feet)
1996,4,2.4,$/MCF,SAK,USA-AK,PCS,Price Delivered to Commercial Sectors,N3020AK3,Alaska Price of Natural Gas Sold to Commercial Consumers (Dollars per Thousand Cubic Feet)
1996,4,6.27,$/MCF,NUS,U.S.,PRS,Price Delivered to Residential Consumers,N3010US3,U.S. Price of Natural Gas Delivered to Residential Consumers (Dollars per Thousand Cubic Feet)
1996,4,3.4,$/MCF,SAK,USA-AK,PRS,Price Delivered to Residential Consumers,N3010AK3,Alaska Price of Natural Gas Delivered to Residential Consumers (Dollars per Thousand Cubic Feet)
1996,3,3.17,$/MCF,NUS,U.S.,PG1,City Gate Price,N3050US3,U.S. Natural Gas Citygate Price (Dollars per Thousand Cubic Feet)
1996,3,1.6,$/MCF,SAK,USA-AK,PG1,City Gate Price,N3050AK3,Natural Gas Citygate Price in Alaska (Dollars per Thousand Cubic Feet)
1996,3,5.36,$/MCF,NUS,U.S.,PCS,Price Delivered to Commercial Sectors,N3020US3,U.S. Price of Natural Gas Sold to Commercial Consumers (Dollars per Thousand Cubic Feet)
1996,3,2.37,$/MCF,SAK,USA-AK,PCS,Price Delivered to Commercial Sectors,N3020AK3,Alaska Price of Natural Gas Sold to Commercial Consumers (Dollars per Thousand Cubic Feet)
1996,3,5.93,$/MCF,NUS,U.S.,PRS,Price Delivered to Residential Consumers,N3010US3,U.S. Price of Natural Gas Delivered to Residential Consumers (Dollars per Thousand Cubic Feet)
1996,3,3.34,$/MCF,SAK,USA-AK,PRS,Price Delivered to Residential Consumers,N3010AK3,Alaska Price of Natural Gas Delivered to Residential Consumers (Dollars per Thousand Cubic Feet)
1996,2,3.16,$/MCF,NUS,U.S.,PG1,City Gate Price,N3050US3,U.S. Natural Gas Citygate Price (Dollars per Thousand Cubic Feet)
1996,2,1.6,$/MCF,SAK,USA-AK,PG1,City Gate Price,N3050AK3,Natural Gas Citygate Price in Alaska (Dollars per Thousand Cubic Feet)
1996,2,5.25,$/MCF,NUS,U.S.,PCS,Price Delivered to Commercial Sectors,N3020US3,U.S. Price of Natural Gas Sold to Commercial Consumers (Dollars per Thousand Cubic Feet)
1996,2,2.46,$/MCF,SAK,USA-AK,PCS,Price Delivered to Commercial Sectors,N3020AK3,Alaska Price of Natural Gas Sold to Commercial Consumers (Dollars per Thousand Cubic Feet)
1996,2,5.82,$/MCF,NUS,U.S.,PRS,Price Delivered to Residential Consumers,N3010US3,U.S. Price of Natural Gas Delivered to Residential Consumers (Dollars per Thousand Cubic Feet)
1996,2,3.3,$/MCF,SAK,USA-AK,PRS,Price Delivered to Residential Consumers,N3010AK3,Alaska Price of Natural Gas Delivered to Residential Consumers (Dollars per Thousand Cubic Feet)
1996,1,3.14,$/MCF,NUS,U.S.,PG1,City Gate Price,N3050US3,U.S. Natural Gas Citygate Price (Dollars per Thousand Cubic Feet)
1996,1,1.56,$/MCF,SAK,USA-AK,PG1,City Gate Price,N3050AK3,Natural Gas Citygate Price in Alaska (Dollars per Thousand Cubic Feet)
1996,1,5.29,$/MCF,NUS,U.S.,PCS,Price Delivered to Commercial Sectors,N3020US3,U.S. Price of Natural Gas Sold to Commercial Consumers (Dollars per Thousand Cubic Feet)
1996,1,2.36,$/MCF,SAK,USA-AK,PCS,Price Delivered to Commercial Sectors,N3020AK3,Alaska Price of Natural Gas Sold to Commercial Consumers (Dollars per Thousand Cubic Feet)
1996,1,5.64,$/MCF,NUS,U.S.,PRS,Price Delivered to Residential Consumers,N3010US3,U.S. Price of Natural Gas Delivered to Residential Consumers (Dollars per Thousand Cubic Feet)
1996,1,3.32,$/MCF,SAK,USA-AK,PRS,Price Delivered to Residential Consumers,N3010AK3,Alaska Price of Natural Gas Delivered to Residential Consumers (Dollars per Thousand Cubic Feet)
1995,12,2.83,$/MCF,NUS,U.S.,PG1,City Gate Price,N3050US3,U.S. Natural Gas Citygate Price (Dollars per Thousand Cubic Feet)
1995,12,1.67,$/MCF,SAK,USA-AK,PG1,City Gate Price,N3050AK3,Natural Gas Citygate Price in Alaska (Dollars per Thousand Cubic Feet)
1995,12,5,$/MCF,NUS,U.S.,PCS,Price Delivered to Commercial Sectors,N3020US3,U.S. Price of Natural Gas Sold to Commercial Consumers (Dollars per Thousand Cubic Feet)
1995,12,2.34,$/MCF,SAK,USA-AK,PCS,Price Delivered to Commercial Sectors,N3020AK3,Alaska Price of Natural Gas Sold to Commercial Consumers (Dollars per Thousand Cubic Feet)
1995,12,5.54,$/MCF,NUS,U.S.,PRS,Price Delivered to Residential Consumers,N3010US3,U.S. Price of Natural Gas Delivered to Residential Consumers (Dollars per Thousand Cubic Feet)
1995,12,3.51,$/MCF,SAK,USA-AK,PRS,Price Delivered to Residential Consumers,N3010AK3,Alaska Price of Natural Gas Delivered to Residential Consumers (Dollars per Thousand Cubic Feet)
1995,11,2.67,$/MCF,NUS,U.S.,PG1,City Gate Price,N3050US3,U.S. Natural Gas Citygate Price (Dollars per Thousand Cubic Feet)
1995,11,1.66,$/MCF,SAK,USA-AK,PG1,City Gate Price,N3050AK3,Natural Gas Citygate Price in Alaska (Dollars per Thousand Cubic Feet)
1995,11,4.77,$/MCF,NUS,U.S.,PCS,Price Delivered to Commercial Sectors,N3020US3,U.S. Price of Natural Gas Sold to Commercial Consumers (Dollars per Thousand Cubic Feet)
1995,11,2.23,$/MCF,SAK,USA-AK,PCS,Price Delivered to Commercial Sectors,N3020AK3,Alaska Price of Natural Gas Sold to Commercial Consumers (Dollars per Thousand Cubic Feet)
1995,11,5.61,$/MCF,NUS,U.S.,PRS,Price Delivered to Residential Consumers,N3010US3,U.S. Price of Natural Gas Delivered to Residential Consumers (Dollars per Thousand Cubic Feet)
1995,11,3.6,$/MCF,SAK,USA-AK,PRS,Price Delivered to Residential Consumers,N3010AK3,Alaska Price of Natural Gas Delivered to Residential Consumers (Dollars per Thousand Cubic Feet)
1995,10,2.83,$/MCF,NUS,U.S.,PG1,City Gate Price,N3050US3,U.S. Natural Gas Citygate Price (Dollars per Thousand Cubic Feet)
1995,10,1.63,$/MCF,SAK,USA-AK,PG1,City Gate Price,N3050AK3,Natural Gas Citygate Price in Alaska (Dollars per Thousand Cubic Feet)
1995,10,4.82,$/MCF,NUS,U.S.,PCS,Price Delivered to Commercial Sectors,N3020US3,U.S. Price of Natural Gas Sold to Commercial Consumers (Dollars per Thousand Cubic Feet)
1995,10,2.08,$/MCF,SAK,USA-AK,PCS,Price Delivered to Commercial Sectors,N3020AK3,Alaska Price of Natural Gas Sold to Commercial Consumers (Dollars per Thousand Cubic Feet)
1995,10,6.62,$/MCF,NUS,U.S.,PRS,Price Delivered to Residential Consumers,N3010US3,U.S. Price of Natural Gas Delivered to Residential Consumers (Dollars per Thousand Cubic Feet)
1995,10,3.76,$/MCF,SAK,USA-AK,PRS,Price Delivered to Residential Consumers,N3010AK3,Alaska Price of Natural Gas Delivered to Residential Consumers (Dollars per Thousand Cubic Feet)
1995,9,2.89,$/MCF,NUS,U.S.,PG1,City Gate Price,N3050US3,U.S. Natural Gas Citygate Price (Dollars per Thousand Cubic Feet)
1995,9,1.64,$/MCF,SAK,USA-AK,PG1,City Gate Price,N3050AK3,Natural Gas Citygate Price in Alaska (Dollars per Thousand Cubic Feet)
1995,9,4.98,$/MCF,NUS,U.S.,PCS,Price Delivered to Commercial Sectors,N3020US3,U.S. Price of Natural Gas Sold to Commercial Consumers (Dollars per Thousand Cubic Feet)
1995,9,2.13,$/MCF,SAK,USA-AK,PCS,Price Delivered to Commercial Sectors,N3020AK3,Alaska Price of Natural Gas Sold to Commercial Consumers (Dollars per Thousand Cubic Feet)
1995,9,7.73,$/MCF,NUS,U.S.,PRS,Price Delivered to Residential Consumers,N3010US3,U.S. Price of Natural Gas Delivered to Residential Consumers (Dollars per Thousand Cubic Feet)
1995,9,3.96,$/MCF,SAK,USA-AK,PRS,Price Delivered to Residential Consumers,N3010AK3,Alaska Price of Natural Gas Delivered to Residential Consumers (Dollars per Thousand Cubic Feet)
1995,8,2.87,$/MCF,NUS,U.S.,PG1,City Gate Price,N3050US3,U.S. Natural Gas Citygate Price (Dollars per Thousand Cubic Feet)
1995,8,1.57,$/MCF,SAK,USA-AK,PG1,City Gate Price,N3050AK3,Natural Gas Citygate Price in Alaska (Dollars per Thousand Cubic Feet)
1995,8,4.99,$/MCF,NUS,U.S.,PCS,Price Delivered to Commercial Sectors,N3020US3,U.S. Price of Natural Gas Sold to Commercial Consumers (Dollars per Thousand Cubic Feet)
1995,8,2.04,$/MCF,SAK,USA-AK,PCS,Price Delivered to Commercial Sectors,N3020AK3,Alaska Price of Natural Gas Sold to Commercial Consumers (Dollars per Thousand Cubic Feet)
1995,8,8.13,$/MCF,NUS,U.S.,PRS,Price Delivered to Residential Consumers,N3010US3,U.S. Price of Natural Gas Delivered to Residential Consumers (Dollars per Thousand Cubic Feet)
1995,8,4.14,$/MCF,SAK,USA-AK,PRS,Price Delivered to Residential Consumers,N3010AK3,Alaska Price of Natural Gas Delivered to Residential Consumers (Dollars per Thousand Cubic Feet)
1995,7,2.89,$/MCF,NUS,U.S.,PG1,City Gate Price,N3050US3,U.S. Natural Gas Citygate Price (Dollars per Thousand Cubic Feet)
1995,7,1.63,$/MCF,SAK,USA-AK,PG1,City Gate Price,N3050AK3,Natural Gas Citygate Price in Alaska (Dollars per Thousand Cubic Feet)
1995,7,5.03,$/MCF,NUS,U.S.,PCS,Price Delivered to Commercial Sectors,N3020US3,U.S. Price of Natural Gas Sold to Commercial Consumers (Dollars per Thousand Cubic Feet)
1995,7,2.09,$/MCF,SAK,USA-AK,PCS,Price Delivered to Commercial Sectors,N3020AK3,Alaska Price of Natural Gas Sold to Commercial Consumers (Dollars per Thousand Cubic Feet)
1995,7,7.82,$/MCF,NUS,U.S.,PRS,Price Delivered to Residential Consumers,N3010US3,U.S. Price of Natural Gas Delivered to Residential Consumers (Dollars per Thousand Cubic Feet)
1995,7,4.02,$/MCF,SAK,USA-AK,PRS,Price Delivered to Residential Consumers,N3010AK3,Alaska Price of Natural Gas Delivered to Residential Consumers (Dollars per Thousand Cubic Feet)
1995,6,2.89,$/MCF,NUS,U.S.,PG1,City Gate Price,N3050US3,U.S. Natural Gas Citygate Price (Dollars per Thousand Cubic Feet)
1995,6,1.6,$/MCF,SAK,USA-AK,PG1,City Gate Price,N3050AK3,Natural Gas Citygate Price in Alaska (Dollars per Thousand Cubic Feet)
1995,6,5.16,$/MCF,NUS,U.S.,PCS,Price Delivered to Commercial Sectors,N3020US3,U.S. Price of Natural Gas Sold to Commercial Consumers (Dollars per Thousand Cubic Feet)
1995,6,2.18,$/MCF,SAK,USA-AK,PCS,Price Delivered to Commercial Sectors,N3020AK3,Alaska Price of Natural Gas Sold to Commercial Consumers (Dollars per Thousand Cubic Feet)
1995,6,7.49,$/MCF,NUS,U.S.,PRS,Price Delivered to Residential Consumers,N3010US3,U.S. Price of Natural Gas Delivered to Residential Consumers (Dollars per Thousand Cubic Feet)
1995,6,3.87,$/MCF,SAK,USA-AK,PRS,Price Delivered to Residential Consumers,N3010AK3,Alaska Price of Natural Gas Delivered to Residential Consumers (Dollars per Thousand Cubic Feet)
1995,5,2.8,$/MCF,NUS,U.S.,PG1,City Gate Price,N3050US3,U.S. Natural Gas Citygate Price (Dollars per Thousand Cubic Feet)
1995,5,1.7,$/MCF,SAK,USA-AK,PG1,City Gate Price,N3050AK3,Natural Gas Citygate Price in Alaska (Dollars per Thousand Cubic Feet)
1995,5,5.04,$/MCF,NUS,U.S.,PCS,Price Delivered to Commercial Sectors,N3020US3,U.S. Price of Natural Gas Sold to Commercial Consumers (Dollars per Thousand Cubic Feet)
1995,5,2.23,$/MCF,SAK,USA-AK,PCS,Price Delivered to Commercial Sectors,N3020AK3,Alaska Price of Natural Gas Sold to Commercial Consumers (Dollars per Thousand Cubic Feet)
1995,5,6.54,$/MCF,NUS,U.S.,PRS,Price Delivered to Residential Consumers,N3010US3,U.S. Price of Natural Gas Delivered to Residential Consumers (Dollars per Thousand Cubic Feet)
1995,5,3.72,$/MCF,SAK,USA-AK,PRS,Price Delivered to Residential Consumers,N3010AK3,Alaska Price of Natural Gas Delivered to Residential Consumers (Dollars per Thousand Cubic Feet)
1995,4,2.72,$/MCF,NUS,U.S.,PG1,City Gate Price,N3050US3,U.S. Natural Gas Citygate Price (Dollars per Thousand Cubic Feet)
1995,4,1.79,$/MCF,SAK,USA-AK,PG1,City Gate Price,N3050AK3,Natural Gas Citygate Price in Alaska (Dollars per Thousand Cubic Feet)
1995,4,5.08,$/MCF,NUS,U.S.,PCS,Price Delivered to Commercial Sectors,N3020US3,U.S. Price of Natural Gas Sold to Commercial Consumers (Dollars per Thousand Cubic Feet)
1995,4,2.32,$/MCF,SAK,USA-AK,PCS,Price Delivered to Commercial Sectors,N3020AK3,Alaska Price of Natural Gas Sold to Commercial Consumers (Dollars per Thousand Cubic Feet)
1995,4,6.06,$/MCF,NUS,U.S.,PRS,Price Delivered to Residential Consumers,N3010US3,U.S. Price of Natural Gas Delivered to Residential Consumers (Dollars per Thousand Cubic Feet)
1995,4,3.57,$/MCF,SAK,USA-AK,PRS,Price Delivered to Residential Consumers,N3010AK3,Alaska Price of Natural Gas Delivered to Residential Consumers (Dollars per Thousand Cubic Feet)
1995,3,2.74,$/MCF,NUS,U.S.,PG1,City Gate Price,N3050US3,U.S. Natural Gas Citygate Price (Dollars per Thousand Cubic Feet)
1995,3,1.66,$/MCF,SAK,USA-AK,PG1,City Gate Price,N3050AK3,Natural Gas Citygate Price in Alaska (Dollars per Thousand Cubic Feet)
1995,3,5.12,$/MCF,NUS,U.S.,PCS,Price Delivered to Commercial Sectors,N3020US3,U.S. Price of Natural Gas Sold to Commercial Consumers (Dollars per Thousand Cubic Feet)
1995,3,2.33,$/MCF,SAK,USA-AK,PCS,Price Delivered to Commercial Sectors,N3020AK3,Alaska Price of Natural Gas Sold to Commercial Consumers (Dollars per Thousand Cubic Feet)
1995,3,5.84,$/MCF,NUS,U.S.,PRS,Price Delivered to Residential Consumers,N3010US3,U.S. Price of Natural Gas Delivered to Residential Consumers (Dollars per Thousand Cubic Feet)
1995,3,3.53,$/MCF,SAK,USA-AK,PRS,Price Delivered to Residential Consumers,N3010AK3,Alaska Price of Natural Gas Delivered to Residential Consumers (Dollars per Thousand Cubic Feet)
1995,2,2.71,$/MCF,NUS,U.S.,PG1,City Gate Price,N3050US3,U.S. Natural Gas Citygate Price (Dollars per Thousand Cubic Feet)
1995,2,1.67,$/MCF,SAK,USA-AK,PG1,City Gate Price,N3050AK3,Natural Gas Citygate Price in Alaska (Dollars per Thousand Cubic Feet)
1995,2,5.14,$/MCF,NUS,U.S.,PCS,Price Delivered to Commercial Sectors,N3020US3,U.S. Price of Natural Gas Sold to Commercial Consumers (Dollars per Thousand Cubic Feet)
1995,2,2.35,$/MCF,SAK,USA-AK,PCS,Price Delivered to Commercial Sectors,N3020AK3,Alaska Price of Natural Gas Sold to Commercial Consumers (Dollars per Thousand Cubic Feet)
1995,2,5.76,$/MCF,NUS,U.S.,PRS,Price Delivered to Residential Consumers,N3010US3,U.S. Price of Natural Gas Delivered to Residential Consumers (Dollars per Thousand Cubic Feet)
1995,2,3.53,$/MCF,SAK,USA-AK,PRS,Price Delivered to Residential Consumers,N3010AK3,Alaska Price of Natural Gas Delivered to Residential Consumers (Dollars per Thousand Cubic Feet)
1995,1,2.79,$/MCF,NUS,U.S.,PG1,City Gate Price,N3050US3,U.S. Natural Gas Citygate Price (Dollars per Thousand Cubic Feet)
1995,1,1.71,$/MCF,SAK,USA-AK,PG1,City Gate Price,N3050AK3,Natural Gas Citygate Price in Alaska (Dollars per Thousand Cubic Feet)
1995,1,5.23,$/MCF,NUS,U.S.,PCS,Price Delivered to Commercial Sectors,N3020US3,U.S. Price of Natural Gas Sold to Commercial Consumers (Dollars per Thousand Cubic Feet)
1995,1,2.38,$/MCF,SAK,USA-AK,PCS,Price Delivered to Commercial Sectors,N3020AK3,Alaska Price of Natural Gas Sold to Commercial Consumers (Dollars per Thousand Cubic Feet)
1995,1,5.85,$/MCF,NUS,U.S.,PRS,Price Delivered to Residential Consumers,N3010US3,U.S. Price of Natural Gas Delivered to Residential Consumers (Dollars per Thousand Cubic Feet)
1995,1,3.52,$/MCF,SAK,USA-AK,PRS,Price Delivered to Residential Consumers,N3010AK3,Alaska Price of Natural Gas Delivered to Residential Consumers (Dollars per Thousand Cubic Feet)
1994,12,2.86,$/MCF,NUS,U.S.,PG1,City Gate Price,N3050US3,U.S. Natural Gas Citygate Price (Dollars per Thousand Cubic Feet)
1994,12,1.62,$/MCF,SAK,USA-AK,PG1,City Gate Price,N3050AK3,Natural Gas Citygate Price in Alaska (Dollars per Thousand Cubic Feet)
1994,12,5.24,$/MCF,NUS,U.S.,PCS,Price Delivered to Commercial Sectors,N3020US3,U.S. Price of Natural Gas Sold to Commercial Consumers (Dollars per Thousand Cubic Feet)
1994,12,2.56,$/MCF,SAK,USA-AK,PCS,Price Delivered to Commercial Sectors,N3020AK3,Alaska Price of Natural Gas Sold to Commercial Consumers (Dollars per Thousand Cubic Feet)
1994,12,6.06,$/MCF,NUS,U.S.,PRS,Price Delivered to Residential Consumers,N3010US3,U.S. Price of Natural Gas Delivered to Residential Consumers (Dollars per Thousand Cubic Feet)
1994,12,3.48,$/MCF,SAK,USA-AK,PRS,Price Delivered to Residential Consumers,N3010AK3,Alaska Price of Natural Gas Delivered to Residential Consumers (Dollars per Thousand Cubic Feet)
1994,11,2.84,$/MCF,NUS,U.S.,PG1,City Gate Price,N3050US3,U.S. Natural Gas Citygate Price (Dollars per Thousand Cubic Feet)
1994,11,1.6,$/MCF,SAK,USA-AK,PG1,City Gate Price,N3050AK3,Natural Gas Citygate Price in Alaska (Dollars per Thousand Cubic Feet)
1994,11,5.19,$/MCF,NUS,U.S.,PCS,Price Delivered to Commercial Sectors,N3020US3,U.S. Price of Natural Gas Sold to Commercial Consumers (Dollars per Thousand Cubic Feet)
1994,11,2.46,$/MCF,SAK,USA-AK,PCS,Price Delivered to Commercial Sectors,N3020AK3,Alaska Price of Natural Gas Sold to Commercial Consumers (Dollars per Thousand Cubic Feet)
1994,11,6.27,$/MCF,NUS,U.S.,PRS,Price Delivered to Residential Consumers,N3010US3,U.S. Price of Natural Gas Delivered to Residential Consumers (Dollars per Thousand Cubic Feet)
1994,11,3.55,$/MCF,SAK,USA-AK,PRS,Price Delivered to Residential Consumers,N3010AK3,Alaska Price of Natural Gas Delivered to Residential Consumers (Dollars per Thousand Cubic Feet)
1994,10,2.8,$/MCF,NUS,U.S.,PG1,City Gate Price,N3050US3,U.S. Natural Gas Citygate Price (Dollars per Thousand Cubic Feet)
1994,10,1.61,$/MCF,SAK,USA-AK,PG1,City Gate Price,N3050AK3,Natural Gas Citygate Price in Alaska (Dollars per Thousand Cubic Feet)
1994,10,5.11,$/MCF,NUS,U.S.,PCS,Price Delivered to Commercial Sectors,N3020US3,U.S. Price of Natural Gas Sold to Commercial Consumers (Dollars per Thousand Cubic Feet)
1994,10,2.35,$/MCF,SAK,USA-AK,PCS,Price Delivered to Commercial Sectors,N3020AK3,Alaska Price of Natural Gas Sold to Commercial Consumers (Dollars per Thousand Cubic Feet)
1994,10,6.86,$/MCF,NUS,U.S.,PRS,Price Delivered to Residential Consumers,N3010US3,U.S. Price of Natural Gas Delivered to Residential Consumers (Dollars per Thousand Cubic Feet)
1994,10,3.65,$/MCF,SAK,USA-AK,PRS,Price Delivered to Residential Consumers,N3010AK3,Alaska Price of Natural Gas Delivered to Residential Consumers (Dollars per Thousand Cubic Feet)
1994,9,2.92,$/MCF,NUS,U.S.,PG1,City Gate Price,N3050US3,U.S. Natural Gas Citygate Price (Dollars per Thousand Cubic Feet)
1994,9,1.6,$/MCF,SAK,USA-AK,PG1,City Gate Price,N3050AK3,Natural Gas Citygate Price in Alaska (Dollars per Thousand Cubic Feet)
1994,9,5.36,$/MCF,NUS,U.S.,PCS,Price Delivered to Commercial Sectors,N3020US3,U.S. Price of Natural Gas Sold to Commercial Consumers (Dollars per Thousand Cubic Feet)
1994,9,2.31,$/MCF,SAK,USA-AK,PCS,Price Delivered to Commercial Sectors,N3020AK3,Alaska Price of Natural Gas Sold to Commercial Consumers (Dollars per Thousand Cubic Feet)
1994,9,7.84,$/MCF,NUS,U.S.,PRS,Price Delivered to Residential Consumers,N3010US3,U.S. Price of Natural Gas Delivered to Residential Consumers (Dollars per Thousand Cubic Feet)
1994,9,3.93,$/MCF,SAK,USA-AK,PRS,Price Delivered to Residential Consumers,N3010AK3,Alaska Price of Natural Gas Delivered to Residential Consumers (Dollars per Thousand Cubic Feet)
1994,8,3.15,$/MCF,NUS,U.S.,PG1,City Gate Price,N3050US3,U.S. Natural Gas Citygate Price (Dollars per Thousand Cubic Feet)
1994,8,1.6,$/MCF,SAK,USA-AK,PG1,City Gate Price,N3050AK3,Natural Gas Citygate Price in Alaska (Dollars per Thousand Cubic Feet)
1994,8,5.31,$/MCF,NUS,U.S.,PCS,Price Delivered to Commercial Sectors,N3020US3,U.S. Price of Natural Gas Sold to Commercial Consumers (Dollars per Thousand Cubic Feet)
1994,8,2.22,$/MCF,SAK,USA-AK,PCS,Price Delivered to Commercial Sectors,N3020AK3,Alaska Price of Natural Gas Sold to Commercial Consumers (Dollars per Thousand Cubic Feet)
1994,8,8.22,$/MCF,NUS,U.S.,PRS,Price Delivered to Residential Consumers,N3010US3,U.S. Price of Natural Gas Delivered to Residential Consumers (Dollars per Thousand Cubic Feet)
1994,8,4.17,$/MCF,SAK,USA-AK,PRS,Price Delivered to Residential Consumers,N3010AK3,Alaska Price of Natural Gas Delivered to Residential Consumers (Dollars per Thousand Cubic Feet)
1994,7,3.12,$/MCF,NUS,U.S.,PG1,City Gate Price,N3050US3,U.S. Natural Gas Citygate Price (Dollars per Thousand Cubic Feet)
1994,7,1.54,$/MCF,SAK,USA-AK,PG1,City Gate Price,N3050AK3,Natural Gas Citygate Price in Alaska (Dollars per Thousand Cubic Feet)
1994,7,5.25,$/MCF,NUS,U.S.,PCS,Price Delivered to Commercial Sectors,N3020US3,U.S. Price of Natural Gas Sold to Commercial Consumers (Dollars per Thousand Cubic Feet)
1994,7,2.27,$/MCF,SAK,USA-AK,PCS,Price Delivered to Commercial Sectors,N3020AK3,Alaska Price of Natural Gas Sold to Commercial Consumers (Dollars per Thousand Cubic Feet)
1994,7,8.1,$/MCF,NUS,U.S.,PRS,Price Delivered to Residential Consumers,N3010US3,U.S. Price of Natural Gas Delivered to Residential Consumers (Dollars per Thousand Cubic Feet)
1994,7,4.03,$/MCF,SAK,USA-AK,PRS,Price Delivered to Residential Consumers,N3010AK3,Alaska Price of Natural Gas Delivered to Residential Consumers (Dollars per Thousand Cubic Feet)
1994,6,3.17,$/MCF,NUS,U.S.,PG1,City Gate Price,N3050US3,U.S. Natural Gas Citygate Price (Dollars per Thousand Cubic Feet)
1994,6,1.41,$/MCF,SAK,USA-AK,PG1,City Gate Price,N3050AK3,Natural Gas Citygate Price in Alaska (Dollars per Thousand Cubic Feet)
1994,6,5.37,$/MCF,NUS,U.S.,PCS,Price Delivered to Commercial Sectors,N3020US3,U.S. Price of Natural Gas Sold to Commercial Consumers (Dollars per Thousand Cubic Feet)
1994,6,2.36,$/MCF,SAK,USA-AK,PCS,Price Delivered to Commercial Sectors,N3020AK3,Alaska Price of Natural Gas Sold to Commercial Consumers (Dollars per Thousand Cubic Feet)
1994,6,7.66,$/MCF,NUS,U.S.,PRS,Price Delivered to Residential Consumers,N3010US3,U.S. Price of Natural Gas Delivered to Residential Consumers (Dollars per Thousand Cubic Feet)
1994,6,3.85,$/MCF,SAK,USA-AK,PRS,Price Delivered to Residential Consumers,N3010AK3,Alaska Price of Natural Gas Delivered to Residential Consumers (Dollars per Thousand Cubic Feet)
1994,5,3.17,$/MCF,NUS,U.S.,PG1,City Gate Price,N3050US3,U.S. Natural Gas Citygate Price (Dollars per Thousand Cubic Feet)
1994,5,1.67,$/MCF,SAK,USA-AK,PG1,City Gate Price,N3050AK3,Natural Gas Citygate Price in Alaska (Dollars per Thousand Cubic Feet)
1994,5,5.47,$/MCF,NUS,U.S.,PCS,Price Delivered to Commercial Sectors,N3020US3,U.S. Price of Natural Gas Sold to Commercial Consumers (Dollars per Thousand Cubic Feet)
1994,5,2.49,$/MCF,SAK,USA-AK,PCS,Price Delivered to Commercial Sectors,N3020AK3,Alaska Price of Natural Gas Sold to Commercial Consumers (Dollars per Thousand Cubic Feet)
1994,5,6.84,$/MCF,NUS,U.S.,PRS,Price Delivered to Residential Consumers,N3010US3,U.S. Price of Natural Gas Delivered to Residential Consumers (Dollars per Thousand Cubic Feet)
1994,5,3.65,$/MCF,SAK,USA-AK,PRS,Price Delivered to Residential Consumers,N3010AK3,Alaska Price of Natural Gas Delivered to Residential Consumers (Dollars per Thousand Cubic Feet)
1994,4,3.15,$/MCF,NUS,U.S.,PG1,City Gate Price,N3050US3,U.S. Natural Gas Citygate Price (Dollars per Thousand Cubic Feet)
1994,4,1.62,$/MCF,SAK,USA-AK,PG1,City Gate Price,N3050AK3,Natural Gas Citygate Price in Alaska (Dollars per Thousand Cubic Feet)
1994,4,5.6,$/MCF,NUS,U.S.,PCS,Price Delivered to Commercial Sectors,N3020US3,U.S. Price of Natural Gas Sold to Commercial Consumers (Dollars per Thousand Cubic Feet)
1994,4,2.57,$/MCF,SAK,USA-AK,PCS,Price Delivered to Commercial Sectors,N3020AK3,Alaska Price of Natural Gas Sold to Commercial Consumers (Dollars per Thousand Cubic Feet)
1994,4,6.6,$/MCF,NUS,U.S.,PRS,Price Delivered to Residential Consumers,N3010US3,U.S. Price of Natural Gas Delivered to Residential Consumers (Dollars per Thousand Cubic Feet)
1994,4,3.55,$/MCF,SAK,USA-AK,PRS,Price Delivered to Residential Consumers,N3010AK3,Alaska Price of Natural Gas Delivered to Residential Consumers (Dollars per Thousand Cubic Feet)
1994,3,3.33,$/MCF,NUS,U.S.,PG1,City Gate Price,N3050US3,U.S. Natural Gas Citygate Price (Dollars per Thousand Cubic Feet)
1994,3,1.62,$/MCF,SAK,USA-AK,PG1,City Gate Price,N3050AK3,Natural Gas Citygate Price in Alaska (Dollars per Thousand Cubic Feet)
1994,3,5.67,$/MCF,NUS,U.S.,PCS,Price Delivered to Commercial Sectors,N3020US3,U.S. Price of Natural Gas Sold to Commercial Consumers (Dollars per Thousand Cubic Feet)
1994,3,2.59,$/MCF,SAK,USA-AK,PCS,Price Delivered to Commercial Sectors,N3020AK3,Alaska Price of Natural Gas Sold to Commercial Consumers (Dollars per Thousand Cubic Feet)
1994,3,6.3,$/MCF,NUS,U.S.,PRS,Price Delivered to Residential Consumers,N3010US3,U.S. Price of Natural Gas Delivered to Residential Consumers (Dollars per Thousand Cubic Feet)
1994,3,3.5,$/MCF,SAK,USA-AK,PRS,Price Delivered to Residential Consumers,N3010AK3,Alaska Price of Natural Gas Delivered to Residential Consumers (Dollars per Thousand Cubic Feet)
1994,2,3.26,$/MCF,NUS,U.S.,PG1,City Gate Price,N3050US3,U.S. Natural Gas Citygate Price (Dollars per Thousand Cubic Feet)
1994,2,1.57,$/MCF,SAK,USA-AK,PG1,City Gate Price,N3050AK3,Natural Gas Citygate Price in Alaska (Dollars per Thousand Cubic Feet)
1994,2,5.58,$/MCF,NUS,U.S.,PCS,Price Delivered to Commercial Sectors,N3020US3,U.S. Price of Natural Gas Sold to Commercial Consumers (Dollars per Thousand Cubic Feet)
1994,2,2.55,$/MCF,SAK,USA-AK,PCS,Price Delivered to Commercial Sectors,N3020AK3,Alaska Price of Natural Gas Sold to Commercial Consumers (Dollars per Thousand Cubic Feet)
1994,2,6.04,$/MCF,NUS,U.S.,PRS,Price Delivered to Residential Consumers,N3010US3,U.S. Price of Natural Gas Delivered to Residential Consumers (Dollars per Thousand Cubic Feet)
1994,2,3.51,$/MCF,SAK,USA-AK,PRS,Price Delivered to Residential Consumers,N3010AK3,Alaska Price of Natural Gas Delivered to Residential Consumers (Dollars per Thousand Cubic Feet)
1994,1,3.04,$/MCF,NUS,U.S.,PG1,City Gate Price,N3050US3,U.S. Natural Gas Citygate Price (Dollars per Thousand Cubic Feet)
1994,1,1.77,$/MCF,SAK,USA-AK,PG1,City Gate Price,N3050AK3,Natural Gas Citygate Price in Alaska (Dollars per Thousand Cubic Feet)
1994,1,5.5,$/MCF,NUS,U.S.,PCS,Price Delivered to Commercial Sectors,N3020US3,U.S. Price of Natural Gas Sold to Commercial Consumers (Dollars per Thousand Cubic Feet)
1994,1,2.5,$/MCF,SAK,USA-AK,PCS,Price Delivered to Commercial Sectors,N3020AK3,Alaska Price of Natural Gas Sold to Commercial Consumers (Dollars per Thousand Cubic Feet)
1994,1,5.93,$/MCF,NUS,U.S.,PRS,Price Delivered to Residential Consumers,N3010US3,U.S. Price of Natural Gas Delivered to Residential Consumers (Dollars per Thousand Cubic Feet)
1994,1,3.51,$/MCF,SAK,USA-AK,PRS,Price Delivered to Residential Consumers,N3010AK3,Alaska Price of Natural Gas Delivered to Residential Consumers (Dollars per Thousand Cubic Feet)
1993,12,3.27,$/MCF,NUS,U.S.,PG1,City Gate Price,N3050US3,U.S. Natural Gas Citygate Price (Dollars per Thousand Cubic Feet)
1993,12,0.33,$/MCF,SAK,USA-AK,PG1,City Gate Price,N3050AK3,Natural Gas Citygate Price in Alaska (Dollars per Thousand Cubic Feet)
1993,12,5.33,$/MCF,NUS,U.S.,PCS,Price Delivered to Commercial Sectors,N3020US3,U.S. Price of Natural Gas Sold to Commercial Consumers (Dollars per Thousand Cubic Feet)
1993,12,2.84,$/MCF,SAK,USA-AK,PCS,Price Delivered to Commercial Sectors,N3020AK3,Alaska Price of Natural Gas Sold to Commercial Consumers (Dollars per Thousand Cubic Feet)
1993,12,6.07,$/MCF,NUS,U.S.,PRS,Price Delivered to Residential Consumers,N3010US3,U.S. Price of Natural Gas Delivered to Residential Consumers (Dollars per Thousand Cubic Feet)
1993,12,3.86,$/MCF,SAK,USA-AK,PRS,Price Delivered to Residential Consumers,N3010AK3,Alaska Price of Natural Gas Delivered to Residential Consumers (Dollars per Thousand Cubic Feet)
1993,11,3.15,$/MCF,NUS,U.S.,PG1,City Gate Price,N3050US3,U.S. Natural Gas Citygate Price (Dollars per Thousand Cubic Feet)
1993,11,0.33,$/MCF,SAK,USA-AK,PG1,City Gate Price,N3050AK3,Natural Gas Citygate Price in Alaska (Dollars per Thousand Cubic Feet)
1993,11,5.21,$/MCF,NUS,U.S.,PCS,Price Delivered to Commercial Sectors,N3020US3,U.S. Price of Natural Gas Sold to Commercial Consumers (Dollars per Thousand Cubic Feet)
1993,11,2.76,$/MCF,SAK,USA-AK,PCS,Price Delivered to Commercial Sectors,N3020AK3,Alaska Price of Natural Gas Sold to Commercial Consumers (Dollars per Thousand Cubic Feet)
1993,11,6.17,$/MCF,NUS,U.S.,PRS,Price Delivered to Residential Consumers,N3010US3,U.S. Price of Natural Gas Delivered to Residential Consumers (Dollars per Thousand Cubic Feet)
1993,11,3.94,$/MCF,SAK,USA-AK,PRS,Price Delivered to Residential Consumers,N3010AK3,Alaska Price of Natural Gas Delivered to Residential Consumers (Dollars per Thousand Cubic Feet)
1993,10,3.15,$/MCF,NUS,U.S.,PG1,City Gate Price,N3050US3,U.S. Natural Gas Citygate Price (Dollars per Thousand Cubic Feet)
1993,10,0.32,$/MCF,SAK,USA-AK,PG1,City Gate Price,N3050AK3,Natural Gas Citygate Price in Alaska (Dollars per Thousand Cubic Feet)
1993,10,5.18,$/MCF,NUS,U.S.,PCS,Price Delivered to Commercial Sectors,N3020US3,U.S. Price of Natural Gas Sold to Commercial Consumers (Dollars per Thousand Cubic Feet)
1993,10,2.7,$/MCF,SAK,USA-AK,PCS,Price Delivered to Commercial Sectors,N3020AK3,Alaska Price of Natural Gas Sold to Commercial Consumers (Dollars per Thousand Cubic Feet)
1993,10,6.79,$/MCF,NUS,U.S.,PRS,Price Delivered to Residential Consumers,N3010US3,U.S. Price of Natural Gas Delivered to Residential Consumers (Dollars per Thousand Cubic Feet)
1993,10,4,$/MCF,SAK,USA-AK,PRS,Price Delivered to Residential Consumers,N3010AK3,Alaska Price of Natural Gas Delivered to Residential Consumers (Dollars per Thousand Cubic Feet)
1993,9,3.54,$/MCF,NUS,U.S.,PG1,City Gate Price,N3050US3,U.S. Natural Gas Citygate Price (Dollars per Thousand Cubic Feet)
1993,9,0.33,$/MCF,SAK,USA-AK,PG1,City Gate Price,N3050AK3,Natural Gas Citygate Price in Alaska (Dollars per Thousand Cubic Feet)
1993,9,5.35,$/MCF,NUS,U.S.,PCS,Price Delivered to Commercial Sectors,N3020US3,U.S. Price of Natural Gas Sold to Commercial Consumers (Dollars per Thousand Cubic Feet)
1993,9,2.64,$/MCF,SAK,USA-AK,PCS,Price Delivered to Commercial Sectors,N3020AK3,Alaska Price of Natural Gas Sold to Commercial Consumers (Dollars per Thousand Cubic Feet)
1993,9,7.75,$/MCF,NUS,U.S.,PRS,Price Delivered to Residential Consumers,N3010US3,U.S. Price of Natural Gas Delivered to Residential Consumers (Dollars per Thousand Cubic Feet)
1993,9,4.32,$/MCF,SAK,USA-AK,PRS,Price Delivered to Residential Consumers,N3010AK3,Alaska Price of Natural Gas Delivered to Residential Consumers (Dollars per Thousand Cubic Feet)
1993,8,3.35,$/MCF,NUS,U.S.,PG1,City Gate Price,N3050US3,U.S. Natural Gas Citygate Price (Dollars per Thousand Cubic Feet)
1993,8,0.33,$/MCF,SAK,USA-AK,PG1,City Gate Price,N3050AK3,Natural Gas Citygate Price in Alaska (Dollars per Thousand Cubic Feet)
1993,8,5.34,$/MCF,NUS,U.S.,PCS,Price Delivered to Commercial Sectors,N3020US3,U.S. Price of Natural Gas Sold to Commercial Consumers (Dollars per Thousand Cubic Feet)
1993,8,2.54,$/MCF,SAK,USA-AK,PCS,Price Delivered to Commercial Sectors,N3020AK3,Alaska Price of Natural Gas Sold to Commercial Consumers (Dollars per Thousand Cubic Feet)
1993,8,8.13,$/MCF,NUS,U.S.,PRS,Price Delivered to Residential Consumers,N3010US3,U.S. Price of Natural Gas Delivered to Residential Consumers (Dollars per Thousand Cubic Feet)
1993,8,4.5,$/MCF,SAK,USA-AK,PRS,Price Delivered to Residential Consumers,N3010AK3,Alaska Price of Natural Gas Delivered to Residential Consumers (Dollars per Thousand Cubic Feet)
1993,7,3.34,$/MCF,NUS,U.S.,PG1,City Gate Price,N3050US3,U.S. Natural Gas Citygate Price (Dollars per Thousand Cubic Feet)
1993,7,0.33,$/MCF,SAK,USA-AK,PG1,City Gate Price,N3050AK3,Natural Gas Citygate Price in Alaska (Dollars per Thousand Cubic Feet)
1993,7,5.15,$/MCF,NUS,U.S.,PCS,Price Delivered to Commercial Sectors,N3020US3,U.S. Price of Natural Gas Sold to Commercial Consumers (Dollars per Thousand Cubic Feet)
1993,7,2.61,$/MCF,SAK,USA-AK,PCS,Price Delivered to Commercial Sectors,N3020AK3,Alaska Price of Natural Gas Sold to Commercial Consumers (Dollars per Thousand Cubic Feet)
1993,7,7.86,$/MCF,NUS,U.S.,PRS,Price Delivered to Residential Consumers,N3010US3,U.S. Price of Natural Gas Delivered to Residential Consumers (Dollars per Thousand Cubic Feet)
1993,7,4.47,$/MCF,SAK,USA-AK,PRS,Price Delivered to Residential Consumers,N3010AK3,Alaska Price of Natural Gas Delivered to Residential Consumers (Dollars per Thousand Cubic Feet)
1993,6,3.44,$/MCF,NUS,U.S.,PG1,City Gate Price,N3050US3,U.S. Natural Gas Citygate Price (Dollars per Thousand Cubic Feet)
1993,6,0.33,$/MCF,SAK,USA-AK,PG1,City Gate Price,N3050AK3,Natural Gas Citygate Price in Alaska (Dollars per Thousand Cubic Feet)
1993,6,5.4,$/MCF,NUS,U.S.,PCS,Price Delivered to Commercial Sectors,N3020US3,U.S. Price of Natural Gas Sold to Commercial Consumers (Dollars per Thousand Cubic Feet)
1993,6,2.67,$/MCF,SAK,USA-AK,PCS,Price Delivered to Commercial Sectors,N3020AK3,Alaska Price of Natural Gas Sold to Commercial Consumers (Dollars per Thousand Cubic Feet)
1993,6,7.37,$/MCF,NUS,U.S.,PRS,Price Delivered to Residential Consumers,N3010US3,U.S. Price of Natural Gas Delivered to Residential Consumers (Dollars per Thousand Cubic Feet)
1993,6,4.25,$/MCF,SAK,USA-AK,PRS,Price Delivered to Residential Consumers,N3010AK3,Alaska Price of Natural Gas Delivered to Residential Consumers (Dollars per Thousand Cubic Feet)
1993,5,3.58,$/MCF,NUS,U.S.,PG1,City Gate Price,N3050US3,U.S. Natural Gas Citygate Price (Dollars per Thousand Cubic Feet)
1993,5,0.33,$/MCF,SAK,USA-AK,PG1,City Gate Price,N3050AK3,Natural Gas Citygate Price in Alaska (Dollars per Thousand Cubic Feet)
1993,5,5.31,$/MCF,NUS,U.S.,PCS,Price Delivered to Commercial Sectors,N3020US3,U.S. Price of Natural Gas Sold to Commercial Consumers (Dollars per Thousand Cubic Feet)
1993,5,2.73,$/MCF,SAK,USA-AK,PCS,Price Delivered to Commercial Sectors,N3020AK3,Alaska Price of Natural Gas Sold to Commercial Consumers (Dollars per Thousand Cubic Feet)
1993,5,6.78,$/MCF,NUS,U.S.,PRS,Price Delivered to Residential Consumers,N3010US3,U.S. Price of Natural Gas Delivered to Residential Consumers (Dollars per Thousand Cubic Feet)
1993,5,4.05,$/MCF,SAK,USA-AK,PRS,Price Delivered to Residential Consumers,N3010AK3,Alaska Price of Natural Gas Delivered to Residential Consumers (Dollars per Thousand Cubic Feet)
1993,4,3.24,$/MCF,NUS,U.S.,PG1,City Gate Price,N3050US3,U.S. Natural Gas Citygate Price (Dollars per Thousand Cubic Feet)
1993,4,0.33,$/MCF,SAK,USA-AK,PG1,City Gate Price,N3050AK3,Natural Gas Citygate Price in Alaska (Dollars per Thousand Cubic Feet)
1993,4,5.19,$/MCF,NUS,U.S.,PCS,Price Delivered to Commercial Sectors,N3020US3,U.S. Price of Natural Gas Sold to Commercial Consumers (Dollars per Thousand Cubic Feet)
1993,4,2.83,$/MCF,SAK,USA-AK,PCS,Price Delivered to Commercial Sectors,N3020AK3,Alaska Price of Natural Gas Sold to Commercial Consumers (Dollars per Thousand Cubic Feet)
1993,4,6.02,$/MCF,NUS,U.S.,PRS,Price Delivered to Residential Consumers,N3010US3,U.S. Price of Natural Gas Delivered to Residential Consumers (Dollars per Thousand Cubic Feet)
1993,4,3.93,$/MCF,SAK,USA-AK,PRS,Price Delivered to Residential Consumers,N3010AK3,Alaska Price of Natural Gas Delivered to Residential Consumers (Dollars per Thousand Cubic Feet)
1993,3,3.06,$/MCF,NUS,U.S.,PG1,City Gate Price,N3050US3,U.S. Natural Gas Citygate Price (Dollars per Thousand Cubic Feet)
1993,3,0.33,$/MCF,SAK,USA-AK,PG1,City Gate Price,N3050AK3,Natural Gas Citygate Price in Alaska (Dollars per Thousand Cubic Feet)
1993,3,5.1,$/MCF,NUS,U.S.,PCS,Price Delivered to Commercial Sectors,N3020US3,U.S. Price of Natural Gas Sold to Commercial Consumers (Dollars per Thousand Cubic Feet)
1993,3,2.79,$/MCF,SAK,USA-AK,PCS,Price Delivered to Commercial Sectors,N3020AK3,Alaska Price of Natural Gas Sold to Commercial Consumers (Dollars per Thousand Cubic Feet)
1993,3,5.67,$/MCF,NUS,U.S.,PRS,Price Delivered to Residential Consumers,N3010US3,U.S. Price of Natural Gas Delivered to Residential Consumers (Dollars per Thousand Cubic Feet)
1993,3,3.9,$/MCF,SAK,USA-AK,PRS,Price Delivered to Residential Consumers,N3010AK3,Alaska Price of Natural Gas Delivered to Residential Consumers (Dollars per Thousand Cubic Feet)
1993,2,2.94,$/MCF,NUS,U.S.,PG1,City Gate Price,N3050US3,U.S. Natural Gas Citygate Price (Dollars per Thousand Cubic Feet)
1993,2,0.33,$/MCF,SAK,USA-AK,PG1,City Gate Price,N3050AK3,Natural Gas Citygate Price in Alaska (Dollars per Thousand Cubic Feet)
1993,2,5.14,$/MCF,NUS,U.S.,PCS,Price Delivered to Commercial Sectors,N3020US3,U.S. Price of Natural Gas Sold to Commercial Consumers (Dollars per Thousand Cubic Feet)
1993,2,2.92,$/MCF,SAK,USA-AK,PCS,Price Delivered to Commercial Sectors,N3020AK3,Alaska Price of Natural Gas Sold to Commercial Consumers (Dollars per Thousand Cubic Feet)
1993,2,5.73,$/MCF,NUS,U.S.,PRS,Price Delivered to Residential Consumers,N3010US3,U.S. Price of Natural Gas Delivered to Residential Consumers (Dollars per Thousand Cubic Feet)
1993,2,3.82,$/MCF,SAK,USA-AK,PRS,Price Delivered to Residential Consumers,N3010AK3,Alaska Price of Natural Gas Delivered to Residential Consumers (Dollars per Thousand Cubic Feet)
1993,1,3.11,$/MCF,NUS,U.S.,PG1,City Gate Price,N3050US3,U.S. Natural Gas Citygate Price (Dollars per Thousand Cubic Feet)
1993,1,0.33,$/MCF,SAK,USA-AK,PG1,City Gate Price,N3050AK3,Natural Gas Citygate Price in Alaska (Dollars per Thousand Cubic Feet)
1993,1,5.23,$/MCF,NUS,U.S.,PCS,Price Delivered to Commercial Sectors,N3020US3,U.S. Price of Natural Gas Sold to Commercial Consumers (Dollars per Thousand Cubic Feet)
1993,1,2.89,$/MCF,SAK,USA-AK,PCS,Price Delivered to Commercial Sectors,N3020AK3,Alaska Price of Natural Gas Sold to Commercial Consumers (Dollars per Thousand Cubic Feet)
1993,1,5.73,$/MCF,NUS,U.S.,PRS,Price Delivered to Residential Consumers,N3010US3,U.S. Price of Natural Gas Delivered to Residential Consumers (Dollars per Thousand Cubic Feet)
1993,1,3.83,$/MCF,SAK,USA-AK,PRS,Price Delivered to Residential Consumers,N3010AK3,Alaska Price of Natural Gas Delivered to Residential Consumers (Dollars per Thousand Cubic Feet)
1992,12,3.17,$/MCF,NUS,U.S.,PG1,City Gate Price,N3050US3,U.S. Natural Gas Citygate Price (Dollars per Thousand Cubic Feet)
1992,12,0.33,$/MCF,SAK,USA-AK,PG1,City Gate Price,N3050AK3,Natural Gas Citygate Price in Alaska (Dollars per Thousand Cubic Feet)
1992,12,5.11,$/MCF,NUS,U.S.,PCS,Price Delivered to Commercial Sectors,N3020US3,U.S. Price of Natural Gas Sold to Commercial Consumers (Dollars per Thousand Cubic Feet)
1992,12,2.68,$/MCF,SAK,USA-AK,PCS,Price Delivered to Commercial Sectors,N3020AK3,Alaska Price of Natural Gas Sold to Commercial Consumers (Dollars per Thousand Cubic Feet)
1992,12,5.74,$/MCF,NUS,U.S.,PRS,Price Delivered to Residential Consumers,N3010US3,U.S. Price of Natural Gas Delivered to Residential Consumers (Dollars per Thousand Cubic Feet)
1992,12,3.7,$/MCF,SAK,USA-AK,PRS,Price Delivered to Residential Consumers,N3010AK3,Alaska Price of Natural Gas Delivered to Residential Consumers (Dollars per Thousand Cubic Feet)
1992,11,3.33,$/MCF,NUS,U.S.,PG1,City Gate Price,N3050US3,U.S. Natural Gas Citygate Price (Dollars per Thousand Cubic Feet)
1992,11,0.33,$/MCF,SAK,USA-AK,PG1,City Gate Price,N3050AK3,Natural Gas Citygate Price in Alaska (Dollars per Thousand Cubic Feet)
1992,11,5.12,$/MCF,NUS,U.S.,PCS,Price Delivered to Commercial Sectors,N3020US3,U.S. Price of Natural Gas Sold to Commercial Consumers (Dollars per Thousand Cubic Feet)
1992,11,2.67,$/MCF,SAK,USA-AK,PCS,Price Delivered to Commercial Sectors,N3020AK3,Alaska Price of Natural Gas Sold to Commercial Consumers (Dollars per Thousand Cubic Feet)
1992,11,6.02,$/MCF,NUS,U.S.,PRS,Price Delivered to Residential Consumers,N3010US3,U.S. Price of Natural Gas Delivered to Residential Consumers (Dollars per Thousand Cubic Feet)
1992,11,3.74,$/MCF,SAK,USA-AK,PRS,Price Delivered to Residential Consumers,N3010AK3,Alaska Price of Natural Gas Delivered to Residential Consumers (Dollars per Thousand Cubic Feet)
1992,10,3.5,$/MCF,NUS,U.S.,PG1,City Gate Price,N3050US3,U.S. Natural Gas Citygate Price (Dollars per Thousand Cubic Feet)
1992,10,0.33,$/MCF,SAK,USA-AK,PG1,City Gate Price,N3050AK3,Natural Gas Citygate Price in Alaska (Dollars per Thousand Cubic Feet)
1992,10,4.9,$/MCF,NUS,U.S.,PCS,Price Delivered to Commercial Sectors,N3020US3,U.S. Price of Natural Gas Sold to Commercial Consumers (Dollars per Thousand Cubic Feet)
1992,10,2.59,$/MCF,SAK,USA-AK,PCS,Price Delivered to Commercial Sectors,N3020AK3,Alaska Price of Natural Gas Sold to Commercial Consumers (Dollars per Thousand Cubic Feet)
1992,10,6.52,$/MCF,NUS,U.S.,PRS,Price Delivered to Residential Consumers,N3010US3,U.S. Price of Natural Gas Delivered to Residential Consumers (Dollars per Thousand Cubic Feet)
1992,10,3.79,$/MCF,SAK,USA-AK,PRS,Price Delivered to Residential Consumers,N3010AK3,Alaska Price of Natural Gas Delivered to Residential Consumers (Dollars per Thousand Cubic Feet)
1992,9,3.23,$/MCF,NUS,U.S.,PG1,City Gate Price,N3050US3,U.S. Natural Gas Citygate Price (Dollars per Thousand Cubic Feet)
1992,9,0.33,$/MCF,SAK,USA-AK,PG1,City Gate Price,N3050AK3,Natural Gas Citygate Price in Alaska (Dollars per Thousand Cubic Feet)
1992,9,4.69,$/MCF,NUS,U.S.,PCS,Price Delivered to Commercial Sectors,N3020US3,U.S. Price of Natural Gas Sold to Commercial Consumers (Dollars per Thousand Cubic Feet)
1992,9,2.5,$/MCF,SAK,USA-AK,PCS,Price Delivered to Commercial Sectors,N3020AK3,Alaska Price of Natural Gas Sold to Commercial Consumers (Dollars per Thousand Cubic Feet)
1992,9,7.15,$/MCF,NUS,U.S.,PRS,Price Delivered to Residential Consumers,N3010US3,U.S. Price of Natural Gas Delivered to Residential Consumers (Dollars per Thousand Cubic Feet)
1992,9,4.02,$/MCF,SAK,USA-AK,PRS,Price Delivered to Residential Consumers,N3010AK3,Alaska Price of Natural Gas Delivered to Residential Consumers (Dollars per Thousand Cubic Feet)
1992,8,3.18,$/MCF,NUS,U.S.,PG1,City Gate Price,N3050US3,U.S. Natural Gas Citygate Price (Dollars per Thousand Cubic Feet)
1992,8,0.34,$/MCF,SAK,USA-AK,PG1,City Gate Price,N3050AK3,Natural Gas Citygate Price in Alaska (Dollars per Thousand Cubic Feet)
1992,8,4.73,$/MCF,NUS,U.S.,PCS,Price Delivered to Commercial Sectors,N3020US3,U.S. Price of Natural Gas Sold to Commercial Consumers (Dollars per Thousand Cubic Feet)
1992,8,2.63,$/MCF,SAK,USA-AK,PCS,Price Delivered to Commercial Sectors,N3020AK3,Alaska Price of Natural Gas Sold to Commercial Consumers (Dollars per Thousand Cubic Feet)
1992,8,7.45,$/MCF,NUS,U.S.,PRS,Price Delivered to Residential Consumers,N3010US3,U.S. Price of Natural Gas Delivered to Residential Consumers (Dollars per Thousand Cubic Feet)
1992,8,4.54,$/MCF,SAK,USA-AK,PRS,Price Delivered to Residential Consumers,N3010AK3,Alaska Price of Natural Gas Delivered to Residential Consumers (Dollars per Thousand Cubic Feet)
1992,7,3.01,$/MCF,NUS,U.S.,PG1,City Gate Price,N3050US3,U.S. Natural Gas Citygate Price (Dollars per Thousand Cubic Feet)
1992,7,0.33,$/MCF,SAK,USA-AK,PG1,City Gate Price,N3050AK3,Natural Gas Citygate Price in Alaska (Dollars per Thousand Cubic Feet)
1992,7,4.64,$/MCF,NUS,U.S.,PCS,Price Delivered to Commercial Sectors,N3020US3,U.S. Price of Natural Gas Sold to Commercial Consumers (Dollars per Thousand Cubic Feet)
1992,7,2.48,$/MCF,SAK,USA-AK,PCS,Price Delivered to Commercial Sectors,N3020AK3,Alaska Price of Natural Gas Sold to Commercial Consumers (Dollars per Thousand Cubic Feet)
1992,7,7.27,$/MCF,NUS,U.S.,PRS,Price Delivered to Residential Consumers,N3010US3,U.S. Price of Natural Gas Delivered to Residential Consumers (Dollars per Thousand Cubic Feet)
1992,7,4.2,$/MCF,SAK,USA-AK,PRS,Price Delivered to Residential Consumers,N3010AK3,Alaska Price of Natural Gas Delivered to Residential Consumers (Dollars per Thousand Cubic Feet)
1992,6,3,$/MCF,NUS,U.S.,PG1,City Gate Price,N3050US3,U.S. Natural Gas Citygate Price (Dollars per Thousand Cubic Feet)
1992,6,0.33,$/MCF,SAK,USA-AK,PG1,City Gate Price,N3050AK3,Natural Gas Citygate Price in Alaska (Dollars per Thousand Cubic Feet)
1992,6,4.72,$/MCF,NUS,U.S.,PCS,Price Delivered to Commercial Sectors,N3020US3,U.S. Price of Natural Gas Sold to Commercial Consumers (Dollars per Thousand Cubic Feet)
1992,6,2.54,$/MCF,SAK,USA-AK,PCS,Price Delivered to Commercial Sectors,N3020AK3,Alaska Price of Natural Gas Sold to Commercial Consumers (Dollars per Thousand Cubic Feet)
1992,6,6.84,$/MCF,NUS,U.S.,PRS,Price Delivered to Residential Consumers,N3010US3,U.S. Price of Natural Gas Delivered to Residential Consumers (Dollars per Thousand Cubic Feet)
1992,6,4.03,$/MCF,SAK,USA-AK,PRS,Price Delivered to Residential Consumers,N3010AK3,Alaska Price of Natural Gas Delivered to Residential Consumers (Dollars per Thousand Cubic Feet)
1992,5,2.9,$/MCF,NUS,U.S.,PG1,City Gate Price,N3050US3,U.S. Natural Gas Citygate Price (Dollars per Thousand Cubic Feet)
1992,5,0.33,$/MCF,SAK,USA-AK,PG1,City Gate Price,N3050AK3,Natural Gas Citygate Price in Alaska (Dollars per Thousand Cubic Feet)
1992,5,4.59,$/MCF,NUS,U.S.,PCS,Price Delivered to Commercial Sectors,N3020US3,U.S. Price of Natural Gas Sold to Commercial Consumers (Dollars per Thousand Cubic Feet)
1992,5,2.61,$/MCF,SAK,USA-AK,PCS,Price Delivered to Commercial Sectors,N3020AK3,Alaska Price of Natural Gas Sold to Commercial Consumers (Dollars per Thousand Cubic Feet)
1992,5,6.15,$/MCF,NUS,U.S.,PRS,Price Delivered to Residential Consumers,N3010US3,U.S. Price of Natural Gas Delivered to Residential Consumers (Dollars per Thousand Cubic Feet)
1992,5,3.83,$/MCF,SAK,USA-AK,PRS,Price Delivered to Residential Consumers,N3010AK3,Alaska Price of Natural Gas Delivered to Residential Consumers (Dollars per Thousand Cubic Feet)
1992,4,2.74,$/MCF,NUS,U.S.,PG1,City Gate Price,N3050US3,U.S. Natural Gas Citygate Price (Dollars per Thousand Cubic Feet)
1992,4,0.33,$/MCF,SAK,USA-AK,PG1,City Gate Price,N3050AK3,Natural Gas Citygate Price in Alaska (Dollars per Thousand Cubic Feet)
1992,4,4.77,$/MCF,NUS,U.S.,PCS,Price Delivered to Commercial Sectors,N3020US3,U.S. Price of Natural Gas Sold to Commercial Consumers (Dollars per Thousand Cubic Feet)
1992,4,2.65,$/MCF,SAK,USA-AK,PCS,Price Delivered to Commercial Sectors,N3020AK3,Alaska Price of Natural Gas Sold to Commercial Consumers (Dollars per Thousand Cubic Feet)
1992,4,5.62,$/MCF,NUS,U.S.,PRS,Price Delivered to Residential Consumers,N3010US3,U.S. Price of Natural Gas Delivered to Residential Consumers (Dollars per Thousand Cubic Feet)
1992,4,3.75,$/MCF,SAK,USA-AK,PRS,Price Delivered to Residential Consumers,N3010AK3,Alaska Price of Natural Gas Delivered to Residential Consumers (Dollars per Thousand Cubic Feet)
1992,3,2.61,$/MCF,NUS,U.S.,PG1,City Gate Price,N3050US3,U.S. Natural Gas Citygate Price (Dollars per Thousand Cubic Feet)
1992,3,0.34,$/MCF,SAK,USA-AK,PG1,City Gate Price,N3050AK3,Natural Gas Citygate Price in Alaska (Dollars per Thousand Cubic Feet)
1992,3,4.77,$/MCF,NUS,U.S.,PCS,Price Delivered to Commercial Sectors,N3020US3,U.S. Price of Natural Gas Sold to Commercial Consumers (Dollars per Thousand Cubic Feet)
1992,3,2.7,$/MCF,SAK,USA-AK,PCS,Price Delivered to Commercial Sectors,N3020AK3,Alaska Price of Natural Gas Sold to Commercial Consumers (Dollars per Thousand Cubic Feet)
1992,3,5.5,$/MCF,NUS,U.S.,PRS,Price Delivered to Residential Consumers,N3010US3,U.S. Price of Natural Gas Delivered to Residential Consumers (Dollars per Thousand Cubic Feet)
1992,3,3.69,$/MCF,SAK,USA-AK,PRS,Price Delivered to Residential Consumers,N3010AK3,Alaska Price of Natural Gas Delivered to Residential Consumers (Dollars per Thousand Cubic Feet)
1992,2,2.7,$/MCF,NUS,U.S.,PG1,City Gate Price,N3050US3,U.S. Natural Gas Citygate Price (Dollars per Thousand Cubic Feet)
1992,2,0.36,$/MCF,SAK,USA-AK,PG1,City Gate Price,N3050AK3,Natural Gas Citygate Price in Alaska (Dollars per Thousand Cubic Feet)
1992,2,5.03,$/MCF,NUS,U.S.,PCS,Price Delivered to Commercial Sectors,N3020US3,U.S. Price of Natural Gas Sold to Commercial Consumers (Dollars per Thousand Cubic Feet)
1992,2,2.7,$/MCF,SAK,USA-AK,PCS,Price Delivered to Commercial Sectors,N3020AK3,Alaska Price of Natural Gas Sold to Commercial Consumers (Dollars per Thousand Cubic Feet)
1992,2,5.54,$/MCF,NUS,U.S.,PRS,Price Delivered to Residential Consumers,N3010US3,U.S. Price of Natural Gas Delivered to Residential Consumers (Dollars per Thousand Cubic Feet)
1992,2,3.68,$/MCF,SAK,USA-AK,PRS,Price Delivered to Residential Consumers,N3010AK3,Alaska Price of Natural Gas Delivered to Residential Consumers (Dollars per Thousand Cubic Feet)
1992,1,2.9,$/MCF,NUS,U.S.,PG1,City Gate Price,N3050US3,U.S. Natural Gas Citygate Price (Dollars per Thousand Cubic Feet)
1992,1,0.36,$/MCF,SAK,USA-AK,PG1,City Gate Price,N3050AK3,Natural Gas Citygate Price in Alaska (Dollars per Thousand Cubic Feet)
1992,1,4.85,$/MCF,NUS,U.S.,PCS,Price Delivered to Commercial Sectors,N3020US3,U.S. Price of Natural Gas Sold to Commercial Consumers (Dollars per Thousand Cubic Feet)
1992,1,2.68,$/MCF,SAK,USA-AK,PCS,Price Delivered to Commercial Sectors,N3020AK3,Alaska Price of Natural Gas Sold to Commercial Consumers (Dollars per Thousand Cubic Feet)
1992,1,5.53,$/MCF,NUS,U.S.,PRS,Price Delivered to Residential Consumers,N3010US3,U.S. Price of Natural Gas Delivered to Residential Consumers (Dollars per Thousand Cubic Feet)
1992,1,3.69,$/MCF,SAK,USA-AK,PRS,Price Delivered to Residential Consumers,N3010AK3,Alaska Price of Natural Gas Delivered to Residential Consumers (Dollars per Thousand Cubic Feet)
1991,12,3.05,$/MCF,NUS,U.S.,PG1,City Gate Price,N3050US3,U.S. Natural Gas Citygate Price (Dollars per Thousand Cubic Feet)
1991,12,0.28,$/MCF,SAK,USA-AK,PG1,City Gate Price,N3050AK3,Natural Gas Citygate Price in Alaska (Dollars per Thousand Cubic Feet)
1991,12,4.84,$/MCF,NUS,U.S.,PCS,Price Delivered to Commercial Sectors,N3020US3,U.S. Price of Natural Gas Sold to Commercial Consumers (Dollars per Thousand Cubic Feet)
1991,12,2.64,$/MCF,SAK,USA-AK,PCS,Price Delivered to Commercial Sectors,N3020AK3,Alaska Price of Natural Gas Sold to Commercial Consumers (Dollars per Thousand Cubic Feet)
1991,12,5.51,$/MCF,NUS,U.S.,PRS,Price Delivered to Residential Consumers,N3010US3,U.S. Price of Natural Gas Delivered to Residential Consumers (Dollars per Thousand Cubic Feet)
1991,12,3.7,$/MCF,SAK,USA-AK,PRS,Price Delivered to Residential Consumers,N3010AK3,Alaska Price of Natural Gas Delivered to Residential Consumers (Dollars per Thousand Cubic Feet)
1991,11,2.92,$/MCF,NUS,U.S.,PG1,City Gate Price,N3050US3,U.S. Natural Gas Citygate Price (Dollars per Thousand Cubic Feet)
1991,11,0.33,$/MCF,SAK,USA-AK,PG1,City Gate Price,N3050AK3,Natural Gas Citygate Price in Alaska (Dollars per Thousand Cubic Feet)
1991,11,4.71,$/MCF,NUS,U.S.,PCS,Price Delivered to Commercial Sectors,N3020US3,U.S. Price of Natural Gas Sold to Commercial Consumers (Dollars per Thousand Cubic Feet)
1991,11,2.6,$/MCF,SAK,USA-AK,PCS,Price Delivered to Commercial Sectors,N3020AK3,Alaska Price of Natural Gas Sold to Commercial Consumers (Dollars per Thousand Cubic Feet)
1991,11,5.51,$/MCF,NUS,U.S.,PRS,Price Delivered to Residential Consumers,N3010US3,U.S. Price of Natural Gas Delivered to Residential Consumers (Dollars per Thousand Cubic Feet)
1991,11,3.75,$/MCF,SAK,USA-AK,PRS,Price Delivered to Residential Consumers,N3010AK3,Alaska Price of Natural Gas Delivered to Residential Consumers (Dollars per Thousand Cubic Feet)
1991,10,2.92,$/MCF,NUS,U.S.,PG1,City Gate Price,N3050US3,U.S. Natural Gas Citygate Price (Dollars per Thousand Cubic Feet)
1991,10,0.33,$/MCF,SAK,USA-AK,PG1,City Gate Price,N3050AK3,Natural Gas Citygate Price in Alaska (Dollars per Thousand Cubic Feet)
1991,10,4.58,$/MCF,NUS,U.S.,PCS,Price Delivered to Commercial Sectors,N3020US3,U.S. Price of Natural Gas Sold to Commercial Consumers (Dollars per Thousand Cubic Feet)
1991,10,2.85,$/MCF,SAK,USA-AK,PCS,Price Delivered to Commercial Sectors,N3020AK3,Alaska Price of Natural Gas Sold to Commercial Consumers (Dollars per Thousand Cubic Feet)
1991,10,6.2,$/MCF,NUS,U.S.,PRS,Price Delivered to Residential Consumers,N3010US3,U.S. Price of Natural Gas Delivered to Residential Consumers (Dollars per Thousand Cubic Feet)
1991,10,4.36,$/MCF,SAK,USA-AK,PRS,Price Delivered to Residential Consumers,N3010AK3,Alaska Price of Natural Gas Delivered to Residential Consumers (Dollars per Thousand Cubic Feet)
1991,9,2.91,$/MCF,NUS,U.S.,PG1,City Gate Price,N3050US3,U.S. Natural Gas Citygate Price (Dollars per Thousand Cubic Feet)
1991,9,0.33,$/MCF,SAK,USA-AK,PG1,City Gate Price,N3050AK3,Natural Gas Citygate Price in Alaska (Dollars per Thousand Cubic Feet)
1991,9,4.57,$/MCF,NUS,U.S.,PCS,Price Delivered to Commercial Sectors,N3020US3,U.S. Price of Natural Gas Sold to Commercial Consumers (Dollars per Thousand Cubic Feet)
1991,9,2.77,$/MCF,SAK,USA-AK,PCS,Price Delivered to Commercial Sectors,N3020AK3,Alaska Price of Natural Gas Sold to Commercial Consumers (Dollars per Thousand Cubic Feet)
1991,9,6.92,$/MCF,NUS,U.S.,PRS,Price Delivered to Residential Consumers,N3010US3,U.S. Price of Natural Gas Delivered to Residential Consumers (Dollars per Thousand Cubic Feet)
1991,9,4.54,$/MCF,SAK,USA-AK,PRS,Price Delivered to Residential Consumers,N3010AK3,Alaska Price of Natural Gas Delivered to Residential Consumers (Dollars per Thousand Cubic Feet)
1991,8,2.78,$/MCF,NUS,U.S.,PG1,City Gate Price,N3050US3,U.S. Natural Gas Citygate Price (Dollars per Thousand Cubic Feet)
1991,8,0.33,$/MCF,SAK,USA-AK,PG1,City Gate Price,N3050AK3,Natural Gas Citygate Price in Alaska (Dollars per Thousand Cubic Feet)
1991,8,4.73,$/MCF,NUS,U.S.,PCS,Price Delivered to Commercial Sectors,N3020US3,U.S. Price of Natural Gas Sold to Commercial Consumers (Dollars per Thousand Cubic Feet)
1991,8,2.73,$/MCF,SAK,USA-AK,PCS,Price Delivered to Commercial Sectors,N3020AK3,Alaska Price of Natural Gas Sold to Commercial Consumers (Dollars per Thousand Cubic Feet)
1991,8,7.36,$/MCF,NUS,U.S.,PRS,Price Delivered to Residential Consumers,N3010US3,U.S. Price of Natural Gas Delivered to Residential Consumers (Dollars per Thousand Cubic Feet)
1991,8,4.74,$/MCF,SAK,USA-AK,PRS,Price Delivered to Residential Consumers,N3010AK3,Alaska Price of Natural Gas Delivered to Residential Consumers (Dollars per Thousand Cubic Feet)
1991,7,2.74,$/MCF,NUS,U.S.,PG1,City Gate Price,N3050US3,U.S. Natural Gas Citygate Price (Dollars per Thousand Cubic Feet)
1991,7,0.32,$/MCF,SAK,USA-AK,PG1,City Gate Price,N3050AK3,Natural Gas Citygate Price in Alaska (Dollars per Thousand Cubic Feet)
1991,7,4.5,$/MCF,NUS,U.S.,PCS,Price Delivered to Commercial Sectors,N3020US3,U.S. Price of Natural Gas Sold to Commercial Consumers (Dollars per Thousand Cubic Feet)
1991,7,2.73,$/MCF,SAK,USA-AK,PCS,Price Delivered to Commercial Sectors,N3020AK3,Alaska Price of Natural Gas Sold to Commercial Consumers (Dollars per Thousand Cubic Feet)
1991,7,7.23,$/MCF,NUS,U.S.,PRS,Price Delivered to Residential Consumers,N3010US3,U.S. Price of Natural Gas Delivered to Residential Consumers (Dollars per Thousand Cubic Feet)
1991,7,4.69,$/MCF,SAK,USA-AK,PRS,Price Delivered to Residential Consumers,N3010AK3,Alaska Price of Natural Gas Delivered to Residential Consumers (Dollars per Thousand Cubic Feet)
1991,6,2.86,$/MCF,NUS,U.S.,PG1,City Gate Price,N3050US3,U.S. Natural Gas Citygate Price (Dollars per Thousand Cubic Feet)
1991,6,0.33,$/MCF,SAK,USA-AK,PG1,City Gate Price,N3050AK3,Natural Gas Citygate Price in Alaska (Dollars per Thousand Cubic Feet)
1991,6,4.8,$/MCF,NUS,U.S.,PCS,Price Delivered to Commercial Sectors,N3020US3,U.S. Price of Natural Gas Sold to Commercial Consumers (Dollars per Thousand Cubic Feet)
1991,6,2.85,$/MCF,SAK,USA-AK,PCS,Price Delivered to Commercial Sectors,N3020AK3,Alaska Price of Natural Gas Sold to Commercial Consumers (Dollars per Thousand Cubic Feet)
1991,6,6.97,$/MCF,NUS,U.S.,PRS,Price Delivered to Residential Consumers,N3010US3,U.S. Price of Natural Gas Delivered to Residential Consumers (Dollars per Thousand Cubic Feet)
1991,6,4.49,$/MCF,SAK,USA-AK,PRS,Price Delivered to Residential Consumers,N3010AK3,Alaska Price of Natural Gas Delivered to Residential Consumers (Dollars per Thousand Cubic Feet)
1991,5,2.76,$/MCF,NUS,U.S.,PG1,City Gate Price,N3050US3,U.S. Natural Gas Citygate Price (Dollars per Thousand Cubic Feet)
1991,5,0.33,$/MCF,SAK,USA-AK,PG1,City Gate Price,N3050AK3,Natural Gas Citygate Price in Alaska (Dollars per Thousand Cubic Feet)
1991,5,4.65,$/MCF,NUS,U.S.,PCS,Price Delivered to Commercial Sectors,N3020US3,U.S. Price of Natural Gas Sold to Commercial Consumers (Dollars per Thousand Cubic Feet)
1991,5,2.93,$/MCF,SAK,USA-AK,PCS,Price Delivered to Commercial Sectors,N3020AK3,Alaska Price of Natural Gas Sold to Commercial Consumers (Dollars per Thousand Cubic Feet)
1991,5,6.28,$/MCF,NUS,U.S.,PRS,Price Delivered to Residential Consumers,N3010US3,U.S. Price of Natural Gas Delivered to Residential Consumers (Dollars per Thousand Cubic Feet)
1991,5,4.36,$/MCF,SAK,USA-AK,PRS,Price Delivered to Residential Consumers,N3010AK3,Alaska Price of Natural Gas Delivered to Residential Consumers (Dollars per Thousand Cubic Feet)
1991,4,2.74,$/MCF,NUS,U.S.,PG1,City Gate Price,N3050US3,U.S. Natural Gas Citygate Price (Dollars per Thousand Cubic Feet)
1991,4,0.34,$/MCF,SAK,USA-AK,PG1,City Gate Price,N3050AK3,Natural Gas Citygate Price in Alaska (Dollars per Thousand Cubic Feet)
1991,4,4.87,$/MCF,NUS,U.S.,PCS,Price Delivered to Commercial Sectors,N3020US3,U.S. Price of Natural Gas Sold to Commercial Consumers (Dollars per Thousand Cubic Feet)
1991,4,3.01,$/MCF,SAK,USA-AK,PCS,Price Delivered to Commercial Sectors,N3020AK3,Alaska Price of Natural Gas Sold to Commercial Consumers (Dollars per Thousand Cubic Feet)
1991,4,5.9,$/MCF,NUS,U.S.,PRS,Price Delivered to Residential Consumers,N3010US3,U.S. Price of Natural Gas Delivered to Residential Consumers (Dollars per Thousand Cubic Feet)
1991,4,4.25,$/MCF,SAK,USA-AK,PRS,Price Delivered to Residential Consumers,N3010AK3,Alaska Price of Natural Gas Delivered to Residential Consumers (Dollars per Thousand Cubic Feet)
1991,3,2.78,$/MCF,NUS,U.S.,PG1,City Gate Price,N3050US3,U.S. Natural Gas Citygate Price (Dollars per Thousand Cubic Feet)
1991,3,0.33,$/MCF,SAK,USA-AK,PG1,City Gate Price,N3050AK3,Natural Gas Citygate Price in Alaska (Dollars per Thousand Cubic Feet)
1991,3,4.89,$/MCF,NUS,U.S.,PCS,Price Delivered to Commercial Sectors,N3020US3,U.S. Price of Natural Gas Sold to Commercial Consumers (Dollars per Thousand Cubic Feet)
1991,3,3.01,$/MCF,SAK,USA-AK,PCS,Price Delivered to Commercial Sectors,N3020AK3,Alaska Price of Natural Gas Sold to Commercial Consumers (Dollars per Thousand Cubic Feet)
1991,3,5.6,$/MCF,NUS,U.S.,PRS,Price Delivered to Residential Consumers,N3010US3,U.S. Price of Natural Gas Delivered to Residential Consumers (Dollars per Thousand Cubic Feet)
1991,3,4.22,$/MCF,SAK,USA-AK,PRS,Price Delivered to Residential Consumers,N3010AK3,Alaska Price of Natural Gas Delivered to Residential Consumers (Dollars per Thousand Cubic Feet)
1991,2,2.94,$/MCF,NUS,U.S.,PG1,City Gate Price,N3050US3,U.S. Natural Gas Citygate Price (Dollars per Thousand Cubic Feet)
1991,2,0.33,$/MCF,SAK,USA-AK,PG1,City Gate Price,N3050AK3,Natural Gas Citygate Price in Alaska (Dollars per Thousand Cubic Feet)
1991,2,4.94,$/MCF,NUS,U.S.,PCS,Price Delivered to Commercial Sectors,N3020US3,U.S. Price of Natural Gas Sold to Commercial Consumers (Dollars per Thousand Cubic Feet)
1991,2,3.16,$/MCF,SAK,USA-AK,PCS,Price Delivered to Commercial Sectors,N3020AK3,Alaska Price of Natural Gas Sold to Commercial Consumers (Dollars per Thousand Cubic Feet)
1991,2,5.56,$/MCF,NUS,U.S.,PRS,Price Delivered to Residential Consumers,N3010US3,U.S. Price of Natural Gas Delivered to Residential Consumers (Dollars per Thousand Cubic Feet)
1991,2,4.18,$/MCF,SAK,USA-AK,PRS,Price Delivered to Residential Consumers,N3010AK3,Alaska Price of Natural Gas Delivered to Residential Consumers (Dollars per Thousand Cubic Feet)
1991,1,3.08,$/MCF,NUS,U.S.,PG1,City Gate Price,N3050US3,U.S. Natural Gas Citygate Price (Dollars per Thousand Cubic Feet)
1991,1,0.33,$/MCF,SAK,USA-AK,PG1,City Gate Price,N3050AK3,Natural Gas Citygate Price in Alaska (Dollars per Thousand Cubic Feet)
1991,1,4.94,$/MCF,NUS,U.S.,PCS,Price Delivered to Commercial Sectors,N3020US3,U.S. Price of Natural Gas Sold to Commercial Consumers (Dollars per Thousand Cubic Feet)
1991,1,3.12,$/MCF,SAK,USA-AK,PCS,Price Delivered to Commercial Sectors,N3020AK3,Alaska Price of Natural Gas Sold to Commercial Consumers (Dollars per Thousand Cubic Feet)
1991,1,5.54,$/MCF,NUS,U.S.,PRS,Price Delivered to Residential Consumers,N3010US3,U.S. Price of Natural Gas Delivered to Residential Consumers (Dollars per Thousand Cubic Feet)
1991,1,4.17,$/MCF,SAK,USA-AK,PRS,Price Delivered to Residential Consumers,N3010AK3,Alaska Price of Natural Gas Delivered to Residential Consumers (Dollars per Thousand Cubic Feet)
1990,12,3.19,$/MCF,NUS,U.S.,PG1,City Gate Price,N3050US3,U.S. Natural Gas Citygate Price (Dollars per Thousand Cubic Feet)
1990,12,0.35,$/MCF,SAK,USA-AK,PG1,City Gate Price,N3050AK3,Natural Gas Citygate Price in Alaska (Dollars per Thousand Cubic Feet)
1990,12,4.92,$/MCF,NUS,U.S.,PCS,Price Delivered to Commercial Sectors,N3020US3,U.S. Price of Natural Gas Sold to Commercial Consumers (Dollars per Thousand Cubic Feet)
1990,12,2.75,$/MCF,SAK,USA-AK,PCS,Price Delivered to Commercial Sectors,N3020AK3,Alaska Price of Natural Gas Sold to Commercial Consumers (Dollars per Thousand Cubic Feet)
1990,12,5.62,$/MCF,NUS,U.S.,PRS,Price Delivered to Residential Consumers,N3010US3,U.S. Price of Natural Gas Delivered to Residential Consumers (Dollars per Thousand Cubic Feet)
1990,12,3.68,$/MCF,SAK,USA-AK,PRS,Price Delivered to Residential Consumers,N3010AK3,Alaska Price of Natural Gas Delivered to Residential Consumers (Dollars per Thousand Cubic Feet)
1990,11,3.14,$/MCF,NUS,U.S.,PG1,City Gate Price,N3050US3,U.S. Natural Gas Citygate Price (Dollars per Thousand Cubic Feet)
1990,11,0.33,$/MCF,SAK,USA-AK,PG1,City Gate Price,N3050AK3,Natural Gas Citygate Price in Alaska (Dollars per Thousand Cubic Feet)
1990,11,4.81,$/MCF,NUS,U.S.,PCS,Price Delivered to Commercial Sectors,N3020US3,U.S. Price of Natural Gas Sold to Commercial Consumers (Dollars per Thousand Cubic Feet)
1990,11,2.69,$/MCF,SAK,USA-AK,PCS,Price Delivered to Commercial Sectors,N3020AK3,Alaska Price of Natural Gas Sold to Commercial Consumers (Dollars per Thousand Cubic Feet)
1990,11,5.69,$/MCF,NUS,U.S.,PRS,Price Delivered to Residential Consumers,N3010US3,U.S. Price of Natural Gas Delivered to Residential Consumers (Dollars per Thousand Cubic Feet)
1990,11,3.73,$/MCF,SAK,USA-AK,PRS,Price Delivered to Residential Consumers,N3010AK3,Alaska Price of Natural Gas Delivered to Residential Consumers (Dollars per Thousand Cubic Feet)
1990,10,2.81,$/MCF,NUS,U.S.,PG1,City Gate Price,N3050US3,U.S. Natural Gas Citygate Price (Dollars per Thousand Cubic Feet)
1990,10,0.33,$/MCF,SAK,USA-AK,PG1,City Gate Price,N3050AK3,Natural Gas Citygate Price in Alaska (Dollars per Thousand Cubic Feet)
1990,10,4.66,$/MCF,NUS,U.S.,PCS,Price Delivered to Commercial Sectors,N3020US3,U.S. Price of Natural Gas Sold to Commercial Consumers (Dollars per Thousand Cubic Feet)
1990,10,2.57,$/MCF,SAK,USA-AK,PCS,Price Delivered to Commercial Sectors,N3020AK3,Alaska Price of Natural Gas Sold to Commercial Consumers (Dollars per Thousand Cubic Feet)
1990,10,6.14,$/MCF,NUS,U.S.,PRS,Price Delivered to Residential Consumers,N3010US3,U.S. Price of Natural Gas Delivered to Residential Consumers (Dollars per Thousand Cubic Feet)
1990,10,3.87,$/MCF,SAK,USA-AK,PRS,Price Delivered to Residential Consumers,N3010AK3,Alaska Price of Natural Gas Delivered to Residential Consumers (Dollars per Thousand Cubic Feet)
1990,9,2.92,$/MCF,NUS,U.S.,PG1,City Gate Price,N3050US3,U.S. Natural Gas Citygate Price (Dollars per Thousand Cubic Feet)
1990,9,0.38,$/MCF,SAK,USA-AK,PG1,City Gate Price,N3050AK3,Natural Gas Citygate Price in Alaska (Dollars per Thousand Cubic Feet)
1990,9,4.55,$/MCF,NUS,U.S.,PCS,Price Delivered to Commercial Sectors,N3020US3,U.S. Price of Natural Gas Sold to Commercial Consumers (Dollars per Thousand Cubic Feet)
1990,9,2.49,$/MCF,SAK,USA-AK,PCS,Price Delivered to Commercial Sectors,N3020AK3,Alaska Price of Natural Gas Sold to Commercial Consumers (Dollars per Thousand Cubic Feet)
1990,9,6.9,$/MCF,NUS,U.S.,PRS,Price Delivered to Residential Consumers,N3010US3,U.S. Price of Natural Gas Delivered to Residential Consumers (Dollars per Thousand Cubic Feet)
1990,9,4.12,$/MCF,SAK,USA-AK,PRS,Price Delivered to Residential Consumers,N3010AK3,Alaska Price of Natural Gas Delivered to Residential Consumers (Dollars per Thousand Cubic Feet)
1990,8,2.91,$/MCF,NUS,U.S.,PG1,City Gate Price,N3050US3,U.S. Natural Gas Citygate Price (Dollars per Thousand Cubic Feet)
1990,8,0.35,$/MCF,SAK,USA-AK,PG1,City Gate Price,N3050AK3,Natural Gas Citygate Price in Alaska (Dollars per Thousand Cubic Feet)
1990,8,4.55,$/MCF,NUS,U.S.,PCS,Price Delivered to Commercial Sectors,N3020US3,U.S. Price of Natural Gas Sold to Commercial Consumers (Dollars per Thousand Cubic Feet)
1990,8,2.41,$/MCF,SAK,USA-AK,PCS,Price Delivered to Commercial Sectors,N3020AK3,Alaska Price of Natural Gas Sold to Commercial Consumers (Dollars per Thousand Cubic Feet)
1990,8,7.08,$/MCF,NUS,U.S.,PRS,Price Delivered to Residential Consumers,N3010US3,U.S. Price of Natural Gas Delivered to Residential Consumers (Dollars per Thousand Cubic Feet)
1990,8,4.29,$/MCF,SAK,USA-AK,PRS,Price Delivered to Residential Consumers,N3010AK3,Alaska Price of Natural Gas Delivered to Residential Consumers (Dollars per Thousand Cubic Feet)
1990,7,3.03,$/MCF,NUS,U.S.,PG1,City Gate Price,N3050US3,U.S. Natural Gas Citygate Price (Dollars per Thousand Cubic Feet)
1990,7,0.33,$/MCF,SAK,USA-AK,PG1,City Gate Price,N3050AK3,Natural Gas Citygate Price in Alaska (Dollars per Thousand Cubic Feet)
1990,7,4.45,$/MCF,NUS,U.S.,PCS,Price Delivered to Commercial Sectors,N3020US3,U.S. Price of Natural Gas Sold to Commercial Consumers (Dollars per Thousand Cubic Feet)
1990,7,2.44,$/MCF,SAK,USA-AK,PCS,Price Delivered to Commercial Sectors,N3020AK3,Alaska Price of Natural Gas Sold to Commercial Consumers (Dollars per Thousand Cubic Feet)
1990,7,7.04,$/MCF,NUS,U.S.,PRS,Price Delivered to Residential Consumers,N3010US3,U.S. Price of Natural Gas Delivered to Residential Consumers (Dollars per Thousand Cubic Feet)
1990,7,4.3,$/MCF,SAK,USA-AK,PRS,Price Delivered to Residential Consumers,N3010AK3,Alaska Price of Natural Gas Delivered to Residential Consumers (Dollars per Thousand Cubic Feet)
1990,6,3,$/MCF,NUS,U.S.,PG1,City Gate Price,N3050US3,U.S. Natural Gas Citygate Price (Dollars per Thousand Cubic Feet)
1990,6,0.33,$/MCF,SAK,USA-AK,PG1,City Gate Price,N3050AK3,Natural Gas Citygate Price in Alaska (Dollars per Thousand Cubic Feet)
1990,6,4.56,$/MCF,NUS,U.S.,PCS,Price Delivered to Commercial Sectors,N3020US3,U.S. Price of Natural Gas Sold to Commercial Consumers (Dollars per Thousand Cubic Feet)
1990,6,2.52,$/MCF,SAK,USA-AK,PCS,Price Delivered to Commercial Sectors,N3020AK3,Alaska Price of Natural Gas Sold to Commercial Consumers (Dollars per Thousand Cubic Feet)
1990,6,6.56,$/MCF,NUS,U.S.,PRS,Price Delivered to Residential Consumers,N3010US3,U.S. Price of Natural Gas Delivered to Residential Consumers (Dollars per Thousand Cubic Feet)
1990,6,4.1,$/MCF,SAK,USA-AK,PRS,Price Delivered to Residential Consumers,N3010AK3,Alaska Price of Natural Gas Delivered to Residential Consumers (Dollars per Thousand Cubic Feet)
1990,5,2.81,$/MCF,NUS,U.S.,PG1,City Gate Price,N3050US3,U.S. Natural Gas Citygate Price (Dollars per Thousand Cubic Feet)
1990,5,0.33,$/MCF,SAK,USA-AK,PG1,City Gate Price,N3050AK3,Natural Gas Citygate Price in Alaska (Dollars per Thousand Cubic Feet)
1990,5,4.63,$/MCF,NUS,U.S.,PCS,Price Delivered to Commercial Sectors,N3020US3,U.S. Price of Natural Gas Sold to Commercial Consumers (Dollars per Thousand Cubic Feet)
1990,5,2.55,$/MCF,SAK,USA-AK,PCS,Price Delivered to Commercial Sectors,N3020AK3,Alaska Price of Natural Gas Sold to Commercial Consumers (Dollars per Thousand Cubic Feet)
1990,5,6,$/MCF,NUS,U.S.,PRS,Price Delivered to Residential Consumers,N3010US3,U.S. Price of Natural Gas Delivered to Residential Consumers (Dollars per Thousand Cubic Feet)
1990,5,3.93,$/MCF,SAK,USA-AK,PRS,Price Delivered to Residential Consumers,N3010AK3,Alaska Price of Natural Gas Delivered to Residential Consumers (Dollars per Thousand Cubic Feet)
1990,4,2.83,$/MCF,NUS,U.S.,PG1,City Gate Price,N3050US3,U.S. Natural Gas Citygate Price (Dollars per Thousand Cubic Feet)
1990,4,0.33,$/MCF,SAK,USA-AK,PG1,City Gate Price,N3050AK3,Natural Gas Citygate Price in Alaska (Dollars per Thousand Cubic Feet)
1990,4,4.82,$/MCF,NUS,U.S.,PCS,Price Delivered to Commercial Sectors,N3020US3,U.S. Price of Natural Gas Sold to Commercial Consumers (Dollars per Thousand Cubic Feet)
1990,4,2.62,$/MCF,SAK,USA-AK,PCS,Price Delivered to Commercial Sectors,N3020AK3,Alaska Price of Natural Gas Sold to Commercial Consumers (Dollars per Thousand Cubic Feet)
1990,4,5.64,$/MCF,NUS,U.S.,PRS,Price Delivered to Residential Consumers,N3010US3,U.S. Price of Natural Gas Delivered to Residential Consumers (Dollars per Thousand Cubic Feet)
1990,4,3.79,$/MCF,SAK,USA-AK,PRS,Price Delivered to Residential Consumers,N3010AK3,Alaska Price of Natural Gas Delivered to Residential Consumers (Dollars per Thousand Cubic Feet)
1990,3,2.94,$/MCF,NUS,U.S.,PG1,City Gate Price,N3050US3,U.S. Natural Gas Citygate Price (Dollars per Thousand Cubic Feet)
1990,3,0.33,$/MCF,SAK,USA-AK,PG1,City Gate Price,N3050AK3,Natural Gas Citygate Price in Alaska (Dollars per Thousand Cubic Feet)
1990,3,4.92,$/MCF,NUS,U.S.,PCS,Price Delivered to Commercial Sectors,N3020US3,U.S. Price of Natural Gas Sold to Commercial Consumers (Dollars per Thousand Cubic Feet)
1990,3,2.71,$/MCF,SAK,USA-AK,PCS,Price Delivered to Commercial Sectors,N3020AK3,Alaska Price of Natural Gas Sold to Commercial Consumers (Dollars per Thousand Cubic Feet)
1990,3,5.6,$/MCF,NUS,U.S.,PRS,Price Delivered to Residential Consumers,N3010US3,U.S. Price of Natural Gas Delivered to Residential Consumers (Dollars per Thousand Cubic Feet)
1990,3,3.71,$/MCF,SAK,USA-AK,PRS,Price Delivered to Residential Consumers,N3010AK3,Alaska Price of Natural Gas Delivered to Residential Consumers (Dollars per Thousand Cubic Feet)
1990,2,3.1,$/MCF,NUS,U.S.,PG1,City Gate Price,N3050US3,U.S. Natural Gas Citygate Price (Dollars per Thousand Cubic Feet)
1990,2,0.33,$/MCF,SAK,USA-AK,PG1,City Gate Price,N3050AK3,Natural Gas Citygate Price in Alaska (Dollars per Thousand Cubic Feet)
1990,2,5.05,$/MCF,NUS,U.S.,PCS,Price Delivered to Commercial Sectors,N3020US3,U.S. Price of Natural Gas Sold to Commercial Consumers (Dollars per Thousand Cubic Feet)
1990,2,2.74,$/MCF,SAK,USA-AK,PCS,Price Delivered to Commercial Sectors,N3020AK3,Alaska Price of Natural Gas Sold to Commercial Consumers (Dollars per Thousand Cubic Feet)
1990,2,5.65,$/MCF,NUS,U.S.,PRS,Price Delivered to Residential Consumers,N3010US3,U.S. Price of Natural Gas Delivered to Residential Consumers (Dollars per Thousand Cubic Feet)
1990,2,3.68,$/MCF,SAK,USA-AK,PRS,Price Delivered to Residential Consumers,N3010AK3,Alaska Price of Natural Gas Delivered to Residential Consumers (Dollars per Thousand Cubic Feet)
1990,1,3.24,$/MCF,NUS,U.S.,PG1,City Gate Price,N3050US3,U.S. Natural Gas Citygate Price (Dollars per Thousand Cubic Feet)
1990,1,0.33,$/MCF,SAK,USA-AK,PG1,City Gate Price,N3050AK3,Natural Gas Citygate Price in Alaska (Dollars per Thousand Cubic Feet)
1990,1,4.97,$/MCF,NUS,U.S.,PCS,Price Delivered to Commercial Sectors,N3020US3,U.S. Price of Natural Gas Sold to Commercial Consumers (Dollars per Thousand Cubic Feet)
1990,1,2.67,$/MCF,SAK,USA-AK,PCS,Price Delivered to Commercial Sectors,N3020AK3,Alaska Price of Natural Gas Sold to Commercial Consumers (Dollars per Thousand Cubic Feet)
1990,1,5.43,$/MCF,NUS,U.S.,PRS,Price Delivered to Residential Consumers,N3010US3,U.S. Price of Natural Gas Delivered to Residential Consumers (Dollars per Thousand Cubic Feet)
1990,1,3.7,$/MCF,SAK,USA-AK,PRS,Price Delivered to Residential Consumers,N3010AK3,Alaska Price of Natural Gas Delivered to Residential Consumers (Dollars per Thousand Cubic Feet)
1989,12,3.1,$/MCF,NUS,U.S.,PG1,City Gate Price,N3050US3,U.S. Natural Gas Citygate Price (Dollars per Thousand Cubic Feet)
1989,12,0.33,$/MCF,SAK,USA-AK,PG1,City Gate Price,N3050AK3,Natural Gas Citygate Price in Alaska (Dollars per Thousand Cubic Feet)
1989,12,4.81,$/MCF,NUS,U.S.,PCS,Price Delivered to Commercial Sectors,N3020US3,U.S. Price of Natural Gas Sold to Commercial Consumers (Dollars per Thousand Cubic Feet)
1989,12,2.53,$/MCF,SAK,USA-AK,PCS,Price Delivered to Commercial Sectors,N3020AK3,Alaska Price of Natural Gas Sold to Commercial Consumers (Dollars per Thousand Cubic Feet)
1989,12,5.3,$/MCF,NUS,U.S.,PRS,Price Delivered to Residential Consumers,N3010US3,U.S. Price of Natural Gas Delivered to Residential Consumers (Dollars per Thousand Cubic Feet)
1989,12,3.55,$/MCF,SAK,USA-AK,PRS,Price Delivered to Residential Consumers,N3010AK3,Alaska Price of Natural Gas Delivered to Residential Consumers (Dollars per Thousand Cubic Feet)
1989,11,2.98,$/MCF,NUS,U.S.,PG1,City Gate Price,N3050US3,U.S. Natural Gas Citygate Price (Dollars per Thousand Cubic Feet)
1989,11,0.33,$/MCF,SAK,USA-AK,PG1,City Gate Price,N3050AK3,Natural Gas Citygate Price in Alaska (Dollars per Thousand Cubic Feet)
1989,11,4.71,$/MCF,NUS,U.S.,PCS,Price Delivered to Commercial Sectors,N3020US3,U.S. Price of Natural Gas Sold to Commercial Consumers (Dollars per Thousand Cubic Feet)
1989,11,2.48,$/MCF,SAK,USA-AK,PCS,Price Delivered to Commercial Sectors,N3020AK3,Alaska Price of Natural Gas Sold to Commercial Consumers (Dollars per Thousand Cubic Feet)
1989,11,5.56,$/MCF,NUS,U.S.,PRS,Price Delivered to Residential Consumers,N3010US3,U.S. Price of Natural Gas Delivered to Residential Consumers (Dollars per Thousand Cubic Feet)
1989,11,3.57,$/MCF,SAK,USA-AK,PRS,Price Delivered to Residential Consumers,N3010AK3,Alaska Price of Natural Gas Delivered to Residential Consumers (Dollars per Thousand Cubic Feet)
1989,10,2.84,$/MCF,NUS,U.S.,PG1,City Gate Price,N3050US3,U.S. Natural Gas Citygate Price (Dollars per Thousand Cubic Feet)
1989,10,0.33,$/MCF,SAK,USA-AK,PG1,City Gate Price,N3050AK3,Natural Gas Citygate Price in Alaska (Dollars per Thousand Cubic Feet)
1989,10,4.61,$/MCF,NUS,U.S.,PCS,Price Delivered to Commercial Sectors,N3020US3,U.S. Price of Natural Gas Sold to Commercial Consumers (Dollars per Thousand Cubic Feet)
1989,10,2.38,$/MCF,SAK,USA-AK,PCS,Price Delivered to Commercial Sectors,N3020AK3,Alaska Price of Natural Gas Sold to Commercial Consumers (Dollars per Thousand Cubic Feet)
1989,10,6.06,$/MCF,NUS,U.S.,PRS,Price Delivered to Residential Consumers,N3010US3,U.S. Price of Natural Gas Delivered to Residential Consumers (Dollars per Thousand Cubic Feet)
1989,10,3.71,$/MCF,SAK,USA-AK,PRS,Price Delivered to Residential Consumers,N3010AK3,Alaska Price of Natural Gas Delivered to Residential Consumers (Dollars per Thousand Cubic Feet)
1989,9,2.99,$/MCF,NUS,U.S.,PG1,City Gate Price,N3050US3,U.S. Natural Gas Citygate Price (Dollars per Thousand Cubic Feet)
1989,9,0.33,$/MCF,SAK,USA-AK,PG1,City Gate Price,N3050AK3,Natural Gas Citygate Price in Alaska (Dollars per Thousand Cubic Feet)
1989,9,4.67,$/MCF,NUS,U.S.,PCS,Price Delivered to Commercial Sectors,N3020US3,U.S. Price of Natural Gas Sold to Commercial Consumers (Dollars per Thousand Cubic Feet)
1989,9,2.3,$/MCF,SAK,USA-AK,PCS,Price Delivered to Commercial Sectors,N3020AK3,Alaska Price of Natural Gas Sold to Commercial Consumers (Dollars per Thousand Cubic Feet)
1989,9,6.8,$/MCF,NUS,U.S.,PRS,Price Delivered to Residential Consumers,N3010US3,U.S. Price of Natural Gas Delivered to Residential Consumers (Dollars per Thousand Cubic Feet)
1989,9,3.94,$/MCF,SAK,USA-AK,PRS,Price Delivered to Residential Consumers,N3010AK3,Alaska Price of Natural Gas Delivered to Residential Consumers (Dollars per Thousand Cubic Feet)
1989,8,3.04,$/MCF,NUS,U.S.,PG1,City Gate Price,N3050US3,U.S. Natural Gas Citygate Price (Dollars per Thousand Cubic Feet)
1989,8,0.33,$/MCF,SAK,USA-AK,PG1,City Gate Price,N3050AK3,Natural Gas Citygate Price in Alaska (Dollars per Thousand Cubic Feet)
1989,8,4.61,$/MCF,NUS,U.S.,PCS,Price Delivered to Commercial Sectors,N3020US3,U.S. Price of Natural Gas Sold to Commercial Consumers (Dollars per Thousand Cubic Feet)
1989,8,2.27,$/MCF,SAK,USA-AK,PCS,Price Delivered to Commercial Sectors,N3020AK3,Alaska Price of Natural Gas Sold to Commercial Consumers (Dollars per Thousand Cubic Feet)
1989,8,7.07,$/MCF,NUS,U.S.,PRS,Price Delivered to Residential Consumers,N3010US3,U.S. Price of Natural Gas Delivered to Residential Consumers (Dollars per Thousand Cubic Feet)
1989,8,4.19,$/MCF,SAK,USA-AK,PRS,Price Delivered to Residential Consumers,N3010AK3,Alaska Price of Natural Gas Delivered to Residential Consumers (Dollars per Thousand Cubic Feet)
1989,7,3.08,$/MCF,NUS,U.S.,PG1,City Gate Price,N3050US3,U.S. Natural Gas Citygate Price (Dollars per Thousand Cubic Feet)
1989,7,0.33,$/MCF,SAK,USA-AK,PG1,City Gate Price,N3050AK3,Natural Gas Citygate Price in Alaska (Dollars per Thousand Cubic Feet)
1989,7,4.65,$/MCF,NUS,U.S.,PCS,Price Delivered to Commercial Sectors,N3020US3,U.S. Price of Natural Gas Sold to Commercial Consumers (Dollars per Thousand Cubic Feet)
1989,7,2.59,$/MCF,SAK,USA-AK,PCS,Price Delivered to Commercial Sectors,N3020AK3,Alaska Price of Natural Gas Sold to Commercial Consumers (Dollars per Thousand Cubic Feet)
1989,7,6.92,$/MCF,NUS,U.S.,PRS,Price Delivered to Residential Consumers,N3010US3,U.S. Price of Natural Gas Delivered to Residential Consumers (Dollars per Thousand Cubic Feet)
1989,7,4.07,$/MCF,SAK,USA-AK,PRS,Price Delivered to Residential Consumers,N3010AK3,Alaska Price of Natural Gas Delivered to Residential Consumers (Dollars per Thousand Cubic Feet)
1989,6,2.98,$/MCF,NUS,U.S.,PG1,City Gate Price,N3050US3,U.S. Natural Gas Citygate Price (Dollars per Thousand Cubic Feet)
1989,6,0.33,$/MCF,SAK,USA-AK,PG1,City Gate Price,N3050AK3,Natural Gas Citygate Price in Alaska (Dollars per Thousand Cubic Feet)
1989,6,4.57,$/MCF,NUS,U.S.,PCS,Price Delivered to Commercial Sectors,N3020US3,U.S. Price of Natural Gas Sold to Commercial Consumers (Dollars per Thousand Cubic Feet)
1989,6,2.63,$/MCF,SAK,USA-AK,PCS,Price Delivered to Commercial Sectors,N3020AK3,Alaska Price of Natural Gas Sold to Commercial Consumers (Dollars per Thousand Cubic Feet)
1989,6,6.58,$/MCF,NUS,U.S.,PRS,Price Delivered to Residential Consumers,N3010US3,U.S. Price of Natural Gas Delivered to Residential Consumers (Dollars per Thousand Cubic Feet)
1989,6,3.84,$/MCF,SAK,USA-AK,PRS,Price Delivered to Residential Consumers,N3010AK3,Alaska Price of Natural Gas Delivered to Residential Consumers (Dollars per Thousand Cubic Feet)
1989,5,2.94,$/MCF,NUS,U.S.,PG1,City Gate Price,N3050US3,U.S. Natural Gas Citygate Price (Dollars per Thousand Cubic Feet)
1989,5,0.33,$/MCF,SAK,USA-AK,PG1,City Gate Price,N3050AK3,Natural Gas Citygate Price in Alaska (Dollars per Thousand Cubic Feet)
1989,5,4.64,$/MCF,NUS,U.S.,PCS,Price Delivered to Commercial Sectors,N3020US3,U.S. Price of Natural Gas Sold to Commercial Consumers (Dollars per Thousand Cubic Feet)
1989,5,2.61,$/MCF,SAK,USA-AK,PCS,Price Delivered to Commercial Sectors,N3020AK3,Alaska Price of Natural Gas Sold to Commercial Consumers (Dollars per Thousand Cubic Feet)
1989,5,5.93,$/MCF,NUS,U.S.,PRS,Price Delivered to Residential Consumers,N3010US3,U.S. Price of Natural Gas Delivered to Residential Consumers (Dollars per Thousand Cubic Feet)
1989,5,3.72,$/MCF,SAK,USA-AK,PRS,Price Delivered to Residential Consumers,N3010AK3,Alaska Price of Natural Gas Delivered to Residential Consumers (Dollars per Thousand Cubic Feet)
1989,4,2.83,$/MCF,NUS,U.S.,PG1,City Gate Price,N3050US3,U.S. Natural Gas Citygate Price (Dollars per Thousand Cubic Feet)
1989,4,0.33,$/MCF,SAK,USA-AK,PG1,City Gate Price,N3050AK3,Natural Gas Citygate Price in Alaska (Dollars per Thousand Cubic Feet)
1989,4,4.77,$/MCF,NUS,U.S.,PCS,Price Delivered to Commercial Sectors,N3020US3,U.S. Price of Natural Gas Sold to Commercial Consumers (Dollars per Thousand Cubic Feet)
1989,4,2.69,$/MCF,SAK,USA-AK,PCS,Price Delivered to Commercial Sectors,N3020AK3,Alaska Price of Natural Gas Sold to Commercial Consumers (Dollars per Thousand Cubic Feet)
1989,4,5.54,$/MCF,NUS,U.S.,PRS,Price Delivered to Residential Consumers,N3010US3,U.S. Price of Natural Gas Delivered to Residential Consumers (Dollars per Thousand Cubic Feet)
1989,4,3.61,$/MCF,SAK,USA-AK,PRS,Price Delivered to Residential Consumers,N3010AK3,Alaska Price of Natural Gas Delivered to Residential Consumers (Dollars per Thousand Cubic Feet)
1989,3,2.89,$/MCF,NUS,U.S.,PG1,City Gate Price,N3050US3,U.S. Natural Gas Citygate Price (Dollars per Thousand Cubic Feet)
1989,3,0.33,$/MCF,SAK,USA-AK,PG1,City Gate Price,N3050AK3,Natural Gas Citygate Price in Alaska (Dollars per Thousand Cubic Feet)
1989,3,4.79,$/MCF,NUS,U.S.,PCS,Price Delivered to Commercial Sectors,N3020US3,U.S. Price of Natural Gas Sold to Commercial Consumers (Dollars per Thousand Cubic Feet)
1989,3,2.68,$/MCF,SAK,USA-AK,PCS,Price Delivered to Commercial Sectors,N3020AK3,Alaska Price of Natural Gas Sold to Commercial Consumers (Dollars per Thousand Cubic Feet)
1989,3,5.45,$/MCF,NUS,U.S.,PRS,Price Delivered to Residential Consumers,N3010US3,U.S. Price of Natural Gas Delivered to Residential Consumers (Dollars per Thousand Cubic Feet)
1989,3,3.56,$/MCF,SAK,USA-AK,PRS,Price Delivered to Residential Consumers,N3010AK3,Alaska Price of Natural Gas Delivered to Residential Consumers (Dollars per Thousand Cubic Feet)
1989,2,3.1,$/MCF,NUS,U.S.,PG1,City Gate Price,N3050US3,U.S. Natural Gas Citygate Price (Dollars per Thousand Cubic Feet)
1989,2,0.33,$/MCF,SAK,USA-AK,PG1,City Gate Price,N3050AK3,Natural Gas Citygate Price in Alaska (Dollars per Thousand Cubic Feet)
1989,2,4.8,$/MCF,NUS,U.S.,PCS,Price Delivered to Commercial Sectors,N3020US3,U.S. Price of Natural Gas Sold to Commercial Consumers (Dollars per Thousand Cubic Feet)
1989,2,2.74,$/MCF,SAK,USA-AK,PCS,Price Delivered to Commercial Sectors,N3020AK3,Alaska Price of Natural Gas Sold to Commercial Consumers (Dollars per Thousand Cubic Feet)
1989,2,5.38,$/MCF,NUS,U.S.,PRS,Price Delivered to Residential Consumers,N3010US3,U.S. Price of Natural Gas Delivered to Residential Consumers (Dollars per Thousand Cubic Feet)
1989,2,3.51,$/MCF,SAK,USA-AK,PRS,Price Delivered to Residential Consumers,N3010AK3,Alaska Price of Natural Gas Delivered to Residential Consumers (Dollars per Thousand Cubic Feet)
1989,1,3.17,$/MCF,NUS,U.S.,PG1,City Gate Price,N3050US3,U.S. Natural Gas Citygate Price (Dollars per Thousand Cubic Feet)
1989,1,0.33,$/MCF,SAK,USA-AK,PG1,City Gate Price,N3050AK3,Natural Gas Citygate Price in Alaska (Dollars per Thousand Cubic Feet)
1989,1,4.81,$/MCF,NUS,U.S.,PCS,Price Delivered to Commercial Sectors,N3020US3,U.S. Price of Natural Gas Sold to Commercial Consumers (Dollars per Thousand Cubic Feet)
1989,1,2.65,$/MCF,SAK,USA-AK,PCS,Price Delivered to Commercial Sectors,N3020AK3,Alaska Price of Natural Gas Sold to Commercial Consumers (Dollars per Thousand Cubic Feet)
1989,1,5.41,$/MCF,NUS,U.S.,PRS,Price Delivered to Residential Consumers,N3010US3,U.S. Price of Natural Gas Delivered to Residential Consumers (Dollars per Thousand Cubic Feet)
1989,1,3.53,$/MCF,SAK,USA-AK,PRS,Price Delivered to Residential Consumers,N3010AK3,Alaska Price of Natural Gas Delivered to Residential Consumers (Dollars per Thousand Cubic Feet)
1988,12,3.08,$/MCF,NUS,U.S.,PG1,City Gate Price,N3050US3,U.S. Natural Gas Citygate Price (Dollars per Thousand Cubic Feet)
1988,12,4.78,$/MCF,NUS,U.S.,PCS,Price Delivered to Commercial Sectors,N3020US3,U.S. Price of Natural Gas Sold to Commercial Consumers (Dollars per Thousand Cubic Feet)
1988,12,5.39,$/MCF,NUS,U.S.,PRS,Price Delivered to Residential Consumers,N3010US3,U.S. Price of Natural Gas Delivered to Residential Consumers (Dollars per Thousand Cubic Feet)
1988,11,2.98,$/MCF,NUS,U.S.,PG1,City Gate Price,N3050US3,U.S. Natural Gas Citygate Price (Dollars per Thousand Cubic Feet)
1988,11,4.69,$/MCF,NUS,U.S.,PCS,Price Delivered to Commercial Sectors,N3020US3,U.S. Price of Natural Gas Sold to Commercial Consumers (Dollars per Thousand Cubic Feet)
1988,11,5.56,$/MCF,NUS,U.S.,PRS,Price Delivered to Residential Consumers,N3010US3,U.S. Price of Natural Gas Delivered to Residential Consumers (Dollars per Thousand Cubic Feet)
1988,10,2.92,$/MCF,NUS,U.S.,PG1,City Gate Price,N3050US3,U.S. Natural Gas Citygate Price (Dollars per Thousand Cubic Feet)
1988,10,4.53,$/MCF,NUS,U.S.,PCS,Price Delivered to Commercial Sectors,N3020US3,U.S. Price of Natural Gas Sold to Commercial Consumers (Dollars per Thousand Cubic Feet)
1988,10,5.95,$/MCF,NUS,U.S.,PRS,Price Delivered to Residential Consumers,N3010US3,U.S. Price of Natural Gas Delivered to Residential Consumers (Dollars per Thousand Cubic Feet)
1988,9,3.05,$/MCF,NUS,U.S.,PG1,City Gate Price,N3050US3,U.S. Natural Gas Citygate Price (Dollars per Thousand Cubic Feet)
1988,9,4.41,$/MCF,NUS,U.S.,PCS,Price Delivered to Commercial Sectors,N3020US3,U.S. Price of Natural Gas Sold to Commercial Consumers (Dollars per Thousand Cubic Feet)
1988,9,6.79,$/MCF,NUS,U.S.,PRS,Price Delivered to Residential Consumers,N3010US3,U.S. Price of Natural Gas Delivered to Residential Consumers (Dollars per Thousand Cubic Feet)
1988,8,2.92,$/MCF,NUS,U.S.,PG1,City Gate Price,N3050US3,U.S. Natural Gas Citygate Price (Dollars per Thousand Cubic Feet)
1988,8,4.37,$/MCF,NUS,U.S.,PCS,Price Delivered to Commercial Sectors,N3020US3,U.S. Price of Natural Gas Sold to Commercial Consumers (Dollars per Thousand Cubic Feet)
1988,8,6.92,$/MCF,NUS,U.S.,PRS,Price Delivered to Residential Consumers,N3010US3,U.S. Price of Natural Gas Delivered to Residential Consumers (Dollars per Thousand Cubic Feet)
1988,7,2.87,$/MCF,NUS,U.S.,PG1,City Gate Price,N3050US3,U.S. Natural Gas Citygate Price (Dollars per Thousand Cubic Feet)
1988,7,4.48,$/MCF,NUS,U.S.,PCS,Price Delivered to Commercial Sectors,N3020US3,U.S. Price of Natural Gas Sold to Commercial Consumers (Dollars per Thousand Cubic Feet)
1988,7,6.74,$/MCF,NUS,U.S.,PRS,Price Delivered to Residential Consumers,N3010US3,U.S. Price of Natural Gas Delivered to Residential Consumers (Dollars per Thousand Cubic Feet)
1988,6,2.87,$/MCF,NUS,U.S.,PG1,City Gate Price,N3050US3,U.S. Natural Gas Citygate Price (Dollars per Thousand Cubic Feet)
1988,6,4.53,$/MCF,NUS,U.S.,PCS,Price Delivered to Commercial Sectors,N3020US3,U.S. Price of Natural Gas Sold to Commercial Consumers (Dollars per Thousand Cubic Feet)
1988,6,6.5,$/MCF,NUS,U.S.,PRS,Price Delivered to Residential Consumers,N3010US3,U.S. Price of Natural Gas Delivered to Residential Consumers (Dollars per Thousand Cubic Feet)
1988,5,2.75,$/MCF,NUS,U.S.,PG1,City Gate Price,N3050US3,U.S. Natural Gas Citygate Price (Dollars per Thousand Cubic Feet)
1988,5,4.61,$/MCF,NUS,U.S.,PCS,Price Delivered to Commercial Sectors,N3020US3,U.S. Price of Natural Gas Sold to Commercial Consumers (Dollars per Thousand Cubic Feet)
1988,5,5.87,$/MCF,NUS,U.S.,PRS,Price Delivered to Residential Consumers,N3010US3,U.S. Price of Natural Gas Delivered to Residential Consumers (Dollars per Thousand Cubic Feet)
1988,4,2.79,$/MCF,NUS,U.S.,PG1,City Gate Price,N3050US3,U.S. Natural Gas Citygate Price (Dollars per Thousand Cubic Feet)
1988,4,4.71,$/MCF,NUS,U.S.,PCS,Price Delivered to Commercial Sectors,N3020US3,U.S. Price of Natural Gas Sold to Commercial Consumers (Dollars per Thousand Cubic Feet)
1988,4,5.35,$/MCF,NUS,U.S.,PRS,Price Delivered to Residential Consumers,N3010US3,U.S. Price of Natural Gas Delivered to Residential Consumers (Dollars per Thousand Cubic Feet)
1988,3,2.87,$/MCF,NUS,U.S.,PG1,City Gate Price,N3050US3,U.S. Natural Gas Citygate Price (Dollars per Thousand Cubic Feet)
1988,3,4.69,$/MCF,NUS,U.S.,PCS,Price Delivered to Commercial Sectors,N3020US3,U.S. Price of Natural Gas Sold to Commercial Consumers (Dollars per Thousand Cubic Feet)
1988,3,5.18,$/MCF,NUS,U.S.,PRS,Price Delivered to Residential Consumers,N3010US3,U.S. Price of Natural Gas Delivered to Residential Consumers (Dollars per Thousand Cubic Feet)
1988,2,2.95,$/MCF,NUS,U.S.,PG1,City Gate Price,N3050US3,U.S. Natural Gas Citygate Price (Dollars per Thousand Cubic Feet)
1988,2,4.69,$/MCF,NUS,U.S.,PCS,Price Delivered to Commercial Sectors,N3020US3,U.S. Price of Natural Gas Sold to Commercial Consumers (Dollars per Thousand Cubic Feet)
1988,2,5.09,$/MCF,NUS,U.S.,PRS,Price Delivered to Residential Consumers,N3010US3,U.S. Price of Natural Gas Delivered to Residential Consumers (Dollars per Thousand Cubic Feet)
1988,1,2.91,$/MCF,NUS,U.S.,PG1,City Gate Price,N3050US3,U.S. Natural Gas Citygate Price (Dollars per Thousand Cubic Feet)
1988,1,4.6,$/MCF,NUS,U.S.,PCS,Price Delivered to Commercial Sectors,N3020US3,U.S. Price of Natural Gas Sold to Commercial Consumers (Dollars per Thousand Cubic Feet)
1988,1,5.08,$/MCF,NUS,U.S.,PRS,Price Delivered to Residential Consumers,N3010US3,U.S. Price of Natural Gas Delivered to Residential Consumers (Dollars per Thousand Cubic Feet)
1987,12,2.84,$/MCF,NUS,U.S.,PG1,City Gate Price,N3050US3,U.S. Natural Gas Citygate Price (Dollars per Thousand Cubic Feet)
1987,12,4.67,$/MCF,NUS,U.S.,PCS,Price Delivered to Commercial Sectors,N3020US3,U.S. Price of Natural Gas Sold to Commercial Consumers (Dollars per Thousand Cubic Feet)
1987,12,5.13,$/MCF,NUS,U.S.,PRS,Price Delivered to Residential Consumers,N3010US3,U.S. Price of Natural Gas Delivered to Residential Consumers (Dollars per Thousand Cubic Feet)
1987,11,2.76,$/MCF,NUS,U.S.,PG1,City Gate Price,N3050US3,U.S. Natural Gas Citygate Price (Dollars per Thousand Cubic Feet)
1987,11,4.66,$/MCF,NUS,U.S.,PCS,Price Delivered to Commercial Sectors,N3020US3,U.S. Price of Natural Gas Sold to Commercial Consumers (Dollars per Thousand Cubic Feet)
1987,11,5.42,$/MCF,NUS,U.S.,PRS,Price Delivered to Residential Consumers,N3010US3,U.S. Price of Natural Gas Delivered to Residential Consumers (Dollars per Thousand Cubic Feet)
1987,10,2.69,$/MCF,NUS,U.S.,PG1,City Gate Price,N3050US3,U.S. Natural Gas Citygate Price (Dollars per Thousand Cubic Feet)
1987,10,4.62,$/MCF,NUS,U.S.,PCS,Price Delivered to Commercial Sectors,N3020US3,U.S. Price of Natural Gas Sold to Commercial Consumers (Dollars per Thousand Cubic Feet)
1987,10,5.85,$/MCF,NUS,U.S.,PRS,Price Delivered to Residential Consumers,N3010US3,U.S. Price of Natural Gas Delivered to Residential Consumers (Dollars per Thousand Cubic Feet)
1987,9,2.83,$/MCF,NUS,U.S.,PG1,City Gate Price,N3050US3,U.S. Natural Gas Citygate Price (Dollars per Thousand Cubic Feet)
1987,9,4.6,$/MCF,NUS,U.S.,PCS,Price Delivered to Commercial Sectors,N3020US3,U.S. Price of Natural Gas Sold to Commercial Consumers (Dollars per Thousand Cubic Feet)
1987,9,6.64,$/MCF,NUS,U.S.,PRS,Price Delivered to Residential Consumers,N3010US3,U.S. Price of Natural Gas Delivered to Residential Consumers (Dollars per Thousand Cubic Feet)
1987,8,2.89,$/MCF,NUS,U.S.,PG1,City Gate Price,N3050US3,U.S. Natural Gas Citygate Price (Dollars per Thousand Cubic Feet)
1987,8,4.77,$/MCF,NUS,U.S.,PCS,Price Delivered to Commercial Sectors,N3020US3,U.S. Price of Natural Gas Sold to Commercial Consumers (Dollars per Thousand Cubic Feet)
1987,8,6.84,$/MCF,NUS,U.S.,PRS,Price Delivered to Residential Consumers,N3010US3,U.S. Price of Natural Gas Delivered to Residential Consumers (Dollars per Thousand Cubic Feet)
1987,7,2.92,$/MCF,NUS,U.S.,PG1,City Gate Price,N3050US3,U.S. Natural Gas Citygate Price (Dollars per Thousand Cubic Feet)
1987,7,4.78,$/MCF,NUS,U.S.,PCS,Price Delivered to Commercial Sectors,N3020US3,U.S. Price of Natural Gas Sold to Commercial Consumers (Dollars per Thousand Cubic Feet)
1987,7,6.78,$/MCF,NUS,U.S.,PRS,Price Delivered to Residential Consumers,N3010US3,U.S. Price of Natural Gas Delivered to Residential Consumers (Dollars per Thousand Cubic Feet)
1987,6,2.84,$/MCF,NUS,U.S.,PG1,City Gate Price,N3050US3,U.S. Natural Gas Citygate Price (Dollars per Thousand Cubic Feet)
1987,6,4.87,$/MCF,NUS,U.S.,PCS,Price Delivered to Commercial Sectors,N3020US3,U.S. Price of Natural Gas Sold to Commercial Consumers (Dollars per Thousand Cubic Feet)
1987,6,6.55,$/MCF,NUS,U.S.,PRS,Price Delivered to Residential Consumers,N3010US3,U.S. Price of Natural Gas Delivered to Residential Consumers (Dollars per Thousand Cubic Feet)
1987,5,2.81,$/MCF,NUS,U.S.,PG1,City Gate Price,N3050US3,U.S. Natural Gas Citygate Price (Dollars per Thousand Cubic Feet)
1987,5,4.88,$/MCF,NUS,U.S.,PCS,Price Delivered to Commercial Sectors,N3020US3,U.S. Price of Natural Gas Sold to Commercial Consumers (Dollars per Thousand Cubic Feet)
1987,5,5.98,$/MCF,NUS,U.S.,PRS,Price Delivered to Residential Consumers,N3010US3,U.S. Price of Natural Gas Delivered to Residential Consumers (Dollars per Thousand Cubic Feet)
1987,4,2.86,$/MCF,NUS,U.S.,PG1,City Gate Price,N3050US3,U.S. Natural Gas Citygate Price (Dollars per Thousand Cubic Feet)
1987,4,4.9,$/MCF,NUS,U.S.,PCS,Price Delivered to Commercial Sectors,N3020US3,U.S. Price of Natural Gas Sold to Commercial Consumers (Dollars per Thousand Cubic Feet)
1987,4,5.46,$/MCF,NUS,U.S.,PRS,Price Delivered to Residential Consumers,N3010US3,U.S. Price of Natural Gas Delivered to Residential Consumers (Dollars per Thousand Cubic Feet)
1987,3,2.91,$/MCF,NUS,U.S.,PG1,City Gate Price,N3050US3,U.S. Natural Gas Citygate Price (Dollars per Thousand Cubic Feet)
1987,3,4.8,$/MCF,NUS,U.S.,PCS,Price Delivered to Commercial Sectors,N3020US3,U.S. Price of Natural Gas Sold to Commercial Consumers (Dollars per Thousand Cubic Feet)
1987,3,5.36,$/MCF,NUS,U.S.,PRS,Price Delivered to Residential Consumers,N3010US3,U.S. Price of Natural Gas Delivered to Residential Consumers (Dollars per Thousand Cubic Feet)
1987,2,3.03,$/MCF,NUS,U.S.,PG1,City Gate Price,N3050US3,U.S. Natural Gas Citygate Price (Dollars per Thousand Cubic Feet)
1987,2,4.79,$/MCF,NUS,U.S.,PCS,Price Delivered to Commercial Sectors,N3020US3,U.S. Price of Natural Gas Sold to Commercial Consumers (Dollars per Thousand Cubic Feet)
1987,2,5.34,$/MCF,NUS,U.S.,PRS,Price Delivered to Residential Consumers,N3010US3,U.S. Price of Natural Gas Delivered to Residential Consumers (Dollars per Thousand Cubic Feet)
1987,1,2.98,$/MCF,NUS,U.S.,PG1,City Gate Price,N3050US3,U.S. Natural Gas Citygate Price (Dollars per Thousand Cubic Feet)
1987,1,4.8,$/MCF,NUS,U.S.,PCS,Price Delivered to Commercial Sectors,N3020US3,U.S. Price of Natural Gas Sold to Commercial Consumers (Dollars per Thousand Cubic Feet)
1987,1,5.3,$/MCF,NUS,U.S.,PRS,Price Delivered to Residential Consumers,N3010US3,U.S. Price of Natural Gas Delivered to Residential Consumers (Dollars per Thousand Cubic Feet)
1986,12,2.99,$/MCF,NUS,U.S.,PG1,City Gate Price,N3050US3,U.S. Natural Gas Citygate Price (Dollars per Thousand Cubic Feet)
1986,12,4.73,$/MCF,NUS,U.S.,PCS,Price Delivered to Commercial Sectors,N3020US3,U.S. Price of Natural Gas Sold to Commercial Consumers (Dollars per Thousand Cubic Feet)
1986,12,5.28,$/MCF,NUS,U.S.,PRS,Price Delivered to Residential Consumers,N3010US3,U.S. Price of Natural Gas Delivered to Residential Consumers (Dollars per Thousand Cubic Feet)
1986,11,2.9,$/MCF,NUS,U.S.,PG1,City Gate Price,N3050US3,U.S. Natural Gas Citygate Price (Dollars per Thousand Cubic Feet)
1986,11,4.74,$/MCF,NUS,U.S.,PCS,Price Delivered to Commercial Sectors,N3020US3,U.S. Price of Natural Gas Sold to Commercial Consumers (Dollars per Thousand Cubic Feet)
1986,11,5.66,$/MCF,NUS,U.S.,PRS,Price Delivered to Residential Consumers,N3010US3,U.S. Price of Natural Gas Delivered to Residential Consumers (Dollars per Thousand Cubic Feet)
1986,10,2.94,$/MCF,NUS,U.S.,PG1,City Gate Price,N3050US3,U.S. Natural Gas Citygate Price (Dollars per Thousand Cubic Feet)
1986,10,4.88,$/MCF,NUS,U.S.,PCS,Price Delivered to Commercial Sectors,N3020US3,U.S. Price of Natural Gas Sold to Commercial Consumers (Dollars per Thousand Cubic Feet)
1986,10,6.38,$/MCF,NUS,U.S.,PRS,Price Delivered to Residential Consumers,N3010US3,U.S. Price of Natural Gas Delivered to Residential Consumers (Dollars per Thousand Cubic Feet)
1986,9,3.02,$/MCF,NUS,U.S.,PG1,City Gate Price,N3050US3,U.S. Natural Gas Citygate Price (Dollars per Thousand Cubic Feet)
1986,9,4.93,$/MCF,NUS,U.S.,PCS,Price Delivered to Commercial Sectors,N3020US3,U.S. Price of Natural Gas Sold to Commercial Consumers (Dollars per Thousand Cubic Feet)
1986,9,6.83,$/MCF,NUS,U.S.,PRS,Price Delivered to Residential Consumers,N3010US3,U.S. Price of Natural Gas Delivered to Residential Consumers (Dollars per Thousand Cubic Feet)
1986,8,3.04,$/MCF,NUS,U.S.,PG1,City Gate Price,N3050US3,U.S. Natural Gas Citygate Price (Dollars per Thousand Cubic Feet)
1986,8,4.9,$/MCF,NUS,U.S.,PCS,Price Delivered to Commercial Sectors,N3020US3,U.S. Price of Natural Gas Sold to Commercial Consumers (Dollars per Thousand Cubic Feet)
1986,8,6.94,$/MCF,NUS,U.S.,PRS,Price Delivered to Residential Consumers,N3010US3,U.S. Price of Natural Gas Delivered to Residential Consumers (Dollars per Thousand Cubic Feet)
1986,7,3.08,$/MCF,NUS,U.S.,PG1,City Gate Price,N3050US3,U.S. Natural Gas Citygate Price (Dollars per Thousand Cubic Feet)
1986,7,5.02,$/MCF,NUS,U.S.,PCS,Price Delivered to Commercial Sectors,N3020US3,U.S. Price of Natural Gas Sold to Commercial Consumers (Dollars per Thousand Cubic Feet)
1986,7,6.84,$/MCF,NUS,U.S.,PRS,Price Delivered to Residential Consumers,N3010US3,U.S. Price of Natural Gas Delivered to Residential Consumers (Dollars per Thousand Cubic Feet)
1986,6,3.11,$/MCF,NUS,U.S.,PG1,City Gate Price,N3050US3,U.S. Natural Gas Citygate Price (Dollars per Thousand Cubic Feet)
1986,6,5.09,$/MCF,NUS,U.S.,PCS,Price Delivered to Commercial Sectors,N3020US3,U.S. Price of Natural Gas Sold to Commercial Consumers (Dollars per Thousand Cubic Feet)
1986,6,6.67,$/MCF,NUS,U.S.,PRS,Price Delivered to Residential Consumers,N3010US3,U.S. Price of Natural Gas Delivered to Residential Consumers (Dollars per Thousand Cubic Feet)
1986,5,3.15,$/MCF,NUS,U.S.,PG1,City Gate Price,N3050US3,U.S. Natural Gas Citygate Price (Dollars per Thousand Cubic Feet)
1986,5,5.19,$/MCF,NUS,U.S.,PCS,Price Delivered to Commercial Sectors,N3020US3,U.S. Price of Natural Gas Sold to Commercial Consumers (Dollars per Thousand Cubic Feet)
1986,5,6.18,$/MCF,NUS,U.S.,PRS,Price Delivered to Residential Consumers,N3010US3,U.S. Price of Natural Gas Delivered to Residential Consumers (Dollars per Thousand Cubic Feet)
1986,4,3.33,$/MCF,NUS,U.S.,PG1,City Gate Price,N3050US3,U.S. Natural Gas Citygate Price (Dollars per Thousand Cubic Feet)
1986,4,5.23,$/MCF,NUS,U.S.,PCS,Price Delivered to Commercial Sectors,N3020US3,U.S. Price of Natural Gas Sold to Commercial Consumers (Dollars per Thousand Cubic Feet)
1986,4,5.89,$/MCF,NUS,U.S.,PRS,Price Delivered to Residential Consumers,N3010US3,U.S. Price of Natural Gas Delivered to Residential Consumers (Dollars per Thousand Cubic Feet)
1986,3,3.5,$/MCF,NUS,U.S.,PG1,City Gate Price,N3050US3,U.S. Natural Gas Citygate Price (Dollars per Thousand Cubic Feet)
1986,3,5.25,$/MCF,NUS,U.S.,PCS,Price Delivered to Commercial Sectors,N3020US3,U.S. Price of Natural Gas Sold to Commercial Consumers (Dollars per Thousand Cubic Feet)
1986,3,5.71,$/MCF,NUS,U.S.,PRS,Price Delivered to Residential Consumers,N3010US3,U.S. Price of Natural Gas Delivered to Residential Consumers (Dollars per Thousand Cubic Feet)
1986,2,3.52,$/MCF,NUS,U.S.,PG1,City Gate Price,N3050US3,U.S. Natural Gas Citygate Price (Dollars per Thousand Cubic Feet)
1986,2,5.28,$/MCF,NUS,U.S.,PCS,Price Delivered to Commercial Sectors,N3020US3,U.S. Price of Natural Gas Sold to Commercial Consumers (Dollars per Thousand Cubic Feet)
1986,2,5.67,$/MCF,NUS,U.S.,PRS,Price Delivered to Residential Consumers,N3010US3,U.S. Price of Natural Gas Delivered to Residential Consumers (Dollars per Thousand Cubic Feet)
1986,1,3.52,$/MCF,NUS,U.S.,PG1,City Gate Price,N3050US3,U.S. Natural Gas Citygate Price (Dollars per Thousand Cubic Feet)
1986,1,5.25,$/MCF,NUS,U.S.,PCS,Price Delivered to Commercial Sectors,N3020US3,U.S. Price of Natural Gas Sold to Commercial Consumers (Dollars per Thousand Cubic Feet)
1986,1,5.63,$/MCF,NUS,U.S.,PRS,Price Delivered to Residential Consumers,N3010US3,U.S. Price of Natural Gas Delivered to Residential Consumers (Dollars per Thousand Cubic Feet)
1985,12,3.45,$/MCF,NUS,U.S.,PG1,City Gate Price,N3050US3,U.S. Natural Gas Citygate Price (Dollars per Thousand Cubic Feet)
1985,12,5.25,$/MCF,NUS,U.S.,PCS,Price Delivered to Commercial Sectors,N3020US3,U.S. Price of Natural Gas Sold to Commercial Consumers (Dollars per Thousand Cubic Feet)
1985,12,5.7,$/MCF,NUS,U.S.,PRS,Price Delivered to Residential Consumers,N3010US3,U.S. Price of Natural Gas Delivered to Residential Consumers (Dollars per Thousand Cubic Feet)
1985,11,3.46,$/MCF,NUS,U.S.,PG1,City Gate Price,N3050US3,U.S. Natural Gas Citygate Price (Dollars per Thousand Cubic Feet)
1985,11,5.39,$/MCF,NUS,U.S.,PCS,Price Delivered to Commercial Sectors,N3020US3,U.S. Price of Natural Gas Sold to Commercial Consumers (Dollars per Thousand Cubic Feet)
1985,11,6.13,$/MCF,NUS,U.S.,PRS,Price Delivered to Residential Consumers,N3010US3,U.S. Price of Natural Gas Delivered to Residential Consumers (Dollars per Thousand Cubic Feet)
1985,10,3.59,$/MCF,NUS,U.S.,PG1,City Gate Price,N3050US3,U.S. Natural Gas Citygate Price (Dollars per Thousand Cubic Feet)
1985,10,5.3,$/MCF,NUS,U.S.,PCS,Price Delivered to Commercial Sectors,N3020US3,U.S. Price of Natural Gas Sold to Commercial Consumers (Dollars per Thousand Cubic Feet)
1985,10,6.5,$/MCF,NUS,U.S.,PRS,Price Delivered to Residential Consumers,N3010US3,U.S. Price of Natural Gas Delivered to Residential Consumers (Dollars per Thousand Cubic Feet)
1985,9,3.68,$/MCF,NUS,U.S.,PG1,City Gate Price,N3050US3,U.S. Natural Gas Citygate Price (Dollars per Thousand Cubic Feet)
1985,9,5.37,$/MCF,NUS,U.S.,PCS,Price Delivered to Commercial Sectors,N3020US3,U.S. Price of Natural Gas Sold to Commercial Consumers (Dollars per Thousand Cubic Feet)
1985,9,7.06,$/MCF,NUS,U.S.,PRS,Price Delivered to Residential Consumers,N3010US3,U.S. Price of Natural Gas Delivered to Residential Consumers (Dollars per Thousand Cubic Feet)
1985,8,3.7,$/MCF,NUS,U.S.,PG1,City Gate Price,N3050US3,U.S. Natural Gas Citygate Price (Dollars per Thousand Cubic Feet)
1985,8,5.42,$/MCF,NUS,U.S.,PCS,Price Delivered to Commercial Sectors,N3020US3,U.S. Price of Natural Gas Sold to Commercial Consumers (Dollars per Thousand Cubic Feet)
1985,8,7.21,$/MCF,NUS,U.S.,PRS,Price Delivered to Residential Consumers,N3010US3,U.S. Price of Natural Gas Delivered to Residential Consumers (Dollars per Thousand Cubic Feet)
1985,7,3.69,$/MCF,NUS,U.S.,PG1,City Gate Price,N3050US3,U.S. Natural Gas Citygate Price (Dollars per Thousand Cubic Feet)
1985,7,5.44,$/MCF,NUS,U.S.,PCS,Price Delivered to Commercial Sectors,N3020US3,U.S. Price of Natural Gas Sold to Commercial Consumers (Dollars per Thousand Cubic Feet)
1985,7,7.07,$/MCF,NUS,U.S.,PRS,Price Delivered to Residential Consumers,N3010US3,U.S. Price of Natural Gas Delivered to Residential Consumers (Dollars per Thousand Cubic Feet)
1985,6,3.86,$/MCF,NUS,U.S.,PG1,City Gate Price,N3050US3,U.S. Natural Gas Citygate Price (Dollars per Thousand Cubic Feet)
1985,6,5.65,$/MCF,NUS,U.S.,PCS,Price Delivered to Commercial Sectors,N3020US3,U.S. Price of Natural Gas Sold to Commercial Consumers (Dollars per Thousand Cubic Feet)
1985,6,6.96,$/MCF,NUS,U.S.,PRS,Price Delivered to Residential Consumers,N3010US3,U.S. Price of Natural Gas Delivered to Residential Consumers (Dollars per Thousand Cubic Feet)
1985,5,3.89,$/MCF,NUS,U.S.,PG1,City Gate Price,N3050US3,U.S. Natural Gas Citygate Price (Dollars per Thousand Cubic Feet)
1985,5,5.59,$/MCF,NUS,U.S.,PCS,Price Delivered to Commercial Sectors,N3020US3,U.S. Price of Natural Gas Sold to Commercial Consumers (Dollars per Thousand Cubic Feet)
1985,5,6.59,$/MCF,NUS,U.S.,PRS,Price Delivered to Residential Consumers,N3010US3,U.S. Price of Natural Gas Delivered to Residential Consumers (Dollars per Thousand Cubic Feet)
1985,4,3.91,$/MCF,NUS,U.S.,PG1,City Gate Price,N3050US3,U.S. Natural Gas Citygate Price (Dollars per Thousand Cubic Feet)
1985,4,5.65,$/MCF,NUS,U.S.,PCS,Price Delivered to Commercial Sectors,N3020US3,U.S. Price of Natural Gas Sold to Commercial Consumers (Dollars per Thousand Cubic Feet)
1985,4,6.11,$/MCF,NUS,U.S.,PRS,Price Delivered to Residential Consumers,N3010US3,U.S. Price of Natural Gas Delivered to Residential Consumers (Dollars per Thousand Cubic Feet)
1985,3,3.97,$/MCF,NUS,U.S.,PG1,City Gate Price,N3050US3,U.S. Natural Gas Citygate Price (Dollars per Thousand Cubic Feet)
1985,3,5.59,$/MCF,NUS,U.S.,PCS,Price Delivered to Commercial Sectors,N3020US3,U.S. Price of Natural Gas Sold to Commercial Consumers (Dollars per Thousand Cubic Feet)
1985,3,5.99,$/MCF,NUS,U.S.,PRS,Price Delivered to Residential Consumers,N3010US3,U.S. Price of Natural Gas Delivered to Residential Consumers (Dollars per Thousand Cubic Feet)
1985,2,3.94,$/MCF,NUS,U.S.,PG1,City Gate Price,N3050US3,U.S. Natural Gas Citygate Price (Dollars per Thousand Cubic Feet)
1985,2,5.53,$/MCF,NUS,U.S.,PCS,Price Delivered to Commercial Sectors,N3020US3,U.S. Price of Natural Gas Sold to Commercial Consumers (Dollars per Thousand Cubic Feet)
1985,2,5.86,$/MCF,NUS,U.S.,PRS,Price Delivered to Residential Consumers,N3010US3,U.S. Price of Natural Gas Delivered to Residential Consumers (Dollars per Thousand Cubic Feet)
1985,1,3.89,$/MCF,NUS,U.S.,PG1,City Gate Price,N3050US3,U.S. Natural Gas Citygate Price (Dollars per Thousand Cubic Feet)
1985,1,5.62,$/MCF,NUS,U.S.,PCS,Price Delivered to Commercial Sectors,N3020US3,U.S. Price of Natural Gas Sold to Commercial Consumers (Dollars per Thousand Cubic Feet)
1985,1,5.97,$/MCF,NUS,U.S.,PRS,Price Delivered to Residential Consumers,N3010US3,U.S. Price of Natural Gas Delivered to Residential Consumers (Dollars per Thousand Cubic Feet)
1984,12,3.97,$/MCF,NUS,U.S.,PG1,City Gate Price,N3050US3,U.S. Natural Gas Citygate Price (Dollars per Thousand Cubic Feet)
1984,12,5.6,$/MCF,NUS,U.S.,PCS,Price Delivered to Commercial Sectors,N3020US3,U.S. Price of Natural Gas Sold to Commercial Consumers (Dollars per Thousand Cubic Feet)
1984,12,6.05,$/MCF,NUS,U.S.,PRS,Price Delivered to Residential Consumers,N3010US3,U.S. Price of Natural Gas Delivered to Residential Consumers (Dollars per Thousand Cubic Feet)
1984,11,3.92,$/MCF,NUS,U.S.,PG1,City Gate Price,N3050US3,U.S. Natural Gas Citygate Price (Dollars per Thousand Cubic Feet)
1984,11,5.56,$/MCF,NUS,U.S.,PCS,Price Delivered to Commercial Sectors,N3020US3,U.S. Price of Natural Gas Sold to Commercial Consumers (Dollars per Thousand Cubic Feet)
1984,11,6.31,$/MCF,NUS,U.S.,PRS,Price Delivered to Residential Consumers,N3010US3,U.S. Price of Natural Gas Delivered to Residential Consumers (Dollars per Thousand Cubic Feet)
1984,10,3.99,$/MCF,NUS,U.S.,PG1,City Gate Price,N3050US3,U.S. Natural Gas Citygate Price (Dollars per Thousand Cubic Feet)
1984,10,5.54,$/MCF,NUS,U.S.,PCS,Price Delivered to Commercial Sectors,N3020US3,U.S. Price of Natural Gas Sold to Commercial Consumers (Dollars per Thousand Cubic Feet)
1984,10,6.8,$/MCF,NUS,U.S.,PRS,Price Delivered to Residential Consumers,N3010US3,U.S. Price of Natural Gas Delivered to Residential Consumers (Dollars per Thousand Cubic Feet)
1984,9,4.02,$/MCF,NUS,U.S.,PG1,City Gate Price,N3050US3,U.S. Natural Gas Citygate Price (Dollars per Thousand Cubic Feet)
1984,9,5.53,$/MCF,NUS,U.S.,PCS,Price Delivered to Commercial Sectors,N3020US3,U.S. Price of Natural Gas Sold to Commercial Consumers (Dollars per Thousand Cubic Feet)
1984,9,7.17,$/MCF,NUS,U.S.,PRS,Price Delivered to Residential Consumers,N3010US3,U.S. Price of Natural Gas Delivered to Residential Consumers (Dollars per Thousand Cubic Feet)
1984,8,3.69,$/MCF,NUS,U.S.,PG1,City Gate Price,N3050US3,U.S. Natural Gas Citygate Price (Dollars per Thousand Cubic Feet)
1984,8,5.47,$/MCF,NUS,U.S.,PCS,Price Delivered to Commercial Sectors,N3020US3,U.S. Price of Natural Gas Sold to Commercial Consumers (Dollars per Thousand Cubic Feet)
1984,8,7.23,$/MCF,NUS,U.S.,PRS,Price Delivered to Residential Consumers,N3010US3,U.S. Price of Natural Gas Delivered to Residential Consumers (Dollars per Thousand Cubic Feet)
1984,7,4.06,$/MCF,NUS,U.S.,PG1,City Gate Price,N3050US3,U.S. Natural Gas Citygate Price (Dollars per Thousand Cubic Feet)
1984,7,5.6,$/MCF,NUS,U.S.,PCS,Price Delivered to Commercial Sectors,N3020US3,U.S. Price of Natural Gas Sold to Commercial Consumers (Dollars per Thousand Cubic Feet)
1984,7,7.11,$/MCF,NUS,U.S.,PRS,Price Delivered to Residential Consumers,N3010US3,U.S. Price of Natural Gas Delivered to Residential Consumers (Dollars per Thousand Cubic Feet)
1984,6,4.02,$/MCF,NUS,U.S.,PG1,City Gate Price,N3050US3,U.S. Natural Gas Citygate Price (Dollars per Thousand Cubic Feet)
1984,6,5.67,$/MCF,NUS,U.S.,PCS,Price Delivered to Commercial Sectors,N3020US3,U.S. Price of Natural Gas Sold to Commercial Consumers (Dollars per Thousand Cubic Feet)
1984,6,6.76,$/MCF,NUS,U.S.,PRS,Price Delivered to Residential Consumers,N3010US3,U.S. Price of Natural Gas Delivered to Residential Consumers (Dollars per Thousand Cubic Feet)
1984,5,3.98,$/MCF,NUS,U.S.,PG1,City Gate Price,N3050US3,U.S. Natural Gas Citygate Price (Dollars per Thousand Cubic Feet)
1984,5,5.6,$/MCF,NUS,U.S.,PCS,Price Delivered to Commercial Sectors,N3020US3,U.S. Price of Natural Gas Sold to Commercial Consumers (Dollars per Thousand Cubic Feet)
1984,5,6.27,$/MCF,NUS,U.S.,PRS,Price Delivered to Residential Consumers,N3010US3,U.S. Price of Natural Gas Delivered to Residential Consumers (Dollars per Thousand Cubic Feet)
1984,4,3.96,$/MCF,NUS,U.S.,PG1,City Gate Price,N3050US3,U.S. Natural Gas Citygate Price (Dollars per Thousand Cubic Feet)
1984,4,5.52,$/MCF,NUS,U.S.,PCS,Price Delivered to Commercial Sectors,N3020US3,U.S. Price of Natural Gas Sold to Commercial Consumers (Dollars per Thousand Cubic Feet)
1984,4,5.96,$/MCF,NUS,U.S.,PRS,Price Delivered to Residential Consumers,N3010US3,U.S. Price of Natural Gas Delivered to Residential Consumers (Dollars per Thousand Cubic Feet)
1984,3,3.91,$/MCF,NUS,U.S.,PG1,City Gate Price,N3050US3,U.S. Natural Gas Citygate Price (Dollars per Thousand Cubic Feet)
1984,3,5.57,$/MCF,NUS,U.S.,PCS,Price Delivered to Commercial Sectors,N3020US3,U.S. Price of Natural Gas Sold to Commercial Consumers (Dollars per Thousand Cubic Feet)
1984,3,5.92,$/MCF,NUS,U.S.,PRS,Price Delivered to Residential Consumers,N3010US3,U.S. Price of Natural Gas Delivered to Residential Consumers (Dollars per Thousand Cubic Feet)
1984,2,4.02,$/MCF,NUS,U.S.,PG1,City Gate Price,N3050US3,U.S. Natural Gas Citygate Price (Dollars per Thousand Cubic Feet)
1984,2,5.54,$/MCF,NUS,U.S.,PCS,Price Delivered to Commercial Sectors,N3020US3,U.S. Price of Natural Gas Sold to Commercial Consumers (Dollars per Thousand Cubic Feet)
1984,2,5.84,$/MCF,NUS,U.S.,PRS,Price Delivered to Residential Consumers,N3010US3,U.S. Price of Natural Gas Delivered to Residential Consumers (Dollars per Thousand Cubic Feet)
1984,1,3.94,$/MCF,NUS,U.S.,PG1,City Gate Price,N3050US3,U.S. Natural Gas Citygate Price (Dollars per Thousand Cubic Feet)
1984,1,5.49,$/MCF,NUS,U.S.,PCS,Price Delivered to Commercial Sectors,N3020US3,U.S. Price of Natural Gas Sold to Commercial Consumers (Dollars per Thousand Cubic Feet)
1984,1,5.78,$/MCF,NUS,U.S.,PRS,Price Delivered to Residential Consumers,N3010US3,U.S. Price of Natural Gas Delivered to Residential Consumers (Dollars per Thousand Cubic Feet)
1983,12,3.88,$/MCF,NUS,U.S.,PG1,City Gate Price,N3050US3,U.S. Natural Gas Citygate Price (Dollars per Thousand Cubic Feet)
1983,12,5.62,$/MCF,NUS,U.S.,PCS,Price Delivered to Commercial Sectors,N3020US3,U.S. Price of Natural Gas Sold to Commercial Consumers (Dollars per Thousand Cubic Feet)
1983,12,5.94,$/MCF,NUS,U.S.,PRS,Price Delivered to Residential Consumers,N3010US3,U.S. Price of Natural Gas Delivered to Residential Consumers (Dollars per Thousand Cubic Feet)
1983,11,3.91,$/MCF,NUS,U.S.,PG1,City Gate Price,N3050US3,U.S. Natural Gas Citygate Price (Dollars per Thousand Cubic Feet)
1983,11,5.67,$/MCF,NUS,U.S.,PCS,Price Delivered to Commercial Sectors,N3020US3,U.S. Price of Natural Gas Sold to Commercial Consumers (Dollars per Thousand Cubic Feet)
1983,11,6.3,$/MCF,NUS,U.S.,PRS,Price Delivered to Residential Consumers,N3010US3,U.S. Price of Natural Gas Delivered to Residential Consumers (Dollars per Thousand Cubic Feet)
1983,10,3.97,$/MCF,NUS,U.S.,PG1,City Gate Price,N3050US3,U.S. Natural Gas Citygate Price (Dollars per Thousand Cubic Feet)
1983,10,5.62,$/MCF,NUS,U.S.,PCS,Price Delivered to Commercial Sectors,N3020US3,U.S. Price of Natural Gas Sold to Commercial Consumers (Dollars per Thousand Cubic Feet)
1983,10,6.7,$/MCF,NUS,U.S.,PRS,Price Delivered to Residential Consumers,N3010US3,U.S. Price of Natural Gas Delivered to Residential Consumers (Dollars per Thousand Cubic Feet)
1983,9,,$/MCF,NUS,U.S.,PG1,City Gate Price,N3050US3,U.S. Natural Gas Citygate Price (Dollars per Thousand Cubic Feet)
1983,9,,$/MCF,NUS,U.S.,PCS,Price Delivered to Commercial Sectors,N3020US3,U.S. Price of Natural Gas Sold to Commercial Consumers (Dollars per Thousand Cubic Feet)
1983,9,6.19,$/MCF,NUS,U.S.,PRS,Price Delivered to Residential Consumers,N3010US3,U.S. Price of Natural Gas Delivered to Residential Consumers (Dollars per Thousand Cubic Feet)
1983,8,,$/MCF,NUS,U.S.,PG1,City Gate Price,N3050US3,U.S. Natural Gas Citygate Price (Dollars per Thousand Cubic Feet)
1983,8,,$/MCF,NUS,U.S.,PCS,Price Delivered to Commercial Sectors,N3020US3,U.S. Price of Natural Gas Sold to Commercial Consumers (Dollars per Thousand Cubic Feet)
1983,8,6.18,$/MCF,NUS,U.S.,PRS,Price Delivered to Residential Consumers,N3010US3,U.S. Price of Natural Gas Delivered to Residential Consumers (Dollars per Thousand Cubic Feet)
1983,7,,$/MCF,NUS,U.S.,PG1,City Gate Price,N3050US3,U.S. Natural Gas Citygate Price (Dollars per Thousand Cubic Feet)
1983,7,,$/MCF,NUS,U.S.,PCS,Price Delivered to Commercial Sectors,N3020US3,U.S. Price of Natural Gas Sold to Commercial Consumers (Dollars per Thousand Cubic Feet)
1983,7,6.21,$/MCF,NUS,U.S.,PRS,Price Delivered to Residential Consumers,N3010US3,U.S. Price of Natural Gas Delivered to Residential Consumers (Dollars per Thousand Cubic Feet)
1983,6,,$/MCF,NUS,U.S.,PG1,City Gate Price,N3050US3,U.S. Natural Gas Citygate Price (Dollars per Thousand Cubic Feet)
1983,6,,$/MCF,NUS,U.S.,PCS,Price Delivered to Commercial Sectors,N3020US3,U.S. Price of Natural Gas Sold to Commercial Consumers (Dollars per Thousand Cubic Feet)
1983,6,6.2,$/MCF,NUS,U.S.,PRS,Price Delivered to Residential Consumers,N3010US3,U.S. Price of Natural Gas Delivered to Residential Consumers (Dollars per Thousand Cubic Feet)
1983,5,,$/MCF,NUS,U.S.,PG1,City Gate Price,N3050US3,U.S. Natural Gas Citygate Price (Dollars per Thousand Cubic Feet)
1983,5,,$/MCF,NUS,U.S.,PCS,Price Delivered to Commercial Sectors,N3020US3,U.S. Price of Natural Gas Sold to Commercial Consumers (Dollars per Thousand Cubic Feet)
1983,5,6.22,$/MCF,NUS,U.S.,PRS,Price Delivered to Residential Consumers,N3010US3,U.S. Price of Natural Gas Delivered to Residential Consumers (Dollars per Thousand Cubic Feet)
1983,4,,$/MCF,NUS,U.S.,PG1,City Gate Price,N3050US3,U.S. Natural Gas Citygate Price (Dollars per Thousand Cubic Feet)
1983,4,,$/MCF,NUS,U.S.,PCS,Price Delivered to Commercial Sectors,N3020US3,U.S. Price of Natural Gas Sold to Commercial Consumers (Dollars per Thousand Cubic Feet)
1983,4,6.06,$/MCF,NUS,U.S.,PRS,Price Delivered to Residential Consumers,N3010US3,U.S. Price of Natural Gas Delivered to Residential Consumers (Dollars per Thousand Cubic Feet)
1983,3,,$/MCF,NUS,U.S.,PG1,City Gate Price,N3050US3,U.S. Natural Gas Citygate Price (Dollars per Thousand Cubic Feet)
1983,3,,$/MCF,NUS,U.S.,PCS,Price Delivered to Commercial Sectors,N3020US3,U.S. Price of Natural Gas Sold to Commercial Consumers (Dollars per Thousand Cubic Feet)
1983,3,6,$/MCF,NUS,U.S.,PRS,Price Delivered to Residential Consumers,N3010US3,U.S. Price of Natural Gas Delivered to Residential Consumers (Dollars per Thousand Cubic Feet)
1983,2,,$/MCF,NUS,U.S.,PG1,City Gate Price,N3050US3,U.S. Natural Gas Citygate Price (Dollars per Thousand Cubic Feet)
1983,2,,$/MCF,NUS,U.S.,PCS,Price Delivered to Commercial Sectors,N3020US3,U.S. Price of Natural Gas Sold to Commercial Consumers (Dollars per Thousand Cubic Feet)
1983,2,5.87,$/MCF,NUS,U.S.,PRS,Price Delivered to Residential Consumers,N3010US3,U.S. Price of Natural Gas Delivered to Residential Consumers (Dollars per Thousand Cubic Feet)
1983,1,,$/MCF,NUS,U.S.,PG1,City Gate Price,N3050US3,U.S. Natural Gas Citygate Price (Dollars per Thousand Cubic Feet)
1983,1,,$/MCF,NUS,U.S.,PCS,Price Delivered to Commercial Sectors,N3020US3,U.S. Price of Natural Gas Sold to Commercial Consumers (Dollars per Thousand Cubic Feet)
1983,1,5.86,$/MCF,NUS,U.S.,PRS,Price Delivered to Residential Consumers,N3010US3,U.S. Price of Natural Gas Delivered to Residential Consumers (Dollars per Thousand Cubic Feet)
1982,12,,$/MCF,NUS,U.S.,PG1,City Gate Price,N3050US3,U.S. Natural Gas Citygate Price (Dollars per Thousand Cubic Feet)
1982,12,,$/MCF,NUS,U.S.,PCS,Price Delivered to Commercial Sectors,N3020US3,U.S. Price of Natural Gas Sold to Commercial Consumers (Dollars per Thousand Cubic Feet)
1982,12,5.74,$/MCF,NUS,U.S.,PRS,Price Delivered to Residential Consumers,N3010US3,U.S. Price of Natural Gas Delivered to Residential Consumers (Dollars per Thousand Cubic Feet)
1982,11,,$/MCF,NUS,U.S.,PG1,City Gate Price,N3050US3,U.S. Natural Gas Citygate Price (Dollars per Thousand Cubic Feet)
1982,11,,$/MCF,NUS,U.S.,PCS,Price Delivered to Commercial Sectors,N3020US3,U.S. Price of Natural Gas Sold to Commercial Consumers (Dollars per Thousand Cubic Feet)
1982,11,5.68,$/MCF,NUS,U.S.,PRS,Price Delivered to Residential Consumers,N3010US3,U.S. Price of Natural Gas Delivered to Residential Consumers (Dollars per Thousand Cubic Feet)
1982,10,,$/MCF,NUS,U.S.,PG1,City Gate Price,N3050US3,U.S. Natural Gas Citygate Price (Dollars per Thousand Cubic Feet)
1982,10,,$/MCF,NUS,U.S.,PCS,Price Delivered to Commercial Sectors,N3020US3,U.S. Price of Natural Gas Sold to Commercial Consumers (Dollars per Thousand Cubic Feet)
1982,10,5.66,$/MCF,NUS,U.S.,PRS,Price Delivered to Residential Consumers,N3010US3,U.S. Price of Natural Gas Delivered to Residential Consumers (Dollars per Thousand Cubic Feet)
1982,9,,$/MCF,NUS,U.S.,PG1,City Gate Price,N3050US3,U.S. Natural Gas Citygate Price (Dollars per Thousand Cubic Feet)
1982,9,,$/MCF,NUS,U.S.,PCS,Price Delivered to Commercial Sectors,N3020US3,U.S. Price of Natural Gas Sold to Commercial Consumers (Dollars per Thousand Cubic Feet)
1982,9,5.41,$/MCF,NUS,U.S.,PRS,Price Delivered to Residential Consumers,N3010US3,U.S. Price of Natural Gas Delivered to Residential Consumers (Dollars per Thousand Cubic Feet)
1982,8,,$/MCF,NUS,U.S.,PG1,City Gate Price,N3050US3,U.S. Natural Gas Citygate Price (Dollars per Thousand Cubic Feet)
1982,8,,$/MCF,NUS,U.S.,PCS,Price Delivered to Commercial Sectors,N3020US3,U.S. Price of Natural Gas Sold to Commercial Consumers (Dollars per Thousand Cubic Feet)
1982,8,5.23,$/MCF,NUS,U.S.,PRS,Price Delivered to Residential Consumers,N3010US3,U.S. Price of Natural Gas Delivered to Residential Consumers (Dollars per Thousand Cubic Feet)
1982,7,,$/MCF,NUS,U.S.,PG1,City Gate Price,N3050US3,U.S. Natural Gas Citygate Price (Dollars per Thousand Cubic Feet)
1982,7,,$/MCF,NUS,U.S.,PCS,Price Delivered to Commercial Sectors,N3020US3,U.S. Price of Natural Gas Sold to Commercial Consumers (Dollars per Thousand Cubic Feet)
1982,7,5.23,$/MCF,NUS,U.S.,PRS,Price Delivered to Residential Consumers,N3010US3,U.S. Price of Natural Gas Delivered to Residential Consumers (Dollars per Thousand Cubic Feet)
1982,6,,$/MCF,NUS,U.S.,PG1,City Gate Price,N3050US3,U.S. Natural Gas Citygate Price (Dollars per Thousand Cubic Feet)
1982,6,,$/MCF,NUS,U.S.,PCS,Price Delivered to Commercial Sectors,N3020US3,U.S. Price of Natural Gas Sold to Commercial Consumers (Dollars per Thousand Cubic Feet)
1982,6,5.2,$/MCF,NUS,U.S.,PRS,Price Delivered to Residential Consumers,N3010US3,U.S. Price of Natural Gas Delivered to Residential Consumers (Dollars per Thousand Cubic Feet)
1982,5,,$/MCF,NUS,U.S.,PG1,City Gate Price,N3050US3,U.S. Natural Gas Citygate Price (Dollars per Thousand Cubic Feet)
1982,5,,$/MCF,NUS,U.S.,PCS,Price Delivered to Commercial Sectors,N3020US3,U.S. Price of Natural Gas Sold to Commercial Consumers (Dollars per Thousand Cubic Feet)
1982,5,5.17,$/MCF,NUS,U.S.,PRS,Price Delivered to Residential Consumers,N3010US3,U.S. Price of Natural Gas Delivered to Residential Consumers (Dollars per Thousand Cubic Feet)
1982,4,,$/MCF,NUS,U.S.,PG1,City Gate Price,N3050US3,U.S. Natural Gas Citygate Price (Dollars per Thousand Cubic Feet)
1982,4,,$/MCF,NUS,U.S.,PCS,Price Delivered to Commercial Sectors,N3020US3,U.S. Price of Natural Gas Sold to Commercial Consumers (Dollars per Thousand Cubic Feet)
1982,4,4.86,$/MCF,NUS,U.S.,PRS,Price Delivered to Residential Consumers,N3010US3,U.S. Price of Natural Gas Delivered to Residential Consumers (Dollars per Thousand Cubic Feet)
1982,3,,$/MCF,NUS,U.S.,PG1,City Gate Price,N3050US3,U.S. Natural Gas Citygate Price (Dollars per Thousand Cubic Feet)
1982,3,,$/MCF,NUS,U.S.,PCS,Price Delivered to Commercial Sectors,N3020US3,U.S. Price of Natural Gas Sold to Commercial Consumers (Dollars per Thousand Cubic Feet)
1982,3,4.78,$/MCF,NUS,U.S.,PRS,Price Delivered to Residential Consumers,N3010US3,U.S. Price of Natural Gas Delivered to Residential Consumers (Dollars per Thousand Cubic Feet)
1982,2,,$/MCF,NUS,U.S.,PG1,City Gate Price,N3050US3,U.S. Natural Gas Citygate Price (Dollars per Thousand Cubic Feet)
1982,2,,$/MCF,NUS,U.S.,PCS,Price Delivered to Commercial Sectors,N3020US3,U.S. Price of Natural Gas Sold to Commercial Consumers (Dollars per Thousand Cubic Feet)
1982,2,4.69,$/MCF,NUS,U.S.,PRS,Price Delivered to Residential Consumers,N3010US3,U.S. Price of Natural Gas Delivered to Residential Consumers (Dollars per Thousand Cubic Feet)
1982,1,,$/MCF,NUS,U.S.,PG1,City Gate Price,N3050US3,U.S. Natural Gas Citygate Price (Dollars per Thousand Cubic Feet)
1982,1,,$/MCF,NUS,U.S.,PCS,Price Delivered to Commercial Sectors,N3020US3,U.S. Price of Natural Gas Sold to Commercial Consumers (Dollars per Thousand Cubic Feet)
1982,1,4.65,$/MCF,NUS,U.S.,PRS,Price Delivered to Residential Consumers,N3010US3,U.S. Price of Natural Gas Delivered to Residential Consumers (Dollars per Thousand Cubic Feet)
1981,12,,$/MCF,NUS,U.S.,PG1,City Gate Price,N3050US3,U.S. Natural Gas Citygate Price (Dollars per Thousand Cubic Feet)
1981,12,,$/MCF,NUS,U.S.,PCS,Price Delivered to Commercial Sectors,N3020US3,U.S. Price of Natural Gas Sold to Commercial Consumers (Dollars per Thousand Cubic Feet)
1981,12,4.55,$/MCF,NUS,U.S.,PRS,Price Delivered to Residential Consumers,N3010US3,U.S. Price of Natural Gas Delivered to Residential Consumers (Dollars per Thousand Cubic Feet)
1981,11,,$/MCF,NUS,U.S.,PG1,City Gate Price,N3050US3,U.S. Natural Gas Citygate Price (Dollars per Thousand Cubic Feet)
1981,11,,$/MCF,NUS,U.S.,PCS,Price Delivered to Commercial Sectors,N3020US3,U.S. Price of Natural Gas Sold to Commercial Consumers (Dollars per Thousand Cubic Feet)
1981,11,4.53,$/MCF,NUS,U.S.,PRS,Price Delivered to Residential Consumers,N3010US3,U.S. Price of Natural Gas Delivered to Residential Consumers (Dollars per Thousand Cubic Feet)
1981,10,,$/MCF,NUS,U.S.,PG1,City Gate Price,N3050US3,U.S. Natural Gas Citygate Price (Dollars per Thousand Cubic Feet)
1981,10,,$/MCF,NUS,U.S.,PCS,Price Delivered to Commercial Sectors,N3020US3,U.S. Price of Natural Gas Sold to Commercial Consumers (Dollars per Thousand Cubic Feet)
1981,10,4.5,$/MCF,NUS,U.S.,PRS,Price Delivered to Residential Consumers,N3010US3,U.S. Price of Natural Gas Delivered to Residential Consumers (Dollars per Thousand Cubic Feet)
1981,9,,$/MCF,NUS,U.S.,PG1,City Gate Price,N3050US3,U.S. Natural Gas Citygate Price (Dollars per Thousand Cubic Feet)
1981,9,,$/MCF,NUS,U.S.,PCS,Price Delivered to Commercial Sectors,N3020US3,U.S. Price of Natural Gas Sold to Commercial Consumers (Dollars per Thousand Cubic Feet)
1981,9,4.47,$/MCF,NUS,U.S.,PRS,Price Delivered to Residential Consumers,N3010US3,U.S. Price of Natural Gas Delivered to Residential Consumers (Dollars per Thousand Cubic Feet)
1981,8,,$/MCF,NUS,U.S.,PG1,City Gate Price,N3050US3,U.S. Natural Gas Citygate Price (Dollars per Thousand Cubic Feet)
1981,8,,$/MCF,NUS,U.S.,PCS,Price Delivered to Commercial Sectors,N3020US3,U.S. Price of Natural Gas Sold to Commercial Consumers (Dollars per Thousand Cubic Feet)
1981,8,4.3,$/MCF,NUS,U.S.,PRS,Price Delivered to Residential Consumers,N3010US3,U.S. Price of Natural Gas Delivered to Residential Consumers (Dollars per Thousand Cubic Feet)
1981,7,,$/MCF,NUS,U.S.,PG1,City Gate Price,N3050US3,U.S. Natural Gas Citygate Price (Dollars per Thousand Cubic Feet)
1981,7,,$/MCF,NUS,U.S.,PCS,Price Delivered to Commercial Sectors,N3020US3,U.S. Price of Natural Gas Sold to Commercial Consumers (Dollars per Thousand Cubic Feet)
1981,7,4.32,$/MCF,NUS,U.S.,PRS,Price Delivered to Residential Consumers,N3010US3,U.S. Price of Natural Gas Delivered to Residential Consumers (Dollars per Thousand Cubic Feet)
1981,6,,$/MCF,NUS,U.S.,PG1,City Gate Price,N3050US3,U.S. Natural Gas Citygate Price (Dollars per Thousand Cubic Feet)
1981,6,,$/MCF,NUS,U.S.,PCS,Price Delivered to Commercial Sectors,N3020US3,U.S. Price of Natural Gas Sold to Commercial Consumers (Dollars per Thousand Cubic Feet)
1981,6,4.3,$/MCF,NUS,U.S.,PRS,Price Delivered to Residential Consumers,N3010US3,U.S. Price of Natural Gas Delivered to Residential Consumers (Dollars per Thousand Cubic Feet)
1981,5,,$/MCF,NUS,U.S.,PG1,City Gate Price,N3050US3,U.S. Natural Gas Citygate Price (Dollars per Thousand Cubic Feet)
1981,5,,$/MCF,NUS,U.S.,PCS,Price Delivered to Commercial Sectors,N3020US3,U.S. Price of Natural Gas Sold to Commercial Consumers (Dollars per Thousand Cubic Feet)
1981,5,4.29,$/MCF,NUS,U.S.,PRS,Price Delivered to Residential Consumers,N3010US3,U.S. Price of Natural Gas Delivered to Residential Consumers (Dollars per Thousand Cubic Feet)
1981,4,,$/MCF,NUS,U.S.,PG1,City Gate Price,N3050US3,U.S. Natural Gas Citygate Price (Dollars per Thousand Cubic Feet)
1981,4,,$/MCF,NUS,U.S.,PCS,Price Delivered to Commercial Sectors,N3020US3,U.S. Price of Natural Gas Sold to Commercial Consumers (Dollars per Thousand Cubic Feet)
1981,4,4.11,$/MCF,NUS,U.S.,PRS,Price Delivered to Residential Consumers,N3010US3,U.S. Price of Natural Gas Delivered to Residential Consumers (Dollars per Thousand Cubic Feet)
1981,3,,$/MCF,NUS,U.S.,PG1,City Gate Price,N3050US3,U.S. Natural Gas Citygate Price (Dollars per Thousand Cubic Feet)
1981,3,,$/MCF,NUS,U.S.,PCS,Price Delivered to Commercial Sectors,N3020US3,U.S. Price of Natural Gas Sold to Commercial Consumers (Dollars per Thousand Cubic Feet)
1981,3,4.06,$/MCF,NUS,U.S.,PRS,Price Delivered to Residential Consumers,N3010US3,U.S. Price of Natural Gas Delivered to Residential Consumers (Dollars per Thousand Cubic Feet)
1981,2,,$/MCF,NUS,U.S.,PG1,City Gate Price,N3050US3,U.S. Natural Gas Citygate Price (Dollars per Thousand Cubic Feet)
1981,2,,$/MCF,NUS,U.S.,PCS,Price Delivered to Commercial Sectors,N3020US3,U.S. Price of Natural Gas Sold to Commercial Consumers (Dollars per Thousand Cubic Feet)
1981,2,3.99,$/MCF,NUS,U.S.,PRS,Price Delivered to Residential Consumers,N3010US3,U.S. Price of Natural Gas Delivered to Residential Consumers (Dollars per Thousand Cubic Feet)
1981,1,,$/MCF,NUS,U.S.,PG1,City Gate Price,N3050US3,U.S. Natural Gas Citygate Price (Dollars per Thousand Cubic Feet)
1981,1,,$/MCF,NUS,U.S.,PCS,Price Delivered to Commercial Sectors,N3020US3,U.S. Price of Natural Gas Sold to Commercial Consumers (Dollars per Thousand Cubic Feet)
1981,1,3.94,$/MCF,NUS,U.S.,PRS,Price Delivered to Residential Consumers,N3010US3,U.S. Price of Natural Gas Delivered to Residential Consumers (Dollars per Thousand Cubic Feet)
1980,12,,$/MCF,NUS,U.S.,PG1,City Gate Price,N3050US3,U.S. Natural Gas Citygate Price (Dollars per Thousand Cubic Feet)
1980,12,,$/MCF,NUS,U.S.,PCS,Price Delivered to Commercial Sectors,N3020US3,U.S. Price of Natural Gas Sold to Commercial Consumers (Dollars per Thousand Cubic Feet)
1980,12,,$/MCF,NUS,U.S.,PRS,Price Delivered to Residential Consumers,N3010US3,U.S. Price of Natural Gas Delivered to Residential Consumers (Dollars per Thousand Cubic Feet)
1980,11,,$/MCF,NUS,U.S.,PG1,City Gate Price,N3050US3,U.S. Natural Gas Citygate Price (Dollars per Thousand Cubic Feet)
1980,11,,$/MCF,NUS,U.S.,PCS,Price Delivered to Commercial Sectors,N3020US3,U.S. Price of Natural Gas Sold to Commercial Consumers (Dollars per Thousand Cubic Feet)
1980,11,,$/MCF,NUS,U.S.,PRS,Price Delivered to Residential Consumers,N3010US3,U.S. Price of Natural Gas Delivered to Residential Consumers (Dollars per Thousand Cubic Feet)
1980,10,,$/MCF,NUS,U.S.,PG1,City Gate Price,N3050US3,U.S. Natural Gas Citygate Price (Dollars per Thousand Cubic Feet)
1980,10,,$/MCF,NUS,U.S.,PCS,Price Delivered to Commercial Sectors,N3020US3,U.S. Price of Natural Gas Sold to Commercial Consumers (Dollars per Thousand Cubic Feet)
1980,10,,$/MCF,NUS,U.S.,PRS,Price Delivered to Residential Consumers,N3010US3,U.S. Price of Natural Gas Delivered to Residential Consumers (Dollars per Thousand Cubic Feet)
1980,9,,$/MCF,NUS,U.S.,PG1,City Gate Price,N3050US3,U.S. Natural Gas Citygate Price (Dollars per Thousand Cubic Feet)
1980,9,,$/MCF,NUS,U.S.,PCS,Price Delivered to Commercial Sectors,N3020US3,U.S. Price of Natural Gas Sold to Commercial Consumers (Dollars per Thousand Cubic Feet)
1980,9,,$/MCF,NUS,U.S.,PRS,Price Delivered to Residential Consumers,N3010US3,U.S. Price of Natural Gas Delivered to Residential Consumers (Dollars per Thousand Cubic Feet)
1980,8,,$/MCF,NUS,U.S.,PG1,City Gate Price,N3050US3,U.S. Natural Gas Citygate Price (Dollars per Thousand Cubic Feet)
1980,8,,$/MCF,NUS,U.S.,PCS,Price Delivered to Commercial Sectors,N3020US3,U.S. Price of Natural Gas Sold to Commercial Consumers (Dollars per Thousand Cubic Feet)
1980,8,,$/MCF,NUS,U.S.,PRS,Price Delivered to Residential Consumers,N3010US3,U.S. Price of Natural Gas Delivered to Residential Consumers (Dollars per Thousand Cubic Feet)
1980,7,,$/MCF,NUS,U.S.,PG1,City Gate Price,N3050US3,U.S. Natural Gas Citygate Price (Dollars per Thousand Cubic Feet)
1980,7,,$/MCF,NUS,U.S.,PCS,Price Delivered to Commercial Sectors,N3020US3,U.S. Price of Natural Gas Sold to Commercial Consumers (Dollars per Thousand Cubic Feet)
1980,7,,$/MCF,NUS,U.S.,PRS,Price Delivered to Residential Consumers,N3010US3,U.S. Price of Natural Gas Delivered to Residential Consumers (Dollars per Thousand Cubic Feet)
1980,6,,$/MCF,NUS,U.S.,PG1,City Gate Price,N3050US3,U.S. Natural Gas Citygate Price (Dollars per Thousand Cubic Feet)
1980,6,,$/MCF,NUS,U.S.,PCS,Price Delivered to Commercial Sectors,N3020US3,U.S. Price of Natural Gas Sold to Commercial Consumers (Dollars per Thousand Cubic Feet)
1980,6,,$/MCF,NUS,U.S.,PRS,Price Delivered to Residential Consumers,N3010US3,U.S. Price of Natural Gas Delivered to Residential Consumers (Dollars per Thousand Cubic Feet)
1980,5,,$/MCF,NUS,U.S.,PG1,City Gate Price,N3050US3,U.S. Natural Gas Citygate Price (Dollars per Thousand Cubic Feet)
1980,5,,$/MCF,NUS,U.S.,PCS,Price Delivered to Commercial Sectors,N3020US3,U.S. Price of Natural Gas Sold to Commercial Consumers (Dollars per Thousand Cubic Feet)
1980,5,,$/MCF,NUS,U.S.,PRS,Price Delivered to Residential Consumers,N3010US3,U.S. Price of Natural Gas Delivered to Residential Consumers (Dollars per Thousand Cubic Feet)
1980,4,,$/MCF,NUS,U.S.,PG1,City Gate Price,N3050US3,U.S. Natural Gas Citygate Price (Dollars per Thousand Cubic Feet)
1980,4,,$/MCF,NUS,U.S.,PCS,Price Delivered to Commercial Sectors,N3020US3,U.S. Price of Natural Gas Sold to Commercial Consumers (Dollars per Thousand Cubic Feet)
1980,4,,$/MCF,NUS,U.S.,PRS,Price Delivered to Residential Consumers,N3010US3,U.S. Price of Natural Gas Delivered to Residential Consumers (Dollars per Thousand Cubic Feet)
1980,3,,$/MCF,NUS,U.S.,PG1,City Gate Price,N3050US3,U.S. Natural Gas Citygate Price (Dollars per Thousand Cubic Feet)
1980,3,,$/MCF,NUS,U.S.,PCS,Price Delivered to Commercial Sectors,N3020US3,U.S. Price of Natural Gas Sold to Commercial Consumers (Dollars per Thousand Cubic Feet)
1980,3,,$/MCF,NUS,U.S.,PRS,Price Delivered to Residential Consumers,N3010US3,U.S. Price of Natural Gas Delivered to Residential Consumers (Dollars per Thousand Cubic Feet)
1980,2,,$/MCF,NUS,U.S.,PG1,City Gate Price,N3050US3,U.S. Natural Gas Citygate Price (Dollars per Thousand Cubic Feet)
1980,2,,$/MCF,NUS,U.S.,PCS,Price Delivered to Commercial Sectors,N3020US3,U.S. Price of Natural Gas Sold to Commercial Consumers (Dollars per Thousand Cubic Feet)
1980,2,,$/MCF,NUS,U.S.,PRS,Price Delivered to Residential Consumers,N3010US3,U.S. Price of Natural Gas Delivered to Residential Consumers (Dollars per Thousand Cubic Feet)
1980,1,,$/MCF,NUS,U.S.,PG1,City Gate Price,N3050US3,U.S. Natural Gas Citygate Price (Dollars per Thousand Cubic Feet)
1980,1,,$/MCF,NUS,U.S.,PCS,Price Delivered to Commercial Sectors,N3020US3,U.S. Price of Natural Gas Sold to Commercial Consumers (Dollars per Thousand Cubic Feet)
1980,1,,$/MCF,NUS,U.S.,PRS,Price Delivered to Residential Consumers,N3010US3,U.S. Price of Natural Gas Delivered to Residential Consumers (Dollars per Thousand Cubic Feet)
1979,12,,$/MCF,NUS,U.S.,PG1,City Gate Price,N3050US3,U.S. Natural Gas Citygate Price (Dollars per Thousand Cubic Feet)
1979,12,,$/MCF,NUS,U.S.,PCS,Price Delivered to Commercial Sectors,N3020US3,U.S. Price of Natural Gas Sold to Commercial Consumers (Dollars per Thousand Cubic Feet)
1979,12,,$/MCF,NUS,U.S.,PRS,Price Delivered to Residential Consumers,N3010US3,U.S. Price of Natural Gas Delivered to Residential Consumers (Dollars per Thousand Cubic Feet)
1979,11,,$/MCF,NUS,U.S.,PG1,City Gate Price,N3050US3,U.S. Natural Gas Citygate Price (Dollars per Thousand Cubic Feet)
1979,11,,$/MCF,NUS,U.S.,PCS,Price Delivered to Commercial Sectors,N3020US3,U.S. Price of Natural Gas Sold to Commercial Consumers (Dollars per Thousand Cubic Feet)
1979,11,,$/MCF,NUS,U.S.,PRS,Price Delivered to Residential Consumers,N3010US3,U.S. Price of Natural Gas Delivered to Residential Consumers (Dollars per Thousand Cubic Feet)
1979,10,,$/MCF,NUS,U.S.,PG1,City Gate Price,N3050US3,U.S. Natural Gas Citygate Price (Dollars per Thousand Cubic Feet)
1979,10,,$/MCF,NUS,U.S.,PCS,Price Delivered to Commercial Sectors,N3020US3,U.S. Price of Natural Gas Sold to Commercial Consumers (Dollars per Thousand Cubic Feet)
1979,10,,$/MCF,NUS,U.S.,PRS,Price Delivered to Residential Consumers,N3010US3,U.S. Price of Natural Gas Delivered to Residential Consumers (Dollars per Thousand Cubic Feet)
1979,9,,$/MCF,NUS,U.S.,PG1,City Gate Price,N3050US3,U.S. Natural Gas Citygate Price (Dollars per Thousand Cubic Feet)
1979,9,,$/MCF,NUS,U.S.,PCS,Price Delivered to Commercial Sectors,N3020US3,U.S. Price of Natural Gas Sold to Commercial Consumers (Dollars per Thousand Cubic Feet)
1979,9,,$/MCF,NUS,U.S.,PRS,Price Delivered to Residential Consumers,N3010US3,U.S. Price of Natural Gas Delivered to Residential Consumers (Dollars per Thousand Cubic Feet)
1979,8,,$/MCF,NUS,U.S.,PG1,City Gate Price,N3050US3,U.S. Natural Gas Citygate Price (Dollars per Thousand Cubic Feet)
1979,8,,$/MCF,NUS,U.S.,PCS,Price Delivered to Commercial Sectors,N3020US3,U.S. Price of Natural Gas Sold to Commercial Consumers (Dollars per Thousand Cubic Feet)
1979,8,,$/MCF,NUS,U.S.,PRS,Price Delivered to Residential Consumers,N3010US3,U.S. Price of Natural Gas Delivered to Residential Consumers (Dollars per Thousand Cubic Feet)
1979,7,,$/MCF,NUS,U.S.,PG1,City Gate Price,N3050US3,U.S. Natural Gas Citygate Price (Dollars per Thousand Cubic Feet)
1979,7,,$/MCF,NUS,U.S.,PCS,Price Delivered to Commercial Sectors,N3020US3,U.S. Price of Natural Gas Sold to Commercial Consumers (Dollars per Thousand Cubic Feet)
1979,7,,$/MCF,NUS,U.S.,PRS,Price Delivered to Residential Consumers,N3010US3,U.S. Price of Natural Gas Delivered to Residential Consumers (Dollars per Thousand Cubic Feet)
1979,6,,$/MCF,NUS,U.S.,PG1,City Gate Price,N3050US3,U.S. Natural Gas Citygate Price (Dollars per Thousand Cubic Feet)
1979,6,,$/MCF,NUS,U.S.,PCS,Price Delivered to Commercial Sectors,N3020US3,U.S. Price of Natural Gas Sold to Commercial Consumers (Dollars per Thousand Cubic Feet)
1979,6,,$/MCF,NUS,U.S.,PRS,Price Delivered to Residential Consumers,N3010US3,U.S. Price of Natural Gas Delivered to Residential Consumers (Dollars per Thousand Cubic Feet)
1979,5,,$/MCF,NUS,U.S.,PG1,City Gate Price,N3050US3,U.S. Natural Gas Citygate Price (Dollars per Thousand Cubic Feet)
1979,5,,$/MCF,NUS,U.S.,PCS,Price Delivered to Commercial Sectors,N3020US3,U.S. Price of Natural Gas Sold to Commercial Consumers (Dollars per Thousand Cubic Feet)
1979,5,,$/MCF,NUS,U.S.,PRS,Price Delivered to Residential Consumers,N3010US3,U.S. Price of Natural Gas Delivered to Residential Consumers (Dollars per Thousand Cubic Feet)
1979,4,,$/MCF,NUS,U.S.,PG1,City Gate Price,N3050US3,U.S. Natural Gas Citygate Price (Dollars per Thousand Cubic Feet)
1979,4,,$/MCF,NUS,U.S.,PCS,Price Delivered to Commercial Sectors,N3020US3,U.S. Price of Natural Gas Sold to Commercial Consumers (Dollars per Thousand Cubic Feet)
1979,4,,$/MCF,NUS,U.S.,PRS,Price Delivered to Residential Consumers,N3010US3,U.S. Price of Natural Gas Delivered to Residential Consumers (Dollars per Thousand Cubic Feet)
1979,3,,$/MCF,NUS,U.S.,PG1,City Gate Price,N3050US3,U.S. Natural Gas Citygate Price (Dollars per Thousand Cubic Feet)
1979,3,,$/MCF,NUS,U.S.,PCS,Price Delivered to Commercial Sectors,N3020US3,U.S. Price of Natural Gas Sold to Commercial Consumers (Dollars per Thousand Cubic Feet)
1979,3,,$/MCF,NUS,U.S.,PRS,Price Delivered to Residential Consumers,N3010US3,U.S. Price of Natural Gas Delivered to Residential Consumers (Dollars per Thousand Cubic Feet)
1979,2,,$/MCF,NUS,U.S.,PG1,City Gate Price,N3050US3,U.S. Natural Gas Citygate Price (Dollars per Thousand Cubic Feet)
1979,2,,$/MCF,NUS,U.S.,PCS,Price Delivered to Commercial Sectors,N3020US3,U.S. Price of Natural Gas Sold to Commercial Consumers (Dollars per Thousand Cubic Feet)
1979,2,,$/MCF,NUS,U.S.,PRS,Price Delivered to Residential Consumers,N3010US3,U.S. Price of Natural Gas Delivered to Residential Consumers (Dollars per Thousand Cubic Feet)
1979,1,,$/MCF,NUS,U.S.,PG1,City Gate Price,N3050US3,U.S. Natural Gas Citygate Price (Dollars per Thousand Cubic Feet)
1979,1,,$/MCF,NUS,U.S.,PCS,Price Delivered to Commercial Sectors,N3020US3,U.S. Price of Natural Gas Sold to Commercial Consumers (Dollars per Thousand Cubic Feet)
1979,1,,$/MCF,NUS,U.S.,PRS,Price Delivered to Residential Consumers,N3010US3,U.S. Price of Natural Gas Delivered to Residential Consumers (Dollars per Thousand Cubic Feet)
1978,12,,$/MCF,NUS,U.S.,PG1,City Gate Price,N3050US3,U.S. Natural Gas Citygate Price (Dollars per Thousand Cubic Feet)
1978,12,,$/MCF,NUS,U.S.,PCS,Price Delivered to Commercial Sectors,N3020US3,U.S. Price of Natural Gas Sold to Commercial Consumers (Dollars per Thousand Cubic Feet)
1978,12,,$/MCF,NUS,U.S.,PRS,Price Delivered to Residential Consumers,N3010US3,U.S. Price of Natural Gas Delivered to Residential Consumers (Dollars per Thousand Cubic Feet)
1978,11,,$/MCF,NUS,U.S.,PG1,City Gate Price,N3050US3,U.S. Natural Gas Citygate Price (Dollars per Thousand Cubic Feet)
1978,11,,$/MCF,NUS,U.S.,PCS,Price Delivered to Commercial Sectors,N3020US3,U.S. Price of Natural Gas Sold to Commercial Consumers (Dollars per Thousand Cubic Feet)
1978,11,,$/MCF,NUS,U.S.,PRS,Price Delivered to Residential Consumers,N3010US3,U.S. Price of Natural Gas Delivered to Residential Consumers (Dollars per Thousand Cubic Feet)
1978,10,,$/MCF,NUS,U.S.,PG1,City Gate Price,N3050US3,U.S. Natural Gas Citygate Price (Dollars per Thousand Cubic Feet)
1978,10,,$/MCF,NUS,U.S.,PCS,Price Delivered to Commercial Sectors,N3020US3,U.S. Price of Natural Gas Sold to Commercial Consumers (Dollars per Thousand Cubic Feet)
1978,10,,$/MCF,NUS,U.S.,PRS,Price Delivered to Residential Consumers,N3010US3,U.S. Price of Natural Gas Delivered to Residential Consumers (Dollars per Thousand Cubic Feet)
1978,9,,$/MCF,NUS,U.S.,PG1,City Gate Price,N3050US3,U.S. Natural Gas Citygate Price (Dollars per Thousand Cubic Feet)
1978,9,,$/MCF,NUS,U.S.,PCS,Price Delivered to Commercial Sectors,N3020US3,U.S. Price of Natural Gas Sold to Commercial Consumers (Dollars per Thousand Cubic Feet)
1978,9,,$/MCF,NUS,U.S.,PRS,Price Delivered to Residential Consumers,N3010US3,U.S. Price of Natural Gas Delivered to Residential Consumers (Dollars per Thousand Cubic Feet)
1978,8,,$/MCF,NUS,U.S.,PG1,City Gate Price,N3050US3,U.S. Natural Gas Citygate Price (Dollars per Thousand Cubic Feet)
1978,8,,$/MCF,NUS,U.S.,PCS,Price Delivered to Commercial Sectors,N3020US3,U.S. Price of Natural Gas Sold to Commercial Consumers (Dollars per Thousand Cubic Feet)
1978,8,,$/MCF,NUS,U.S.,PRS,Price Delivered to Residential Consumers,N3010US3,U.S. Price of Natural Gas Delivered to Residential Consumers (Dollars per Thousand Cubic Feet)
1978,7,,$/MCF,NUS,U.S.,PG1,City Gate Price,N3050US3,U.S. Natural Gas Citygate Price (Dollars per Thousand Cubic Feet)
1978,7,,$/MCF,NUS,U.S.,PCS,Price Delivered to Commercial Sectors,N3020US3,U.S. Price of Natural Gas Sold to Commercial Consumers (Dollars per Thousand Cubic Feet)
1978,7,,$/MCF,NUS,U.S.,PRS,Price Delivered to Residential Consumers,N3010US3,U.S. Price of Natural Gas Delivered to Residential Consumers (Dollars per Thousand Cubic Feet)
1978,6,,$/MCF,NUS,U.S.,PG1,City Gate Price,N3050US3,U.S. Natural Gas Citygate Price (Dollars per Thousand Cubic Feet)
1978,6,,$/MCF,NUS,U.S.,PCS,Price Delivered to Commercial Sectors,N3020US3,U.S. Price of Natural Gas Sold to Commercial Consumers (Dollars per Thousand Cubic Feet)
1978,6,,$/MCF,NUS,U.S.,PRS,Price Delivered to Residential Consumers,N3010US3,U.S. Price of Natural Gas Delivered to Residential Consumers (Dollars per Thousand Cubic Feet)
1978,5,,$/MCF,NUS,U.S.,PG1,City Gate Price,N3050US3,U.S. Natural Gas Citygate Price (Dollars per Thousand Cubic Feet)
1978,5,,$/MCF,NUS,U.S.,PCS,Price Delivered to Commercial Sectors,N3020US3,U.S. Price of Natural Gas Sold to Commercial Consumers (Dollars per Thousand Cubic Feet)
1978,5,,$/MCF,NUS,U.S.,PRS,Price Delivered to Residential Consumers,N3010US3,U.S. Price of Natural Gas Delivered to Residential Consumers (Dollars per Thousand Cubic Feet)
1978,4,,$/MCF,NUS,U.S.,PG1,City Gate Price,N3050US3,U.S. Natural Gas Citygate Price (Dollars per Thousand Cubic Feet)
1978,4,,$/MCF,NUS,U.S.,PCS,Price Delivered to Commercial Sectors,N3020US3,U.S. Price of Natural Gas Sold to Commercial Consumers (Dollars per Thousand Cubic Feet)
1978,4,,$/MCF,NUS,U.S.,PRS,Price Delivered to Residential Consumers,N3010US3,U.S. Price of Natural Gas Delivered to Residential Consumers (Dollars per Thousand Cubic Feet)
1978,3,,$/MCF,NUS,U.S.,PG1,City Gate Price,N3050US3,U.S. Natural Gas Citygate Price (Dollars per Thousand Cubic Feet)
1978,3,,$/MCF,NUS,U.S.,PCS,Price Delivered to Commercial Sectors,N3020US3,U.S. Price of Natural Gas Sold to Commercial Consumers (Dollars per Thousand Cubic Feet)
1978,3,,$/MCF,NUS,U.S.,PRS,Price Delivered to Residential Consumers,N3010US3,U.S. Price of Natural Gas Delivered to Residential Consumers (Dollars per Thousand Cubic Feet)
1978,2,,$/MCF,NUS,U.S.,PG1,City Gate Price,N3050US3,U.S. Natural Gas Citygate Price (Dollars per Thousand Cubic Feet)
1978,2,,$/MCF,NUS,U.S.,PCS,Price Delivered to Commercial Sectors,N3020US3,U.S. Price of Natural Gas Sold to Commercial Consumers (Dollars per Thousand Cubic Feet)
1978,2,,$/MCF,NUS,U.S.,PRS,Price Delivered to Residential Consumers,N3010US3,U.S. Price of Natural Gas Delivered to Residential Consumers (Dollars per Thousand Cubic Feet)
1978,1,,$/MCF,NUS,U.S.,PG1,City Gate Price,N3050US3,U.S. Natural Gas Citygate Price (Dollars per Thousand Cubic Feet)
1978,1,,$/MCF,NUS,U.S.,PCS,Price Delivered to Commercial Sectors,N3020US3,U.S. Price of Natural Gas Sold to Commercial Consumers (Dollars per Thousand Cubic Feet)
1978,1,,$/MCF,NUS,U.S.,PRS,Price Delivered to Residential Consumers,N3010US3,U.S. Price of Natural Gas Delivered to Residential Consumers (Dollars per Thousand Cubic Feet)
1977,12,,$/MCF,NUS,U.S.,PG1,City Gate Price,N3050US3,U.S. Natural Gas Citygate Price (Dollars per Thousand Cubic Feet)
1977,12,,$/MCF,NUS,U.S.,PCS,Price Delivered to Commercial Sectors,N3020US3,U.S. Price of Natural Gas Sold to Commercial Consumers (Dollars per Thousand Cubic Feet)
1977,12,,$/MCF,NUS,U.S.,PRS,Price Delivered to Residential Consumers,N3010US3,U.S. Price of Natural Gas Delivered to Residential Consumers (Dollars per Thousand Cubic Feet)
1977,11,,$/MCF,NUS,U.S.,PG1,City Gate Price,N3050US3,U.S. Natural Gas Citygate Price (Dollars per Thousand Cubic Feet)
1977,11,,$/MCF,NUS,U.S.,PCS,Price Delivered to Commercial Sectors,N3020US3,U.S. Price of Natural Gas Sold to Commercial Consumers (Dollars per Thousand Cubic Feet)
1977,11,,$/MCF,NUS,U.S.,PRS,Price Delivered to Residential Consumers,N3010US3,U.S. Price of Natural Gas Delivered to Residential Consumers (Dollars per Thousand Cubic Feet)
1977,10,,$/MCF,NUS,U.S.,PG1,City Gate Price,N3050US3,U.S. Natural Gas Citygate Price (Dollars per Thousand Cubic Feet)
1977,10,,$/MCF,NUS,U.S.,PCS,Price Delivered to Commercial Sectors,N3020US3,U.S. Price of Natural Gas Sold to Commercial Consumers (Dollars per Thousand Cubic Feet)
1977,10,,$/MCF,NUS,U.S.,PRS,Price Delivered to Residential Consumers,N3010US3,U.S. Price of Natural Gas Delivered to Residential Consumers (Dollars per Thousand Cubic Feet)
1977,9,,$/MCF,NUS,U.S.,PG1,City Gate Price,N3050US3,U.S. Natural Gas Citygate Price (Dollars per Thousand Cubic Feet)
1977,9,,$/MCF,NUS,U.S.,PCS,Price Delivered to Commercial Sectors,N3020US3,U.S. Price of Natural Gas Sold to Commercial Consumers (Dollars per Thousand Cubic Feet)
1977,9,,$/MCF,NUS,U.S.,PRS,Price Delivered to Residential Consumers,N3010US3,U.S. Price of Natural Gas Delivered to Residential Consumers (Dollars per Thousand Cubic Feet)
1977,8,,$/MCF,NUS,U.S.,PG1,City Gate Price,N3050US3,U.S. Natural Gas Citygate Price (Dollars per Thousand Cubic Feet)
1977,8,,$/MCF,NUS,U.S.,PCS,Price Delivered to Commercial Sectors,N3020US3,U.S. Price of Natural Gas Sold to Commercial Consumers (Dollars per Thousand Cubic Feet)
1977,8,,$/MCF,NUS,U.S.,PRS,Price Delivered to Residential Consumers,N3010US3,U.S. Price of Natural Gas Delivered to Residential Consumers (Dollars per Thousand Cubic Feet)
1977,7,,$/MCF,NUS,U.S.,PG1,City Gate Price,N3050US3,U.S. Natural Gas Citygate Price (Dollars per Thousand Cubic Feet)
1977,7,,$/MCF,NUS,U.S.,PCS,Price Delivered to Commercial Sectors,N3020US3,U.S. Price of Natural Gas Sold to Commercial Consumers (Dollars per Thousand Cubic Feet)
1977,7,,$/MCF,NUS,U.S.,PRS,Price Delivered to Residential Consumers,N3010US3,U.S. Price of Natural Gas Delivered to Residential Consumers (Dollars per Thousand Cubic Feet)
1977,6,,$/MCF,NUS,U.S.,PG1,City Gate Price,N3050US3,U.S. Natural Gas Citygate Price (Dollars per Thousand Cubic Feet)
1977,6,,$/MCF,NUS,U.S.,PCS,Price Delivered to Commercial Sectors,N3020US3,U.S. Price of Natural Gas Sold to Commercial Consumers (Dollars per Thousand Cubic Feet)
1977,6,,$/MCF,NUS,U.S.,PRS,Price Delivered to Residential Consumers,N3010US3,U.S. Price of Natural Gas Delivered to Residential Consumers (Dollars per Thousand Cubic Feet)
1977,5,,$/MCF,NUS,U.S.,PG1,City Gate Price,N3050US3,U.S. Natural Gas Citygate Price (Dollars per Thousand Cubic Feet)
1977,5,,$/MCF,NUS,U.S.,PCS,Price Delivered to Commercial Sectors,N3020US3,U.S. Price of Natural Gas Sold to Commercial Consumers (Dollars per Thousand Cubic Feet)
1977,5,,$/MCF,NUS,U.S.,PRS,Price Delivered to Residential Consumers,N3010US3,U.S. Price of Natural Gas Delivered to Residential Consumers (Dollars per Thousand Cubic Feet)
1977,4,,$/MCF,NUS,U.S.,PG1,City Gate Price,N3050US3,U.S. Natural Gas Citygate Price (Dollars per Thousand Cubic Feet)
1977,4,,$/MCF,NUS,U.S.,PCS,Price Delivered to Commercial Sectors,N3020US3,U.S. Price of Natural Gas Sold to Commercial Consumers (Dollars per Thousand Cubic Feet)
1977,4,,$/MCF,NUS,U.S.,PRS,Price Delivered to Residential Consumers,N3010US3,U.S. Price of Natural Gas Delivered to Residential Consumers (Dollars per Thousand Cubic Feet)
1977,3,,$/MCF,NUS,U.S.,PG1,City Gate Price,N3050US3,U.S. Natural Gas Citygate Price (Dollars per Thousand Cubic Feet)
1977,3,,$/MCF,NUS,U.S.,PCS,Price Delivered to Commercial Sectors,N3020US3,U.S. Price of Natural Gas Sold to Commercial Consumers (Dollars per Thousand Cubic Feet)
1977,3,,$/MCF,NUS,U.S.,PRS,Price Delivered to Residential Consumers,N3010US3,U.S. Price of Natural Gas Delivered to Residential Consumers (Dollars per Thousand Cubic Feet)
1977,2,,$/MCF,NUS,U.S.,PG1,City Gate Price,N3050US3,U.S. Natural Gas Citygate Price (Dollars per Thousand Cubic Feet)
1977,2,,$/MCF,NUS,U.S.,PCS,Price Delivered to Commercial Sectors,N3020US3,U.S. Price of Natural Gas Sold to Commercial Consumers (Dollars per Thousand Cubic Feet)
1977,2,,$/MCF,NUS,U.S.,PRS,Price Delivered to Residential Consumers,N3010US3,U.S. Price of Natural Gas Delivered to Residential Consumers (Dollars per Thousand Cubic Feet)
1977,1,,$/MCF,NUS,U.S.,PG1,City Gate Price,N3050US3,U.S. Natural Gas Citygate Price (Dollars per Thousand Cubic Feet)
1977,1,,$/MCF,NUS,U.S.,PCS,Price Delivered to Commercial Sectors,N3020US3,U.S. Price of Natural Gas Sold to Commercial Consumers (Dollars per Thousand Cubic Feet)
1977,1,,$/MCF,NUS,U.S.,PRS,Price Delivered to Residential Consumers,N3010US3,U.S. Price of Natural Gas Delivered to Residential Consumers (Dollars per Thousand Cubic Feet)
1976,12,,$/MCF,NUS,U.S.,PG1,City Gate Price,N3050US3,U.S. Natural Gas Citygate Price (Dollars per Thousand Cubic Feet)
1976,12,,$/MCF,NUS,U.S.,PCS,Price Delivered to Commercial Sectors,N3020US3,U.S. Price of Natural Gas Sold to Commercial Consumers (Dollars per Thousand Cubic Feet)
1976,12,,$/MCF,NUS,U.S.,PRS,Price Delivered to Residential Consumers,N3010US3,U.S. Price of Natural Gas Delivered to Residential Consumers (Dollars per Thousand Cubic Feet)
1976,11,,$/MCF,NUS,U.S.,PG1,City Gate Price,N3050US3,U.S. Natural Gas Citygate Price (Dollars per Thousand Cubic Feet)
1976,11,,$/MCF,NUS,U.S.,PCS,Price Delivered to Commercial Sectors,N3020US3,U.S. Price of Natural Gas Sold to Commercial Consumers (Dollars per Thousand Cubic Feet)
1976,11,,$/MCF,NUS,U.S.,PRS,Price Delivered to Residential Consumers,N3010US3,U.S. Price of Natural Gas Delivered to Residential Consumers (Dollars per Thousand Cubic Feet)
1976,10,,$/MCF,NUS,U.S.,PG1,City Gate Price,N3050US3,U.S. Natural Gas Citygate Price (Dollars per Thousand Cubic Feet)
1976,10,,$/MCF,NUS,U.S.,PCS,Price Delivered to Commercial Sectors,N3020US3,U.S. Price of Natural Gas Sold to Commercial Consumers (Dollars per Thousand Cubic Feet)
1976,10,,$/MCF,NUS,U.S.,PRS,Price Delivered to Residential Consumers,N3010US3,U.S. Price of Natural Gas Delivered to Residential Consumers (Dollars per Thousand Cubic Feet)
1976,9,,$/MCF,NUS,U.S.,PG1,City Gate Price,N3050US3,U.S. Natural Gas Citygate Price (Dollars per Thousand Cubic Feet)
1976,9,,$/MCF,NUS,U.S.,PCS,Price Delivered to Commercial Sectors,N3020US3,U.S. Price of Natural Gas Sold to Commercial Consumers (Dollars per Thousand Cubic Feet)
1976,9,,$/MCF,NUS,U.S.,PRS,Price Delivered to Residential Consumers,N3010US3,U.S. Price of Natural Gas Delivered to Residential Consumers (Dollars per Thousand Cubic Feet)
1976,8,,$/MCF,NUS,U.S.,PG1,City Gate Price,N3050US3,U.S. Natural Gas Citygate Price (Dollars per Thousand Cubic Feet)
1976,8,,$/MCF,NUS,U.S.,PCS,Price Delivered to Commercial Sectors,N3020US3,U.S. Price of Natural Gas Sold to Commercial Consumers (Dollars per Thousand Cubic Feet)
1976,8,,$/MCF,NUS,U.S.,PRS,Price Delivered to Residential Consumers,N3010US3,U.S. Price of Natural Gas Delivered to Residential Consumers (Dollars per Thousand Cubic Feet)
1976,7,,$/MCF,NUS,U.S.,PG1,City Gate Price,N3050US3,U.S. Natural Gas Citygate Price (Dollars per Thousand Cubic Feet)
1976,7,,$/MCF,NUS,U.S.,PCS,Price Delivered to Commercial Sectors,N3020US3,U.S. Price of Natural Gas Sold to Commercial Consumers (Dollars per Thousand Cubic Feet)
1976,7,,$/MCF,NUS,U.S.,PRS,Price Delivered to Residential Consumers,N3010US3,U.S. Price of Natural Gas Delivered to Residential Consumers (Dollars per Thousand Cubic Feet)
1976,6,,$/MCF,NUS,U.S.,PG1,City Gate Price,N3050US3,U.S. Natural Gas Citygate Price (Dollars per Thousand Cubic Feet)
1976,6,,$/MCF,NUS,U.S.,PCS,Price Delivered to Commercial Sectors,N3020US3,U.S. Price of Natural Gas Sold to Commercial Consumers (Dollars per Thousand Cubic Feet)
1976,6,,$/MCF,NUS,U.S.,PRS,Price Delivered to Residential Consumers,N3010US3,U.S. Price of Natural Gas Delivered to Residential Consumers (Dollars per Thousand Cubic Feet)
1976,5,,$/MCF,NUS,U.S.,PG1,City Gate Price,N3050US3,U.S. Natural Gas Citygate Price (Dollars per Thousand Cubic Feet)
1976,5,,$/MCF,NUS,U.S.,PCS,Price Delivered to Commercial Sectors,N3020US3,U.S. Price of Natural Gas Sold to Commercial Consumers (Dollars per Thousand Cubic Feet)
1976,5,,$/MCF,NUS,U.S.,PRS,Price Delivered to Residential Consumers,N3010US3,U.S. Price of Natural Gas Delivered to Residential Consumers (Dollars per Thousand Cubic Feet)
1976,4,,$/MCF,NUS,U.S.,PG1,City Gate Price,N3050US3,U.S. Natural Gas Citygate Price (Dollars per Thousand Cubic Feet)
1976,4,,$/MCF,NUS,U.S.,PCS,Price Delivered to Commercial Sectors,N3020US3,U.S. Price of Natural Gas Sold to Commercial Consumers (Dollars per Thousand Cubic Feet)
1976,4,,$/MCF,NUS,U.S.,PRS,Price Delivered to Residential Consumers,N3010US3,U.S. Price of Natural Gas Delivered to Residential Consumers (Dollars per Thousand Cubic Feet)
1976,3,,$/MCF,NUS,U.S.,PG1,City Gate Price,N3050US3,U.S. Natural Gas Citygate Price (Dollars per Thousand Cubic Feet)
1976,3,,$/MCF,NUS,U.S.,PCS,Price Delivered to Commercial Sectors,N3020US3,U.S. Price of Natural Gas Sold to Commercial Consumers (Dollars per Thousand Cubic Feet)
1976,3,,$/MCF,NUS,U.S.,PRS,Price Delivered to Residential Consumers,N3010US3,U.S. Price of Natural Gas Delivered to Residential Consumers (Dollars per Thousand Cubic Feet)
1976,2,,$/MCF,NUS,U.S.,PG1,City Gate Price,N3050US3,U.S. Natural Gas Citygate Price (Dollars per Thousand Cubic Feet)
1976,2,,$/MCF,NUS,U.S.,PCS,Price Delivered to Commercial Sectors,N3020US3,U.S. Price of Natural Gas Sold to Commercial Consumers (Dollars per Thousand Cubic Feet)
1976,2,,$/MCF,NUS,U.S.,PRS,Price Delivered to Residential Consumers,N3010US3,U.S. Price of Natural Gas Delivered to Residential Consumers (Dollars per Thousand Cubic Feet)
1976,1,,$/MCF,NUS,U.S.,PG1,City Gate Price,N3050US3,U.S. Natural Gas Citygate Price (Dollars per Thousand Cubic Feet)
1976,1,,$/MCF,NUS,U.S.,PCS,Price Delivered to Commercial Sectors,N3020US3,U.S. Price of Natural Gas Sold to Commercial Consumers (Dollars per Thousand Cubic Feet)
1976,1,,$/MCF,NUS,U.S.,PRS,Price Delivered to Residential Consumers,N3010US3,U.S. Price of Natural Gas Delivered to Residential Consumers (Dollars per Thousand Cubic Feet)
1975,12,,$/MCF,NUS,U.S.,PG1,City Gate Price,N3050US3,U.S. Natural Gas Citygate Price (Dollars per Thousand Cubic Feet)
1975,12,,$/MCF,NUS,U.S.,PCS,Price Delivered to Commercial Sectors,N3020US3,U.S. Price of Natural Gas Sold to Commercial Consumers (Dollars per Thousand Cubic Feet)
1975,12,,$/MCF,NUS,U.S.,PRS,Price Delivered to Residential Consumers,N3010US3,U.S. Price of Natural Gas Delivered to Residential Consumers (Dollars per Thousand Cubic Feet)
1975,11,,$/MCF,NUS,U.S.,PG1,City Gate Price,N3050US3,U.S. Natural Gas Citygate Price (Dollars per Thousand Cubic Feet)
1975,11,,$/MCF,NUS,U.S.,PCS,Price Delivered to Commercial Sectors,N3020US3,U.S. Price of Natural Gas Sold to Commercial Consumers (Dollars per Thousand Cubic Feet)
1975,11,,$/MCF,NUS,U.S.,PRS,Price Delivered to Residential Consumers,N3010US3,U.S. Price of Natural Gas Delivered to Residential Consumers (Dollars per Thousand Cubic Feet)
1975,10,,$/MCF,NUS,U.S.,PG1,City Gate Price,N3050US3,U.S. Natural Gas Citygate Price (Dollars per Thousand Cubic Feet)
1975,10,,$/MCF,NUS,U.S.,PCS,Price Delivered to Commercial Sectors,N3020US3,U.S. Price of Natural Gas Sold to Commercial Consumers (Dollars per Thousand Cubic Feet)
1975,10,,$/MCF,NUS,U.S.,PRS,Price Delivered to Residential Consumers,N3010US3,U.S. Price of Natural Gas Delivered to Residential Consumers (Dollars per Thousand Cubic Feet)
1975,9,,$/MCF,NUS,U.S.,PG1,City Gate Price,N3050US3,U.S. Natural Gas Citygate Price (Dollars per Thousand Cubic Feet)
1975,9,,$/MCF,NUS,U.S.,PCS,Price Delivered to Commercial Sectors,N3020US3,U.S. Price of Natural Gas Sold to Commercial Consumers (Dollars per Thousand Cubic Feet)
1975,9,,$/MCF,NUS,U.S.,PRS,Price Delivered to Residential Consumers,N3010US3,U.S. Price of Natural Gas Delivered to Residential Consumers (Dollars per Thousand Cubic Feet)
1975,8,,$/MCF,NUS,U.S.,PG1,City Gate Price,N3050US3,U.S. Natural Gas Citygate Price (Dollars per Thousand Cubic Feet)
1975,8,,$/MCF,NUS,U.S.,PCS,Price Delivered to Commercial Sectors,N3020US3,U.S. Price of Natural Gas Sold to Commercial Consumers (Dollars per Thousand Cubic Feet)
1975,8,,$/MCF,NUS,U.S.,PRS,Price Delivered to Residential Consumers,N3010US3,U.S. Price of Natural Gas Delivered to Residential Consumers (Dollars per Thousand Cubic Feet)
1975,7,,$/MCF,NUS,U.S.,PG1,City Gate Price,N3050US3,U.S. Natural Gas Citygate Price (Dollars per Thousand Cubic Feet)
1975,7,,$/MCF,NUS,U.S.,PCS,Price Delivered to Commercial Sectors,N3020US3,U.S. Price of Natural Gas Sold to Commercial Consumers (Dollars per Thousand Cubic Feet)
1975,7,,$/MCF,NUS,U.S.,PRS,Price Delivered to Residential Consumers,N3010US3,U.S. Price of Natural Gas Delivered to Residential Consumers (Dollars per Thousand Cubic Feet)
1975,6,,$/MCF,NUS,U.S.,PG1,City Gate Price,N3050US3,U.S. Natural Gas Citygate Price (Dollars per Thousand Cubic Feet)
1975,6,,$/MCF,NUS,U.S.,PCS,Price Delivered to Commercial Sectors,N3020US3,U.S. Price of Natural Gas Sold to Commercial Consumers (Dollars per Thousand Cubic Feet)
1975,6,,$/MCF,NUS,U.S.,PRS,Price Delivered to Residential Consumers,N3010US3,U.S. Price of Natural Gas Delivered to Residential Consumers (Dollars per Thousand Cubic Feet)
1975,5,,$/MCF,NUS,U.S.,PG1,City Gate Price,N3050US3,U.S. Natural Gas Citygate Price (Dollars per Thousand Cubic Feet)
1975,5,,$/MCF,NUS,U.S.,PCS,Price Delivered to Commercial Sectors,N3020US3,U.S. Price of Natural Gas Sold to Commercial Consumers (Dollars per Thousand Cubic Feet)
1975,5,,$/MCF,NUS,U.S.,PRS,Price Delivered to Residential Consumers,N3010US3,U.S. Price of Natural Gas Delivered to Residential Consumers (Dollars per Thousand Cubic Feet)
1975,4,,$/MCF,NUS,U.S.,PG1,City Gate Price,N3050US3,U.S. Natural Gas Citygate Price (Dollars per Thousand Cubic Feet)
1975,4,,$/MCF,NUS,U.S.,PCS,Price Delivered to Commercial Sectors,N3020US3,U.S. Price of Natural Gas Sold to Commercial Consumers (Dollars per Thousand Cubic Feet)
1975,4,,$/MCF,NUS,U.S.,PRS,Price Delivered to Residential Consumers,N3010US3,U.S. Price of Natural Gas Delivered to Residential Consumers (Dollars per Thousand Cubic Feet)
1975,3,,$/MCF,NUS,U.S.,PG1,City Gate Price,N3050US3,U.S. Natural Gas Citygate Price (Dollars per Thousand Cubic Feet)
1975,3,,$/MCF,NUS,U.S.,PCS,Price Delivered to Commercial Sectors,N3020US3,U.S. Price of Natural Gas Sold to Commercial Consumers (Dollars per Thousand Cubic Feet)
1975,3,,$/MCF,NUS,U.S.,PRS,Price Delivered to Residential Consumers,N3010US3,U.S. Price of Natural Gas Delivered to Residential Consumers (Dollars per Thousand Cubic Feet)
1975,2,,$/MCF,NUS,U.S.,PG1,City Gate Price,N3050US3,U.S. Natural Gas Citygate Price (Dollars per Thousand Cubic Feet)
1975,2,,$/MCF,NUS,U.S.,PCS,Price Delivered to Commercial Sectors,N3020US3,U.S. Price of Natural Gas Sold to Commercial Consumers (Dollars per Thousand Cubic Feet)
1975,2,,$/MCF,NUS,U.S.,PRS,Price Delivered to Residential Consumers,N3010US3,U.S. Price of Natural Gas Delivered to Residential Consumers (Dollars per Thousand Cubic Feet)
1975,1,,$/MCF,NUS,U.S.,PG1,City Gate Price,N3050US3,U.S. Natural Gas Citygate Price (Dollars per Thousand Cubic Feet)
1975,1,,$/MCF,NUS,U.S.,PCS,Price Delivered to Commercial Sectors,N3020US3,U.S. Price of Natural Gas Sold to Commercial Consumers (Dollars per Thousand Cubic Feet)
1975,1,,$/MCF,NUS,U.S.,PRS,Price Delivered to Residential Consumers,N3010US3,U.S. Price of Natural Gas Delivered to Residential Consumers (Dollars per Thousand Cubic Feet)
1974,12,,$/MCF,NUS,U.S.,PG1,City Gate Price,N3050US3,U.S. Natural Gas Citygate Price (Dollars per Thousand Cubic Feet)
1974,12,,$/MCF,NUS,U.S.,PCS,Price Delivered to Commercial Sectors,N3020US3,U.S. Price of Natural Gas Sold to Commercial Consumers (Dollars per Thousand Cubic Feet)
1974,12,,$/MCF,NUS,U.S.,PRS,Price Delivered to Residential Consumers,N3010US3,U.S. Price of Natural Gas Delivered to Residential Consumers (Dollars per Thousand Cubic Feet)
1974,11,,$/MCF,NUS,U.S.,PG1,City Gate Price,N3050US3,U.S. Natural Gas Citygate Price (Dollars per Thousand Cubic Feet)
1974,11,,$/MCF,NUS,U.S.,PCS,Price Delivered to Commercial Sectors,N3020US3,U.S. Price of Natural Gas Sold to Commercial Consumers (Dollars per Thousand Cubic Feet)
1974,11,,$/MCF,NUS,U.S.,PRS,Price Delivered to Residential Consumers,N3010US3,U.S. Price of Natural Gas Delivered to Residential Consumers (Dollars per Thousand Cubic Feet)
1974,10,,$/MCF,NUS,U.S.,PG1,City Gate Price,N3050US3,U.S. Natural Gas Citygate Price (Dollars per Thousand Cubic Feet)
1974,10,,$/MCF,NUS,U.S.,PCS,Price Delivered to Commercial Sectors,N3020US3,U.S. Price of Natural Gas Sold to Commercial Consumers (Dollars per Thousand Cubic Feet)
1974,10,,$/MCF,NUS,U.S.,PRS,Price Delivered to Residential Consumers,N3010US3,U.S. Price of Natural Gas Delivered to Residential Consumers (Dollars per Thousand Cubic Feet)
1974,9,,$/MCF,NUS,U.S.,PG1,City Gate Price,N3050US3,U.S. Natural Gas Citygate Price (Dollars per Thousand Cubic Feet)
1974,9,,$/MCF,NUS,U.S.,PCS,Price Delivered to Commercial Sectors,N3020US3,U.S. Price of Natural Gas Sold to Commercial Consumers (Dollars per Thousand Cubic Feet)
1974,9,,$/MCF,NUS,U.S.,PRS,Price Delivered to Residential Consumers,N3010US3,U.S. Price of Natural Gas Delivered to Residential Consumers (Dollars per Thousand Cubic Feet)
1974,8,,$/MCF,NUS,U.S.,PG1,City Gate Price,N3050US3,U.S. Natural Gas Citygate Price (Dollars per Thousand Cubic Feet)
1974,8,,$/MCF,NUS,U.S.,PCS,Price Delivered to Commercial Sectors,N3020US3,U.S. Price of Natural Gas Sold to Commercial Consumers (Dollars per Thousand Cubic Feet)
1974,8,,$/MCF,NUS,U.S.,PRS,Price Delivered to Residential Consumers,N3010US3,U.S. Price of Natural Gas Delivered to Residential Consumers (Dollars per Thousand Cubic Feet)
1974,7,,$/MCF,NUS,U.S.,PG1,City Gate Price,N3050US3,U.S. Natural Gas Citygate Price (Dollars per Thousand Cubic Feet)
1974,7,,$/MCF,NUS,U.S.,PCS,Price Delivered to Commercial Sectors,N3020US3,U.S. Price of Natural Gas Sold to Commercial Consumers (Dollars per Thousand Cubic Feet)
1974,7,,$/MCF,NUS,U.S.,PRS,Price Delivered to Residential Consumers,N3010US3,U.S. Price of Natural Gas Delivered to Residential Consumers (Dollars per Thousand Cubic Feet)
1974,6,,$/MCF,NUS,U.S.,PG1,City Gate Price,N3050US3,U.S. Natural Gas Citygate Price (Dollars per Thousand Cubic Feet)
1974,6,,$/MCF,NUS,U.S.,PCS,Price Delivered to Commercial Sectors,N3020US3,U.S. Price of Natural Gas Sold to Commercial Consumers (Dollars per Thousand Cubic Feet)
1974,6,,$/MCF,NUS,U.S.,PRS,Price Delivered to Residential Consumers,N3010US3,U.S. Price of Natural Gas Delivered to Residential Consumers (Dollars per Thousand Cubic Feet)
1974,5,,$/MCF,NUS,U.S.,PG1,City Gate Price,N3050US3,U.S. Natural Gas Citygate Price (Dollars per Thousand Cubic Feet)
1974,5,,$/MCF,NUS,U.S.,PCS,Price Delivered to Commercial Sectors,N3020US3,U.S. Price of Natural Gas Sold to Commercial Consumers (Dollars per Thousand Cubic Feet)
1974,5,,$/MCF,NUS,U.S.,PRS,Price Delivered to Residential Consumers,N3010US3,U.S. Price of Natural Gas Delivered to Residential Consumers (Dollars per Thousand Cubic Feet)
1974,4,,$/MCF,NUS,U.S.,PG1,City Gate Price,N3050US3,U.S. Natural Gas Citygate Price (Dollars per Thousand Cubic Feet)
1974,4,,$/MCF,NUS,U.S.,PCS,Price Delivered to Commercial Sectors,N3020US3,U.S. Price of Natural Gas Sold to Commercial Consumers (Dollars per Thousand Cubic Feet)
1974,4,,$/MCF,NUS,U.S.,PRS,Price Delivered to Residential Consumers,N3010US3,U.S. Price of Natural Gas Delivered to Residential Consumers (Dollars per Thousand Cubic Feet)
1974,3,,$/MCF,NUS,U.S.,PG1,City Gate Price,N3050US3,U.S. Natural Gas Citygate Price (Dollars per Thousand Cubic Feet)
1974,3,,$/MCF,NUS,U.S.,PCS,Price Delivered to Commercial Sectors,N3020US3,U.S. Price of Natural Gas Sold to Commercial Consumers (Dollars per Thousand Cubic Feet)
1974,3,,$/MCF,NUS,U.S.,PRS,Price Delivered to Residential Consumers,N3010US3,U.S. Price of Natural Gas Delivered to Residential Consumers (Dollars per Thousand Cubic Feet)
1974,2,,$/MCF,NUS,U.S.,PG1,City Gate Price,N3050US3,U.S. Natural Gas Citygate Price (Dollars per Thousand Cubic Feet)
1974,2,,$/MCF,NUS,U.S.,PCS,Price Delivered to Commercial Sectors,N3020US3,U.S. Price of Natural Gas Sold to Commercial Consumers (Dollars per Thousand Cubic Feet)
1974,2,,$/MCF,NUS,U.S.,PRS,Price Delivered to Residential Consumers,N3010US3,U.S. Price of Natural Gas Delivered to Residential Consumers (Dollars per Thousand Cubic Feet)
1974,1,,$/MCF,NUS,U.S.,PG1,City Gate Price,N3050US3,U.S. Natural Gas Citygate Price (Dollars per Thousand Cubic Feet)
1974,1,,$/MCF,NUS,U.S.,PCS,Price Delivered to Commercial Sectors,N3020US3,U.S. Price of Natural Gas Sold to Commercial Consumers (Dollars per Thousand Cubic Feet)
1974,1,,$/MCF,NUS,U.S.,PRS,Price Delivered to Residential Consumers,N3010US3,U.S. Price of Natural Gas Delivered to Residential Consumers (Dollars per Thousand Cubic Feet)
1973,12,,$/MCF,NUS,U.S.,PG1,City Gate Price,N3050US3,U.S. Natural Gas Citygate Price (Dollars per Thousand Cubic Feet)
1973,12,,$/MCF,NUS,U.S.,PCS,Price Delivered to Commercial Sectors,N3020US3,U.S. Price of Natural Gas Sold to Commercial Consumers (Dollars per Thousand Cubic Feet)
1973,12,,$/MCF,NUS,U.S.,PRS,Price Delivered to Residential Consumers,N3010US3,U.S. Price of Natural Gas Delivered to Residential Consumers (Dollars per Thousand Cubic Feet)
1973,11,,$/MCF,NUS,U.S.,PG1,City Gate Price,N3050US3,U.S. Natural Gas Citygate Price (Dollars per Thousand Cubic Feet)
1973,11,,$/MCF,NUS,U.S.,PCS,Price Delivered to Commercial Sectors,N3020US3,U.S. Price of Natural Gas Sold to Commercial Consumers (Dollars per Thousand Cubic Feet)
1973,11,,$/MCF,NUS,U.S.,PRS,Price Delivered to Residential Consumers,N3010US3,U.S. Price of Natural Gas Delivered to Residential Consumers (Dollars per Thousand Cubic Feet)
1973,10,,$/MCF,NUS,U.S.,PG1,City Gate Price,N3050US3,U.S. Natural Gas Citygate Price (Dollars per Thousand Cubic Feet)
1973,10,,$/MCF,NUS,U.S.,PCS,Price Delivered to Commercial Sectors,N3020US3,U.S. Price of Natural Gas Sold to Commercial Consumers (Dollars per Thousand Cubic Feet)
1973,10,,$/MCF,NUS,U.S.,PRS,Price Delivered to Residential Consumers,N3010US3,U.S. Price of Natural Gas Delivered to Residential Consumers (Dollars per Thousand Cubic Feet)
1973,9,,$/MCF,NUS,U.S.,PG1,City Gate Price,N3050US3,U.S. Natural Gas Citygate Price (Dollars per Thousand Cubic Feet)
1973,9,,$/MCF,NUS,U.S.,PCS,Price Delivered to Commercial Sectors,N3020US3,U.S. Price of Natural Gas Sold to Commercial Consumers (Dollars per Thousand Cubic Feet)
1973,9,,$/MCF,NUS,U.S.,PRS,Price Delivered to Residential Consumers,N3010US3,U.S. Price of Natural Gas Delivered to Residential Consumers (Dollars per Thousand Cubic Feet)
1973,8,,$/MCF,NUS,U.S.,PG1,City Gate Price,N3050US3,U.S. Natural Gas Citygate Price (Dollars per Thousand Cubic Feet)
1973,8,,$/MCF,NUS,U.S.,PCS,Price Delivered to Commercial Sectors,N3020US3,U.S. Price of Natural Gas Sold to Commercial Consumers (Dollars per Thousand Cubic Feet)
1973,8,,$/MCF,NUS,U.S.,PRS,Price Delivered to Residential Consumers,N3010US3,U.S. Price of Natural Gas Delivered to Residential Consumers (Dollars per Thousand Cubic Feet)
1973,7,,$/MCF,NUS,U.S.,PG1,City Gate Price,N3050US3,U.S. Natural Gas Citygate Price (Dollars per Thousand Cubic Feet)
1973,7,,$/MCF,NUS,U.S.,PCS,Price Delivered to Commercial Sectors,N3020US3,U.S. Price of Natural Gas Sold to Commercial Consumers (Dollars per Thousand Cubic Feet)
1973,7,,$/MCF,NUS,U.S.,PRS,Price Delivered to Residential Consumers,N3010US3,U.S. Price of Natural Gas Delivered to Residential Consumers (Dollars per Thousand Cubic Feet)
1973,6,,$/MCF,NUS,U.S.,PG1,City Gate Price,N3050US3,U.S. Natural Gas Citygate Price (Dollars per Thousand Cubic Feet)
1973,6,,$/MCF,NUS,U.S.,PCS,Price Delivered to Commercial Sectors,N3020US3,U.S. Price of Natural Gas Sold to Commercial Consumers (Dollars per Thousand Cubic Feet)
1973,6,,$/MCF,NUS,U.S.,PRS,Price Delivered to Residential Consumers,N3010US3,U.S. Price of Natural Gas Delivered to Residential Consumers (Dollars per Thousand Cubic Feet)
1973,5,,$/MCF,NUS,U.S.,PG1,City Gate Price,N3050US3,U.S. Natural Gas Citygate Price (Dollars per Thousand Cubic Feet)
1973,5,,$/MCF,NUS,U.S.,PCS,Price Delivered to Commercial Sectors,N3020US3,U.S. Price of Natural Gas Sold to Commercial Consumers (Dollars per Thousand Cubic Feet)
1973,5,,$/MCF,NUS,U.S.,PRS,Price Delivered to Residential Consumers,N3010US3,U.S. Price of Natural Gas Delivered to Residential Consumers (Dollars per Thousand Cubic Feet)
1973,4,,$/MCF,NUS,U.S.,PG1,City Gate Price,N3050US3,U.S. Natural Gas Citygate Price (Dollars per Thousand Cubic Feet)
1973,4,,$/MCF,NUS,U.S.,PCS,Price Delivered to Commercial Sectors,N3020US3,U.S. Price of Natural Gas Sold to Commercial Consumers (Dollars per Thousand Cubic Feet)
1973,4,,$/MCF,NUS,U.S.,PRS,Price Delivered to Residential Consumers,N3010US3,U.S. Price of Natural Gas Delivered to Residential Consumers (Dollars per Thousand Cubic Feet)
1973,3,,$/MCF,NUS,U.S.,PG1,City Gate Price,N3050US3,U.S. Natural Gas Citygate Price (Dollars per Thousand Cubic Feet)
1973,3,,$/MCF,NUS,U.S.,PCS,Price Delivered to Commercial Sectors,N3020US3,U.S. Price of Natural Gas Sold to Commercial Consumers (Dollars per Thousand Cubic Feet)
1973,3,,$/MCF,NUS,U.S.,PRS,Price Delivered to Residential Consumers,N3010US3,U.S. Price of Natural Gas Delivered to Residential Consumers (Dollars per Thousand Cubic Feet)
1973,2,,$/MCF,NUS,U.S.,PG1,City Gate Price,N3050US3,U.S. Natural Gas Citygate Price (Dollars per Thousand Cubic Feet)
1973,2,,$/MCF,NUS,U.S.,PCS,Price Delivered to Commercial Sectors,N3020US3,U.S. Price of Natural Gas Sold to Commercial Consumers (Dollars per Thousand Cubic Feet)
1973,2,,$/MCF,NUS,U.S.,PRS,Price Delivered to Residential Consumers,N3010US3,U.S. Price of Natural Gas Delivered to Residential Consumers (Dollars per Thousand Cubic Feet)
1973,1,,$/MCF,NUS,U.S.,PG1,City Gate Price,N3050US3,U.S. Natural Gas Citygate Price (Dollars per Thousand Cubic Feet)
1973,1,,$/MCF,NUS,U.S.,PCS,Price Delivered to Commercial Sectors,N3020US3,U.S. Price of Natural Gas Sold to Commercial Consumers (Dollars per Thousand Cubic Feet)
1973,1,,$/MCF,NUS,U.S.,PRS,Price Delivered to Residential Consumers,N3010US3,U.S. Price of Natural Gas Delivered to Residential Consumers (Dollars per Thousand Cubic Feet)
