year,month,value,units,process,process_name,series,series_description
2026,1,10560,MMCF/D,FGW,Gross Withdrawals,NGM_EPG0_FGW_SAK_MMCFD,Alaska Natural Gas Gross Withdrawals (Million Cubic Feet per Day)
2026,1,327375,MMCF,FGW,Gross Withdrawals,N9010AK2,Alaska Natural Gas Gross Withdrawals (MMcf)
2026,1,34231,MMCF,VGM,Marketed Production,N9050AK2,Alaska Natural Gas Marketed Production (MMcf)
2026,1,,MMCF,VRN,Removed from Natural Gas,N9030AK2,Alaska Nonhydrocarbon Gases Removed from Natural Gas (MMcf)
2026,1,,MMCF,VGQ,Repressuring,N9020AK2,Alaska Natural Gas Repressuring (MMcf)
2026,1,,MMCF,VGV,Vented and Flared,N9040AK2,Alaska Natural Gas Vented and Flared (MMcf)
2026,1,,MMCF,FGC,Withdrawals from Coalbed Wells,NGM_EPG0_FGC_SAK_MMCF,Alaska Natural Gas Gross Withdrawals from Coalbed Wells (MMcf)
2026,1,,MMCF,FGG,Withdrawals from Gas Wells,N9011AK2,Alaska Natural Gas Gross Withdrawals from Gas Wells (MMcf)
2026,1,,MMCF,FGO,Withdrawals from Oil Wells,N9012AK2,Alaska Natural Gas Gross Withdrawals from Oil Wells (MMcf)
2025,12,333211,MMCF,FGW,Gross Withdrawals,N9010AK2,Alaska Natural Gas Gross Withdrawals (MMcf)
2025,12,10749,MMCF/D,FGW,Gross Withdrawals,NGM_EPG0_FGW_SAK_MMCFD,Alaska Natural Gas Gross Withdrawals (Million Cubic Feet per Day)
2025,12,34134,MMCF,VGM,Marketed Production,N9050AK2,Alaska Natural Gas Marketed Production (MMcf)
2025,12,,MMCF,VRN,Removed from Natural Gas,N9030AK2,Alaska Nonhydrocarbon Gases Removed from Natural Gas (MMcf)
2025,12,,MMCF,VGQ,Repressuring,N9020AK2,Alaska Natural Gas Repressuring (MMcf)
2025,12,,MMCF,VGV,Vented and Flared,N9040AK2,Alaska Natural Gas Vented and Flared (MMcf)
2025,12,,MMCF,FGC,Withdrawals from Coalbed Wells,NGM_EPG0_FGC_SAK_MMCF,Alaska Natural Gas Gross Withdrawals from Coalbed Wells (MMcf)
2025,12,,MMCF,FGG,Withdrawals from Gas Wells,N9011AK2,Alaska Natural Gas Gross Withdrawals from Gas Wells (MMcf)
2025,12,,MMCF,FGO,Withdrawals from Oil Wells,N9012AK2,Alaska Natural Gas Gross Withdrawals from Oil Wells (MMcf)
2025,11,302146,MMCF,FGW,Gross Withdrawals,N9010AK2,Alaska Natural Gas Gross Withdrawals (MMcf)
2025,11,10072,MMCF/D,FGW,Gross Withdrawals,NGM_EPG0_FGW_SAK_MMCFD,Alaska Natural Gas Gross Withdrawals (Million Cubic Feet per Day)
2025,11,31959,MMCF,VGM,Marketed Production,N9050AK2,Alaska Natural Gas Marketed Production (MMcf)
2025,11,,MMCF,VRN,Removed from Natural Gas,N9030AK2,Alaska Nonhydrocarbon Gases Removed from Natural Gas (MMcf)
2025,11,,MMCF,VGQ,Repressuring,N9020AK2,Alaska Natural Gas Repressuring (MMcf)
2025,11,,MMCF,VGV,Vented and Flared,N9040AK2,Alaska Natural Gas Vented and Flared (MMcf)
2025,11,,MMCF,FGC,Withdrawals from Coalbed Wells,NGM_EPG0_FGC_SAK_MMCF,Alaska Natural Gas Gross Withdrawals from Coalbed Wells (MMcf)
2025,11,,MMCF,FGG,Withdrawals from Gas Wells,N9011AK2,Alaska Natural Gas Gross Withdrawals from Gas Wells (MMcf)
2025,11,,MMCF,FGO,Withdrawals from Oil Wells,N9012AK2,Alaska Natural Gas Gross Withdrawals from Oil Wells (MMcf)
2025,10,297327,MMCF,FGW,Gross Withdrawals,N9010AK2,Alaska Natural Gas Gross Withdrawals (MMcf)
2025,10,9591,MMCF/D,FGW,Gross Withdrawals,NGM_EPG0_FGW_SAK_MMCFD,Alaska Natural Gas Gross Withdrawals (Million Cubic Feet per Day)
2025,10,31513,MMCF,VGM,Marketed Production,N9050AK2,Alaska Natural Gas Marketed Production (MMcf)
2025,10,,MMCF,VRN,Removed from Natural Gas,N9030AK2,Alaska Nonhydrocarbon Gases Removed from Natural Gas (MMcf)
2025,10,,MMCF,VGQ,Repressuring,N9020AK2,Alaska Natural Gas Repressuring (MMcf)
2025,10,,MMCF,VGV,Vented and Flared,N9040AK2,Alaska Natural Gas Vented and Flared (MMcf)
2025,10,,MMCF,FGC,Withdrawals from Coalbed Wells,NGM_EPG0_FGC_SAK_MMCF,Alaska Natural Gas Gross Withdrawals from Coalbed Wells (MMcf)
2025,10,,MMCF,FGG,Withdrawals from Gas Wells,N9011AK2,Alaska Natural Gas Gross Withdrawals from Gas Wells (MMcf)
2025,10,,MMCF,FGO,Withdrawals from Oil Wells,N9012AK2,Alaska Natural Gas Gross Withdrawals from Oil Wells (MMcf)
2025,9,272559,MMCF,FGW,Gross Withdrawals,N9010AK2,Alaska Natural Gas Gross Withdrawals (MMcf)
2025,9,9085,MMCF/D,FGW,Gross Withdrawals,NGM_EPG0_FGW_SAK_MMCFD,Alaska Natural Gas Gross Withdrawals (Million Cubic Feet per Day)
2025,9,29625,MMCF,VGM,Marketed Production,N9050AK2,Alaska Natural Gas Marketed Production (MMcf)
2025,9,,MMCF,VRN,Removed from Natural Gas,N9030AK2,Alaska Nonhydrocarbon Gases Removed from Natural Gas (MMcf)
2025,9,,MMCF,VGQ,Repressuring,N9020AK2,Alaska Natural Gas Repressuring (MMcf)
2025,9,,MMCF,VGV,Vented and Flared,N9040AK2,Alaska Natural Gas Vented and Flared (MMcf)
2025,9,,MMCF,FGC,Withdrawals from Coalbed Wells,NGM_EPG0_FGC_SAK_MMCF,Alaska Natural Gas Gross Withdrawals from Coalbed Wells (MMcf)
2025,9,,MMCF,FGG,Withdrawals from Gas Wells,N9011AK2,Alaska Natural Gas Gross Withdrawals from Gas Wells (MMcf)
2025,9,,MMCF,FGO,Withdrawals from Oil Wells,N9012AK2,Alaska Natural Gas Gross Withdrawals from Oil Wells (MMcf)
2025,8,8688,MMCF/D,FGW,Gross Withdrawals,NGM_EPG0_FGW_SAK_MMCFD,Alaska Natural Gas Gross Withdrawals (Million Cubic Feet per Day)
2025,8,269326,MMCF,FGW,Gross Withdrawals,N9010AK2,Alaska Natural Gas Gross Withdrawals (MMcf)
2025,8,28593,MMCF,VGM,Marketed Production,N9050AK2,Alaska Natural Gas Marketed Production (MMcf)
2025,8,,MMCF,VRN,Removed from Natural Gas,N9030AK2,Alaska Nonhydrocarbon Gases Removed from Natural Gas (MMcf)
2025,8,,MMCF,VGQ,Repressuring,N9020AK2,Alaska Natural Gas Repressuring (MMcf)
2025,8,,MMCF,VGV,Vented and Flared,N9040AK2,Alaska Natural Gas Vented and Flared (MMcf)
2025,8,,MMCF,FGC,Withdrawals from Coalbed Wells,NGM_EPG0_FGC_SAK_MMCF,Alaska Natural Gas Gross Withdrawals from Coalbed Wells (MMcf)
2025,8,,MMCF,FGG,Withdrawals from Gas Wells,N9011AK2,Alaska Natural Gas Gross Withdrawals from Gas Wells (MMcf)
2025,8,,MMCF,FGO,Withdrawals from Oil Wells,N9012AK2,Alaska Natural Gas Gross Withdrawals from Oil Wells (MMcf)
2025,7,245522,MMCF,FGW,Gross Withdrawals,N9010AK2,Alaska Natural Gas Gross Withdrawals (MMcf)
2025,7,7920,MMCF/D,FGW,Gross Withdrawals,NGM_EPG0_FGW_SAK_MMCFD,Alaska Natural Gas Gross Withdrawals (Million Cubic Feet per Day)
2025,7,26261,MMCF,VGM,Marketed Production,N9050AK2,Alaska Natural Gas Marketed Production (MMcf)
2025,7,,MMCF,VRN,Removed from Natural Gas,N9030AK2,Alaska Nonhydrocarbon Gases Removed from Natural Gas (MMcf)
2025,7,,MMCF,VGQ,Repressuring,N9020AK2,Alaska Natural Gas Repressuring (MMcf)
2025,7,,MMCF,VGV,Vented and Flared,N9040AK2,Alaska Natural Gas Vented and Flared (MMcf)
2025,7,,MMCF,FGC,Withdrawals from Coalbed Wells,NGM_EPG0_FGC_SAK_MMCF,Alaska Natural Gas Gross Withdrawals from Coalbed Wells (MMcf)
2025,7,,MMCF,FGG,Withdrawals from Gas Wells,N9011AK2,Alaska Natural Gas Gross Withdrawals from Gas Wells (MMcf)
2025,7,,MMCF,FGO,Withdrawals from Oil Wells,N9012AK2,Alaska Natural Gas Gross Withdrawals from Oil Wells (MMcf)
2025,6,278398,MMCF,FGW,Gross Withdrawals,N9010AK2,Alaska Natural Gas Gross Withdrawals (MMcf)
2025,6,9280,MMCF/D,FGW,Gross Withdrawals,NGM_EPG0_FGW_SAK_MMCFD,Alaska Natural Gas Gross Withdrawals (Million Cubic Feet per Day)
2025,6,29501,MMCF,VGM,Marketed Production,N9050AK2,Alaska Natural Gas Marketed Production (MMcf)
2025,6,,MMCF,VRN,Removed from Natural Gas,N9030AK2,Alaska Nonhydrocarbon Gases Removed from Natural Gas (MMcf)
2025,6,,MMCF,VGQ,Repressuring,N9020AK2,Alaska Natural Gas Repressuring (MMcf)
2025,6,,MMCF,VGV,Vented and Flared,N9040AK2,Alaska Natural Gas Vented and Flared (MMcf)
2025,6,,MMCF,FGC,Withdrawals from Coalbed Wells,NGM_EPG0_FGC_SAK_MMCF,Alaska Natural Gas Gross Withdrawals from Coalbed Wells (MMcf)
2025,6,,MMCF,FGG,Withdrawals from Gas Wells,N9011AK2,Alaska Natural Gas Gross Withdrawals from Gas Wells (MMcf)
2025,6,,MMCF,FGO,Withdrawals from Oil Wells,N9012AK2,Alaska Natural Gas Gross Withdrawals from Oil Wells (MMcf)
2025,5,9910,MMCF/D,FGW,Gross Withdrawals,NGM_EPG0_FGW_SAK_MMCFD,Alaska Natural Gas Gross Withdrawals (Million Cubic Feet per Day)
2025,5,307205,MMCF,FGW,Gross Withdrawals,N9010AK2,Alaska Natural Gas Gross Withdrawals (MMcf)
2025,5,31676,MMCF,VGM,Marketed Production,N9050AK2,Alaska Natural Gas Marketed Production (MMcf)
2025,5,,MMCF,VRN,Removed from Natural Gas,N9030AK2,Alaska Nonhydrocarbon Gases Removed from Natural Gas (MMcf)
2025,5,,MMCF,VGQ,Repressuring,N9020AK2,Alaska Natural Gas Repressuring (MMcf)
2025,5,,MMCF,VGV,Vented and Flared,N9040AK2,Alaska Natural Gas Vented and Flared (MMcf)
2025,5,,MMCF,FGC,Withdrawals from Coalbed Wells,NGM_EPG0_FGC_SAK_MMCF,Alaska Natural Gas Gross Withdrawals from Coalbed Wells (MMcf)
2025,5,,MMCF,FGG,Withdrawals from Gas Wells,N9011AK2,Alaska Natural Gas Gross Withdrawals from Gas Wells (MMcf)
2025,5,,MMCF,FGO,Withdrawals from Oil Wells,N9012AK2,Alaska Natural Gas Gross Withdrawals from Oil Wells (MMcf)
2025,4,10047,MMCF/D,FGW,Gross Withdrawals,NGM_EPG0_FGW_SAK_MMCFD,Alaska Natural Gas Gross Withdrawals (Million Cubic Feet per Day)
2025,4,301410,MMCF,FGW,Gross Withdrawals,N9010AK2,Alaska Natural Gas Gross Withdrawals (MMcf)
2025,4,30497,MMCF,VGM,Marketed Production,N9050AK2,Alaska Natural Gas Marketed Production (MMcf)
2025,4,,MMCF,VRN,Removed from Natural Gas,N9030AK2,Alaska Nonhydrocarbon Gases Removed from Natural Gas (MMcf)
2025,4,,MMCF,VGQ,Repressuring,N9020AK2,Alaska Natural Gas Repressuring (MMcf)
2025,4,,MMCF,VGV,Vented and Flared,N9040AK2,Alaska Natural Gas Vented and Flared (MMcf)
2025,4,,MMCF,FGC,Withdrawals from Coalbed Wells,NGM_EPG0_FGC_SAK_MMCF,Alaska Natural Gas Gross Withdrawals from Coalbed Wells (MMcf)
2025,4,,MMCF,FGG,Withdrawals from Gas Wells,N9011AK2,Alaska Natural Gas Gross Withdrawals from Gas Wells (MMcf)
2025,4,,MMCF,FGO,Withdrawals from Oil Wells,N9012AK2,Alaska Natural Gas Gross Withdrawals from Oil Wells (MMcf)
2025,3,10443,MMCF/D,FGW,Gross Withdrawals,NGM_EPG0_FGW_SAK_MMCFD,Alaska Natural Gas Gross Withdrawals (Million Cubic Feet per Day)
2025,3,323743,MMCF,FGW,Gross Withdrawals,N9010AK2,Alaska Natural Gas Gross Withdrawals (MMcf)
2025,3,32907,MMCF,VGM,Marketed Production,N9050AK2,Alaska Natural Gas Marketed Production (MMcf)
2025,3,,MMCF,VRN,Removed from Natural Gas,N9030AK2,Alaska Nonhydrocarbon Gases Removed from Natural Gas (MMcf)
2025,3,,MMCF,VGQ,Repressuring,N9020AK2,Alaska Natural Gas Repressuring (MMcf)
2025,3,,MMCF,VGV,Vented and Flared,N9040AK2,Alaska Natural Gas Vented and Flared (MMcf)
2025,3,,MMCF,FGC,Withdrawals from Coalbed Wells,NGM_EPG0_FGC_SAK_MMCF,Alaska Natural Gas Gross Withdrawals from Coalbed Wells (MMcf)
2025,3,,MMCF,FGG,Withdrawals from Gas Wells,N9011AK2,Alaska Natural Gas Gross Withdrawals from Gas Wells (MMcf)
2025,3,,MMCF,FGO,Withdrawals from Oil Wells,N9012AK2,Alaska Natural Gas Gross Withdrawals from Oil Wells (MMcf)
2025,2,292723,MMCF,FGW,Gross Withdrawals,N9010AK2,Alaska Natural Gas Gross Withdrawals (MMcf)
2025,2,10454,MMCF/D,FGW,Gross Withdrawals,NGM_EPG0_FGW_SAK_MMCFD,Alaska Natural Gas Gross Withdrawals (Million Cubic Feet per Day)
2025,2,29720,MMCF,VGM,Marketed Production,N9050AK2,Alaska Natural Gas Marketed Production (MMcf)
2025,2,,MMCF,VRN,Removed from Natural Gas,N9030AK2,Alaska Nonhydrocarbon Gases Removed from Natural Gas (MMcf)
2025,2,,MMCF,VGQ,Repressuring,N9020AK2,Alaska Natural Gas Repressuring (MMcf)
2025,2,,MMCF,VGV,Vented and Flared,N9040AK2,Alaska Natural Gas Vented and Flared (MMcf)
2025,2,,MMCF,FGC,Withdrawals from Coalbed Wells,NGM_EPG0_FGC_SAK_MMCF,Alaska Natural Gas Gross Withdrawals from Coalbed Wells (MMcf)
2025,2,,MMCF,FGG,Withdrawals from Gas Wells,N9011AK2,Alaska Natural Gas Gross Withdrawals from Gas Wells (MMcf)
2025,2,,MMCF,FGO,Withdrawals from Oil Wells,N9012AK2,Alaska Natural Gas Gross Withdrawals from Oil Wells (MMcf)
2025,1,10404,MMCF/D,FGW,Gross Withdrawals,NGM_EPG0_FGW_SAK_MMCFD,Alaska Natural Gas Gross Withdrawals (Million Cubic Feet per Day)
2025,1,322539,MMCF,FGW,Gross Withdrawals,N9010AK2,Alaska Natural Gas Gross Withdrawals (MMcf)
2025,1,32571,MMCF,VGM,Marketed Production,N9050AK2,Alaska Natural Gas Marketed Production (MMcf)
2025,1,,MMCF,VRN,Removed from Natural Gas,N9030AK2,Alaska Nonhydrocarbon Gases Removed from Natural Gas (MMcf)
2025,1,,MMCF,VGQ,Repressuring,N9020AK2,Alaska Natural Gas Repressuring (MMcf)
2025,1,,MMCF,VGV,Vented and Flared,N9040AK2,Alaska Natural Gas Vented and Flared (MMcf)
2025,1,,MMCF,FGC,Withdrawals from Coalbed Wells,NGM_EPG0_FGC_SAK_MMCF,Alaska Natural Gas Gross Withdrawals from Coalbed Wells (MMcf)
2025,1,,MMCF,FGG,Withdrawals from Gas Wells,N9011AK2,Alaska Natural Gas Gross Withdrawals from Gas Wells (MMcf)
2025,1,,MMCF,FGO,Withdrawals from Oil Wells,N9012AK2,Alaska Natural Gas Gross Withdrawals from Oil Wells (MMcf)
2024,12,30318,MMCF,FPD,Dry Production,NA1160_SAK_2,Alaska Dry Natural Gas Production (Million Cubic Feet)
2024,12,1827,MMCF,VG9,Extraction Loss,NA1150_SAK_2,Alaska Natural Gas Plant Liquids Production (Million Cubic Feet)
2024,12,323002,MMCF,FGW,Gross Withdrawals,N9010AK2,Alaska Natural Gas Gross Withdrawals (MMcf)
2024,12,10419,MMCF/D,FGW,Gross Withdrawals,NGM_EPG0_FGW_SAK_MMCFD,Alaska Natural Gas Gross Withdrawals (Million Cubic Feet per Day)
2024,12,32145,MMCF,VGM,Marketed Production,N9050AK2,Alaska Natural Gas Marketed Production (MMcf)
2024,12,0,MMCF,VRN,Removed from Natural Gas,N9030AK2,Alaska Nonhydrocarbon Gases Removed from Natural Gas (MMcf)
2024,12,290372,MMCF,VGQ,Repressuring,N9020AK2,Alaska Natural Gas Repressuring (MMcf)
2024,12,484,MMCF,VGV,Vented and Flared,N9040AK2,Alaska Natural Gas Vented and Flared (MMcf)
2024,12,0,MMCF,FGC,Withdrawals from Coalbed Wells,NGM_EPG0_FGC_SAK_MMCF,Alaska Natural Gas Gross Withdrawals from Coalbed Wells (MMcf)
2024,12,5674,MMCF,FGG,Withdrawals from Gas Wells,N9011AK2,Alaska Natural Gas Gross Withdrawals from Gas Wells (MMcf)
2024,12,317328,MMCF,FGO,Withdrawals from Oil Wells,N9012AK2,Alaska Natural Gas Gross Withdrawals from Oil Wells (MMcf)
2024,11,29775,MMCF,FPD,Dry Production,NA1160_SAK_2,Alaska Dry Natural Gas Production (Million Cubic Feet)
2024,11,1737,MMCF,VG9,Extraction Loss,NA1150_SAK_2,Alaska Natural Gas Plant Liquids Production (Million Cubic Feet)
2024,11,308355,MMCF,FGW,Gross Withdrawals,N9010AK2,Alaska Natural Gas Gross Withdrawals (MMcf)
2024,11,10278,MMCF/D,FGW,Gross Withdrawals,NGM_EPG0_FGW_SAK_MMCFD,Alaska Natural Gas Gross Withdrawals (Million Cubic Feet per Day)
2024,11,31511,MMCF,VGM,Marketed Production,N9050AK2,Alaska Natural Gas Marketed Production (MMcf)
2024,11,0,MMCF,VRN,Removed from Natural Gas,N9030AK2,Alaska Nonhydrocarbon Gases Removed from Natural Gas (MMcf)
2024,11,276323,MMCF,VGQ,Repressuring,N9020AK2,Alaska Natural Gas Repressuring (MMcf)
2024,11,521,MMCF,VGV,Vented and Flared,N9040AK2,Alaska Natural Gas Vented and Flared (MMcf)
2024,11,0,MMCF,FGC,Withdrawals from Coalbed Wells,NGM_EPG0_FGC_SAK_MMCF,Alaska Natural Gas Gross Withdrawals from Coalbed Wells (MMcf)
2024,11,5578,MMCF,FGG,Withdrawals from Gas Wells,N9011AK2,Alaska Natural Gas Gross Withdrawals from Gas Wells (MMcf)
2024,11,302777,MMCF,FGO,Withdrawals from Oil Wells,N9012AK2,Alaska Natural Gas Gross Withdrawals from Oil Wells (MMcf)
2024,10,28977,MMCF,FPD,Dry Production,NA1160_SAK_2,Alaska Dry Natural Gas Production (Million Cubic Feet)
2024,10,1794,MMCF,VG9,Extraction Loss,NA1150_SAK_2,Alaska Natural Gas Plant Liquids Production (Million Cubic Feet)
2024,10,299939,MMCF,FGW,Gross Withdrawals,N9010AK2,Alaska Natural Gas Gross Withdrawals (MMcf)
2024,10,9675,MMCF/D,FGW,Gross Withdrawals,NGM_EPG0_FGW_SAK_MMCFD,Alaska Natural Gas Gross Withdrawals (Million Cubic Feet per Day)
2024,10,30771,MMCF,VGM,Marketed Production,N9050AK2,Alaska Natural Gas Marketed Production (MMcf)
2024,10,0,MMCF,VRN,Removed from Natural Gas,N9030AK2,Alaska Nonhydrocarbon Gases Removed from Natural Gas (MMcf)
2024,10,268585,MMCF,VGQ,Repressuring,N9020AK2,Alaska Natural Gas Repressuring (MMcf)
2024,10,583,MMCF,VGV,Vented and Flared,N9040AK2,Alaska Natural Gas Vented and Flared (MMcf)
2024,10,0,MMCF,FGC,Withdrawals from Coalbed Wells,NGM_EPG0_FGC_SAK_MMCF,Alaska Natural Gas Gross Withdrawals from Coalbed Wells (MMcf)
2024,10,5694,MMCF,FGG,Withdrawals from Gas Wells,N9011AK2,Alaska Natural Gas Gross Withdrawals from Gas Wells (MMcf)
2024,10,294245,MMCF,FGO,Withdrawals from Oil Wells,N9012AK2,Alaska Natural Gas Gross Withdrawals from Oil Wells (MMcf)
2024,9,26880,MMCF,FPD,Dry Production,NA1160_SAK_2,Alaska Dry Natural Gas Production (Million Cubic Feet)
2024,9,1713,MMCF,VG9,Extraction Loss,NA1150_SAK_2,Alaska Natural Gas Plant Liquids Production (Million Cubic Feet)
2024,9,266664,MMCF,FGW,Gross Withdrawals,N9010AK2,Alaska Natural Gas Gross Withdrawals (MMcf)
2024,9,8889,MMCF/D,FGW,Gross Withdrawals,NGM_EPG0_FGW_SAK_MMCFD,Alaska Natural Gas Gross Withdrawals (Million Cubic Feet per Day)
2024,9,28593,MMCF,VGM,Marketed Production,N9050AK2,Alaska Natural Gas Marketed Production (MMcf)
2024,9,0,MMCF,VRN,Removed from Natural Gas,N9030AK2,Alaska Nonhydrocarbon Gases Removed from Natural Gas (MMcf)
2024,9,237526,MMCF,VGQ,Repressuring,N9020AK2,Alaska Natural Gas Repressuring (MMcf)
2024,9,546,MMCF,VGV,Vented and Flared,N9040AK2,Alaska Natural Gas Vented and Flared (MMcf)
2024,9,0,MMCF,FGC,Withdrawals from Coalbed Wells,NGM_EPG0_FGC_SAK_MMCF,Alaska Natural Gas Gross Withdrawals from Coalbed Wells (MMcf)
2024,9,5545,MMCF,FGG,Withdrawals from Gas Wells,N9011AK2,Alaska Natural Gas Gross Withdrawals from Gas Wells (MMcf)
2024,9,261119,MMCF,FGO,Withdrawals from Oil Wells,N9012AK2,Alaska Natural Gas Gross Withdrawals from Oil Wells (MMcf)
2024,8,26576,MMCF,FPD,Dry Production,NA1160_SAK_2,Alaska Dry Natural Gas Production (Million Cubic Feet)
2024,8,1782,MMCF,VG9,Extraction Loss,NA1150_SAK_2,Alaska Natural Gas Plant Liquids Production (Million Cubic Feet)
2024,8,262261,MMCF,FGW,Gross Withdrawals,N9010AK2,Alaska Natural Gas Gross Withdrawals (MMcf)
2024,8,8460,MMCF/D,FGW,Gross Withdrawals,NGM_EPG0_FGW_SAK_MMCFD,Alaska Natural Gas Gross Withdrawals (Million Cubic Feet per Day)
2024,8,28358,MMCF,VGM,Marketed Production,N9050AK2,Alaska Natural Gas Marketed Production (MMcf)
2024,8,0,MMCF,VRN,Removed from Natural Gas,N9030AK2,Alaska Nonhydrocarbon Gases Removed from Natural Gas (MMcf)
2024,8,233350,MMCF,VGQ,Repressuring,N9020AK2,Alaska Natural Gas Repressuring (MMcf)
2024,8,553,MMCF,VGV,Vented and Flared,N9040AK2,Alaska Natural Gas Vented and Flared (MMcf)
2024,8,0,MMCF,FGC,Withdrawals from Coalbed Wells,NGM_EPG0_FGC_SAK_MMCF,Alaska Natural Gas Gross Withdrawals from Coalbed Wells (MMcf)
2024,8,5581,MMCF,FGG,Withdrawals from Gas Wells,N9011AK2,Alaska Natural Gas Gross Withdrawals from Gas Wells (MMcf)
2024,8,256681,MMCF,FGO,Withdrawals from Oil Wells,N9012AK2,Alaska Natural Gas Gross Withdrawals from Oil Wells (MMcf)
2024,7,27436,MMCF,FPD,Dry Production,NA1160_SAK_2,Alaska Dry Natural Gas Production (Million Cubic Feet)
2024,7,1799,MMCF,VG9,Extraction Loss,NA1150_SAK_2,Alaska Natural Gas Plant Liquids Production (Million Cubic Feet)
2024,7,275384,MMCF,FGW,Gross Withdrawals,N9010AK2,Alaska Natural Gas Gross Withdrawals (MMcf)
2024,7,8883,MMCF/D,FGW,Gross Withdrawals,NGM_EPG0_FGW_SAK_MMCFD,Alaska Natural Gas Gross Withdrawals (Million Cubic Feet per Day)
2024,7,29235,MMCF,VGM,Marketed Production,N9050AK2,Alaska Natural Gas Marketed Production (MMcf)
2024,7,0,MMCF,VRN,Removed from Natural Gas,N9030AK2,Alaska Nonhydrocarbon Gases Removed from Natural Gas (MMcf)
2024,7,245601,MMCF,VGQ,Repressuring,N9020AK2,Alaska Natural Gas Repressuring (MMcf)
2024,7,548,MMCF,VGV,Vented and Flared,N9040AK2,Alaska Natural Gas Vented and Flared (MMcf)
2024,7,0,MMCF,FGC,Withdrawals from Coalbed Wells,NGM_EPG0_FGC_SAK_MMCF,Alaska Natural Gas Gross Withdrawals from Coalbed Wells (MMcf)
2024,7,5594,MMCF,FGG,Withdrawals from Gas Wells,N9011AK2,Alaska Natural Gas Gross Withdrawals from Gas Wells (MMcf)
2024,7,269790,MMCF,FGO,Withdrawals from Oil Wells,N9012AK2,Alaska Natural Gas Gross Withdrawals from Oil Wells (MMcf)
2024,6,27234,MMCF,FPD,Dry Production,NA1160_SAK_2,Alaska Dry Natural Gas Production (Million Cubic Feet)
2024,6,1719,MMCF,VG9,Extraction Loss,NA1150_SAK_2,Alaska Natural Gas Plant Liquids Production (Million Cubic Feet)
2024,6,9020,MMCF/D,FGW,Gross Withdrawals,NGM_EPG0_FGW_SAK_MMCFD,Alaska Natural Gas Gross Withdrawals (Million Cubic Feet per Day)
2024,6,270592,MMCF,FGW,Gross Withdrawals,N9010AK2,Alaska Natural Gas Gross Withdrawals (MMcf)
2024,6,28953,MMCF,VGM,Marketed Production,N9050AK2,Alaska Natural Gas Marketed Production (MMcf)
2024,6,0,MMCF,VRN,Removed from Natural Gas,N9030AK2,Alaska Nonhydrocarbon Gases Removed from Natural Gas (MMcf)
2024,6,241163,MMCF,VGQ,Repressuring,N9020AK2,Alaska Natural Gas Repressuring (MMcf)
2024,6,475,MMCF,VGV,Vented and Flared,N9040AK2,Alaska Natural Gas Vented and Flared (MMcf)
2024,6,0,MMCF,FGC,Withdrawals from Coalbed Wells,NGM_EPG0_FGC_SAK_MMCF,Alaska Natural Gas Gross Withdrawals from Coalbed Wells (MMcf)
2024,6,5643,MMCF,FGG,Withdrawals from Gas Wells,N9011AK2,Alaska Natural Gas Gross Withdrawals from Gas Wells (MMcf)
2024,6,264949,MMCF,FGO,Withdrawals from Oil Wells,N9012AK2,Alaska Natural Gas Gross Withdrawals from Oil Wells (MMcf)
2024,5,30208,MMCF,FPD,Dry Production,NA1160_SAK_2,Alaska Dry Natural Gas Production (Million Cubic Feet)
2024,5,1755,MMCF,VG9,Extraction Loss,NA1150_SAK_2,Alaska Natural Gas Plant Liquids Production (Million Cubic Feet)
2024,5,298195,MMCF,FGW,Gross Withdrawals,N9010AK2,Alaska Natural Gas Gross Withdrawals (MMcf)
2024,5,9619,MMCF/D,FGW,Gross Withdrawals,NGM_EPG0_FGW_SAK_MMCFD,Alaska Natural Gas Gross Withdrawals (Million Cubic Feet per Day)
2024,5,31963,MMCF,VGM,Marketed Production,N9050AK2,Alaska Natural Gas Marketed Production (MMcf)
2024,5,0,MMCF,VRN,Removed from Natural Gas,N9030AK2,Alaska Nonhydrocarbon Gases Removed from Natural Gas (MMcf)
2024,5,265664,MMCF,VGQ,Repressuring,N9020AK2,Alaska Natural Gas Repressuring (MMcf)
2024,5,568,MMCF,VGV,Vented and Flared,N9040AK2,Alaska Natural Gas Vented and Flared (MMcf)
2024,5,0,MMCF,FGC,Withdrawals from Coalbed Wells,NGM_EPG0_FGC_SAK_MMCF,Alaska Natural Gas Gross Withdrawals from Coalbed Wells (MMcf)
2024,5,6094,MMCF,FGG,Withdrawals from Gas Wells,N9011AK2,Alaska Natural Gas Gross Withdrawals from Gas Wells (MMcf)
2024,5,292101,MMCF,FGO,Withdrawals from Oil Wells,N9012AK2,Alaska Natural Gas Gross Withdrawals from Oil Wells (MMcf)
2024,4,29474,MMCF,FPD,Dry Production,NA1160_SAK_2,Alaska Dry Natural Gas Production (Million Cubic Feet)
2024,4,1696,MMCF,VG9,Extraction Loss,NA1150_SAK_2,Alaska Natural Gas Plant Liquids Production (Million Cubic Feet)
2024,4,293228,MMCF,FGW,Gross Withdrawals,N9010AK2,Alaska Natural Gas Gross Withdrawals (MMcf)
2024,4,9774,MMCF/D,FGW,Gross Withdrawals,NGM_EPG0_FGW_SAK_MMCFD,Alaska Natural Gas Gross Withdrawals (Million Cubic Feet per Day)
2024,4,31170,MMCF,VGM,Marketed Production,N9050AK2,Alaska Natural Gas Marketed Production (MMcf)
2024,4,0,MMCF,VRN,Removed from Natural Gas,N9030AK2,Alaska Nonhydrocarbon Gases Removed from Natural Gas (MMcf)
2024,4,261599,MMCF,VGQ,Repressuring,N9020AK2,Alaska Natural Gas Repressuring (MMcf)
2024,4,459,MMCF,VGV,Vented and Flared,N9040AK2,Alaska Natural Gas Vented and Flared (MMcf)
2024,4,0,MMCF,FGC,Withdrawals from Coalbed Wells,NGM_EPG0_FGC_SAK_MMCF,Alaska Natural Gas Gross Withdrawals from Coalbed Wells (MMcf)
2024,4,5909,MMCF,FGG,Withdrawals from Gas Wells,N9011AK2,Alaska Natural Gas Gross Withdrawals from Gas Wells (MMcf)
2024,4,287320,MMCF,FGO,Withdrawals from Oil Wells,N9012AK2,Alaska Natural Gas Gross Withdrawals from Oil Wells (MMcf)
2024,3,31854,MMCF,FPD,Dry Production,NA1160_SAK_2,Alaska Dry Natural Gas Production (Million Cubic Feet)
2024,3,1769,MMCF,VG9,Extraction Loss,NA1150_SAK_2,Alaska Natural Gas Plant Liquids Production (Million Cubic Feet)
2024,3,320862,MMCF,FGW,Gross Withdrawals,N9010AK2,Alaska Natural Gas Gross Withdrawals (MMcf)
2024,3,10350,MMCF/D,FGW,Gross Withdrawals,NGM_EPG0_FGW_SAK_MMCFD,Alaska Natural Gas Gross Withdrawals (Million Cubic Feet per Day)
2024,3,33623,MMCF,VGM,Marketed Production,N9050AK2,Alaska Natural Gas Marketed Production (MMcf)
2024,3,0,MMCF,VRN,Removed from Natural Gas,N9030AK2,Alaska Nonhydrocarbon Gases Removed from Natural Gas (MMcf)
2024,3,286709,MMCF,VGQ,Repressuring,N9020AK2,Alaska Natural Gas Repressuring (MMcf)
2024,3,530,MMCF,VGV,Vented and Flared,N9040AK2,Alaska Natural Gas Vented and Flared (MMcf)
2024,3,0,MMCF,FGC,Withdrawals from Coalbed Wells,NGM_EPG0_FGC_SAK_MMCF,Alaska Natural Gas Gross Withdrawals from Coalbed Wells (MMcf)
2024,3,6253,MMCF,FGG,Withdrawals from Gas Wells,N9011AK2,Alaska Natural Gas Gross Withdrawals from Gas Wells (MMcf)
2024,3,314608,MMCF,FGO,Withdrawals from Oil Wells,N9012AK2,Alaska Natural Gas Gross Withdrawals from Oil Wells (MMcf)
2024,2,29782,MMCF,FPD,Dry Production,NA1160_SAK_2,Alaska Dry Natural Gas Production (Million Cubic Feet)
2024,2,1692,MMCF,VG9,Extraction Loss,NA1150_SAK_2,Alaska Natural Gas Plant Liquids Production (Million Cubic Feet)
2024,2,306577,MMCF,FGW,Gross Withdrawals,N9010AK2,Alaska Natural Gas Gross Withdrawals (MMcf)
2024,2,10572,MMCF/D,FGW,Gross Withdrawals,NGM_EPG0_FGW_SAK_MMCFD,Alaska Natural Gas Gross Withdrawals (Million Cubic Feet per Day)
2024,2,31474,MMCF,VGM,Marketed Production,N9050AK2,Alaska Natural Gas Marketed Production (MMcf)
2024,2,0,MMCF,VRN,Removed from Natural Gas,N9030AK2,Alaska Nonhydrocarbon Gases Removed from Natural Gas (MMcf)
2024,2,274671,MMCF,VGQ,Repressuring,N9020AK2,Alaska Natural Gas Repressuring (MMcf)
2024,2,432,MMCF,VGV,Vented and Flared,N9040AK2,Alaska Natural Gas Vented and Flared (MMcf)
2024,2,0,MMCF,FGC,Withdrawals from Coalbed Wells,NGM_EPG0_FGC_SAK_MMCF,Alaska Natural Gas Gross Withdrawals from Coalbed Wells (MMcf)
2024,2,5863,MMCF,FGG,Withdrawals from Gas Wells,N9011AK2,Alaska Natural Gas Gross Withdrawals from Gas Wells (MMcf)
2024,2,300714,MMCF,FGO,Withdrawals from Oil Wells,N9012AK2,Alaska Natural Gas Gross Withdrawals from Oil Wells (MMcf)
2024,1,32319,MMCF,FPD,Dry Production,NA1160_SAK_2,Alaska Dry Natural Gas Production (Million Cubic Feet)
2024,1,1760,MMCF,VG9,Extraction Loss,NA1150_SAK_2,Alaska Natural Gas Plant Liquids Production (Million Cubic Feet)
2024,1,324106,MMCF,FGW,Gross Withdrawals,N9010AK2,Alaska Natural Gas Gross Withdrawals (MMcf)
2024,1,10455,MMCF/D,FGW,Gross Withdrawals,NGM_EPG0_FGW_SAK_MMCFD,Alaska Natural Gas Gross Withdrawals (Million Cubic Feet per Day)
2024,1,34079,MMCF,VGM,Marketed Production,N9050AK2,Alaska Natural Gas Marketed Production (MMcf)
2024,1,0,MMCF,VRN,Removed from Natural Gas,N9030AK2,Alaska Nonhydrocarbon Gases Removed from Natural Gas (MMcf)
2024,1,289416,MMCF,VGQ,Repressuring,N9020AK2,Alaska Natural Gas Repressuring (MMcf)
2024,1,611,MMCF,VGV,Vented and Flared,N9040AK2,Alaska Natural Gas Vented and Flared (MMcf)
2024,1,0,MMCF,FGC,Withdrawals from Coalbed Wells,NGM_EPG0_FGC_SAK_MMCF,Alaska Natural Gas Gross Withdrawals from Coalbed Wells (MMcf)
2024,1,6576,MMCF,FGG,Withdrawals from Gas Wells,N9011AK2,Alaska Natural Gas Gross Withdrawals from Gas Wells (MMcf)
2024,1,317530,MMCF,FGO,Withdrawals from Oil Wells,N9012AK2,Alaska Natural Gas Gross Withdrawals from Oil Wells (MMcf)
2023,12,31550,MMCF,FPD,Dry Production,NA1160_SAK_2,Alaska Dry Natural Gas Production (Million Cubic Feet)
2023,12,1808,MMCF,VG9,Extraction Loss,NA1150_SAK_2,Alaska Natural Gas Plant Liquids Production (Million Cubic Feet)
2023,12,328295,MMCF,FGW,Gross Withdrawals,N9010AK2,Alaska Natural Gas Gross Withdrawals (MMcf)
2023,12,10590,MMCF/D,FGW,Gross Withdrawals,NGM_EPG0_FGW_SAK_MMCFD,Alaska Natural Gas Gross Withdrawals (Million Cubic Feet per Day)
2023,12,33358,MMCF,VGM,Marketed Production,N9050AK2,Alaska Natural Gas Marketed Production (MMcf)
2023,12,0,MMCF,VRN,Removed from Natural Gas,N9030AK2,Alaska Nonhydrocarbon Gases Removed from Natural Gas (MMcf)
2023,12,294433,MMCF,VGQ,Repressuring,N9020AK2,Alaska Natural Gas Repressuring (MMcf)
2023,12,504,MMCF,VGV,Vented and Flared,N9040AK2,Alaska Natural Gas Vented and Flared (MMcf)
2023,12,0,MMCF,FGC,Withdrawals from Coalbed Wells,NGM_EPG0_FGC_SAK_MMCF,Alaska Natural Gas Gross Withdrawals from Coalbed Wells (MMcf)
2023,12,6450,MMCF,FGG,Withdrawals from Gas Wells,N9011AK2,Alaska Natural Gas Gross Withdrawals from Gas Wells (MMcf)
2023,12,321844,MMCF,FGO,Withdrawals from Oil Wells,N9012AK2,Alaska Natural Gas Gross Withdrawals from Oil Wells (MMcf)
2023,11,28988,MMCF,FPD,Dry Production,NA1160_SAK_2,Alaska Dry Natural Gas Production (Million Cubic Feet)
2023,11,1748,MMCF,VG9,Extraction Loss,NA1150_SAK_2,Alaska Natural Gas Plant Liquids Production (Million Cubic Feet)
2023,11,299780,MMCF,FGW,Gross Withdrawals,N9010AK2,Alaska Natural Gas Gross Withdrawals (MMcf)
2023,11,9993,MMCF/D,FGW,Gross Withdrawals,NGM_EPG0_FGW_SAK_MMCFD,Alaska Natural Gas Gross Withdrawals (Million Cubic Feet per Day)
2023,11,30735,MMCF,VGM,Marketed Production,N9050AK2,Alaska Natural Gas Marketed Production (MMcf)
2023,11,0,MMCF,VRN,Removed from Natural Gas,N9030AK2,Alaska Nonhydrocarbon Gases Removed from Natural Gas (MMcf)
2023,11,268121,MMCF,VGQ,Repressuring,N9020AK2,Alaska Natural Gas Repressuring (MMcf)
2023,11,924,MMCF,VGV,Vented and Flared,N9040AK2,Alaska Natural Gas Vented and Flared (MMcf)
2023,11,0,MMCF,FGC,Withdrawals from Coalbed Wells,NGM_EPG0_FGC_SAK_MMCF,Alaska Natural Gas Gross Withdrawals from Coalbed Wells (MMcf)
2023,11,5697,MMCF,FGG,Withdrawals from Gas Wells,N9011AK2,Alaska Natural Gas Gross Withdrawals from Gas Wells (MMcf)
2023,11,294083,MMCF,FGO,Withdrawals from Oil Wells,N9012AK2,Alaska Natural Gas Gross Withdrawals from Oil Wells (MMcf)
2023,10,29756,MMCF,FPD,Dry Production,NA1160_SAK_2,Alaska Dry Natural Gas Production (Million Cubic Feet)
2023,10,1779,MMCF,VG9,Extraction Loss,NA1150_SAK_2,Alaska Natural Gas Plant Liquids Production (Million Cubic Feet)
2023,10,298628,MMCF,FGW,Gross Withdrawals,N9010AK2,Alaska Natural Gas Gross Withdrawals (MMcf)
2023,10,9633,MMCF/D,FGW,Gross Withdrawals,NGM_EPG0_FGW_SAK_MMCFD,Alaska Natural Gas Gross Withdrawals (Million Cubic Feet per Day)
2023,10,31535,MMCF,VGM,Marketed Production,N9050AK2,Alaska Natural Gas Marketed Production (MMcf)
2023,10,0,MMCF,VRN,Removed from Natural Gas,N9030AK2,Alaska Nonhydrocarbon Gases Removed from Natural Gas (MMcf)
2023,10,266652,MMCF,VGQ,Repressuring,N9020AK2,Alaska Natural Gas Repressuring (MMcf)
2023,10,441,MMCF,VGV,Vented and Flared,N9040AK2,Alaska Natural Gas Vented and Flared (MMcf)
2023,10,0,MMCF,FGC,Withdrawals from Coalbed Wells,NGM_EPG0_FGC_SAK_MMCF,Alaska Natural Gas Gross Withdrawals from Coalbed Wells (MMcf)
2023,10,6132,MMCF,FGG,Withdrawals from Gas Wells,N9011AK2,Alaska Natural Gas Gross Withdrawals from Gas Wells (MMcf)
2023,10,292496,MMCF,FGO,Withdrawals from Oil Wells,N9012AK2,Alaska Natural Gas Gross Withdrawals from Oil Wells (MMcf)
2023,9,27064,MMCF,FPD,Dry Production,NA1160_SAK_2,Alaska Dry Natural Gas Production (Million Cubic Feet)
2023,9,1719,MMCF,VG9,Extraction Loss,NA1150_SAK_2,Alaska Natural Gas Plant Liquids Production (Million Cubic Feet)
2023,9,263282,MMCF,FGW,Gross Withdrawals,N9010AK2,Alaska Natural Gas Gross Withdrawals (MMcf)
2023,9,8776,MMCF/D,FGW,Gross Withdrawals,NGM_EPG0_FGW_SAK_MMCFD,Alaska Natural Gas Gross Withdrawals (Million Cubic Feet per Day)
2023,9,28784,MMCF,VGM,Marketed Production,N9050AK2,Alaska Natural Gas Marketed Production (MMcf)
2023,9,0,MMCF,VRN,Removed from Natural Gas,N9030AK2,Alaska Nonhydrocarbon Gases Removed from Natural Gas (MMcf)
2023,9,233569,MMCF,VGQ,Repressuring,N9020AK2,Alaska Natural Gas Repressuring (MMcf)
2023,9,929,MMCF,VGV,Vented and Flared,N9040AK2,Alaska Natural Gas Vented and Flared (MMcf)
2023,9,0,MMCF,FGC,Withdrawals from Coalbed Wells,NGM_EPG0_FGC_SAK_MMCF,Alaska Natural Gas Gross Withdrawals from Coalbed Wells (MMcf)
2023,9,5679,MMCF,FGG,Withdrawals from Gas Wells,N9011AK2,Alaska Natural Gas Gross Withdrawals from Gas Wells (MMcf)
2023,9,257604,MMCF,FGO,Withdrawals from Oil Wells,N9012AK2,Alaska Natural Gas Gross Withdrawals from Oil Wells (MMcf)
2023,8,24983,MMCF,FPD,Dry Production,NA1160_SAK_2,Alaska Dry Natural Gas Production (Million Cubic Feet)
2023,8,1773,MMCF,VG9,Extraction Loss,NA1150_SAK_2,Alaska Natural Gas Plant Liquids Production (Million Cubic Feet)
2023,8,7734,MMCF/D,FGW,Gross Withdrawals,NGM_EPG0_FGW_SAK_MMCFD,Alaska Natural Gas Gross Withdrawals (Million Cubic Feet per Day)
2023,8,239768,MMCF,FGW,Gross Withdrawals,N9010AK2,Alaska Natural Gas Gross Withdrawals (MMcf)
2023,8,26756,MMCF,VGM,Marketed Production,N9050AK2,Alaska Natural Gas Marketed Production (MMcf)
2023,8,0,MMCF,VRN,Removed from Natural Gas,N9030AK2,Alaska Nonhydrocarbon Gases Removed from Natural Gas (MMcf)
2023,8,212519,MMCF,VGQ,Repressuring,N9020AK2,Alaska Natural Gas Repressuring (MMcf)
2023,8,492,MMCF,VGV,Vented and Flared,N9040AK2,Alaska Natural Gas Vented and Flared (MMcf)
2023,8,0,MMCF,FGC,Withdrawals from Coalbed Wells,NGM_EPG0_FGC_SAK_MMCF,Alaska Natural Gas Gross Withdrawals from Coalbed Wells (MMcf)
2023,8,5709,MMCF,FGG,Withdrawals from Gas Wells,N9011AK2,Alaska Natural Gas Gross Withdrawals from Gas Wells (MMcf)
2023,8,234059,MMCF,FGO,Withdrawals from Oil Wells,N9012AK2,Alaska Natural Gas Gross Withdrawals from Oil Wells (MMcf)
2023,7,26715,MMCF,FPD,Dry Production,NA1160_SAK_2,Alaska Dry Natural Gas Production (Million Cubic Feet)
2023,7,1762,MMCF,VG9,Extraction Loss,NA1150_SAK_2,Alaska Natural Gas Plant Liquids Production (Million Cubic Feet)
2023,7,260973,MMCF,FGW,Gross Withdrawals,N9010AK2,Alaska Natural Gas Gross Withdrawals (MMcf)
2023,7,8418,MMCF/D,FGW,Gross Withdrawals,NGM_EPG0_FGW_SAK_MMCFD,Alaska Natural Gas Gross Withdrawals (Million Cubic Feet per Day)
2023,7,28478,MMCF,VGM,Marketed Production,N9050AK2,Alaska Natural Gas Marketed Production (MMcf)
2023,7,0,MMCF,VRN,Removed from Natural Gas,N9030AK2,Alaska Nonhydrocarbon Gases Removed from Natural Gas (MMcf)
2023,7,231781,MMCF,VGQ,Repressuring,N9020AK2,Alaska Natural Gas Repressuring (MMcf)
2023,7,714,MMCF,VGV,Vented and Flared,N9040AK2,Alaska Natural Gas Vented and Flared (MMcf)
2023,7,0,MMCF,FGC,Withdrawals from Coalbed Wells,NGM_EPG0_FGC_SAK_MMCF,Alaska Natural Gas Gross Withdrawals from Coalbed Wells (MMcf)
2023,7,5954,MMCF,FGG,Withdrawals from Gas Wells,N9011AK2,Alaska Natural Gas Gross Withdrawals from Gas Wells (MMcf)
2023,7,255019,MMCF,FGO,Withdrawals from Oil Wells,N9012AK2,Alaska Natural Gas Gross Withdrawals from Oil Wells (MMcf)
2023,6,27298,MMCF,FPD,Dry Production,NA1160_SAK_2,Alaska Dry Natural Gas Production (Million Cubic Feet)
2023,6,1693,MMCF,VG9,Extraction Loss,NA1150_SAK_2,Alaska Natural Gas Plant Liquids Production (Million Cubic Feet)
2023,6,274102,MMCF,FGW,Gross Withdrawals,N9010AK2,Alaska Natural Gas Gross Withdrawals (MMcf)
2023,6,9137,MMCF/D,FGW,Gross Withdrawals,NGM_EPG0_FGW_SAK_MMCFD,Alaska Natural Gas Gross Withdrawals (Million Cubic Feet per Day)
2023,6,28991,MMCF,VGM,Marketed Production,N9050AK2,Alaska Natural Gas Marketed Production (MMcf)
2023,6,0,MMCF,VRN,Removed from Natural Gas,N9030AK2,Alaska Nonhydrocarbon Gases Removed from Natural Gas (MMcf)
2023,6,244647,MMCF,VGQ,Repressuring,N9020AK2,Alaska Natural Gas Repressuring (MMcf)
2023,6,465,MMCF,VGV,Vented and Flared,N9040AK2,Alaska Natural Gas Vented and Flared (MMcf)
2023,6,0,MMCF,FGC,Withdrawals from Coalbed Wells,NGM_EPG0_FGC_SAK_MMCF,Alaska Natural Gas Gross Withdrawals from Coalbed Wells (MMcf)
2023,6,5821,MMCF,FGG,Withdrawals from Gas Wells,N9011AK2,Alaska Natural Gas Gross Withdrawals from Gas Wells (MMcf)
2023,6,268281,MMCF,FGO,Withdrawals from Oil Wells,N9012AK2,Alaska Natural Gas Gross Withdrawals from Oil Wells (MMcf)
2023,5,29519,MMCF,FPD,Dry Production,NA1160_SAK_2,Alaska Dry Natural Gas Production (Million Cubic Feet)
2023,5,1770,MMCF,VG9,Extraction Loss,NA1150_SAK_2,Alaska Natural Gas Plant Liquids Production (Million Cubic Feet)
2023,5,298735,MMCF,FGW,Gross Withdrawals,N9010AK2,Alaska Natural Gas Gross Withdrawals (MMcf)
2023,5,9637,MMCF/D,FGW,Gross Withdrawals,NGM_EPG0_FGW_SAK_MMCFD,Alaska Natural Gas Gross Withdrawals (Million Cubic Feet per Day)
2023,5,31288,MMCF,VGM,Marketed Production,N9050AK2,Alaska Natural Gas Marketed Production (MMcf)
2023,5,0,MMCF,VRN,Removed from Natural Gas,N9030AK2,Alaska Nonhydrocarbon Gases Removed from Natural Gas (MMcf)
2023,5,266896,MMCF,VGQ,Repressuring,N9020AK2,Alaska Natural Gas Repressuring (MMcf)
2023,5,551,MMCF,VGV,Vented and Flared,N9040AK2,Alaska Natural Gas Vented and Flared (MMcf)
2023,5,0,MMCF,FGC,Withdrawals from Coalbed Wells,NGM_EPG0_FGC_SAK_MMCF,Alaska Natural Gas Gross Withdrawals from Coalbed Wells (MMcf)
2023,5,6044,MMCF,FGG,Withdrawals from Gas Wells,N9011AK2,Alaska Natural Gas Gross Withdrawals from Gas Wells (MMcf)
2023,5,292690,MMCF,FGO,Withdrawals from Oil Wells,N9012AK2,Alaska Natural Gas Gross Withdrawals from Oil Wells (MMcf)
2023,4,29640,MMCF,FPD,Dry Production,NA1160_SAK_2,Alaska Dry Natural Gas Production (Million Cubic Feet)
2023,4,1699,MMCF,VG9,Extraction Loss,NA1150_SAK_2,Alaska Natural Gas Plant Liquids Production (Million Cubic Feet)
2023,4,10073,MMCF/D,FGW,Gross Withdrawals,NGM_EPG0_FGW_SAK_MMCFD,Alaska Natural Gas Gross Withdrawals (Million Cubic Feet per Day)
2023,4,302202,MMCF,FGW,Gross Withdrawals,N9010AK2,Alaska Natural Gas Gross Withdrawals (MMcf)
2023,4,31338,MMCF,VGM,Marketed Production,N9050AK2,Alaska Natural Gas Marketed Production (MMcf)
2023,4,0,MMCF,VRN,Removed from Natural Gas,N9030AK2,Alaska Nonhydrocarbon Gases Removed from Natural Gas (MMcf)
2023,4,270404,MMCF,VGQ,Repressuring,N9020AK2,Alaska Natural Gas Repressuring (MMcf)
2023,4,460,MMCF,VGV,Vented and Flared,N9040AK2,Alaska Natural Gas Vented and Flared (MMcf)
2023,4,0,MMCF,FGC,Withdrawals from Coalbed Wells,NGM_EPG0_FGC_SAK_MMCF,Alaska Natural Gas Gross Withdrawals from Coalbed Wells (MMcf)
2023,4,6175,MMCF,FGG,Withdrawals from Gas Wells,N9011AK2,Alaska Natural Gas Gross Withdrawals from Gas Wells (MMcf)
2023,4,296027,MMCF,FGO,Withdrawals from Oil Wells,N9012AK2,Alaska Natural Gas Gross Withdrawals from Oil Wells (MMcf)
2023,3,30934,MMCF,FPD,Dry Production,NA1160_SAK_2,Alaska Dry Natural Gas Production (Million Cubic Feet)
2023,3,1770,MMCF,VG9,Extraction Loss,NA1150_SAK_2,Alaska Natural Gas Plant Liquids Production (Million Cubic Feet)
2023,3,316154,MMCF,FGW,Gross Withdrawals,N9010AK2,Alaska Natural Gas Gross Withdrawals (MMcf)
2023,3,10199,MMCF/D,FGW,Gross Withdrawals,NGM_EPG0_FGW_SAK_MMCFD,Alaska Natural Gas Gross Withdrawals (Million Cubic Feet per Day)
2023,3,32703,MMCF,VGM,Marketed Production,N9050AK2,Alaska Natural Gas Marketed Production (MMcf)
2023,3,0,MMCF,VRN,Removed from Natural Gas,N9030AK2,Alaska Nonhydrocarbon Gases Removed from Natural Gas (MMcf)
2023,3,282891,MMCF,VGQ,Repressuring,N9020AK2,Alaska Natural Gas Repressuring (MMcf)
2023,3,560,MMCF,VGV,Vented and Flared,N9040AK2,Alaska Natural Gas Vented and Flared (MMcf)
2023,3,0,MMCF,FGC,Withdrawals from Coalbed Wells,NGM_EPG0_FGC_SAK_MMCF,Alaska Natural Gas Gross Withdrawals from Coalbed Wells (MMcf)
2023,3,6557,MMCF,FGG,Withdrawals from Gas Wells,N9011AK2,Alaska Natural Gas Gross Withdrawals from Gas Wells (MMcf)
2023,3,309597,MMCF,FGO,Withdrawals from Oil Wells,N9012AK2,Alaska Natural Gas Gross Withdrawals from Oil Wells (MMcf)
2023,2,28766,MMCF,FPD,Dry Production,NA1160_SAK_2,Alaska Dry Natural Gas Production (Million Cubic Feet)
2023,2,1576,MMCF,VG9,Extraction Loss,NA1150_SAK_2,Alaska Natural Gas Plant Liquids Production (Million Cubic Feet)
2023,2,295528,MMCF,FGW,Gross Withdrawals,N9010AK2,Alaska Natural Gas Gross Withdrawals (MMcf)
2023,2,10555,MMCF/D,FGW,Gross Withdrawals,NGM_EPG0_FGW_SAK_MMCFD,Alaska Natural Gas Gross Withdrawals (Million Cubic Feet per Day)
2023,2,30342,MMCF,VGM,Marketed Production,N9050AK2,Alaska Natural Gas Marketed Production (MMcf)
2023,2,0,MMCF,VRN,Removed from Natural Gas,N9030AK2,Alaska Nonhydrocarbon Gases Removed from Natural Gas (MMcf)
2023,2,264656,MMCF,VGQ,Repressuring,N9020AK2,Alaska Natural Gas Repressuring (MMcf)
2023,2,531,MMCF,VGV,Vented and Flared,N9040AK2,Alaska Natural Gas Vented and Flared (MMcf)
2023,2,0,MMCF,FGC,Withdrawals from Coalbed Wells,NGM_EPG0_FGC_SAK_MMCF,Alaska Natural Gas Gross Withdrawals from Coalbed Wells (MMcf)
2023,2,6137,MMCF,FGG,Withdrawals from Gas Wells,N9011AK2,Alaska Natural Gas Gross Withdrawals from Gas Wells (MMcf)
2023,2,289392,MMCF,FGO,Withdrawals from Oil Wells,N9012AK2,Alaska Natural Gas Gross Withdrawals from Oil Wells (MMcf)
2023,1,31669,MMCF,FPD,Dry Production,NA1160_SAK_2,Alaska Dry Natural Gas Production (Million Cubic Feet)
2023,1,1752,MMCF,VG9,Extraction Loss,NA1150_SAK_2,Alaska Natural Gas Plant Liquids Production (Million Cubic Feet)
2023,1,326547,MMCF,FGW,Gross Withdrawals,N9010AK2,Alaska Natural Gas Gross Withdrawals (MMcf)
2023,1,10534,MMCF/D,FGW,Gross Withdrawals,NGM_EPG0_FGW_SAK_MMCFD,Alaska Natural Gas Gross Withdrawals (Million Cubic Feet per Day)
2023,1,33421,MMCF,VGM,Marketed Production,N9050AK2,Alaska Natural Gas Marketed Production (MMcf)
2023,1,0,MMCF,VRN,Removed from Natural Gas,N9030AK2,Alaska Nonhydrocarbon Gases Removed from Natural Gas (MMcf)
2023,1,292663,MMCF,VGQ,Repressuring,N9020AK2,Alaska Natural Gas Repressuring (MMcf)
2023,1,463,MMCF,VGV,Vented and Flared,N9040AK2,Alaska Natural Gas Vented and Flared (MMcf)
2023,1,0,MMCF,FGC,Withdrawals from Coalbed Wells,NGM_EPG0_FGC_SAK_MMCF,Alaska Natural Gas Gross Withdrawals from Coalbed Wells (MMcf)
2023,1,6889,MMCF,FGG,Withdrawals from Gas Wells,N9011AK2,Alaska Natural Gas Gross Withdrawals from Gas Wells (MMcf)
2023,1,319658,MMCF,FGO,Withdrawals from Oil Wells,N9012AK2,Alaska Natural Gas Gross Withdrawals from Oil Wells (MMcf)
2022,12,34280,MMCF,FPD,Dry Production,NA1160_SAK_2,Alaska Dry Natural Gas Production (Million Cubic Feet)
2022,12,1901,MMCF,VG9,Extraction Loss,NA1150_SAK_2,Alaska Natural Gas Plant Liquids Production (Million Cubic Feet)
2022,12,332133,MMCF,FGW,Gross Withdrawals,N9010AK2,Alaska Natural Gas Gross Withdrawals (MMcf)
2022,12,10714,MMCF/D,FGW,Gross Withdrawals,NGM_EPG0_FGW_SAK_MMCFD,Alaska Natural Gas Gross Withdrawals (Million Cubic Feet per Day)
2022,12,36181,MMCF,VGM,Marketed Production,N9050AK2,Alaska Natural Gas Marketed Production (MMcf)
2022,12,0,MMCF,VRN,Removed from Natural Gas,N9030AK2,Alaska Nonhydrocarbon Gases Removed from Natural Gas (MMcf)
2022,12,295504,MMCF,VGQ,Repressuring,N9020AK2,Alaska Natural Gas Repressuring (MMcf)
2022,12,448,MMCF,VGV,Vented and Flared,N9040AK2,Alaska Natural Gas Vented and Flared (MMcf)
2022,12,0,MMCF,FGC,Withdrawals from Coalbed Wells,NGM_EPG0_FGC_SAK_MMCF,Alaska Natural Gas Gross Withdrawals from Coalbed Wells (MMcf)
2022,12,6883,MMCF,FGG,Withdrawals from Gas Wells,N9011AK2,Alaska Natural Gas Gross Withdrawals from Gas Wells (MMcf)
2022,12,325250,MMCF,FGO,Withdrawals from Oil Wells,N9012AK2,Alaska Natural Gas Gross Withdrawals from Oil Wells (MMcf)
2022,11,29068,MMCF,FPD,Dry Production,NA1160_SAK_2,Alaska Dry Natural Gas Production (Million Cubic Feet)
2022,11,1867,MMCF,VG9,Extraction Loss,NA1150_SAK_2,Alaska Natural Gas Plant Liquids Production (Million Cubic Feet)
2022,11,312304,MMCF,FGW,Gross Withdrawals,N9010AK2,Alaska Natural Gas Gross Withdrawals (MMcf)
2022,11,10410,MMCF/D,FGW,Gross Withdrawals,NGM_EPG0_FGW_SAK_MMCFD,Alaska Natural Gas Gross Withdrawals (Million Cubic Feet per Day)
2022,11,30934,MMCF,VGM,Marketed Production,N9050AK2,Alaska Natural Gas Marketed Production (MMcf)
2022,11,0,MMCF,VRN,Removed from Natural Gas,N9030AK2,Alaska Nonhydrocarbon Gases Removed from Natural Gas (MMcf)
2022,11,280844,MMCF,VGQ,Repressuring,N9020AK2,Alaska Natural Gas Repressuring (MMcf)
2022,11,526,MMCF,VGV,Vented and Flared,N9040AK2,Alaska Natural Gas Vented and Flared (MMcf)
2022,11,0,MMCF,FGC,Withdrawals from Coalbed Wells,NGM_EPG0_FGC_SAK_MMCF,Alaska Natural Gas Gross Withdrawals from Coalbed Wells (MMcf)
2022,11,6326,MMCF,FGG,Withdrawals from Gas Wells,N9011AK2,Alaska Natural Gas Gross Withdrawals from Gas Wells (MMcf)
2022,11,305978,MMCF,FGO,Withdrawals from Oil Wells,N9012AK2,Alaska Natural Gas Gross Withdrawals from Oil Wells (MMcf)
2022,10,29196,MMCF,FPD,Dry Production,NA1160_SAK_2,Alaska Dry Natural Gas Production (Million Cubic Feet)
2022,10,1927,MMCF,VG9,Extraction Loss,NA1150_SAK_2,Alaska Natural Gas Plant Liquids Production (Million Cubic Feet)
2022,10,297901,MMCF,FGW,Gross Withdrawals,N9010AK2,Alaska Natural Gas Gross Withdrawals (MMcf)
2022,10,9610,MMCF/D,FGW,Gross Withdrawals,NGM_EPG0_FGW_SAK_MMCFD,Alaska Natural Gas Gross Withdrawals (Million Cubic Feet per Day)
2022,10,31123,MMCF,VGM,Marketed Production,N9050AK2,Alaska Natural Gas Marketed Production (MMcf)
2022,10,0,MMCF,VRN,Removed from Natural Gas,N9030AK2,Alaska Nonhydrocarbon Gases Removed from Natural Gas (MMcf)
2022,10,266229,MMCF,VGQ,Repressuring,N9020AK2,Alaska Natural Gas Repressuring (MMcf)
2022,10,550,MMCF,VGV,Vented and Flared,N9040AK2,Alaska Natural Gas Vented and Flared (MMcf)
2022,10,0,MMCF,FGC,Withdrawals from Coalbed Wells,NGM_EPG0_FGC_SAK_MMCF,Alaska Natural Gas Gross Withdrawals from Coalbed Wells (MMcf)
2022,10,6602,MMCF,FGG,Withdrawals from Gas Wells,N9011AK2,Alaska Natural Gas Gross Withdrawals from Gas Wells (MMcf)
2022,10,291300,MMCF,FGO,Withdrawals from Oil Wells,N9012AK2,Alaska Natural Gas Gross Withdrawals from Oil Wells (MMcf)
2022,9,27421,MMCF,FPD,Dry Production,NA1160_SAK_2,Alaska Dry Natural Gas Production (Million Cubic Feet)
2022,9,1868,MMCF,VG9,Extraction Loss,NA1150_SAK_2,Alaska Natural Gas Plant Liquids Production (Million Cubic Feet)
2022,9,9413,MMCF/D,FGW,Gross Withdrawals,NGM_EPG0_FGW_SAK_MMCFD,Alaska Natural Gas Gross Withdrawals (Million Cubic Feet per Day)
2022,9,282388,MMCF,FGW,Gross Withdrawals,N9010AK2,Alaska Natural Gas Gross Withdrawals (MMcf)
2022,9,29288,MMCF,VGM,Marketed Production,N9050AK2,Alaska Natural Gas Marketed Production (MMcf)
2022,9,0,MMCF,VRN,Removed from Natural Gas,N9030AK2,Alaska Nonhydrocarbon Gases Removed from Natural Gas (MMcf)
2022,9,252484,MMCF,VGQ,Repressuring,N9020AK2,Alaska Natural Gas Repressuring (MMcf)
2022,9,615,MMCF,VGV,Vented and Flared,N9040AK2,Alaska Natural Gas Vented and Flared (MMcf)
2022,9,0,MMCF,FGC,Withdrawals from Coalbed Wells,NGM_EPG0_FGC_SAK_MMCF,Alaska Natural Gas Gross Withdrawals from Coalbed Wells (MMcf)
2022,9,6578,MMCF,FGG,Withdrawals from Gas Wells,N9011AK2,Alaska Natural Gas Gross Withdrawals from Gas Wells (MMcf)
2022,9,275810,MMCF,FGO,Withdrawals from Oil Wells,N9012AK2,Alaska Natural Gas Gross Withdrawals from Oil Wells (MMcf)
2022,8,27478,MMCF,FPD,Dry Production,NA1160_SAK_2,Alaska Dry Natural Gas Production (Million Cubic Feet)
2022,8,1901,MMCF,VG9,Extraction Loss,NA1150_SAK_2,Alaska Natural Gas Plant Liquids Production (Million Cubic Feet)
2022,8,273965,MMCF,FGW,Gross Withdrawals,N9010AK2,Alaska Natural Gas Gross Withdrawals (MMcf)
2022,8,8838,MMCF/D,FGW,Gross Withdrawals,NGM_EPG0_FGW_SAK_MMCFD,Alaska Natural Gas Gross Withdrawals (Million Cubic Feet per Day)
2022,8,29378,MMCF,VGM,Marketed Production,N9050AK2,Alaska Natural Gas Marketed Production (MMcf)
2022,8,0,MMCF,VRN,Removed from Natural Gas,N9030AK2,Alaska Nonhydrocarbon Gases Removed from Natural Gas (MMcf)
2022,8,243998,MMCF,VGQ,Repressuring,N9020AK2,Alaska Natural Gas Repressuring (MMcf)
2022,8,589,MMCF,VGV,Vented and Flared,N9040AK2,Alaska Natural Gas Vented and Flared (MMcf)
2022,8,0,MMCF,FGC,Withdrawals from Coalbed Wells,NGM_EPG0_FGC_SAK_MMCF,Alaska Natural Gas Gross Withdrawals from Coalbed Wells (MMcf)
2022,8,6257,MMCF,FGG,Withdrawals from Gas Wells,N9011AK2,Alaska Natural Gas Gross Withdrawals from Gas Wells (MMcf)
2022,8,267708,MMCF,FGO,Withdrawals from Oil Wells,N9012AK2,Alaska Natural Gas Gross Withdrawals from Oil Wells (MMcf)
2022,7,27768,MMCF,FPD,Dry Production,NA1160_SAK_2,Alaska Dry Natural Gas Production (Million Cubic Feet)
2022,7,1888,MMCF,VG9,Extraction Loss,NA1150_SAK_2,Alaska Natural Gas Plant Liquids Production (Million Cubic Feet)
2022,7,283780,MMCF,FGW,Gross Withdrawals,N9010AK2,Alaska Natural Gas Gross Withdrawals (MMcf)
2022,7,9154,MMCF/D,FGW,Gross Withdrawals,NGM_EPG0_FGW_SAK_MMCFD,Alaska Natural Gas Gross Withdrawals (Million Cubic Feet per Day)
2022,7,29657,MMCF,VGM,Marketed Production,N9050AK2,Alaska Natural Gas Marketed Production (MMcf)
2022,7,0,MMCF,VRN,Removed from Natural Gas,N9030AK2,Alaska Nonhydrocarbon Gases Removed from Natural Gas (MMcf)
2022,7,253693,MMCF,VGQ,Repressuring,N9020AK2,Alaska Natural Gas Repressuring (MMcf)
2022,7,430,MMCF,VGV,Vented and Flared,N9040AK2,Alaska Natural Gas Vented and Flared (MMcf)
2022,7,0,MMCF,FGC,Withdrawals from Coalbed Wells,NGM_EPG0_FGC_SAK_MMCF,Alaska Natural Gas Gross Withdrawals from Coalbed Wells (MMcf)
2022,7,6082,MMCF,FGG,Withdrawals from Gas Wells,N9011AK2,Alaska Natural Gas Gross Withdrawals from Gas Wells (MMcf)
2022,7,277697,MMCF,FGO,Withdrawals from Oil Wells,N9012AK2,Alaska Natural Gas Gross Withdrawals from Oil Wells (MMcf)
2022,6,26832,MMCF,FPD,Dry Production,NA1160_SAK_2,Alaska Dry Natural Gas Production (Million Cubic Feet)
2022,6,1813,MMCF,VG9,Extraction Loss,NA1150_SAK_2,Alaska Natural Gas Plant Liquids Production (Million Cubic Feet)
2022,6,8967,MMCF/D,FGW,Gross Withdrawals,NGM_EPG0_FGW_SAK_MMCFD,Alaska Natural Gas Gross Withdrawals (Million Cubic Feet per Day)
2022,6,269012,MMCF,FGW,Gross Withdrawals,N9010AK2,Alaska Natural Gas Gross Withdrawals (MMcf)
2022,6,28645,MMCF,VGM,Marketed Production,N9050AK2,Alaska Natural Gas Marketed Production (MMcf)
2022,6,0,MMCF,VRN,Removed from Natural Gas,N9030AK2,Alaska Nonhydrocarbon Gases Removed from Natural Gas (MMcf)
2022,6,239902,MMCF,VGQ,Repressuring,N9020AK2,Alaska Natural Gas Repressuring (MMcf)
2022,6,464,MMCF,VGV,Vented and Flared,N9040AK2,Alaska Natural Gas Vented and Flared (MMcf)
2022,6,0,MMCF,FGC,Withdrawals from Coalbed Wells,NGM_EPG0_FGC_SAK_MMCF,Alaska Natural Gas Gross Withdrawals from Coalbed Wells (MMcf)
2022,6,6270,MMCF,FGG,Withdrawals from Gas Wells,N9011AK2,Alaska Natural Gas Gross Withdrawals from Gas Wells (MMcf)
2022,6,262742,MMCF,FGO,Withdrawals from Oil Wells,N9012AK2,Alaska Natural Gas Gross Withdrawals from Oil Wells (MMcf)
2022,5,29809,MMCF,FPD,Dry Production,NA1160_SAK_2,Alaska Dry Natural Gas Production (Million Cubic Feet)
2022,5,1868,MMCF,VG9,Extraction Loss,NA1150_SAK_2,Alaska Natural Gas Plant Liquids Production (Million Cubic Feet)
2022,5,299293,MMCF,FGW,Gross Withdrawals,N9010AK2,Alaska Natural Gas Gross Withdrawals (MMcf)
2022,5,9655,MMCF/D,FGW,Gross Withdrawals,NGM_EPG0_FGW_SAK_MMCFD,Alaska Natural Gas Gross Withdrawals (Million Cubic Feet per Day)
2022,5,31677,MMCF,VGM,Marketed Production,N9050AK2,Alaska Natural Gas Marketed Production (MMcf)
2022,5,0,MMCF,VRN,Removed from Natural Gas,N9030AK2,Alaska Nonhydrocarbon Gases Removed from Natural Gas (MMcf)
2022,5,267025,MMCF,VGQ,Repressuring,N9020AK2,Alaska Natural Gas Repressuring (MMcf)
2022,5,590,MMCF,VGV,Vented and Flared,N9040AK2,Alaska Natural Gas Vented and Flared (MMcf)
2022,5,0,MMCF,FGC,Withdrawals from Coalbed Wells,NGM_EPG0_FGC_SAK_MMCF,Alaska Natural Gas Gross Withdrawals from Coalbed Wells (MMcf)
2022,5,6492,MMCF,FGG,Withdrawals from Gas Wells,N9011AK2,Alaska Natural Gas Gross Withdrawals from Gas Wells (MMcf)
2022,5,292800,MMCF,FGO,Withdrawals from Oil Wells,N9012AK2,Alaska Natural Gas Gross Withdrawals from Oil Wells (MMcf)
2022,4,29104,MMCF,FPD,Dry Production,NA1160_SAK_2,Alaska Dry Natural Gas Production (Million Cubic Feet)
2022,4,1806,MMCF,VG9,Extraction Loss,NA1150_SAK_2,Alaska Natural Gas Plant Liquids Production (Million Cubic Feet)
2022,4,299777,MMCF,FGW,Gross Withdrawals,N9010AK2,Alaska Natural Gas Gross Withdrawals (MMcf)
2022,4,9993,MMCF/D,FGW,Gross Withdrawals,NGM_EPG0_FGW_SAK_MMCFD,Alaska Natural Gas Gross Withdrawals (Million Cubic Feet per Day)
2022,4,30910,MMCF,VGM,Marketed Production,N9050AK2,Alaska Natural Gas Marketed Production (MMcf)
2022,4,0,MMCF,VRN,Removed from Natural Gas,N9030AK2,Alaska Nonhydrocarbon Gases Removed from Natural Gas (MMcf)
2022,4,268405,MMCF,VGQ,Repressuring,N9020AK2,Alaska Natural Gas Repressuring (MMcf)
2022,4,462,MMCF,VGV,Vented and Flared,N9040AK2,Alaska Natural Gas Vented and Flared (MMcf)
2022,4,0,MMCF,FGC,Withdrawals from Coalbed Wells,NGM_EPG0_FGC_SAK_MMCF,Alaska Natural Gas Gross Withdrawals from Coalbed Wells (MMcf)
2022,4,6009,MMCF,FGG,Withdrawals from Gas Wells,N9011AK2,Alaska Natural Gas Gross Withdrawals from Gas Wells (MMcf)
2022,4,293768,MMCF,FGO,Withdrawals from Oil Wells,N9012AK2,Alaska Natural Gas Gross Withdrawals from Oil Wells (MMcf)
2022,3,30624,MMCF,FPD,Dry Production,NA1160_SAK_2,Alaska Dry Natural Gas Production (Million Cubic Feet)
2022,3,1848,MMCF,VG9,Extraction Loss,NA1150_SAK_2,Alaska Natural Gas Plant Liquids Production (Million Cubic Feet)
2022,3,10247,MMCF/D,FGW,Gross Withdrawals,NGM_EPG0_FGW_SAK_MMCFD,Alaska Natural Gas Gross Withdrawals (Million Cubic Feet per Day)
2022,3,317649,MMCF,FGW,Gross Withdrawals,N9010AK2,Alaska Natural Gas Gross Withdrawals (MMcf)
2022,3,32473,MMCF,VGM,Marketed Production,N9050AK2,Alaska Natural Gas Marketed Production (MMcf)
2022,3,0,MMCF,VRN,Removed from Natural Gas,N9030AK2,Alaska Nonhydrocarbon Gases Removed from Natural Gas (MMcf)
2022,3,284610,MMCF,VGQ,Repressuring,N9020AK2,Alaska Natural Gas Repressuring (MMcf)
2022,3,566,MMCF,VGV,Vented and Flared,N9040AK2,Alaska Natural Gas Vented and Flared (MMcf)
2022,3,0,MMCF,FGC,Withdrawals from Coalbed Wells,NGM_EPG0_FGC_SAK_MMCF,Alaska Natural Gas Gross Withdrawals from Coalbed Wells (MMcf)
2022,3,6200,MMCF,FGG,Withdrawals from Gas Wells,N9011AK2,Alaska Natural Gas Gross Withdrawals from Gas Wells (MMcf)
2022,3,311449,MMCF,FGO,Withdrawals from Oil Wells,N9012AK2,Alaska Natural Gas Gross Withdrawals from Oil Wells (MMcf)
2022,2,28371,MMCF,FPD,Dry Production,NA1160_SAK_2,Alaska Dry Natural Gas Production (Million Cubic Feet)
2022,2,1642,MMCF,VG9,Extraction Loss,NA1150_SAK_2,Alaska Natural Gas Plant Liquids Production (Million Cubic Feet)
2022,2,295371,MMCF,FGW,Gross Withdrawals,N9010AK2,Alaska Natural Gas Gross Withdrawals (MMcf)
2022,2,10549,MMCF/D,FGW,Gross Withdrawals,NGM_EPG0_FGW_SAK_MMCFD,Alaska Natural Gas Gross Withdrawals (Million Cubic Feet per Day)
2022,2,30014,MMCF,VGM,Marketed Production,N9050AK2,Alaska Natural Gas Marketed Production (MMcf)
2022,2,0,MMCF,VRN,Removed from Natural Gas,N9030AK2,Alaska Nonhydrocarbon Gases Removed from Natural Gas (MMcf)
2022,2,264919,MMCF,VGQ,Repressuring,N9020AK2,Alaska Natural Gas Repressuring (MMcf)
2022,2,438,MMCF,VGV,Vented and Flared,N9040AK2,Alaska Natural Gas Vented and Flared (MMcf)
2022,2,0,MMCF,FGC,Withdrawals from Coalbed Wells,NGM_EPG0_FGC_SAK_MMCF,Alaska Natural Gas Gross Withdrawals from Coalbed Wells (MMcf)
2022,2,5771,MMCF,FGG,Withdrawals from Gas Wells,N9011AK2,Alaska Natural Gas Gross Withdrawals from Gas Wells (MMcf)
2022,2,289600,MMCF,FGO,Withdrawals from Oil Wells,N9012AK2,Alaska Natural Gas Gross Withdrawals from Oil Wells (MMcf)
2022,1,31063,MMCF,FPD,Dry Production,NA1160_SAK_2,Alaska Dry Natural Gas Production (Million Cubic Feet)
2022,1,1801,MMCF,VG9,Extraction Loss,NA1150_SAK_2,Alaska Natural Gas Plant Liquids Production (Million Cubic Feet)
2022,1,10430,MMCF/D,FGW,Gross Withdrawals,NGM_EPG0_FGW_SAK_MMCFD,Alaska Natural Gas Gross Withdrawals (Million Cubic Feet per Day)
2022,1,323315,MMCF,FGW,Gross Withdrawals,N9010AK2,Alaska Natural Gas Gross Withdrawals (MMcf)
2022,1,32865,MMCF,VGM,Marketed Production,N9050AK2,Alaska Natural Gas Marketed Production (MMcf)
2022,1,0,MMCF,VRN,Removed from Natural Gas,N9030AK2,Alaska Nonhydrocarbon Gases Removed from Natural Gas (MMcf)
2022,1,289015,MMCF,VGQ,Repressuring,N9020AK2,Alaska Natural Gas Repressuring (MMcf)
2022,1,1435,MMCF,VGV,Vented and Flared,N9040AK2,Alaska Natural Gas Vented and Flared (MMcf)
2022,1,0,MMCF,FGC,Withdrawals from Coalbed Wells,NGM_EPG0_FGC_SAK_MMCF,Alaska Natural Gas Gross Withdrawals from Coalbed Wells (MMcf)
2022,1,6154,MMCF,FGG,Withdrawals from Gas Wells,N9011AK2,Alaska Natural Gas Gross Withdrawals from Gas Wells (MMcf)
2022,1,317161,MMCF,FGO,Withdrawals from Oil Wells,N9012AK2,Alaska Natural Gas Gross Withdrawals from Oil Wells (MMcf)
2021,12,31166,MMCF,FPD,Dry Production,NA1160_SAK_2,Alaska Dry Natural Gas Production (Million Cubic Feet)
2021,12,1873,MMCF,VG9,Extraction Loss,NA1150_SAK_2,Alaska Natural Gas Plant Liquids Production (Million Cubic Feet)
2021,12,326402,MMCF,FGW,Gross Withdrawals,N9010AK2,Alaska Natural Gas Gross Withdrawals (MMcf)
2021,12,10529,MMCF/D,FGW,Gross Withdrawals,NGM_EPG0_FGW_SAK_MMCFD,Alaska Natural Gas Gross Withdrawals (Million Cubic Feet per Day)
2021,12,33039,MMCF,VGM,Marketed Production,N9050AK2,Alaska Natural Gas Marketed Production (MMcf)
2021,12,0,MMCF,VRN,Removed from Natural Gas,N9030AK2,Alaska Nonhydrocarbon Gases Removed from Natural Gas (MMcf)
2021,12,292803,MMCF,VGQ,Repressuring,N9020AK2,Alaska Natural Gas Repressuring (MMcf)
2021,12,560,MMCF,VGV,Vented and Flared,N9040AK2,Alaska Natural Gas Vented and Flared (MMcf)
2021,12,0,MMCF,FGC,Withdrawals from Coalbed Wells,NGM_EPG0_FGC_SAK_MMCF,Alaska Natural Gas Gross Withdrawals from Coalbed Wells (MMcf)
2021,12,6175,MMCF,FGG,Withdrawals from Gas Wells,N9011AK2,Alaska Natural Gas Gross Withdrawals from Gas Wells (MMcf)
2021,12,320227,MMCF,FGO,Withdrawals from Oil Wells,N9012AK2,Alaska Natural Gas Gross Withdrawals from Oil Wells (MMcf)
2021,11,28938,MMCF,FPD,Dry Production,NA1160_SAK_2,Alaska Dry Natural Gas Production (Million Cubic Feet)
2021,11,1797,MMCF,VG9,Extraction Loss,NA1150_SAK_2,Alaska Natural Gas Plant Liquids Production (Million Cubic Feet)
2021,11,10192,MMCF/D,FGW,Gross Withdrawals,NGM_EPG0_FGW_SAK_MMCFD,Alaska Natural Gas Gross Withdrawals (Million Cubic Feet per Day)
2021,11,305759,MMCF,FGW,Gross Withdrawals,N9010AK2,Alaska Natural Gas Gross Withdrawals (MMcf)
2021,11,30735,MMCF,VGM,Marketed Production,N9050AK2,Alaska Natural Gas Marketed Production (MMcf)
2021,11,0,MMCF,VRN,Removed from Natural Gas,N9030AK2,Alaska Nonhydrocarbon Gases Removed from Natural Gas (MMcf)
2021,11,274467,MMCF,VGQ,Repressuring,N9020AK2,Alaska Natural Gas Repressuring (MMcf)
2021,11,557,MMCF,VGV,Vented and Flared,N9040AK2,Alaska Natural Gas Vented and Flared (MMcf)
2021,11,0,MMCF,FGC,Withdrawals from Coalbed Wells,NGM_EPG0_FGC_SAK_MMCF,Alaska Natural Gas Gross Withdrawals from Coalbed Wells (MMcf)
2021,11,5989,MMCF,FGG,Withdrawals from Gas Wells,N9011AK2,Alaska Natural Gas Gross Withdrawals from Gas Wells (MMcf)
2021,11,299770,MMCF,FGO,Withdrawals from Oil Wells,N9012AK2,Alaska Natural Gas Gross Withdrawals from Oil Wells (MMcf)
2021,10,28622,MMCF,FPD,Dry Production,NA1160_SAK_2,Alaska Dry Natural Gas Production (Million Cubic Feet)
2021,10,1836,MMCF,VG9,Extraction Loss,NA1150_SAK_2,Alaska Natural Gas Plant Liquids Production (Million Cubic Feet)
2021,10,9285,MMCF/D,FGW,Gross Withdrawals,NGM_EPG0_FGW_SAK_MMCFD,Alaska Natural Gas Gross Withdrawals (Million Cubic Feet per Day)
2021,10,287828,MMCF,FGW,Gross Withdrawals,N9010AK2,Alaska Natural Gas Gross Withdrawals (MMcf)
2021,10,30458,MMCF,VGM,Marketed Production,N9050AK2,Alaska Natural Gas Marketed Production (MMcf)
2021,10,0,MMCF,VRN,Removed from Natural Gas,N9030AK2,Alaska Nonhydrocarbon Gases Removed from Natural Gas (MMcf)
2021,10,256836,MMCF,VGQ,Repressuring,N9020AK2,Alaska Natural Gas Repressuring (MMcf)
2021,10,534,MMCF,VGV,Vented and Flared,N9040AK2,Alaska Natural Gas Vented and Flared (MMcf)
2021,10,0,MMCF,FGC,Withdrawals from Coalbed Wells,NGM_EPG0_FGC_SAK_MMCF,Alaska Natural Gas Gross Withdrawals from Coalbed Wells (MMcf)
2021,10,6039,MMCF,FGG,Withdrawals from Gas Wells,N9011AK2,Alaska Natural Gas Gross Withdrawals from Gas Wells (MMcf)
2021,10,281789,MMCF,FGO,Withdrawals from Oil Wells,N9012AK2,Alaska Natural Gas Gross Withdrawals from Oil Wells (MMcf)
2021,9,26785,MMCF,FPD,Dry Production,NA1160_SAK_2,Alaska Dry Natural Gas Production (Million Cubic Feet)
2021,9,1749,MMCF,VG9,Extraction Loss,NA1150_SAK_2,Alaska Natural Gas Plant Liquids Production (Million Cubic Feet)
2021,9,278352,MMCF,FGW,Gross Withdrawals,N9010AK2,Alaska Natural Gas Gross Withdrawals (MMcf)
2021,9,9278,MMCF/D,FGW,Gross Withdrawals,NGM_EPG0_FGW_SAK_MMCFD,Alaska Natural Gas Gross Withdrawals (Million Cubic Feet per Day)
2021,9,28534,MMCF,VGM,Marketed Production,N9050AK2,Alaska Natural Gas Marketed Production (MMcf)
2021,9,0,MMCF,VRN,Removed from Natural Gas,N9030AK2,Alaska Nonhydrocarbon Gases Removed from Natural Gas (MMcf)
2021,9,249399,MMCF,VGQ,Repressuring,N9020AK2,Alaska Natural Gas Repressuring (MMcf)
2021,9,419,MMCF,VGV,Vented and Flared,N9040AK2,Alaska Natural Gas Vented and Flared (MMcf)
2021,9,0,MMCF,FGC,Withdrawals from Coalbed Wells,NGM_EPG0_FGC_SAK_MMCF,Alaska Natural Gas Gross Withdrawals from Coalbed Wells (MMcf)
2021,9,5351,MMCF,FGG,Withdrawals from Gas Wells,N9011AK2,Alaska Natural Gas Gross Withdrawals from Gas Wells (MMcf)
2021,9,273001,MMCF,FGO,Withdrawals from Oil Wells,N9012AK2,Alaska Natural Gas Gross Withdrawals from Oil Wells (MMcf)
2021,8,26069,MMCF,FPD,Dry Production,NA1160_SAK_2,Alaska Dry Natural Gas Production (Million Cubic Feet)
2021,8,1796,MMCF,VG9,Extraction Loss,NA1150_SAK_2,Alaska Natural Gas Plant Liquids Production (Million Cubic Feet)
2021,8,269461,MMCF,FGW,Gross Withdrawals,N9010AK2,Alaska Natural Gas Gross Withdrawals (MMcf)
2021,8,8692,MMCF/D,FGW,Gross Withdrawals,NGM_EPG0_FGW_SAK_MMCFD,Alaska Natural Gas Gross Withdrawals (Million Cubic Feet per Day)
2021,8,27864,MMCF,VGM,Marketed Production,N9050AK2,Alaska Natural Gas Marketed Production (MMcf)
2021,8,0,MMCF,VRN,Removed from Natural Gas,N9030AK2,Alaska Nonhydrocarbon Gases Removed from Natural Gas (MMcf)
2021,8,241005,MMCF,VGQ,Repressuring,N9020AK2,Alaska Natural Gas Repressuring (MMcf)
2021,8,592,MMCF,VGV,Vented and Flared,N9040AK2,Alaska Natural Gas Vented and Flared (MMcf)
2021,8,0,MMCF,FGC,Withdrawals from Coalbed Wells,NGM_EPG0_FGC_SAK_MMCF,Alaska Natural Gas Gross Withdrawals from Coalbed Wells (MMcf)
2021,8,5265,MMCF,FGG,Withdrawals from Gas Wells,N9011AK2,Alaska Natural Gas Gross Withdrawals from Gas Wells (MMcf)
2021,8,264197,MMCF,FGO,Withdrawals from Oil Wells,N9012AK2,Alaska Natural Gas Gross Withdrawals from Oil Wells (MMcf)
2021,7,24490,MMCF,FPD,Dry Production,NA1160_SAK_2,Alaska Dry Natural Gas Production (Million Cubic Feet)
2021,7,1790,MMCF,VG9,Extraction Loss,NA1150_SAK_2,Alaska Natural Gas Plant Liquids Production (Million Cubic Feet)
2021,7,8064,MMCF/D,FGW,Gross Withdrawals,NGM_EPG0_FGW_SAK_MMCFD,Alaska Natural Gas Gross Withdrawals (Million Cubic Feet per Day)
2021,7,249998,MMCF,FGW,Gross Withdrawals,N9010AK2,Alaska Natural Gas Gross Withdrawals (MMcf)
2021,7,26280,MMCF,VGM,Marketed Production,N9050AK2,Alaska Natural Gas Marketed Production (MMcf)
2021,7,0,MMCF,VRN,Removed from Natural Gas,N9030AK2,Alaska Nonhydrocarbon Gases Removed from Natural Gas (MMcf)
2021,7,223209,MMCF,VGQ,Repressuring,N9020AK2,Alaska Natural Gas Repressuring (MMcf)
2021,7,509,MMCF,VGV,Vented and Flared,N9040AK2,Alaska Natural Gas Vented and Flared (MMcf)
2021,7,0,MMCF,FGC,Withdrawals from Coalbed Wells,NGM_EPG0_FGC_SAK_MMCF,Alaska Natural Gas Gross Withdrawals from Coalbed Wells (MMcf)
2021,7,5480,MMCF,FGG,Withdrawals from Gas Wells,N9011AK2,Alaska Natural Gas Gross Withdrawals from Gas Wells (MMcf)
2021,7,244517,MMCF,FGO,Withdrawals from Oil Wells,N9012AK2,Alaska Natural Gas Gross Withdrawals from Oil Wells (MMcf)
2021,6,25999,MMCF,FPD,Dry Production,NA1160_SAK_2,Alaska Dry Natural Gas Production (Million Cubic Feet)
2021,6,1716,MMCF,VG9,Extraction Loss,NA1150_SAK_2,Alaska Natural Gas Plant Liquids Production (Million Cubic Feet)
2021,6,9059,MMCF/D,FGW,Gross Withdrawals,NGM_EPG0_FGW_SAK_MMCFD,Alaska Natural Gas Gross Withdrawals (Million Cubic Feet per Day)
2021,6,271760,MMCF,FGW,Gross Withdrawals,N9010AK2,Alaska Natural Gas Gross Withdrawals (MMcf)
2021,6,27715,MMCF,VGM,Marketed Production,N9050AK2,Alaska Natural Gas Marketed Production (MMcf)
2021,6,0,MMCF,VRN,Removed from Natural Gas,N9030AK2,Alaska Nonhydrocarbon Gases Removed from Natural Gas (MMcf)
2021,6,243608,MMCF,VGQ,Repressuring,N9020AK2,Alaska Natural Gas Repressuring (MMcf)
2021,6,437,MMCF,VGV,Vented and Flared,N9040AK2,Alaska Natural Gas Vented and Flared (MMcf)
2021,6,0,MMCF,FGC,Withdrawals from Coalbed Wells,NGM_EPG0_FGC_SAK_MMCF,Alaska Natural Gas Gross Withdrawals from Coalbed Wells (MMcf)
2021,6,5592,MMCF,FGG,Withdrawals from Gas Wells,N9011AK2,Alaska Natural Gas Gross Withdrawals from Gas Wells (MMcf)
2021,6,266169,MMCF,FGO,Withdrawals from Oil Wells,N9012AK2,Alaska Natural Gas Gross Withdrawals from Oil Wells (MMcf)
2021,5,27225,MMCF,FPD,Dry Production,NA1160_SAK_2,Alaska Dry Natural Gas Production (Million Cubic Feet)
2021,5,1780,MMCF,VG9,Extraction Loss,NA1150_SAK_2,Alaska Natural Gas Plant Liquids Production (Million Cubic Feet)
2021,5,9529,MMCF/D,FGW,Gross Withdrawals,NGM_EPG0_FGW_SAK_MMCFD,Alaska Natural Gas Gross Withdrawals (Million Cubic Feet per Day)
2021,5,295402,MMCF,FGW,Gross Withdrawals,N9010AK2,Alaska Natural Gas Gross Withdrawals (MMcf)
2021,5,29005,MMCF,VGM,Marketed Production,N9050AK2,Alaska Natural Gas Marketed Production (MMcf)
2021,5,0,MMCF,VRN,Removed from Natural Gas,N9030AK2,Alaska Nonhydrocarbon Gases Removed from Natural Gas (MMcf)
2021,5,265803,MMCF,VGQ,Repressuring,N9020AK2,Alaska Natural Gas Repressuring (MMcf)
2021,5,593,MMCF,VGV,Vented and Flared,N9040AK2,Alaska Natural Gas Vented and Flared (MMcf)
2021,5,0,MMCF,FGC,Withdrawals from Coalbed Wells,NGM_EPG0_FGC_SAK_MMCF,Alaska Natural Gas Gross Withdrawals from Coalbed Wells (MMcf)
2021,5,6093,MMCF,FGG,Withdrawals from Gas Wells,N9011AK2,Alaska Natural Gas Gross Withdrawals from Gas Wells (MMcf)
2021,5,289308,MMCF,FGO,Withdrawals from Oil Wells,N9012AK2,Alaska Natural Gas Gross Withdrawals from Oil Wells (MMcf)
2021,4,27791,MMCF,FPD,Dry Production,NA1160_SAK_2,Alaska Dry Natural Gas Production (Million Cubic Feet)
2021,4,1724,MMCF,VG9,Extraction Loss,NA1150_SAK_2,Alaska Natural Gas Plant Liquids Production (Million Cubic Feet)
2021,4,9744,MMCF/D,FGW,Gross Withdrawals,NGM_EPG0_FGW_SAK_MMCFD,Alaska Natural Gas Gross Withdrawals (Million Cubic Feet per Day)
2021,4,292311,MMCF,FGW,Gross Withdrawals,N9010AK2,Alaska Natural Gas Gross Withdrawals (MMcf)
2021,4,29514,MMCF,VGM,Marketed Production,N9050AK2,Alaska Natural Gas Marketed Production (MMcf)
2021,4,0,MMCF,VRN,Removed from Natural Gas,N9030AK2,Alaska Nonhydrocarbon Gases Removed from Natural Gas (MMcf)
2021,4,262376,MMCF,VGQ,Repressuring,N9020AK2,Alaska Natural Gas Repressuring (MMcf)
2021,4,421,MMCF,VGV,Vented and Flared,N9040AK2,Alaska Natural Gas Vented and Flared (MMcf)
2021,4,0,MMCF,FGC,Withdrawals from Coalbed Wells,NGM_EPG0_FGC_SAK_MMCF,Alaska Natural Gas Gross Withdrawals from Coalbed Wells (MMcf)
2021,4,6000,MMCF,FGG,Withdrawals from Gas Wells,N9011AK2,Alaska Natural Gas Gross Withdrawals from Gas Wells (MMcf)
2021,4,286310,MMCF,FGO,Withdrawals from Oil Wells,N9012AK2,Alaska Natural Gas Gross Withdrawals from Oil Wells (MMcf)
2021,3,29716,MMCF,FPD,Dry Production,NA1160_SAK_2,Alaska Dry Natural Gas Production (Million Cubic Feet)
2021,3,1767,MMCF,VG9,Extraction Loss,NA1150_SAK_2,Alaska Natural Gas Plant Liquids Production (Million Cubic Feet)
2021,3,311788,MMCF,FGW,Gross Withdrawals,N9010AK2,Alaska Natural Gas Gross Withdrawals (MMcf)
2021,3,10058,MMCF/D,FGW,Gross Withdrawals,NGM_EPG0_FGW_SAK_MMCFD,Alaska Natural Gas Gross Withdrawals (Million Cubic Feet per Day)
2021,3,31483,MMCF,VGM,Marketed Production,N9050AK2,Alaska Natural Gas Marketed Production (MMcf)
2021,3,0,MMCF,VRN,Removed from Natural Gas,N9030AK2,Alaska Nonhydrocarbon Gases Removed from Natural Gas (MMcf)
2021,3,279840,MMCF,VGQ,Repressuring,N9020AK2,Alaska Natural Gas Repressuring (MMcf)
2021,3,465,MMCF,VGV,Vented and Flared,N9040AK2,Alaska Natural Gas Vented and Flared (MMcf)
2021,3,0,MMCF,FGC,Withdrawals from Coalbed Wells,NGM_EPG0_FGC_SAK_MMCF,Alaska Natural Gas Gross Withdrawals from Coalbed Wells (MMcf)
2021,3,6523,MMCF,FGG,Withdrawals from Gas Wells,N9011AK2,Alaska Natural Gas Gross Withdrawals from Gas Wells (MMcf)
2021,3,305265,MMCF,FGO,Withdrawals from Oil Wells,N9012AK2,Alaska Natural Gas Gross Withdrawals from Oil Wells (MMcf)
2021,2,26901,MMCF,FPD,Dry Production,NA1160_SAK_2,Alaska Dry Natural Gas Production (Million Cubic Feet)
2021,2,1464,MMCF,VG9,Extraction Loss,NA1150_SAK_2,Alaska Natural Gas Plant Liquids Production (Million Cubic Feet)
2021,2,279742,MMCF,FGW,Gross Withdrawals,N9010AK2,Alaska Natural Gas Gross Withdrawals (MMcf)
2021,2,9991,MMCF/D,FGW,Gross Withdrawals,NGM_EPG0_FGW_SAK_MMCFD,Alaska Natural Gas Gross Withdrawals (Million Cubic Feet per Day)
2021,2,28365,MMCF,VGM,Marketed Production,N9050AK2,Alaska Natural Gas Marketed Production (MMcf)
2021,2,0,MMCF,VRN,Removed from Natural Gas,N9030AK2,Alaska Nonhydrocarbon Gases Removed from Natural Gas (MMcf)
2021,2,250964,MMCF,VGQ,Repressuring,N9020AK2,Alaska Natural Gas Repressuring (MMcf)
2021,2,414,MMCF,VGV,Vented and Flared,N9040AK2,Alaska Natural Gas Vented and Flared (MMcf)
2021,2,0,MMCF,FGC,Withdrawals from Coalbed Wells,NGM_EPG0_FGC_SAK_MMCF,Alaska Natural Gas Gross Withdrawals from Coalbed Wells (MMcf)
2021,2,5967,MMCF,FGG,Withdrawals from Gas Wells,N9011AK2,Alaska Natural Gas Gross Withdrawals from Gas Wells (MMcf)
2021,2,273775,MMCF,FGO,Withdrawals from Oil Wells,N9012AK2,Alaska Natural Gas Gross Withdrawals from Oil Wells (MMcf)
2021,1,29917,MMCF,FPD,Dry Production,NA1160_SAK_2,Alaska Dry Natural Gas Production (Million Cubic Feet)
2021,1,1750,MMCF,VG9,Extraction Loss,NA1150_SAK_2,Alaska Natural Gas Plant Liquids Production (Million Cubic Feet)
2021,1,10234,MMCF/D,FGW,Gross Withdrawals,NGM_EPG0_FGW_SAK_MMCFD,Alaska Natural Gas Gross Withdrawals (Million Cubic Feet per Day)
2021,1,317252,MMCF,FGW,Gross Withdrawals,N9010AK2,Alaska Natural Gas Gross Withdrawals (MMcf)
2021,1,31667,MMCF,VGM,Marketed Production,N9050AK2,Alaska Natural Gas Marketed Production (MMcf)
2021,1,0,MMCF,VRN,Removed from Natural Gas,N9030AK2,Alaska Nonhydrocarbon Gases Removed from Natural Gas (MMcf)
2021,1,285117,MMCF,VGQ,Repressuring,N9020AK2,Alaska Natural Gas Repressuring (MMcf)
2021,1,468,MMCF,VGV,Vented and Flared,N9040AK2,Alaska Natural Gas Vented and Flared (MMcf)
2021,1,0,MMCF,FGC,Withdrawals from Coalbed Wells,NGM_EPG0_FGC_SAK_MMCF,Alaska Natural Gas Gross Withdrawals from Coalbed Wells (MMcf)
2021,1,6360,MMCF,FGG,Withdrawals from Gas Wells,N9011AK2,Alaska Natural Gas Gross Withdrawals from Gas Wells (MMcf)
2021,1,310892,MMCF,FGO,Withdrawals from Oil Wells,N9012AK2,Alaska Natural Gas Gross Withdrawals from Oil Wells (MMcf)
2020,12,29391,MMCF,FPD,Dry Production,NA1160_SAK_2,Alaska Dry Natural Gas Production (Million Cubic Feet)
2020,12,1771,MMCF,VG9,Extraction Loss,NA1150_SAK_2,Alaska Natural Gas Plant Liquids Production (Million Cubic Feet)
2020,12,10497,MMCF/D,FGW,Gross Withdrawals,NGM_EPG0_FGW_SAK_MMCFD,Alaska Natural Gas Gross Withdrawals (Million Cubic Feet per Day)
2020,12,325410,MMCF,FGW,Gross Withdrawals,N9010AK2,Alaska Natural Gas Gross Withdrawals (MMcf)
2020,12,31162,MMCF,VGM,Marketed Production,N9050AK2,Alaska Natural Gas Marketed Production (MMcf)
2020,12,0,MMCF,VRN,Removed from Natural Gas,N9030AK2,Alaska Nonhydrocarbon Gases Removed from Natural Gas (MMcf)
2020,12,293686,MMCF,VGQ,Repressuring,N9020AK2,Alaska Natural Gas Repressuring (MMcf)
2020,12,562,MMCF,VGV,Vented and Flared,N9040AK2,Alaska Natural Gas Vented and Flared (MMcf)
2020,12,0,MMCF,FGC,Withdrawals from Coalbed Wells,NGM_EPG0_FGC_SAK_MMCF,Alaska Natural Gas Gross Withdrawals from Coalbed Wells (MMcf)
2020,12,6313,MMCF,FGG,Withdrawals from Gas Wells,N9011AK2,Alaska Natural Gas Gross Withdrawals from Gas Wells (MMcf)
2020,12,319097,MMCF,FGO,Withdrawals from Oil Wells,N9012AK2,Alaska Natural Gas Gross Withdrawals from Oil Wells (MMcf)
2020,11,27957,MMCF,FPD,Dry Production,NA1160_SAK_2,Alaska Dry Natural Gas Production (Million Cubic Feet)
2020,11,1711,MMCF,VG9,Extraction Loss,NA1150_SAK_2,Alaska Natural Gas Plant Liquids Production (Million Cubic Feet)
2020,11,292452,MMCF,FGW,Gross Withdrawals,N9010AK2,Alaska Natural Gas Gross Withdrawals (MMcf)
2020,11,9748,MMCF/D,FGW,Gross Withdrawals,NGM_EPG0_FGW_SAK_MMCFD,Alaska Natural Gas Gross Withdrawals (Million Cubic Feet per Day)
2020,11,29668,MMCF,VGM,Marketed Production,N9050AK2,Alaska Natural Gas Marketed Production (MMcf)
2020,11,0,MMCF,VRN,Removed from Natural Gas,N9030AK2,Alaska Nonhydrocarbon Gases Removed from Natural Gas (MMcf)
2020,11,262284,MMCF,VGQ,Repressuring,N9020AK2,Alaska Natural Gas Repressuring (MMcf)
2020,11,499,MMCF,VGV,Vented and Flared,N9040AK2,Alaska Natural Gas Vented and Flared (MMcf)
2020,11,0,MMCF,FGC,Withdrawals from Coalbed Wells,NGM_EPG0_FGC_SAK_MMCF,Alaska Natural Gas Gross Withdrawals from Coalbed Wells (MMcf)
2020,11,6134,MMCF,FGG,Withdrawals from Gas Wells,N9011AK2,Alaska Natural Gas Gross Withdrawals from Gas Wells (MMcf)
2020,11,286318,MMCF,FGO,Withdrawals from Oil Wells,N9012AK2,Alaska Natural Gas Gross Withdrawals from Oil Wells (MMcf)
2020,10,27462,MMCF,FPD,Dry Production,NA1160_SAK_2,Alaska Dry Natural Gas Production (Million Cubic Feet)
2020,10,1715,MMCF,VG9,Extraction Loss,NA1150_SAK_2,Alaska Natural Gas Plant Liquids Production (Million Cubic Feet)
2020,10,9486,MMCF/D,FGW,Gross Withdrawals,NGM_EPG0_FGW_SAK_MMCFD,Alaska Natural Gas Gross Withdrawals (Million Cubic Feet per Day)
2020,10,294054,MMCF,FGW,Gross Withdrawals,N9010AK2,Alaska Natural Gas Gross Withdrawals (MMcf)
2020,10,29177,MMCF,VGM,Marketed Production,N9050AK2,Alaska Natural Gas Marketed Production (MMcf)
2020,10,0,MMCF,VRN,Removed from Natural Gas,N9030AK2,Alaska Nonhydrocarbon Gases Removed from Natural Gas (MMcf)
2020,10,264423,MMCF,VGQ,Repressuring,N9020AK2,Alaska Natural Gas Repressuring (MMcf)
2020,10,454,MMCF,VGV,Vented and Flared,N9040AK2,Alaska Natural Gas Vented and Flared (MMcf)
2020,10,0,MMCF,FGC,Withdrawals from Coalbed Wells,NGM_EPG0_FGC_SAK_MMCF,Alaska Natural Gas Gross Withdrawals from Coalbed Wells (MMcf)
2020,10,6376,MMCF,FGG,Withdrawals from Gas Wells,N9011AK2,Alaska Natural Gas Gross Withdrawals from Gas Wells (MMcf)
2020,10,287678,MMCF,FGO,Withdrawals from Oil Wells,N9012AK2,Alaska Natural Gas Gross Withdrawals from Oil Wells (MMcf)
2020,9,25387,MMCF,FPD,Dry Production,NA1160_SAK_2,Alaska Dry Natural Gas Production (Million Cubic Feet)
2020,9,1673,MMCF,VG9,Extraction Loss,NA1150_SAK_2,Alaska Natural Gas Plant Liquids Production (Million Cubic Feet)
2020,9,269913,MMCF,FGW,Gross Withdrawals,N9010AK2,Alaska Natural Gas Gross Withdrawals (MMcf)
2020,9,8997,MMCF/D,FGW,Gross Withdrawals,NGM_EPG0_FGW_SAK_MMCFD,Alaska Natural Gas Gross Withdrawals (Million Cubic Feet per Day)
2020,9,27060,MMCF,VGM,Marketed Production,N9050AK2,Alaska Natural Gas Marketed Production (MMcf)
2020,9,0,MMCF,VRN,Removed from Natural Gas,N9030AK2,Alaska Nonhydrocarbon Gases Removed from Natural Gas (MMcf)
2020,9,242323,MMCF,VGQ,Repressuring,N9020AK2,Alaska Natural Gas Repressuring (MMcf)
2020,9,530,MMCF,VGV,Vented and Flared,N9040AK2,Alaska Natural Gas Vented and Flared (MMcf)
2020,9,0,MMCF,FGC,Withdrawals from Coalbed Wells,NGM_EPG0_FGC_SAK_MMCF,Alaska Natural Gas Gross Withdrawals from Coalbed Wells (MMcf)
2020,9,5940,MMCF,FGG,Withdrawals from Gas Wells,N9011AK2,Alaska Natural Gas Gross Withdrawals from Gas Wells (MMcf)
2020,9,263973,MMCF,FGO,Withdrawals from Oil Wells,N9012AK2,Alaska Natural Gas Gross Withdrawals from Oil Wells (MMcf)
2020,8,25210,MMCF,FPD,Dry Production,NA1160_SAK_2,Alaska Dry Natural Gas Production (Million Cubic Feet)
2020,8,1727,MMCF,VG9,Extraction Loss,NA1150_SAK_2,Alaska Natural Gas Plant Liquids Production (Million Cubic Feet)
2020,8,8302,MMCF/D,FGW,Gross Withdrawals,NGM_EPG0_FGW_SAK_MMCFD,Alaska Natural Gas Gross Withdrawals (Million Cubic Feet per Day)
2020,8,257354,MMCF,FGW,Gross Withdrawals,N9010AK2,Alaska Natural Gas Gross Withdrawals (MMcf)
2020,8,26937,MMCF,VGM,Marketed Production,N9050AK2,Alaska Natural Gas Marketed Production (MMcf)
2020,8,0,MMCF,VRN,Removed from Natural Gas,N9030AK2,Alaska Nonhydrocarbon Gases Removed from Natural Gas (MMcf)
2020,8,229932,MMCF,VGQ,Repressuring,N9020AK2,Alaska Natural Gas Repressuring (MMcf)
2020,8,486,MMCF,VGV,Vented and Flared,N9040AK2,Alaska Natural Gas Vented and Flared (MMcf)
2020,8,0,MMCF,FGC,Withdrawals from Coalbed Wells,NGM_EPG0_FGC_SAK_MMCF,Alaska Natural Gas Gross Withdrawals from Coalbed Wells (MMcf)
2020,8,5985,MMCF,FGG,Withdrawals from Gas Wells,N9011AK2,Alaska Natural Gas Gross Withdrawals from Gas Wells (MMcf)
2020,8,251369,MMCF,FGO,Withdrawals from Oil Wells,N9012AK2,Alaska Natural Gas Gross Withdrawals from Oil Wells (MMcf)
2020,7,25134,MMCF,FPD,Dry Production,NA1160_SAK_2,Alaska Dry Natural Gas Production (Million Cubic Feet)
2020,7,1732,MMCF,VG9,Extraction Loss,NA1150_SAK_2,Alaska Natural Gas Plant Liquids Production (Million Cubic Feet)
2020,7,8716,MMCF/D,FGW,Gross Withdrawals,NGM_EPG0_FGW_SAK_MMCFD,Alaska Natural Gas Gross Withdrawals (Million Cubic Feet per Day)
2020,7,270202,MMCF,FGW,Gross Withdrawals,N9010AK2,Alaska Natural Gas Gross Withdrawals (MMcf)
2020,7,26866,MMCF,VGM,Marketed Production,N9050AK2,Alaska Natural Gas Marketed Production (MMcf)
2020,7,0,MMCF,VRN,Removed from Natural Gas,N9030AK2,Alaska Nonhydrocarbon Gases Removed from Natural Gas (MMcf)
2020,7,242876,MMCF,VGQ,Repressuring,N9020AK2,Alaska Natural Gas Repressuring (MMcf)
2020,7,460,MMCF,VGV,Vented and Flared,N9040AK2,Alaska Natural Gas Vented and Flared (MMcf)
2020,7,0,MMCF,FGC,Withdrawals from Coalbed Wells,NGM_EPG0_FGC_SAK_MMCF,Alaska Natural Gas Gross Withdrawals from Coalbed Wells (MMcf)
2020,7,5316,MMCF,FGG,Withdrawals from Gas Wells,N9011AK2,Alaska Natural Gas Gross Withdrawals from Gas Wells (MMcf)
2020,7,264887,MMCF,FGO,Withdrawals from Oil Wells,N9012AK2,Alaska Natural Gas Gross Withdrawals from Oil Wells (MMcf)
2020,6,23990,MMCF,FPD,Dry Production,NA1160_SAK_2,Alaska Dry Natural Gas Production (Million Cubic Feet)
2020,6,1647,MMCF,VG9,Extraction Loss,NA1150_SAK_2,Alaska Natural Gas Plant Liquids Production (Million Cubic Feet)
2020,6,8830,MMCF/D,FGW,Gross Withdrawals,NGM_EPG0_FGW_SAK_MMCFD,Alaska Natural Gas Gross Withdrawals (Million Cubic Feet per Day)
2020,6,264914,MMCF,FGW,Gross Withdrawals,N9010AK2,Alaska Natural Gas Gross Withdrawals (MMcf)
2020,6,25637,MMCF,VGM,Marketed Production,N9050AK2,Alaska Natural Gas Marketed Production (MMcf)
2020,6,0,MMCF,VRN,Removed from Natural Gas,N9030AK2,Alaska Nonhydrocarbon Gases Removed from Natural Gas (MMcf)
2020,6,238875,MMCF,VGQ,Repressuring,N9020AK2,Alaska Natural Gas Repressuring (MMcf)
2020,6,402,MMCF,VGV,Vented and Flared,N9040AK2,Alaska Natural Gas Vented and Flared (MMcf)
2020,6,0,MMCF,FGC,Withdrawals from Coalbed Wells,NGM_EPG0_FGC_SAK_MMCF,Alaska Natural Gas Gross Withdrawals from Coalbed Wells (MMcf)
2020,6,4944,MMCF,FGG,Withdrawals from Gas Wells,N9011AK2,Alaska Natural Gas Gross Withdrawals from Gas Wells (MMcf)
2020,6,259970,MMCF,FGO,Withdrawals from Oil Wells,N9012AK2,Alaska Natural Gas Gross Withdrawals from Oil Wells (MMcf)
2020,5,25493,MMCF,FPD,Dry Production,NA1160_SAK_2,Alaska Dry Natural Gas Production (Million Cubic Feet)
2020,5,1678,MMCF,VG9,Extraction Loss,NA1150_SAK_2,Alaska Natural Gas Plant Liquids Production (Million Cubic Feet)
2020,5,9091,MMCF/D,FGW,Gross Withdrawals,NGM_EPG0_FGW_SAK_MMCFD,Alaska Natural Gas Gross Withdrawals (Million Cubic Feet per Day)
2020,5,281824,MMCF,FGW,Gross Withdrawals,N9010AK2,Alaska Natural Gas Gross Withdrawals (MMcf)
2020,5,27172,MMCF,VGM,Marketed Production,N9050AK2,Alaska Natural Gas Marketed Production (MMcf)
2020,5,0,MMCF,VRN,Removed from Natural Gas,N9030AK2,Alaska Nonhydrocarbon Gases Removed from Natural Gas (MMcf)
2020,5,254208,MMCF,VGQ,Repressuring,N9020AK2,Alaska Natural Gas Repressuring (MMcf)
2020,5,445,MMCF,VGV,Vented and Flared,N9040AK2,Alaska Natural Gas Vented and Flared (MMcf)
2020,5,0,MMCF,FGC,Withdrawals from Coalbed Wells,NGM_EPG0_FGC_SAK_MMCF,Alaska Natural Gas Gross Withdrawals from Coalbed Wells (MMcf)
2020,5,5107,MMCF,FGG,Withdrawals from Gas Wells,N9011AK2,Alaska Natural Gas Gross Withdrawals from Gas Wells (MMcf)
2020,5,276717,MMCF,FGO,Withdrawals from Oil Wells,N9012AK2,Alaska Natural Gas Gross Withdrawals from Oil Wells (MMcf)
2020,4,25881,MMCF,FPD,Dry Production,NA1160_SAK_2,Alaska Dry Natural Gas Production (Million Cubic Feet)
2020,4,1727,MMCF,VG9,Extraction Loss,NA1150_SAK_2,Alaska Natural Gas Plant Liquids Production (Million Cubic Feet)
2020,4,9280,MMCF/D,FGW,Gross Withdrawals,NGM_EPG0_FGW_SAK_MMCFD,Alaska Natural Gas Gross Withdrawals (Million Cubic Feet per Day)
2020,4,278399,MMCF,FGW,Gross Withdrawals,N9010AK2,Alaska Natural Gas Gross Withdrawals (MMcf)
2020,4,27608,MMCF,VGM,Marketed Production,N9050AK2,Alaska Natural Gas Marketed Production (MMcf)
2020,4,0,MMCF,VRN,Removed from Natural Gas,N9030AK2,Alaska Nonhydrocarbon Gases Removed from Natural Gas (MMcf)
2020,4,250381,MMCF,VGQ,Repressuring,N9020AK2,Alaska Natural Gas Repressuring (MMcf)
2020,4,410,MMCF,VGV,Vented and Flared,N9040AK2,Alaska Natural Gas Vented and Flared (MMcf)
2020,4,0,MMCF,FGC,Withdrawals from Coalbed Wells,NGM_EPG0_FGC_SAK_MMCF,Alaska Natural Gas Gross Withdrawals from Coalbed Wells (MMcf)
2020,4,5008,MMCF,FGG,Withdrawals from Gas Wells,N9011AK2,Alaska Natural Gas Gross Withdrawals from Gas Wells (MMcf)
2020,4,273391,MMCF,FGO,Withdrawals from Oil Wells,N9012AK2,Alaska Natural Gas Gross Withdrawals from Oil Wells (MMcf)
2020,3,27494,MMCF,FPD,Dry Production,NA1160_SAK_2,Alaska Dry Natural Gas Production (Million Cubic Feet)
2020,3,1833,MMCF,VG9,Extraction Loss,NA1150_SAK_2,Alaska Natural Gas Plant Liquids Production (Million Cubic Feet)
2020,3,294650,MMCF,FGW,Gross Withdrawals,N9010AK2,Alaska Natural Gas Gross Withdrawals (MMcf)
2020,3,9505,MMCF/D,FGW,Gross Withdrawals,NGM_EPG0_FGW_SAK_MMCFD,Alaska Natural Gas Gross Withdrawals (Million Cubic Feet per Day)
2020,3,29327,MMCF,VGM,Marketed Production,N9050AK2,Alaska Natural Gas Marketed Production (MMcf)
2020,3,0,MMCF,VRN,Removed from Natural Gas,N9030AK2,Alaska Nonhydrocarbon Gases Removed from Natural Gas (MMcf)
2020,3,264881,MMCF,VGQ,Repressuring,N9020AK2,Alaska Natural Gas Repressuring (MMcf)
2020,3,443,MMCF,VGV,Vented and Flared,N9040AK2,Alaska Natural Gas Vented and Flared (MMcf)
2020,3,0,MMCF,FGC,Withdrawals from Coalbed Wells,NGM_EPG0_FGC_SAK_MMCF,Alaska Natural Gas Gross Withdrawals from Coalbed Wells (MMcf)
2020,3,5462,MMCF,FGG,Withdrawals from Gas Wells,N9011AK2,Alaska Natural Gas Gross Withdrawals from Gas Wells (MMcf)
2020,3,289188,MMCF,FGO,Withdrawals from Oil Wells,N9012AK2,Alaska Natural Gas Gross Withdrawals from Oil Wells (MMcf)
2020,2,26915,MMCF,FPD,Dry Production,NA1160_SAK_2,Alaska Dry Natural Gas Production (Million Cubic Feet)
2020,2,1711,MMCF,VG9,Extraction Loss,NA1150_SAK_2,Alaska Natural Gas Plant Liquids Production (Million Cubic Feet)
2020,2,291488,MMCF,FGW,Gross Withdrawals,N9010AK2,Alaska Natural Gas Gross Withdrawals (MMcf)
2020,2,10051,MMCF/D,FGW,Gross Withdrawals,NGM_EPG0_FGW_SAK_MMCFD,Alaska Natural Gas Gross Withdrawals (Million Cubic Feet per Day)
2020,2,28627,MMCF,VGM,Marketed Production,N9050AK2,Alaska Natural Gas Marketed Production (MMcf)
2020,2,0,MMCF,VRN,Removed from Natural Gas,N9030AK2,Alaska Nonhydrocarbon Gases Removed from Natural Gas (MMcf)
2020,2,262404,MMCF,VGQ,Repressuring,N9020AK2,Alaska Natural Gas Repressuring (MMcf)
2020,2,458,MMCF,VGV,Vented and Flared,N9040AK2,Alaska Natural Gas Vented and Flared (MMcf)
2020,2,0,MMCF,FGC,Withdrawals from Coalbed Wells,NGM_EPG0_FGC_SAK_MMCF,Alaska Natural Gas Gross Withdrawals from Coalbed Wells (MMcf)
2020,2,5445,MMCF,FGG,Withdrawals from Gas Wells,N9011AK2,Alaska Natural Gas Gross Withdrawals from Gas Wells (MMcf)
2020,2,286043,MMCF,FGO,Withdrawals from Oil Wells,N9012AK2,Alaska Natural Gas Gross Withdrawals from Oil Wells (MMcf)
2020,1,28266,MMCF,FPD,Dry Production,NA1160_SAK_2,Alaska Dry Natural Gas Production (Million Cubic Feet)
2020,1,1831,MMCF,VG9,Extraction Loss,NA1150_SAK_2,Alaska Natural Gas Plant Liquids Production (Million Cubic Feet)
2020,1,309661,MMCF,FGW,Gross Withdrawals,N9010AK2,Alaska Natural Gas Gross Withdrawals (MMcf)
2020,1,9989,MMCF/D,FGW,Gross Withdrawals,NGM_EPG0_FGW_SAK_MMCFD,Alaska Natural Gas Gross Withdrawals (Million Cubic Feet per Day)
2020,1,30097,MMCF,VGM,Marketed Production,N9050AK2,Alaska Natural Gas Marketed Production (MMcf)
2020,1,0,MMCF,VRN,Removed from Natural Gas,N9030AK2,Alaska Nonhydrocarbon Gases Removed from Natural Gas (MMcf)
2020,1,279005,MMCF,VGQ,Repressuring,N9020AK2,Alaska Natural Gas Repressuring (MMcf)
2020,1,558,MMCF,VGV,Vented and Flared,N9040AK2,Alaska Natural Gas Vented and Flared (MMcf)
2020,1,0,MMCF,FGC,Withdrawals from Coalbed Wells,NGM_EPG0_FGC_SAK_MMCF,Alaska Natural Gas Gross Withdrawals from Coalbed Wells (MMcf)
2020,1,5598,MMCF,FGG,Withdrawals from Gas Wells,N9011AK2,Alaska Natural Gas Gross Withdrawals from Gas Wells (MMcf)
2020,1,304063,MMCF,FGO,Withdrawals from Oil Wells,N9012AK2,Alaska Natural Gas Gross Withdrawals from Oil Wells (MMcf)
2019,12,27907,MMCF,FPD,Dry Production,NA1160_SAK_2,Alaska Dry Natural Gas Production (Million Cubic Feet)
2019,12,1762,MMCF,VG9,Extraction Loss,NA1150_SAK_2,Alaska Natural Gas Plant Liquids Production (Million Cubic Feet)
2019,12,299717,MMCF,FGW,Gross Withdrawals,N9010AK2,Alaska Natural Gas Gross Withdrawals (MMcf)
2019,12,9668,MMCF/D,FGW,Gross Withdrawals,NGM_EPG0_FGW_SAK_MMCFD,Alaska Natural Gas Gross Withdrawals (Million Cubic Feet per Day)
2019,12,29669,MMCF,VGM,Marketed Production,N9050AK2,Alaska Natural Gas Marketed Production (MMcf)
2019,12,0,MMCF,VRN,Removed from Natural Gas,N9030AK2,Alaska Nonhydrocarbon Gases Removed from Natural Gas (MMcf)
2019,12,269502,MMCF,VGQ,Repressuring,N9020AK2,Alaska Natural Gas Repressuring (MMcf)
2019,12,546,MMCF,VGV,Vented and Flared,N9040AK2,Alaska Natural Gas Vented and Flared (MMcf)
2019,12,0,MMCF,FGC,Withdrawals from Coalbed Wells,NGM_EPG0_FGC_SAK_MMCF,Alaska Natural Gas Gross Withdrawals from Coalbed Wells (MMcf)
2019,12,5555,MMCF,FGG,Withdrawals from Gas Wells,N9011AK2,Alaska Natural Gas Gross Withdrawals from Gas Wells (MMcf)
2019,12,294162,MMCF,FGO,Withdrawals from Oil Wells,N9012AK2,Alaska Natural Gas Gross Withdrawals from Oil Wells (MMcf)
2019,11,26548,MMCF,FPD,Dry Production,NA1160_SAK_2,Alaska Dry Natural Gas Production (Million Cubic Feet)
2019,11,1707,MMCF,VG9,Extraction Loss,NA1150_SAK_2,Alaska Natural Gas Plant Liquids Production (Million Cubic Feet)
2019,11,9577,MMCF/D,FGW,Gross Withdrawals,NGM_EPG0_FGW_SAK_MMCFD,Alaska Natural Gas Gross Withdrawals (Million Cubic Feet per Day)
2019,11,287298,MMCF,FGW,Gross Withdrawals,N9010AK2,Alaska Natural Gas Gross Withdrawals (MMcf)
2019,11,28256,MMCF,VGM,Marketed Production,N9050AK2,Alaska Natural Gas Marketed Production (MMcf)
2019,11,0,MMCF,VRN,Removed from Natural Gas,N9030AK2,Alaska Nonhydrocarbon Gases Removed from Natural Gas (MMcf)
2019,11,258525,MMCF,VGQ,Repressuring,N9020AK2,Alaska Natural Gas Repressuring (MMcf)
2019,11,517,MMCF,VGV,Vented and Flared,N9040AK2,Alaska Natural Gas Vented and Flared (MMcf)
2019,11,0,MMCF,FGC,Withdrawals from Coalbed Wells,NGM_EPG0_FGC_SAK_MMCF,Alaska Natural Gas Gross Withdrawals from Coalbed Wells (MMcf)
2019,11,5364,MMCF,FGG,Withdrawals from Gas Wells,N9011AK2,Alaska Natural Gas Gross Withdrawals from Gas Wells (MMcf)
2019,11,281933,MMCF,FGO,Withdrawals from Oil Wells,N9012AK2,Alaska Natural Gas Gross Withdrawals from Oil Wells (MMcf)
2019,10,25674,MMCF,FPD,Dry Production,NA1160_SAK_2,Alaska Dry Natural Gas Production (Million Cubic Feet)
2019,10,1736,MMCF,VG9,Extraction Loss,NA1150_SAK_2,Alaska Natural Gas Plant Liquids Production (Million Cubic Feet)
2019,10,269362,MMCF,FGW,Gross Withdrawals,N9010AK2,Alaska Natural Gas Gross Withdrawals (MMcf)
2019,10,8689,MMCF/D,FGW,Gross Withdrawals,NGM_EPG0_FGW_SAK_MMCFD,Alaska Natural Gas Gross Withdrawals (Million Cubic Feet per Day)
2019,10,27409,MMCF,VGM,Marketed Production,N9050AK2,Alaska Natural Gas Marketed Production (MMcf)
2019,10,0,MMCF,VRN,Removed from Natural Gas,N9030AK2,Alaska Nonhydrocarbon Gases Removed from Natural Gas (MMcf)
2019,10,241291,MMCF,VGQ,Repressuring,N9020AK2,Alaska Natural Gas Repressuring (MMcf)
2019,10,662,MMCF,VGV,Vented and Flared,N9040AK2,Alaska Natural Gas Vented and Flared (MMcf)
2019,10,0,MMCF,FGC,Withdrawals from Coalbed Wells,NGM_EPG0_FGC_SAK_MMCF,Alaska Natural Gas Gross Withdrawals from Coalbed Wells (MMcf)
2019,10,5736,MMCF,FGG,Withdrawals from Gas Wells,N9011AK2,Alaska Natural Gas Gross Withdrawals from Gas Wells (MMcf)
2019,10,263626,MMCF,FGO,Withdrawals from Oil Wells,N9012AK2,Alaska Natural Gas Gross Withdrawals from Oil Wells (MMcf)
2019,9,22828,MMCF,FPD,Dry Production,NA1160_SAK_2,Alaska Dry Natural Gas Production (Million Cubic Feet)
2019,9,1665,MMCF,VG9,Extraction Loss,NA1150_SAK_2,Alaska Natural Gas Plant Liquids Production (Million Cubic Feet)
2019,9,242655,MMCF,FGW,Gross Withdrawals,N9010AK2,Alaska Natural Gas Gross Withdrawals (MMcf)
2019,9,8089,MMCF/D,FGW,Gross Withdrawals,NGM_EPG0_FGW_SAK_MMCFD,Alaska Natural Gas Gross Withdrawals (Million Cubic Feet per Day)
2019,9,24494,MMCF,VGM,Marketed Production,N9050AK2,Alaska Natural Gas Marketed Production (MMcf)
2019,9,0,MMCF,VRN,Removed from Natural Gas,N9030AK2,Alaska Nonhydrocarbon Gases Removed from Natural Gas (MMcf)
2019,9,217594,MMCF,VGQ,Repressuring,N9020AK2,Alaska Natural Gas Repressuring (MMcf)
2019,9,568,MMCF,VGV,Vented and Flared,N9040AK2,Alaska Natural Gas Vented and Flared (MMcf)
2019,9,0,MMCF,FGC,Withdrawals from Coalbed Wells,NGM_EPG0_FGC_SAK_MMCF,Alaska Natural Gas Gross Withdrawals from Coalbed Wells (MMcf)
2019,9,5297,MMCF,FGG,Withdrawals from Gas Wells,N9011AK2,Alaska Natural Gas Gross Withdrawals from Gas Wells (MMcf)
2019,9,237358,MMCF,FGO,Withdrawals from Oil Wells,N9012AK2,Alaska Natural Gas Gross Withdrawals from Oil Wells (MMcf)
2019,8,21161,MMCF,FPD,Dry Production,NA1160_SAK_2,Alaska Dry Natural Gas Production (Million Cubic Feet)
2019,8,1714,MMCF,VG9,Extraction Loss,NA1150_SAK_2,Alaska Natural Gas Plant Liquids Production (Million Cubic Feet)
2019,8,7235,MMCF/D,FGW,Gross Withdrawals,NGM_EPG0_FGW_SAK_MMCFD,Alaska Natural Gas Gross Withdrawals (Million Cubic Feet per Day)
2019,8,224286,MMCF,FGW,Gross Withdrawals,N9010AK2,Alaska Natural Gas Gross Withdrawals (MMcf)
2019,8,22876,MMCF,VGM,Marketed Production,N9050AK2,Alaska Natural Gas Marketed Production (MMcf)
2019,8,0,MMCF,VRN,Removed from Natural Gas,N9030AK2,Alaska Nonhydrocarbon Gases Removed from Natural Gas (MMcf)
2019,8,200354,MMCF,VGQ,Repressuring,N9020AK2,Alaska Natural Gas Repressuring (MMcf)
2019,8,1057,MMCF,VGV,Vented and Flared,N9040AK2,Alaska Natural Gas Vented and Flared (MMcf)
2019,8,0,MMCF,FGC,Withdrawals from Coalbed Wells,NGM_EPG0_FGC_SAK_MMCF,Alaska Natural Gas Gross Withdrawals from Coalbed Wells (MMcf)
2019,8,5154,MMCF,FGG,Withdrawals from Gas Wells,N9011AK2,Alaska Natural Gas Gross Withdrawals from Gas Wells (MMcf)
2019,8,219132,MMCF,FGO,Withdrawals from Oil Wells,N9012AK2,Alaska Natural Gas Gross Withdrawals from Oil Wells (MMcf)
2019,7,23674,MMCF,FPD,Dry Production,NA1160_SAK_2,Alaska Dry Natural Gas Production (Million Cubic Feet)
2019,7,1674,MMCF,VG9,Extraction Loss,NA1150_SAK_2,Alaska Natural Gas Plant Liquids Production (Million Cubic Feet)
2019,7,234661,MMCF,FGW,Gross Withdrawals,N9010AK2,Alaska Natural Gas Gross Withdrawals (MMcf)
2019,7,7570,MMCF/D,FGW,Gross Withdrawals,NGM_EPG0_FGW_SAK_MMCFD,Alaska Natural Gas Gross Withdrawals (Million Cubic Feet per Day)
2019,7,25348,MMCF,VGM,Marketed Production,N9050AK2,Alaska Natural Gas Marketed Production (MMcf)
2019,7,0,MMCF,VRN,Removed from Natural Gas,N9030AK2,Alaska Nonhydrocarbon Gases Removed from Natural Gas (MMcf)
2019,7,208683,MMCF,VGQ,Repressuring,N9020AK2,Alaska Natural Gas Repressuring (MMcf)
2019,7,630,MMCF,VGV,Vented and Flared,N9040AK2,Alaska Natural Gas Vented and Flared (MMcf)
2019,7,0,MMCF,FGC,Withdrawals from Coalbed Wells,NGM_EPG0_FGC_SAK_MMCF,Alaska Natural Gas Gross Withdrawals from Coalbed Wells (MMcf)
2019,7,5391,MMCF,FGG,Withdrawals from Gas Wells,N9011AK2,Alaska Natural Gas Gross Withdrawals from Gas Wells (MMcf)
2019,7,229270,MMCF,FGO,Withdrawals from Oil Wells,N9012AK2,Alaska Natural Gas Gross Withdrawals from Oil Wells (MMcf)
2019,6,25278,MMCF,FPD,Dry Production,NA1160_SAK_2,Alaska Dry Natural Gas Production (Million Cubic Feet)
2019,6,1611,MMCF,VG9,Extraction Loss,NA1150_SAK_2,Alaska Natural Gas Plant Liquids Production (Million Cubic Feet)
2019,6,253806,MMCF,FGW,Gross Withdrawals,N9010AK2,Alaska Natural Gas Gross Withdrawals (MMcf)
2019,6,8460,MMCF/D,FGW,Gross Withdrawals,NGM_EPG0_FGW_SAK_MMCFD,Alaska Natural Gas Gross Withdrawals (Million Cubic Feet per Day)
2019,6,26889,MMCF,VGM,Marketed Production,N9050AK2,Alaska Natural Gas Marketed Production (MMcf)
2019,6,0,MMCF,VRN,Removed from Natural Gas,N9030AK2,Alaska Nonhydrocarbon Gases Removed from Natural Gas (MMcf)
2019,6,226444,MMCF,VGQ,Repressuring,N9020AK2,Alaska Natural Gas Repressuring (MMcf)
2019,6,473,MMCF,VGV,Vented and Flared,N9040AK2,Alaska Natural Gas Vented and Flared (MMcf)
2019,6,0,MMCF,FGC,Withdrawals from Coalbed Wells,NGM_EPG0_FGC_SAK_MMCF,Alaska Natural Gas Gross Withdrawals from Coalbed Wells (MMcf)
2019,6,5243,MMCF,FGG,Withdrawals from Gas Wells,N9011AK2,Alaska Natural Gas Gross Withdrawals from Gas Wells (MMcf)
2019,6,248563,MMCF,FGO,Withdrawals from Oil Wells,N9012AK2,Alaska Natural Gas Gross Withdrawals from Oil Wells (MMcf)
2019,5,27368,MMCF,FPD,Dry Production,NA1160_SAK_2,Alaska Dry Natural Gas Production (Million Cubic Feet)
2019,5,1660,MMCF,VG9,Extraction Loss,NA1150_SAK_2,Alaska Natural Gas Plant Liquids Production (Million Cubic Feet)
2019,5,9220,MMCF/D,FGW,Gross Withdrawals,NGM_EPG0_FGW_SAK_MMCFD,Alaska Natural Gas Gross Withdrawals (Million Cubic Feet per Day)
2019,5,285820,MMCF,FGW,Gross Withdrawals,N9010AK2,Alaska Natural Gas Gross Withdrawals (MMcf)
2019,5,29028,MMCF,VGM,Marketed Production,N9050AK2,Alaska Natural Gas Marketed Production (MMcf)
2019,5,0,MMCF,VRN,Removed from Natural Gas,N9030AK2,Alaska Nonhydrocarbon Gases Removed from Natural Gas (MMcf)
2019,5,256272,MMCF,VGQ,Repressuring,N9020AK2,Alaska Natural Gas Repressuring (MMcf)
2019,5,521,MMCF,VGV,Vented and Flared,N9040AK2,Alaska Natural Gas Vented and Flared (MMcf)
2019,5,0,MMCF,FGC,Withdrawals from Coalbed Wells,NGM_EPG0_FGC_SAK_MMCF,Alaska Natural Gas Gross Withdrawals from Coalbed Wells (MMcf)
2019,5,5622,MMCF,FGG,Withdrawals from Gas Wells,N9011AK2,Alaska Natural Gas Gross Withdrawals from Gas Wells (MMcf)
2019,5,280199,MMCF,FGO,Withdrawals from Oil Wells,N9012AK2,Alaska Natural Gas Gross Withdrawals from Oil Wells (MMcf)
2019,4,27222,MMCF,FPD,Dry Production,NA1160_SAK_2,Alaska Dry Natural Gas Production (Million Cubic Feet)
2019,4,1594,MMCF,VG9,Extraction Loss,NA1150_SAK_2,Alaska Natural Gas Plant Liquids Production (Million Cubic Feet)
2019,4,9651,MMCF/D,FGW,Gross Withdrawals,NGM_EPG0_FGW_SAK_MMCFD,Alaska Natural Gas Gross Withdrawals (Million Cubic Feet per Day)
2019,4,289532,MMCF,FGW,Gross Withdrawals,N9010AK2,Alaska Natural Gas Gross Withdrawals (MMcf)
2019,4,28816,MMCF,VGM,Marketed Production,N9050AK2,Alaska Natural Gas Marketed Production (MMcf)
2019,4,0,MMCF,VRN,Removed from Natural Gas,N9030AK2,Alaska Nonhydrocarbon Gases Removed from Natural Gas (MMcf)
2019,4,260177,MMCF,VGQ,Repressuring,N9020AK2,Alaska Natural Gas Repressuring (MMcf)
2019,4,538,MMCF,VGV,Vented and Flared,N9040AK2,Alaska Natural Gas Vented and Flared (MMcf)
2019,4,0,MMCF,FGC,Withdrawals from Coalbed Wells,NGM_EPG0_FGC_SAK_MMCF,Alaska Natural Gas Gross Withdrawals from Coalbed Wells (MMcf)
2019,4,5673,MMCF,FGG,Withdrawals from Gas Wells,N9011AK2,Alaska Natural Gas Gross Withdrawals from Gas Wells (MMcf)
2019,4,283859,MMCF,FGO,Withdrawals from Oil Wells,N9012AK2,Alaska Natural Gas Gross Withdrawals from Oil Wells (MMcf)
2019,3,27707,MMCF,FPD,Dry Production,NA1160_SAK_2,Alaska Dry Natural Gas Production (Million Cubic Feet)
2019,3,1639,MMCF,VG9,Extraction Loss,NA1150_SAK_2,Alaska Natural Gas Plant Liquids Production (Million Cubic Feet)
2019,3,285430,MMCF,FGW,Gross Withdrawals,N9010AK2,Alaska Natural Gas Gross Withdrawals (MMcf)
2019,3,9207,MMCF/D,FGW,Gross Withdrawals,NGM_EPG0_FGW_SAK_MMCFD,Alaska Natural Gas Gross Withdrawals (Million Cubic Feet per Day)
2019,3,29346,MMCF,VGM,Marketed Production,N9050AK2,Alaska Natural Gas Marketed Production (MMcf)
2019,3,0,MMCF,VRN,Removed from Natural Gas,N9030AK2,Alaska Nonhydrocarbon Gases Removed from Natural Gas (MMcf)
2019,3,255645,MMCF,VGQ,Repressuring,N9020AK2,Alaska Natural Gas Repressuring (MMcf)
2019,3,439,MMCF,VGV,Vented and Flared,N9040AK2,Alaska Natural Gas Vented and Flared (MMcf)
2019,3,0,MMCF,FGC,Withdrawals from Coalbed Wells,NGM_EPG0_FGC_SAK_MMCF,Alaska Natural Gas Gross Withdrawals from Coalbed Wells (MMcf)
2019,3,5511,MMCF,FGG,Withdrawals from Gas Wells,N9011AK2,Alaska Natural Gas Gross Withdrawals from Gas Wells (MMcf)
2019,3,279919,MMCF,FGO,Withdrawals from Oil Wells,N9012AK2,Alaska Natural Gas Gross Withdrawals from Oil Wells (MMcf)
2019,2,25254,MMCF,FPD,Dry Production,NA1160_SAK_2,Alaska Dry Natural Gas Production (Million Cubic Feet)
2019,2,1474,MMCF,VG9,Extraction Loss,NA1150_SAK_2,Alaska Natural Gas Plant Liquids Production (Million Cubic Feet)
2019,2,9554,MMCF/D,FGW,Gross Withdrawals,NGM_EPG0_FGW_SAK_MMCFD,Alaska Natural Gas Gross Withdrawals (Million Cubic Feet per Day)
2019,2,267519,MMCF,FGW,Gross Withdrawals,N9010AK2,Alaska Natural Gas Gross Withdrawals (MMcf)
2019,2,26728,MMCF,VGM,Marketed Production,N9050AK2,Alaska Natural Gas Marketed Production (MMcf)
2019,2,0,MMCF,VRN,Removed from Natural Gas,N9030AK2,Alaska Nonhydrocarbon Gases Removed from Natural Gas (MMcf)
2019,2,240289,MMCF,VGQ,Repressuring,N9020AK2,Alaska Natural Gas Repressuring (MMcf)
2019,2,502,MMCF,VGV,Vented and Flared,N9040AK2,Alaska Natural Gas Vented and Flared (MMcf)
2019,2,0,MMCF,FGC,Withdrawals from Coalbed Wells,NGM_EPG0_FGC_SAK_MMCF,Alaska Natural Gas Gross Withdrawals from Coalbed Wells (MMcf)
2019,2,4917,MMCF,FGG,Withdrawals from Gas Wells,N9011AK2,Alaska Natural Gas Gross Withdrawals from Gas Wells (MMcf)
2019,2,262602,MMCF,FGO,Withdrawals from Oil Wells,N9012AK2,Alaska Natural Gas Gross Withdrawals from Oil Wells (MMcf)
2019,1,28882,MMCF,FPD,Dry Production,NA1160_SAK_2,Alaska Dry Natural Gas Production (Million Cubic Feet)
2019,1,1621,MMCF,VG9,Extraction Loss,NA1150_SAK_2,Alaska Natural Gas Plant Liquids Production (Million Cubic Feet)
2019,1,10009,MMCF/D,FGW,Gross Withdrawals,NGM_EPG0_FGW_SAK_MMCFD,Alaska Natural Gas Gross Withdrawals (Million Cubic Feet per Day)
2019,1,310266,MMCF,FGW,Gross Withdrawals,N9010AK2,Alaska Natural Gas Gross Withdrawals (MMcf)
2019,1,30503,MMCF,VGM,Marketed Production,N9050AK2,Alaska Natural Gas Marketed Production (MMcf)
2019,1,0,MMCF,VRN,Removed from Natural Gas,N9030AK2,Alaska Nonhydrocarbon Gases Removed from Natural Gas (MMcf)
2019,1,278968,MMCF,VGQ,Repressuring,N9020AK2,Alaska Natural Gas Repressuring (MMcf)
2019,1,795,MMCF,VGV,Vented and Flared,N9040AK2,Alaska Natural Gas Vented and Flared (MMcf)
2019,1,0,MMCF,FGC,Withdrawals from Coalbed Wells,NGM_EPG0_FGC_SAK_MMCF,Alaska Natural Gas Gross Withdrawals from Coalbed Wells (MMcf)
2019,1,5549,MMCF,FGG,Withdrawals from Gas Wells,N9011AK2,Alaska Natural Gas Gross Withdrawals from Gas Wells (MMcf)
2019,1,304716,MMCF,FGO,Withdrawals from Oil Wells,N9012AK2,Alaska Natural Gas Gross Withdrawals from Oil Wells (MMcf)
2018,12,29140,MMCF,FPD,Dry Production,NA1160_SAK_2,Alaska Dry Natural Gas Production (Million Cubic Feet)
2018,12,1787,MMCF,VG9,Extraction Loss,NA1150_SAK_2,Alaska Natural Gas Plant Liquids Production (Million Cubic Feet)
2018,12,9828,MMCF/D,FGW,Gross Withdrawals,NGM_EPG0_FGW_SAK_MMCFD,Alaska Natural Gas Gross Withdrawals (Million Cubic Feet per Day)
2018,12,304681,MMCF,FGW,Gross Withdrawals,N9010AK2,Alaska Natural Gas Gross Withdrawals (MMcf)
2018,12,30927,MMCF,VGM,Marketed Production,N9050AK2,Alaska Natural Gas Marketed Production (MMcf)
2018,12,0,MMCF,VRN,Removed from Natural Gas,N9030AK2,Alaska Nonhydrocarbon Gases Removed from Natural Gas (MMcf)
2018,12,273279,MMCF,VGQ,Repressuring,N9020AK2,Alaska Natural Gas Repressuring (MMcf)
2018,12,475,MMCF,VGV,Vented and Flared,N9040AK2,Alaska Natural Gas Vented and Flared (MMcf)
2018,12,0,MMCF,FGC,Withdrawals from Coalbed Wells,NGM_EPG0_FGC_SAK_MMCF,Alaska Natural Gas Gross Withdrawals from Coalbed Wells (MMcf)
2018,12,6212,MMCF,FGG,Withdrawals from Gas Wells,N9011AK2,Alaska Natural Gas Gross Withdrawals from Gas Wells (MMcf)
2018,12,298469,MMCF,FGO,Withdrawals from Oil Wells,N9012AK2,Alaska Natural Gas Gross Withdrawals from Oil Wells (MMcf)
2018,11,27670,MMCF,FPD,Dry Production,NA1160_SAK_2,Alaska Dry Natural Gas Production (Million Cubic Feet)
2018,11,1738,MMCF,VG9,Extraction Loss,NA1150_SAK_2,Alaska Natural Gas Plant Liquids Production (Million Cubic Feet)
2018,11,9694,MMCF/D,FGW,Gross Withdrawals,NGM_EPG0_FGW_SAK_MMCFD,Alaska Natural Gas Gross Withdrawals (Million Cubic Feet per Day)
2018,11,290815,MMCF,FGW,Gross Withdrawals,N9010AK2,Alaska Natural Gas Gross Withdrawals (MMcf)
2018,11,29407,MMCF,VGM,Marketed Production,N9050AK2,Alaska Natural Gas Marketed Production (MMcf)
2018,11,0,MMCF,VRN,Removed from Natural Gas,N9030AK2,Alaska Nonhydrocarbon Gases Removed from Natural Gas (MMcf)
2018,11,260972,MMCF,VGQ,Repressuring,N9020AK2,Alaska Natural Gas Repressuring (MMcf)
2018,11,436,MMCF,VGV,Vented and Flared,N9040AK2,Alaska Natural Gas Vented and Flared (MMcf)
2018,11,0,MMCF,FGC,Withdrawals from Coalbed Wells,NGM_EPG0_FGC_SAK_MMCF,Alaska Natural Gas Gross Withdrawals from Coalbed Wells (MMcf)
2018,11,6539,MMCF,FGG,Withdrawals from Gas Wells,N9011AK2,Alaska Natural Gas Gross Withdrawals from Gas Wells (MMcf)
2018,11,284276,MMCF,FGO,Withdrawals from Oil Wells,N9012AK2,Alaska Natural Gas Gross Withdrawals from Oil Wells (MMcf)
2018,10,26437,MMCF,FPD,Dry Production,NA1160_SAK_2,Alaska Dry Natural Gas Production (Million Cubic Feet)
2018,10,1765,MMCF,VG9,Extraction Loss,NA1150_SAK_2,Alaska Natural Gas Plant Liquids Production (Million Cubic Feet)
2018,10,271051,MMCF,FGW,Gross Withdrawals,N9010AK2,Alaska Natural Gas Gross Withdrawals (MMcf)
2018,10,8744,MMCF/D,FGW,Gross Withdrawals,NGM_EPG0_FGW_SAK_MMCFD,Alaska Natural Gas Gross Withdrawals (Million Cubic Feet per Day)
2018,10,28202,MMCF,VGM,Marketed Production,N9050AK2,Alaska Natural Gas Marketed Production (MMcf)
2018,10,0,MMCF,VRN,Removed from Natural Gas,N9030AK2,Alaska Nonhydrocarbon Gases Removed from Natural Gas (MMcf)
2018,10,241707,MMCF,VGQ,Repressuring,N9020AK2,Alaska Natural Gas Repressuring (MMcf)
2018,10,1142,MMCF,VGV,Vented and Flared,N9040AK2,Alaska Natural Gas Vented and Flared (MMcf)
2018,10,0,MMCF,FGC,Withdrawals from Coalbed Wells,NGM_EPG0_FGC_SAK_MMCF,Alaska Natural Gas Gross Withdrawals from Coalbed Wells (MMcf)
2018,10,6076,MMCF,FGG,Withdrawals from Gas Wells,N9011AK2,Alaska Natural Gas Gross Withdrawals from Gas Wells (MMcf)
2018,10,264974,MMCF,FGO,Withdrawals from Oil Wells,N9012AK2,Alaska Natural Gas Gross Withdrawals from Oil Wells (MMcf)
2018,9,25363,MMCF,FPD,Dry Production,NA1160_SAK_2,Alaska Dry Natural Gas Production (Million Cubic Feet)
2018,9,1687,MMCF,VG9,Extraction Loss,NA1150_SAK_2,Alaska Natural Gas Plant Liquids Production (Million Cubic Feet)
2018,9,8520,MMCF/D,FGW,Gross Withdrawals,NGM_EPG0_FGW_SAK_MMCFD,Alaska Natural Gas Gross Withdrawals (Million Cubic Feet per Day)
2018,9,255611,MMCF,FGW,Gross Withdrawals,N9010AK2,Alaska Natural Gas Gross Withdrawals (MMcf)
2018,9,27050,MMCF,VGM,Marketed Production,N9050AK2,Alaska Natural Gas Marketed Production (MMcf)
2018,9,0,MMCF,VRN,Removed from Natural Gas,N9030AK2,Alaska Nonhydrocarbon Gases Removed from Natural Gas (MMcf)
2018,9,228110,MMCF,VGQ,Repressuring,N9020AK2,Alaska Natural Gas Repressuring (MMcf)
2018,9,451,MMCF,VGV,Vented and Flared,N9040AK2,Alaska Natural Gas Vented and Flared (MMcf)
2018,9,0,MMCF,FGC,Withdrawals from Coalbed Wells,NGM_EPG0_FGC_SAK_MMCF,Alaska Natural Gas Gross Withdrawals from Coalbed Wells (MMcf)
2018,9,5673,MMCF,FGG,Withdrawals from Gas Wells,N9011AK2,Alaska Natural Gas Gross Withdrawals from Gas Wells (MMcf)
2018,9,249938,MMCF,FGO,Withdrawals from Oil Wells,N9012AK2,Alaska Natural Gas Gross Withdrawals from Oil Wells (MMcf)
2018,8,24412,MMCF,FPD,Dry Production,NA1160_SAK_2,Alaska Dry Natural Gas Production (Million Cubic Feet)
2018,8,1715,MMCF,VG9,Extraction Loss,NA1150_SAK_2,Alaska Natural Gas Plant Liquids Production (Million Cubic Feet)
2018,8,242875,MMCF,FGW,Gross Withdrawals,N9010AK2,Alaska Natural Gas Gross Withdrawals (MMcf)
2018,8,7835,MMCF/D,FGW,Gross Withdrawals,NGM_EPG0_FGW_SAK_MMCFD,Alaska Natural Gas Gross Withdrawals (Million Cubic Feet per Day)
2018,8,26127,MMCF,VGM,Marketed Production,N9050AK2,Alaska Natural Gas Marketed Production (MMcf)
2018,8,0,MMCF,VRN,Removed from Natural Gas,N9030AK2,Alaska Nonhydrocarbon Gases Removed from Natural Gas (MMcf)
2018,8,216143,MMCF,VGQ,Repressuring,N9020AK2,Alaska Natural Gas Repressuring (MMcf)
2018,8,605,MMCF,VGV,Vented and Flared,N9040AK2,Alaska Natural Gas Vented and Flared (MMcf)
2018,8,0,MMCF,FGC,Withdrawals from Coalbed Wells,NGM_EPG0_FGC_SAK_MMCF,Alaska Natural Gas Gross Withdrawals from Coalbed Wells (MMcf)
2018,8,5847,MMCF,FGG,Withdrawals from Gas Wells,N9011AK2,Alaska Natural Gas Gross Withdrawals from Gas Wells (MMcf)
2018,8,237028,MMCF,FGO,Withdrawals from Oil Wells,N9012AK2,Alaska Natural Gas Gross Withdrawals from Oil Wells (MMcf)
2018,7,24436,MMCF,FPD,Dry Production,NA1160_SAK_2,Alaska Dry Natural Gas Production (Million Cubic Feet)
2018,7,1681,MMCF,VG9,Extraction Loss,NA1150_SAK_2,Alaska Natural Gas Plant Liquids Production (Million Cubic Feet)
2018,7,7550,MMCF/D,FGW,Gross Withdrawals,NGM_EPG0_FGW_SAK_MMCFD,Alaska Natural Gas Gross Withdrawals (Million Cubic Feet per Day)
2018,7,234036,MMCF,FGW,Gross Withdrawals,N9010AK2,Alaska Natural Gas Gross Withdrawals (MMcf)
2018,7,26116,MMCF,VGM,Marketed Production,N9050AK2,Alaska Natural Gas Marketed Production (MMcf)
2018,7,0,MMCF,VRN,Removed from Natural Gas,N9030AK2,Alaska Nonhydrocarbon Gases Removed from Natural Gas (MMcf)
2018,7,205671,MMCF,VGQ,Repressuring,N9020AK2,Alaska Natural Gas Repressuring (MMcf)
2018,7,2249,MMCF,VGV,Vented and Flared,N9040AK2,Alaska Natural Gas Vented and Flared (MMcf)
2018,7,0,MMCF,FGC,Withdrawals from Coalbed Wells,NGM_EPG0_FGC_SAK_MMCF,Alaska Natural Gas Gross Withdrawals from Coalbed Wells (MMcf)
2018,7,5862,MMCF,FGG,Withdrawals from Gas Wells,N9011AK2,Alaska Natural Gas Gross Withdrawals from Gas Wells (MMcf)
2018,7,228174,MMCF,FGO,Withdrawals from Oil Wells,N9012AK2,Alaska Natural Gas Gross Withdrawals from Oil Wells (MMcf)
2018,6,24450,MMCF,FPD,Dry Production,NA1160_SAK_2,Alaska Dry Natural Gas Production (Million Cubic Feet)
2018,6,1595,MMCF,VG9,Extraction Loss,NA1150_SAK_2,Alaska Natural Gas Plant Liquids Production (Million Cubic Feet)
2018,6,7634,MMCF/D,FGW,Gross Withdrawals,NGM_EPG0_FGW_SAK_MMCFD,Alaska Natural Gas Gross Withdrawals (Million Cubic Feet per Day)
2018,6,229033,MMCF,FGW,Gross Withdrawals,N9010AK2,Alaska Natural Gas Gross Withdrawals (MMcf)
2018,6,26045,MMCF,VGM,Marketed Production,N9050AK2,Alaska Natural Gas Marketed Production (MMcf)
2018,6,0,MMCF,VRN,Removed from Natural Gas,N9030AK2,Alaska Nonhydrocarbon Gases Removed from Natural Gas (MMcf)
2018,6,202452,MMCF,VGQ,Repressuring,N9020AK2,Alaska Natural Gas Repressuring (MMcf)
2018,6,536,MMCF,VGV,Vented and Flared,N9040AK2,Alaska Natural Gas Vented and Flared (MMcf)
2018,6,0,MMCF,FGC,Withdrawals from Coalbed Wells,NGM_EPG0_FGC_SAK_MMCF,Alaska Natural Gas Gross Withdrawals from Coalbed Wells (MMcf)
2018,6,5675,MMCF,FGG,Withdrawals from Gas Wells,N9011AK2,Alaska Natural Gas Gross Withdrawals from Gas Wells (MMcf)
2018,6,223358,MMCF,FGO,Withdrawals from Oil Wells,N9012AK2,Alaska Natural Gas Gross Withdrawals from Oil Wells (MMcf)
2018,5,27191,MMCF,FPD,Dry Production,NA1160_SAK_2,Alaska Dry Natural Gas Production (Million Cubic Feet)
2018,5,1640,MMCF,VG9,Extraction Loss,NA1150_SAK_2,Alaska Natural Gas Plant Liquids Production (Million Cubic Feet)
2018,5,282740,MMCF,FGW,Gross Withdrawals,N9010AK2,Alaska Natural Gas Gross Withdrawals (MMcf)
2018,5,9121,MMCF/D,FGW,Gross Withdrawals,NGM_EPG0_FGW_SAK_MMCFD,Alaska Natural Gas Gross Withdrawals (Million Cubic Feet per Day)
2018,5,28831,MMCF,VGM,Marketed Production,N9050AK2,Alaska Natural Gas Marketed Production (MMcf)
2018,5,0,MMCF,VRN,Removed from Natural Gas,N9030AK2,Alaska Nonhydrocarbon Gases Removed from Natural Gas (MMcf)
2018,5,253368,MMCF,VGQ,Repressuring,N9020AK2,Alaska Natural Gas Repressuring (MMcf)
2018,5,541,MMCF,VGV,Vented and Flared,N9040AK2,Alaska Natural Gas Vented and Flared (MMcf)
2018,5,0,MMCF,FGC,Withdrawals from Coalbed Wells,NGM_EPG0_FGC_SAK_MMCF,Alaska Natural Gas Gross Withdrawals from Coalbed Wells (MMcf)
2018,5,5741,MMCF,FGG,Withdrawals from Gas Wells,N9011AK2,Alaska Natural Gas Gross Withdrawals from Gas Wells (MMcf)
2018,5,276999,MMCF,FGO,Withdrawals from Oil Wells,N9012AK2,Alaska Natural Gas Gross Withdrawals from Oil Wells (MMcf)
2018,4,27339,MMCF,FPD,Dry Production,NA1160_SAK_2,Alaska Dry Natural Gas Production (Million Cubic Feet)
2018,4,1569,MMCF,VG9,Extraction Loss,NA1150_SAK_2,Alaska Natural Gas Plant Liquids Production (Million Cubic Feet)
2018,4,282714,MMCF,FGW,Gross Withdrawals,N9010AK2,Alaska Natural Gas Gross Withdrawals (MMcf)
2018,4,9424,MMCF/D,FGW,Gross Withdrawals,NGM_EPG0_FGW_SAK_MMCFD,Alaska Natural Gas Gross Withdrawals (Million Cubic Feet per Day)
2018,4,28908,MMCF,VGM,Marketed Production,N9050AK2,Alaska Natural Gas Marketed Production (MMcf)
2018,4,0,MMCF,VRN,Removed from Natural Gas,N9030AK2,Alaska Nonhydrocarbon Gases Removed from Natural Gas (MMcf)
2018,4,253364,MMCF,VGQ,Repressuring,N9020AK2,Alaska Natural Gas Repressuring (MMcf)
2018,4,442,MMCF,VGV,Vented and Flared,N9040AK2,Alaska Natural Gas Vented and Flared (MMcf)
2018,4,0,MMCF,FGC,Withdrawals from Coalbed Wells,NGM_EPG0_FGC_SAK_MMCF,Alaska Natural Gas Gross Withdrawals from Coalbed Wells (MMcf)
2018,4,5727,MMCF,FGG,Withdrawals from Gas Wells,N9011AK2,Alaska Natural Gas Gross Withdrawals from Gas Wells (MMcf)
2018,4,276987,MMCF,FGO,Withdrawals from Oil Wells,N9012AK2,Alaska Natural Gas Gross Withdrawals from Oil Wells (MMcf)
2018,3,29277,MMCF,FPD,Dry Production,NA1160_SAK_2,Alaska Dry Natural Gas Production (Million Cubic Feet)
2018,3,1624,MMCF,VG9,Extraction Loss,NA1150_SAK_2,Alaska Natural Gas Plant Liquids Production (Million Cubic Feet)
2018,3,9542,MMCF/D,FGW,Gross Withdrawals,NGM_EPG0_FGW_SAK_MMCFD,Alaska Natural Gas Gross Withdrawals (Million Cubic Feet per Day)
2018,3,295800,MMCF,FGW,Gross Withdrawals,N9010AK2,Alaska Natural Gas Gross Withdrawals (MMcf)
2018,3,30900,MMCF,VGM,Marketed Production,N9050AK2,Alaska Natural Gas Marketed Production (MMcf)
2018,3,0,MMCF,VRN,Removed from Natural Gas,N9030AK2,Alaska Nonhydrocarbon Gases Removed from Natural Gas (MMcf)
2018,3,264443,MMCF,VGQ,Repressuring,N9020AK2,Alaska Natural Gas Repressuring (MMcf)
2018,3,456,MMCF,VGV,Vented and Flared,N9040AK2,Alaska Natural Gas Vented and Flared (MMcf)
2018,3,0,MMCF,FGC,Withdrawals from Coalbed Wells,NGM_EPG0_FGC_SAK_MMCF,Alaska Natural Gas Gross Withdrawals from Coalbed Wells (MMcf)
2018,3,6245,MMCF,FGG,Withdrawals from Gas Wells,N9011AK2,Alaska Natural Gas Gross Withdrawals from Gas Wells (MMcf)
2018,3,289555,MMCF,FGO,Withdrawals from Oil Wells,N9012AK2,Alaska Natural Gas Gross Withdrawals from Oil Wells (MMcf)
2018,2,26275,MMCF,FPD,Dry Production,NA1160_SAK_2,Alaska Dry Natural Gas Production (Million Cubic Feet)
2018,2,1450,MMCF,VG9,Extraction Loss,NA1150_SAK_2,Alaska Natural Gas Plant Liquids Production (Million Cubic Feet)
2018,2,268600,MMCF,FGW,Gross Withdrawals,N9010AK2,Alaska Natural Gas Gross Withdrawals (MMcf)
2018,2,9593,MMCF/D,FGW,Gross Withdrawals,NGM_EPG0_FGW_SAK_MMCFD,Alaska Natural Gas Gross Withdrawals (Million Cubic Feet per Day)
2018,2,27725,MMCF,VGM,Marketed Production,N9050AK2,Alaska Natural Gas Marketed Production (MMcf)
2018,2,0,MMCF,VRN,Removed from Natural Gas,N9030AK2,Alaska Nonhydrocarbon Gases Removed from Natural Gas (MMcf)
2018,2,240468,MMCF,VGQ,Repressuring,N9020AK2,Alaska Natural Gas Repressuring (MMcf)
2018,2,407,MMCF,VGV,Vented and Flared,N9040AK2,Alaska Natural Gas Vented and Flared (MMcf)
2018,2,0,MMCF,FGC,Withdrawals from Coalbed Wells,NGM_EPG0_FGC_SAK_MMCF,Alaska Natural Gas Gross Withdrawals from Coalbed Wells (MMcf)
2018,2,5947,MMCF,FGG,Withdrawals from Gas Wells,N9011AK2,Alaska Natural Gas Gross Withdrawals from Gas Wells (MMcf)
2018,2,262653,MMCF,FGO,Withdrawals from Oil Wells,N9012AK2,Alaska Natural Gas Gross Withdrawals from Oil Wells (MMcf)
2018,1,29505,MMCF,FPD,Dry Production,NA1160_SAK_2,Alaska Dry Natural Gas Production (Million Cubic Feet)
2018,1,1572,MMCF,VG9,Extraction Loss,NA1150_SAK_2,Alaska Natural Gas Plant Liquids Production (Million Cubic Feet)
2018,1,9573,MMCF/D,FGW,Gross Withdrawals,NGM_EPG0_FGW_SAK_MMCFD,Alaska Natural Gas Gross Withdrawals (Million Cubic Feet per Day)
2018,1,296757,MMCF,FGW,Gross Withdrawals,N9010AK2,Alaska Natural Gas Gross Withdrawals (MMcf)
2018,1,31077,MMCF,VGM,Marketed Production,N9050AK2,Alaska Natural Gas Marketed Production (MMcf)
2018,1,0,MMCF,VRN,Removed from Natural Gas,N9030AK2,Alaska Nonhydrocarbon Gases Removed from Natural Gas (MMcf)
2018,1,265210,MMCF,VGQ,Repressuring,N9020AK2,Alaska Natural Gas Repressuring (MMcf)
2018,1,470,MMCF,VGV,Vented and Flared,N9040AK2,Alaska Natural Gas Vented and Flared (MMcf)
2018,1,0,MMCF,FGC,Withdrawals from Coalbed Wells,NGM_EPG0_FGC_SAK_MMCF,Alaska Natural Gas Gross Withdrawals from Coalbed Wells (MMcf)
2018,1,6482,MMCF,FGG,Withdrawals from Gas Wells,N9011AK2,Alaska Natural Gas Gross Withdrawals from Gas Wells (MMcf)
2018,1,290276,MMCF,FGO,Withdrawals from Oil Wells,N9012AK2,Alaska Natural Gas Gross Withdrawals from Oil Wells (MMcf)
2017,12,28903,MMCF,FPD,Dry Production,NA1160_SAK_2,Alaska Dry Natural Gas Production (Million Cubic Feet)
2017,12,1737,MMCF,VG9,Extraction Loss,NA1150_SAK_2,Alaska Natural Gas Plant Liquids Production (Million Cubic Feet)
2017,12,295221,MMCF,FGW,Gross Withdrawals,N9010AK2,Alaska Natural Gas Gross Withdrawals (MMcf)
2017,12,9523,MMCF/D,FGW,Gross Withdrawals,NGM_EPG0_FGW_SAK_MMCFD,Alaska Natural Gas Gross Withdrawals (Million Cubic Feet per Day)
2017,12,30640,MMCF,VGM,Marketed Production,N9050AK2,Alaska Natural Gas Marketed Production (MMcf)
2017,12,0,MMCF,VRN,Removed from Natural Gas,N9030AK2,Alaska Nonhydrocarbon Gases Removed from Natural Gas (MMcf)
2017,12,263441,MMCF,VGQ,Repressuring,N9020AK2,Alaska Natural Gas Repressuring (MMcf)
2017,12,1140,MMCF,VGV,Vented and Flared,N9040AK2,Alaska Natural Gas Vented and Flared (MMcf)
2017,12,0,MMCF,FGC,Withdrawals from Coalbed Wells,NGM_EPG0_FGC_SAK_MMCF,Alaska Natural Gas Gross Withdrawals from Coalbed Wells (MMcf)
2017,12,12497,MMCF,FGG,Withdrawals from Gas Wells,N9011AK2,Alaska Natural Gas Gross Withdrawals from Gas Wells (MMcf)
2017,12,282724,MMCF,FGO,Withdrawals from Oil Wells,N9012AK2,Alaska Natural Gas Gross Withdrawals from Oil Wells (MMcf)
2017,11,28068,MMCF,FPD,Dry Production,NA1160_SAK_2,Alaska Dry Natural Gas Production (Million Cubic Feet)
2017,11,1691,MMCF,VG9,Extraction Loss,NA1150_SAK_2,Alaska Natural Gas Plant Liquids Production (Million Cubic Feet)
2017,11,282589,MMCF,FGW,Gross Withdrawals,N9010AK2,Alaska Natural Gas Gross Withdrawals (MMcf)
2017,11,9420,MMCF/D,FGW,Gross Withdrawals,NGM_EPG0_FGW_SAK_MMCFD,Alaska Natural Gas Gross Withdrawals (Million Cubic Feet per Day)
2017,11,29760,MMCF,VGM,Marketed Production,N9050AK2,Alaska Natural Gas Marketed Production (MMcf)
2017,11,0,MMCF,VRN,Removed from Natural Gas,N9030AK2,Alaska Nonhydrocarbon Gases Removed from Natural Gas (MMcf)
2017,11,252389,MMCF,VGQ,Repressuring,N9020AK2,Alaska Natural Gas Repressuring (MMcf)
2017,11,441,MMCF,VGV,Vented and Flared,N9040AK2,Alaska Natural Gas Vented and Flared (MMcf)
2017,11,0,MMCF,FGC,Withdrawals from Coalbed Wells,NGM_EPG0_FGC_SAK_MMCF,Alaska Natural Gas Gross Withdrawals from Coalbed Wells (MMcf)
2017,11,12016,MMCF,FGG,Withdrawals from Gas Wells,N9011AK2,Alaska Natural Gas Gross Withdrawals from Gas Wells (MMcf)
2017,11,270573,MMCF,FGO,Withdrawals from Oil Wells,N9012AK2,Alaska Natural Gas Gross Withdrawals from Oil Wells (MMcf)
2017,10,27841,MMCF,FPD,Dry Production,NA1160_SAK_2,Alaska Dry Natural Gas Production (Million Cubic Feet)
2017,10,1695,MMCF,VG9,Extraction Loss,NA1150_SAK_2,Alaska Natural Gas Plant Liquids Production (Million Cubic Feet)
2017,10,283192,MMCF,FGW,Gross Withdrawals,N9010AK2,Alaska Natural Gas Gross Withdrawals (MMcf)
2017,10,9135,MMCF/D,FGW,Gross Withdrawals,NGM_EPG0_FGW_SAK_MMCFD,Alaska Natural Gas Gross Withdrawals (Million Cubic Feet per Day)
2017,10,29536,MMCF,VGM,Marketed Production,N9050AK2,Alaska Natural Gas Marketed Production (MMcf)
2017,10,0,MMCF,VRN,Removed from Natural Gas,N9030AK2,Alaska Nonhydrocarbon Gases Removed from Natural Gas (MMcf)
2017,10,253191,MMCF,VGQ,Repressuring,N9020AK2,Alaska Natural Gas Repressuring (MMcf)
2017,10,465,MMCF,VGV,Vented and Flared,N9040AK2,Alaska Natural Gas Vented and Flared (MMcf)
2017,10,0,MMCF,FGC,Withdrawals from Coalbed Wells,NGM_EPG0_FGC_SAK_MMCF,Alaska Natural Gas Gross Withdrawals from Coalbed Wells (MMcf)
2017,10,12937,MMCF,FGG,Withdrawals from Gas Wells,N9011AK2,Alaska Natural Gas Gross Withdrawals from Gas Wells (MMcf)
2017,10,270256,MMCF,FGO,Withdrawals from Oil Wells,N9012AK2,Alaska Natural Gas Gross Withdrawals from Oil Wells (MMcf)
2017,9,25594,MMCF,FPD,Dry Production,NA1160_SAK_2,Alaska Dry Natural Gas Production (Million Cubic Feet)
2017,9,1612,MMCF,VG9,Extraction Loss,NA1150_SAK_2,Alaska Natural Gas Plant Liquids Production (Million Cubic Feet)
2017,9,255362,MMCF,FGW,Gross Withdrawals,N9010AK2,Alaska Natural Gas Gross Withdrawals (MMcf)
2017,9,8512,MMCF/D,FGW,Gross Withdrawals,NGM_EPG0_FGW_SAK_MMCFD,Alaska Natural Gas Gross Withdrawals (Million Cubic Feet per Day)
2017,9,27205,MMCF,VGM,Marketed Production,N9050AK2,Alaska Natural Gas Marketed Production (MMcf)
2017,9,0,MMCF,VRN,Removed from Natural Gas,N9030AK2,Alaska Nonhydrocarbon Gases Removed from Natural Gas (MMcf)
2017,9,227025,MMCF,VGQ,Repressuring,N9020AK2,Alaska Natural Gas Repressuring (MMcf)
2017,9,1131,MMCF,VGV,Vented and Flared,N9040AK2,Alaska Natural Gas Vented and Flared (MMcf)
2017,9,0,MMCF,FGC,Withdrawals from Coalbed Wells,NGM_EPG0_FGC_SAK_MMCF,Alaska Natural Gas Gross Withdrawals from Coalbed Wells (MMcf)
2017,9,12304,MMCF,FGG,Withdrawals from Gas Wells,N9011AK2,Alaska Natural Gas Gross Withdrawals from Gas Wells (MMcf)
2017,9,243057,MMCF,FGO,Withdrawals from Oil Wells,N9012AK2,Alaska Natural Gas Gross Withdrawals from Oil Wells (MMcf)
2017,8,22790,MMCF,FPD,Dry Production,NA1160_SAK_2,Alaska Dry Natural Gas Production (Million Cubic Feet)
2017,8,1637,MMCF,VG9,Extraction Loss,NA1150_SAK_2,Alaska Natural Gas Plant Liquids Production (Million Cubic Feet)
2017,8,221579,MMCF,FGW,Gross Withdrawals,N9010AK2,Alaska Natural Gas Gross Withdrawals (MMcf)
2017,8,7148,MMCF/D,FGW,Gross Withdrawals,NGM_EPG0_FGW_SAK_MMCFD,Alaska Natural Gas Gross Withdrawals (Million Cubic Feet per Day)
2017,8,24427,MMCF,VGM,Marketed Production,N9050AK2,Alaska Natural Gas Marketed Production (MMcf)
2017,8,0,MMCF,VRN,Removed from Natural Gas,N9030AK2,Alaska Nonhydrocarbon Gases Removed from Natural Gas (MMcf)
2017,8,196647,MMCF,VGQ,Repressuring,N9020AK2,Alaska Natural Gas Repressuring (MMcf)
2017,8,504,MMCF,VGV,Vented and Flared,N9040AK2,Alaska Natural Gas Vented and Flared (MMcf)
2017,8,0,MMCF,FGC,Withdrawals from Coalbed Wells,NGM_EPG0_FGC_SAK_MMCF,Alaska Natural Gas Gross Withdrawals from Coalbed Wells (MMcf)
2017,8,11660,MMCF,FGG,Withdrawals from Gas Wells,N9011AK2,Alaska Natural Gas Gross Withdrawals from Gas Wells (MMcf)
2017,8,209919,MMCF,FGO,Withdrawals from Oil Wells,N9012AK2,Alaska Natural Gas Gross Withdrawals from Oil Wells (MMcf)
2017,7,22387,MMCF,FPD,Dry Production,NA1160_SAK_2,Alaska Dry Natural Gas Production (Million Cubic Feet)
2017,7,1638,MMCF,VG9,Extraction Loss,NA1150_SAK_2,Alaska Natural Gas Plant Liquids Production (Million Cubic Feet)
2017,7,6636,MMCF/D,FGW,Gross Withdrawals,NGM_EPG0_FGW_SAK_MMCFD,Alaska Natural Gas Gross Withdrawals (Million Cubic Feet per Day)
2017,7,205707,MMCF,FGW,Gross Withdrawals,N9010AK2,Alaska Natural Gas Gross Withdrawals (MMcf)
2017,7,24025,MMCF,VGM,Marketed Production,N9050AK2,Alaska Natural Gas Marketed Production (MMcf)
2017,7,0,MMCF,VRN,Removed from Natural Gas,N9030AK2,Alaska Nonhydrocarbon Gases Removed from Natural Gas (MMcf)
2017,7,180937,MMCF,VGQ,Repressuring,N9020AK2,Alaska Natural Gas Repressuring (MMcf)
2017,7,745,MMCF,VGV,Vented and Flared,N9040AK2,Alaska Natural Gas Vented and Flared (MMcf)
2017,7,0,MMCF,FGC,Withdrawals from Coalbed Wells,NGM_EPG0_FGC_SAK_MMCF,Alaska Natural Gas Gross Withdrawals from Coalbed Wells (MMcf)
2017,7,11426,MMCF,FGG,Withdrawals from Gas Wells,N9011AK2,Alaska Natural Gas Gross Withdrawals from Gas Wells (MMcf)
2017,7,194281,MMCF,FGO,Withdrawals from Oil Wells,N9012AK2,Alaska Natural Gas Gross Withdrawals from Oil Wells (MMcf)
2017,6,25940,MMCF,FPD,Dry Production,NA1160_SAK_2,Alaska Dry Natural Gas Production (Million Cubic Feet)
2017,6,1569,MMCF,VG9,Extraction Loss,NA1150_SAK_2,Alaska Natural Gas Plant Liquids Production (Million Cubic Feet)
2017,6,248829,MMCF,FGW,Gross Withdrawals,N9010AK2,Alaska Natural Gas Gross Withdrawals (MMcf)
2017,6,8294,MMCF/D,FGW,Gross Withdrawals,NGM_EPG0_FGW_SAK_MMCFD,Alaska Natural Gas Gross Withdrawals (Million Cubic Feet per Day)
2017,6,27509,MMCF,VGM,Marketed Production,N9050AK2,Alaska Natural Gas Marketed Production (MMcf)
2017,6,0,MMCF,VRN,Removed from Natural Gas,N9030AK2,Alaska Nonhydrocarbon Gases Removed from Natural Gas (MMcf)
2017,6,220748,MMCF,VGQ,Repressuring,N9020AK2,Alaska Natural Gas Repressuring (MMcf)
2017,6,572,MMCF,VGV,Vented and Flared,N9040AK2,Alaska Natural Gas Vented and Flared (MMcf)
2017,6,0,MMCF,FGC,Withdrawals from Coalbed Wells,NGM_EPG0_FGC_SAK_MMCF,Alaska Natural Gas Gross Withdrawals from Coalbed Wells (MMcf)
2017,6,11977,MMCF,FGG,Withdrawals from Gas Wells,N9011AK2,Alaska Natural Gas Gross Withdrawals from Gas Wells (MMcf)
2017,6,236852,MMCF,FGO,Withdrawals from Oil Wells,N9012AK2,Alaska Natural Gas Gross Withdrawals from Oil Wells (MMcf)
2017,5,28794,MMCF,FPD,Dry Production,NA1160_SAK_2,Alaska Dry Natural Gas Production (Million Cubic Feet)
2017,5,1605,MMCF,VG9,Extraction Loss,NA1150_SAK_2,Alaska Natural Gas Plant Liquids Production (Million Cubic Feet)
2017,5,9248,MMCF/D,FGW,Gross Withdrawals,NGM_EPG0_FGW_SAK_MMCFD,Alaska Natural Gas Gross Withdrawals (Million Cubic Feet per Day)
2017,5,286678,MMCF,FGW,Gross Withdrawals,N9010AK2,Alaska Natural Gas Gross Withdrawals (MMcf)
2017,5,30399,MMCF,VGM,Marketed Production,N9050AK2,Alaska Natural Gas Marketed Production (MMcf)
2017,5,0,MMCF,VRN,Removed from Natural Gas,N9030AK2,Alaska Nonhydrocarbon Gases Removed from Natural Gas (MMcf)
2017,5,255716,MMCF,VGQ,Repressuring,N9020AK2,Alaska Natural Gas Repressuring (MMcf)
2017,5,564,MMCF,VGV,Vented and Flared,N9040AK2,Alaska Natural Gas Vented and Flared (MMcf)
2017,5,0,MMCF,FGC,Withdrawals from Coalbed Wells,NGM_EPG0_FGC_SAK_MMCF,Alaska Natural Gas Gross Withdrawals from Coalbed Wells (MMcf)
2017,5,13850,MMCF,FGG,Withdrawals from Gas Wells,N9011AK2,Alaska Natural Gas Gross Withdrawals from Gas Wells (MMcf)
2017,5,272829,MMCF,FGO,Withdrawals from Oil Wells,N9012AK2,Alaska Natural Gas Gross Withdrawals from Oil Wells (MMcf)
2017,4,28819,MMCF,FPD,Dry Production,NA1160_SAK_2,Alaska Dry Natural Gas Production (Million Cubic Feet)
2017,4,1554,MMCF,VG9,Extraction Loss,NA1150_SAK_2,Alaska Natural Gas Plant Liquids Production (Million Cubic Feet)
2017,4,9565,MMCF/D,FGW,Gross Withdrawals,NGM_EPG0_FGW_SAK_MMCFD,Alaska Natural Gas Gross Withdrawals (Million Cubic Feet per Day)
2017,4,286963,MMCF,FGW,Gross Withdrawals,N9010AK2,Alaska Natural Gas Gross Withdrawals (MMcf)
2017,4,30373,MMCF,VGM,Marketed Production,N9050AK2,Alaska Natural Gas Marketed Production (MMcf)
2017,4,0,MMCF,VRN,Removed from Natural Gas,N9030AK2,Alaska Nonhydrocarbon Gases Removed from Natural Gas (MMcf)
2017,4,256174,MMCF,VGQ,Repressuring,N9020AK2,Alaska Natural Gas Repressuring (MMcf)
2017,4,416,MMCF,VGV,Vented and Flared,N9040AK2,Alaska Natural Gas Vented and Flared (MMcf)
2017,4,0,MMCF,FGC,Withdrawals from Coalbed Wells,NGM_EPG0_FGC_SAK_MMCF,Alaska Natural Gas Gross Withdrawals from Coalbed Wells (MMcf)
2017,4,13426,MMCF,FGG,Withdrawals from Gas Wells,N9011AK2,Alaska Natural Gas Gross Withdrawals from Gas Wells (MMcf)
2017,4,273537,MMCF,FGO,Withdrawals from Oil Wells,N9012AK2,Alaska Natural Gas Gross Withdrawals from Oil Wells (MMcf)
2017,3,29740,MMCF,FPD,Dry Production,NA1160_SAK_2,Alaska Dry Natural Gas Production (Million Cubic Feet)
2017,3,1603,MMCF,VG9,Extraction Loss,NA1150_SAK_2,Alaska Natural Gas Plant Liquids Production (Million Cubic Feet)
2017,3,308111,MMCF,FGW,Gross Withdrawals,N9010AK2,Alaska Natural Gas Gross Withdrawals (MMcf)
2017,3,9939,MMCF/D,FGW,Gross Withdrawals,NGM_EPG0_FGW_SAK_MMCFD,Alaska Natural Gas Gross Withdrawals (Million Cubic Feet per Day)
2017,3,31344,MMCF,VGM,Marketed Production,N9050AK2,Alaska Natural Gas Marketed Production (MMcf)
2017,3,0,MMCF,VRN,Removed from Natural Gas,N9030AK2,Alaska Nonhydrocarbon Gases Removed from Natural Gas (MMcf)
2017,3,276212,MMCF,VGQ,Repressuring,N9020AK2,Alaska Natural Gas Repressuring (MMcf)
2017,3,555,MMCF,VGV,Vented and Flared,N9040AK2,Alaska Natural Gas Vented and Flared (MMcf)
2017,3,0,MMCF,FGC,Withdrawals from Coalbed Wells,NGM_EPG0_FGC_SAK_MMCF,Alaska Natural Gas Gross Withdrawals from Coalbed Wells (MMcf)
2017,3,13520,MMCF,FGG,Withdrawals from Gas Wells,N9011AK2,Alaska Natural Gas Gross Withdrawals from Gas Wells (MMcf)
2017,3,294591,MMCF,FGO,Withdrawals from Oil Wells,N9012AK2,Alaska Natural Gas Gross Withdrawals from Oil Wells (MMcf)
2017,2,26729,MMCF,FPD,Dry Production,NA1160_SAK_2,Alaska Dry Natural Gas Production (Million Cubic Feet)
2017,2,1416,MMCF,VG9,Extraction Loss,NA1150_SAK_2,Alaska Natural Gas Plant Liquids Production (Million Cubic Feet)
2017,2,9823,MMCF/D,FGW,Gross Withdrawals,NGM_EPG0_FGW_SAK_MMCFD,Alaska Natural Gas Gross Withdrawals (Million Cubic Feet per Day)
2017,2,275044,MMCF,FGW,Gross Withdrawals,N9010AK2,Alaska Natural Gas Gross Withdrawals (MMcf)
2017,2,28145,MMCF,VGM,Marketed Production,N9050AK2,Alaska Natural Gas Marketed Production (MMcf)
2017,2,0,MMCF,VRN,Removed from Natural Gas,N9030AK2,Alaska Nonhydrocarbon Gases Removed from Natural Gas (MMcf)
2017,2,246362,MMCF,VGQ,Repressuring,N9020AK2,Alaska Natural Gas Repressuring (MMcf)
2017,2,537,MMCF,VGV,Vented and Flared,N9040AK2,Alaska Natural Gas Vented and Flared (MMcf)
2017,2,0,MMCF,FGC,Withdrawals from Coalbed Wells,NGM_EPG0_FGC_SAK_MMCF,Alaska Natural Gas Gross Withdrawals from Coalbed Wells (MMcf)
2017,2,12223,MMCF,FGG,Withdrawals from Gas Wells,N9011AK2,Alaska Natural Gas Gross Withdrawals from Gas Wells (MMcf)
2017,2,262822,MMCF,FGO,Withdrawals from Oil Wells,N9012AK2,Alaska Natural Gas Gross Withdrawals from Oil Wells (MMcf)
2017,1,29476,MMCF,FPD,Dry Production,NA1160_SAK_2,Alaska Dry Natural Gas Production (Million Cubic Feet)
2017,1,1546,MMCF,VG9,Extraction Loss,NA1150_SAK_2,Alaska Natural Gas Plant Liquids Production (Million Cubic Feet)
2017,1,9726,MMCF/D,FGW,Gross Withdrawals,NGM_EPG0_FGW_SAK_MMCFD,Alaska Natural Gas Gross Withdrawals (Million Cubic Feet per Day)
2017,1,301493,MMCF,FGW,Gross Withdrawals,N9010AK2,Alaska Natural Gas Gross Withdrawals (MMcf)
2017,1,31022,MMCF,VGM,Marketed Production,N9050AK2,Alaska Natural Gas Marketed Production (MMcf)
2017,1,0,MMCF,VRN,Removed from Natural Gas,N9030AK2,Alaska Nonhydrocarbon Gases Removed from Natural Gas (MMcf)
2017,1,269936,MMCF,VGQ,Repressuring,N9020AK2,Alaska Natural Gas Repressuring (MMcf)
2017,1,534,MMCF,VGV,Vented and Flared,N9040AK2,Alaska Natural Gas Vented and Flared (MMcf)
2017,1,0,MMCF,FGC,Withdrawals from Coalbed Wells,NGM_EPG0_FGC_SAK_MMCF,Alaska Natural Gas Gross Withdrawals from Coalbed Wells (MMcf)
2017,1,13416,MMCF,FGG,Withdrawals from Gas Wells,N9011AK2,Alaska Natural Gas Gross Withdrawals from Gas Wells (MMcf)
2017,1,288077,MMCF,FGO,Withdrawals from Oil Wells,N9012AK2,Alaska Natural Gas Gross Withdrawals from Oil Wells (MMcf)
2016,12,30158,MMCF,FPD,Dry Production,NA1160_SAK_2,Alaska Dry Natural Gas Production (Million Cubic Feet)
2016,12,1454,MMCF,VG9,Extraction Loss,NA1150_SAK_2,Alaska Natural Gas Plant Liquids Production (Million Cubic Feet)
2016,12,308524,MMCF,FGW,Gross Withdrawals,N9010AK2,Alaska Natural Gas Gross Withdrawals (MMcf)
2016,12,9952,MMCF/D,FGW,Gross Withdrawals,NGM_EPG0_FGW_SAK_MMCFD,Alaska Natural Gas Gross Withdrawals (Million Cubic Feet per Day)
2016,12,31612,MMCF,VGM,Marketed Production,N9050AK2,Alaska Natural Gas Marketed Production (MMcf)
2016,12,0,MMCF,VRN,Removed from Natural Gas,N9030AK2,Alaska Nonhydrocarbon Gases Removed from Natural Gas (MMcf)
2016,12,276254,MMCF,VGQ,Repressuring,N9020AK2,Alaska Natural Gas Repressuring (MMcf)
2016,12,658,MMCF,VGV,Vented and Flared,N9040AK2,Alaska Natural Gas Vented and Flared (MMcf)
2016,12,0,MMCF,FGC,Withdrawals from Coalbed Wells,NGM_EPG0_FGC_SAK_MMCF,Alaska Natural Gas Gross Withdrawals from Coalbed Wells (MMcf)
2016,12,7648,MMCF,FGG,Withdrawals from Gas Wells,N9011AK2,Alaska Natural Gas Gross Withdrawals from Gas Wells (MMcf)
2016,12,300876,MMCF,FGO,Withdrawals from Oil Wells,N9012AK2,Alaska Natural Gas Gross Withdrawals from Oil Wells (MMcf)
2016,11,28957,MMCF,FPD,Dry Production,NA1160_SAK_2,Alaska Dry Natural Gas Production (Million Cubic Feet)
2016,11,1423,MMCF,VG9,Extraction Loss,NA1150_SAK_2,Alaska Natural Gas Plant Liquids Production (Million Cubic Feet)
2016,11,294151,MMCF,FGW,Gross Withdrawals,N9010AK2,Alaska Natural Gas Gross Withdrawals (MMcf)
2016,11,9805,MMCF/D,FGW,Gross Withdrawals,NGM_EPG0_FGW_SAK_MMCFD,Alaska Natural Gas Gross Withdrawals (Million Cubic Feet per Day)
2016,11,30380,MMCF,VGM,Marketed Production,N9050AK2,Alaska Natural Gas Marketed Production (MMcf)
2016,11,0,MMCF,VRN,Removed from Natural Gas,N9030AK2,Alaska Nonhydrocarbon Gases Removed from Natural Gas (MMcf)
2016,11,263095,MMCF,VGQ,Repressuring,N9020AK2,Alaska Natural Gas Repressuring (MMcf)
2016,11,675,MMCF,VGV,Vented and Flared,N9040AK2,Alaska Natural Gas Vented and Flared (MMcf)
2016,11,0,MMCF,FGC,Withdrawals from Coalbed Wells,NGM_EPG0_FGC_SAK_MMCF,Alaska Natural Gas Gross Withdrawals from Coalbed Wells (MMcf)
2016,11,7139,MMCF,FGG,Withdrawals from Gas Wells,N9011AK2,Alaska Natural Gas Gross Withdrawals from Gas Wells (MMcf)
2016,11,287012,MMCF,FGO,Withdrawals from Oil Wells,N9012AK2,Alaska Natural Gas Gross Withdrawals from Oil Wells (MMcf)
2016,10,27088,MMCF,FPD,Dry Production,NA1160_SAK_2,Alaska Dry Natural Gas Production (Million Cubic Feet)
2016,10,1458,MMCF,VG9,Extraction Loss,NA1150_SAK_2,Alaska Natural Gas Plant Liquids Production (Million Cubic Feet)
2016,10,271920,MMCF,FGW,Gross Withdrawals,N9010AK2,Alaska Natural Gas Gross Withdrawals (MMcf)
2016,10,8772,MMCF/D,FGW,Gross Withdrawals,NGM_EPG0_FGW_SAK_MMCFD,Alaska Natural Gas Gross Withdrawals (Million Cubic Feet per Day)
2016,10,28546,MMCF,VGM,Marketed Production,N9050AK2,Alaska Natural Gas Marketed Production (MMcf)
2016,10,0,MMCF,VRN,Removed from Natural Gas,N9030AK2,Alaska Nonhydrocarbon Gases Removed from Natural Gas (MMcf)
2016,10,242658,MMCF,VGQ,Repressuring,N9020AK2,Alaska Natural Gas Repressuring (MMcf)
2016,10,716,MMCF,VGV,Vented and Flared,N9040AK2,Alaska Natural Gas Vented and Flared (MMcf)
2016,10,0,MMCF,FGC,Withdrawals from Coalbed Wells,NGM_EPG0_FGC_SAK_MMCF,Alaska Natural Gas Gross Withdrawals from Coalbed Wells (MMcf)
2016,10,6600,MMCF,FGG,Withdrawals from Gas Wells,N9011AK2,Alaska Natural Gas Gross Withdrawals from Gas Wells (MMcf)
2016,10,265320,MMCF,FGO,Withdrawals from Oil Wells,N9012AK2,Alaska Natural Gas Gross Withdrawals from Oil Wells (MMcf)
2016,9,23553,MMCF,FPD,Dry Production,NA1160_SAK_2,Alaska Dry Natural Gas Production (Million Cubic Feet)
2016,9,1417,MMCF,VG9,Extraction Loss,NA1150_SAK_2,Alaska Natural Gas Plant Liquids Production (Million Cubic Feet)
2016,9,249275,MMCF,FGW,Gross Withdrawals,N9010AK2,Alaska Natural Gas Gross Withdrawals (MMcf)
2016,9,8309,MMCF/D,FGW,Gross Withdrawals,NGM_EPG0_FGW_SAK_MMCFD,Alaska Natural Gas Gross Withdrawals (Million Cubic Feet per Day)
2016,9,24970,MMCF,VGM,Marketed Production,N9050AK2,Alaska Natural Gas Marketed Production (MMcf)
2016,9,0,MMCF,VRN,Removed from Natural Gas,N9030AK2,Alaska Nonhydrocarbon Gases Removed from Natural Gas (MMcf)
2016,9,223828,MMCF,VGQ,Repressuring,N9020AK2,Alaska Natural Gas Repressuring (MMcf)
2016,9,477,MMCF,VGV,Vented and Flared,N9040AK2,Alaska Natural Gas Vented and Flared (MMcf)
2016,9,0,MMCF,FGC,Withdrawals from Coalbed Wells,NGM_EPG0_FGC_SAK_MMCF,Alaska Natural Gas Gross Withdrawals from Coalbed Wells (MMcf)
2016,9,6333,MMCF,FGG,Withdrawals from Gas Wells,N9011AK2,Alaska Natural Gas Gross Withdrawals from Gas Wells (MMcf)
2016,9,242942,MMCF,FGO,Withdrawals from Oil Wells,N9012AK2,Alaska Natural Gas Gross Withdrawals from Oil Wells (MMcf)
2016,8,23495,MMCF,FPD,Dry Production,NA1160_SAK_2,Alaska Dry Natural Gas Production (Million Cubic Feet)
2016,8,1474,MMCF,VG9,Extraction Loss,NA1150_SAK_2,Alaska Natural Gas Plant Liquids Production (Million Cubic Feet)
2016,8,250381,MMCF,FGW,Gross Withdrawals,N9010AK2,Alaska Natural Gas Gross Withdrawals (MMcf)
2016,8,8077,MMCF/D,FGW,Gross Withdrawals,NGM_EPG0_FGW_SAK_MMCFD,Alaska Natural Gas Gross Withdrawals (Million Cubic Feet per Day)
2016,8,24969,MMCF,VGM,Marketed Production,N9050AK2,Alaska Natural Gas Marketed Production (MMcf)
2016,8,0,MMCF,VRN,Removed from Natural Gas,N9030AK2,Alaska Nonhydrocarbon Gases Removed from Natural Gas (MMcf)
2016,8,224897,MMCF,VGQ,Repressuring,N9020AK2,Alaska Natural Gas Repressuring (MMcf)
2016,8,515,MMCF,VGV,Vented and Flared,N9040AK2,Alaska Natural Gas Vented and Flared (MMcf)
2016,8,0,MMCF,FGC,Withdrawals from Coalbed Wells,NGM_EPG0_FGC_SAK_MMCF,Alaska Natural Gas Gross Withdrawals from Coalbed Wells (MMcf)
2016,8,6471,MMCF,FGG,Withdrawals from Gas Wells,N9011AK2,Alaska Natural Gas Gross Withdrawals from Gas Wells (MMcf)
2016,8,243910,MMCF,FGO,Withdrawals from Oil Wells,N9012AK2,Alaska Natural Gas Gross Withdrawals from Oil Wells (MMcf)
2016,7,23539,MMCF,FPD,Dry Production,NA1160_SAK_2,Alaska Dry Natural Gas Production (Million Cubic Feet)
2016,7,1486,MMCF,VG9,Extraction Loss,NA1150_SAK_2,Alaska Natural Gas Plant Liquids Production (Million Cubic Feet)
2016,7,7724,MMCF/D,FGW,Gross Withdrawals,NGM_EPG0_FGW_SAK_MMCFD,Alaska Natural Gas Gross Withdrawals (Million Cubic Feet per Day)
2016,7,239442,MMCF,FGW,Gross Withdrawals,N9010AK2,Alaska Natural Gas Gross Withdrawals (MMcf)
2016,7,25025,MMCF,VGM,Marketed Production,N9050AK2,Alaska Natural Gas Marketed Production (MMcf)
2016,7,0,MMCF,VRN,Removed from Natural Gas,N9030AK2,Alaska Nonhydrocarbon Gases Removed from Natural Gas (MMcf)
2016,7,213869,MMCF,VGQ,Repressuring,N9020AK2,Alaska Natural Gas Repressuring (MMcf)
2016,7,548,MMCF,VGV,Vented and Flared,N9040AK2,Alaska Natural Gas Vented and Flared (MMcf)
2016,7,0,MMCF,FGC,Withdrawals from Coalbed Wells,NGM_EPG0_FGC_SAK_MMCF,Alaska Natural Gas Gross Withdrawals from Coalbed Wells (MMcf)
2016,7,6522,MMCF,FGG,Withdrawals from Gas Wells,N9011AK2,Alaska Natural Gas Gross Withdrawals from Gas Wells (MMcf)
2016,7,232920,MMCF,FGO,Withdrawals from Oil Wells,N9012AK2,Alaska Natural Gas Gross Withdrawals from Oil Wells (MMcf)
2016,6,23456,MMCF,FPD,Dry Production,NA1160_SAK_2,Alaska Dry Natural Gas Production (Million Cubic Feet)
2016,6,1426,MMCF,VG9,Extraction Loss,NA1150_SAK_2,Alaska Natural Gas Plant Liquids Production (Million Cubic Feet)
2016,6,7794,MMCF/D,FGW,Gross Withdrawals,NGM_EPG0_FGW_SAK_MMCFD,Alaska Natural Gas Gross Withdrawals (Million Cubic Feet per Day)
2016,6,233815,MMCF,FGW,Gross Withdrawals,N9010AK2,Alaska Natural Gas Gross Withdrawals (MMcf)
2016,6,24882,MMCF,VGM,Marketed Production,N9050AK2,Alaska Natural Gas Marketed Production (MMcf)
2016,6,0,MMCF,VRN,Removed from Natural Gas,N9030AK2,Alaska Nonhydrocarbon Gases Removed from Natural Gas (MMcf)
2016,6,208062,MMCF,VGQ,Repressuring,N9020AK2,Alaska Natural Gas Repressuring (MMcf)
2016,6,871,MMCF,VGV,Vented and Flared,N9040AK2,Alaska Natural Gas Vented and Flared (MMcf)
2016,6,0,MMCF,FGC,Withdrawals from Coalbed Wells,NGM_EPG0_FGC_SAK_MMCF,Alaska Natural Gas Gross Withdrawals from Coalbed Wells (MMcf)
2016,6,6696,MMCF,FGG,Withdrawals from Gas Wells,N9011AK2,Alaska Natural Gas Gross Withdrawals from Gas Wells (MMcf)
2016,6,227119,MMCF,FGO,Withdrawals from Oil Wells,N9012AK2,Alaska Natural Gas Gross Withdrawals from Oil Wells (MMcf)
2016,5,25600,MMCF,FPD,Dry Production,NA1160_SAK_2,Alaska Dry Natural Gas Production (Million Cubic Feet)
2016,5,1488,MMCF,VG9,Extraction Loss,NA1150_SAK_2,Alaska Natural Gas Plant Liquids Production (Million Cubic Feet)
2016,5,8684,MMCF/D,FGW,Gross Withdrawals,NGM_EPG0_FGW_SAK_MMCFD,Alaska Natural Gas Gross Withdrawals (Million Cubic Feet per Day)
2016,5,269206,MMCF,FGW,Gross Withdrawals,N9010AK2,Alaska Natural Gas Gross Withdrawals (MMcf)
2016,5,27088,MMCF,VGM,Marketed Production,N9050AK2,Alaska Natural Gas Marketed Production (MMcf)
2016,5,0,MMCF,VRN,Removed from Natural Gas,N9030AK2,Alaska Nonhydrocarbon Gases Removed from Natural Gas (MMcf)
2016,5,241482,MMCF,VGQ,Repressuring,N9020AK2,Alaska Natural Gas Repressuring (MMcf)
2016,5,636,MMCF,VGV,Vented and Flared,N9040AK2,Alaska Natural Gas Vented and Flared (MMcf)
2016,5,0,MMCF,FGC,Withdrawals from Coalbed Wells,NGM_EPG0_FGC_SAK_MMCF,Alaska Natural Gas Gross Withdrawals from Coalbed Wells (MMcf)
2016,5,7136,MMCF,FGG,Withdrawals from Gas Wells,N9011AK2,Alaska Natural Gas Gross Withdrawals from Gas Wells (MMcf)
2016,5,262071,MMCF,FGO,Withdrawals from Oil Wells,N9012AK2,Alaska Natural Gas Gross Withdrawals from Oil Wells (MMcf)
2016,4,24802,MMCF,FPD,Dry Production,NA1160_SAK_2,Alaska Dry Natural Gas Production (Million Cubic Feet)
2016,4,1457,MMCF,VG9,Extraction Loss,NA1150_SAK_2,Alaska Natural Gas Plant Liquids Production (Million Cubic Feet)
2016,4,8204,MMCF/D,FGW,Gross Withdrawals,NGM_EPG0_FGW_SAK_MMCFD,Alaska Natural Gas Gross Withdrawals (Million Cubic Feet per Day)
2016,4,246130,MMCF,FGW,Gross Withdrawals,N9010AK2,Alaska Natural Gas Gross Withdrawals (MMcf)
2016,4,26258,MMCF,VGM,Marketed Production,N9050AK2,Alaska Natural Gas Marketed Production (MMcf)
2016,4,0,MMCF,VRN,Removed from Natural Gas,N9030AK2,Alaska Nonhydrocarbon Gases Removed from Natural Gas (MMcf)
2016,4,217988,MMCF,VGQ,Repressuring,N9020AK2,Alaska Natural Gas Repressuring (MMcf)
2016,4,1884,MMCF,VGV,Vented and Flared,N9040AK2,Alaska Natural Gas Vented and Flared (MMcf)
2016,4,0,MMCF,FGC,Withdrawals from Coalbed Wells,NGM_EPG0_FGC_SAK_MMCF,Alaska Natural Gas Gross Withdrawals from Coalbed Wells (MMcf)
2016,4,7431,MMCF,FGG,Withdrawals from Gas Wells,N9011AK2,Alaska Natural Gas Gross Withdrawals from Gas Wells (MMcf)
2016,4,238699,MMCF,FGO,Withdrawals from Oil Wells,N9012AK2,Alaska Natural Gas Gross Withdrawals from Oil Wells (MMcf)
2016,3,28392,MMCF,FPD,Dry Production,NA1160_SAK_2,Alaska Dry Natural Gas Production (Million Cubic Feet)
2016,3,1506,MMCF,VG9,Extraction Loss,NA1150_SAK_2,Alaska Natural Gas Plant Liquids Production (Million Cubic Feet)
2016,3,295235,MMCF,FGW,Gross Withdrawals,N9010AK2,Alaska Natural Gas Gross Withdrawals (MMcf)
2016,3,9524,MMCF/D,FGW,Gross Withdrawals,NGM_EPG0_FGW_SAK_MMCFD,Alaska Natural Gas Gross Withdrawals (Million Cubic Feet per Day)
2016,3,29898,MMCF,VGM,Marketed Production,N9050AK2,Alaska Natural Gas Marketed Production (MMcf)
2016,3,0,MMCF,VRN,Removed from Natural Gas,N9030AK2,Alaska Nonhydrocarbon Gases Removed from Natural Gas (MMcf)
2016,3,264637,MMCF,VGQ,Repressuring,N9020AK2,Alaska Natural Gas Repressuring (MMcf)
2016,3,699,MMCF,VGV,Vented and Flared,N9040AK2,Alaska Natural Gas Vented and Flared (MMcf)
2016,3,0,MMCF,FGC,Withdrawals from Coalbed Wells,NGM_EPG0_FGC_SAK_MMCF,Alaska Natural Gas Gross Withdrawals from Coalbed Wells (MMcf)
2016,3,7647,MMCF,FGG,Withdrawals from Gas Wells,N9011AK2,Alaska Natural Gas Gross Withdrawals from Gas Wells (MMcf)
2016,3,287588,MMCF,FGO,Withdrawals from Oil Wells,N9012AK2,Alaska Natural Gas Gross Withdrawals from Oil Wells (MMcf)
2016,2,27009,MMCF,FPD,Dry Production,NA1160_SAK_2,Alaska Dry Natural Gas Production (Million Cubic Feet)
2016,2,1425,MMCF,VG9,Extraction Loss,NA1150_SAK_2,Alaska Natural Gas Plant Liquids Production (Million Cubic Feet)
2016,2,273298,MMCF,FGW,Gross Withdrawals,N9010AK2,Alaska Natural Gas Gross Withdrawals (MMcf)
2016,2,9424,MMCF/D,FGW,Gross Withdrawals,NGM_EPG0_FGW_SAK_MMCFD,Alaska Natural Gas Gross Withdrawals (Million Cubic Feet per Day)
2016,2,28434,MMCF,VGM,Marketed Production,N9050AK2,Alaska Natural Gas Marketed Production (MMcf)
2016,2,0,MMCF,VRN,Removed from Natural Gas,N9030AK2,Alaska Nonhydrocarbon Gases Removed from Natural Gas (MMcf)
2016,2,244487,MMCF,VGQ,Repressuring,N9020AK2,Alaska Natural Gas Repressuring (MMcf)
2016,2,377,MMCF,VGV,Vented and Flared,N9040AK2,Alaska Natural Gas Vented and Flared (MMcf)
2016,2,0,MMCF,FGC,Withdrawals from Coalbed Wells,NGM_EPG0_FGC_SAK_MMCF,Alaska Natural Gas Gross Withdrawals from Coalbed Wells (MMcf)
2016,2,7543,MMCF,FGG,Withdrawals from Gas Wells,N9011AK2,Alaska Natural Gas Gross Withdrawals from Gas Wells (MMcf)
2016,2,265755,MMCF,FGO,Withdrawals from Oil Wells,N9012AK2,Alaska Natural Gas Gross Withdrawals from Oil Wells (MMcf)
2016,1,29184,MMCF,FPD,Dry Production,NA1160_SAK_2,Alaska Dry Natural Gas Production (Million Cubic Feet)
2016,1,1502,MMCF,VG9,Extraction Loss,NA1150_SAK_2,Alaska Natural Gas Plant Liquids Production (Million Cubic Feet)
2016,1,9639,MMCF/D,FGW,Gross Withdrawals,NGM_EPG0_FGW_SAK_MMCFD,Alaska Natural Gas Gross Withdrawals (Million Cubic Feet per Day)
2016,1,298815,MMCF,FGW,Gross Withdrawals,N9010AK2,Alaska Natural Gas Gross Withdrawals (MMcf)
2016,1,30686,MMCF,VGM,Marketed Production,N9050AK2,Alaska Natural Gas Marketed Production (MMcf)
2016,1,0,MMCF,VRN,Removed from Natural Gas,N9030AK2,Alaska Nonhydrocarbon Gases Removed from Natural Gas (MMcf)
2016,1,267645,MMCF,VGQ,Repressuring,N9020AK2,Alaska Natural Gas Repressuring (MMcf)
2016,1,485,MMCF,VGV,Vented and Flared,N9040AK2,Alaska Natural Gas Vented and Flared (MMcf)
2016,1,0,MMCF,FGC,Withdrawals from Coalbed Wells,NGM_EPG0_FGC_SAK_MMCF,Alaska Natural Gas Gross Withdrawals from Coalbed Wells (MMcf)
2016,1,7882,MMCF,FGG,Withdrawals from Gas Wells,N9011AK2,Alaska Natural Gas Gross Withdrawals from Gas Wells (MMcf)
2016,1,290934,MMCF,FGO,Withdrawals from Oil Wells,N9012AK2,Alaska Natural Gas Gross Withdrawals from Oil Wells (MMcf)
2015,12,29463,MMCF,FPD,Dry Production,NA1160_SAK_2,Alaska Dry Natural Gas Production (Million Cubic Feet)
2015,12,1478,MMCF,VG9,Extraction Loss,NA1150_SAK_2,Alaska Natural Gas Plant Liquids Production (Million Cubic Feet)
2015,12,9808,MMCF/D,FGW,Gross Withdrawals,NGM_EPG0_FGW_SAK_MMCFD,Alaska Natural Gas Gross Withdrawals (Million Cubic Feet per Day)
2015,12,304055,MMCF,FGW,Gross Withdrawals,N9010AK2,Alaska Natural Gas Gross Withdrawals (MMcf)
2015,12,30941,MMCF,VGM,Marketed Production,N9050AK2,Alaska Natural Gas Marketed Production (MMcf)
2015,12,0,MMCF,VRN,Removed from Natural Gas,N9030AK2,Alaska Nonhydrocarbon Gases Removed from Natural Gas (MMcf)
2015,12,272709,MMCF,VGQ,Repressuring,N9020AK2,Alaska Natural Gas Repressuring (MMcf)
2015,12,405,MMCF,VGV,Vented and Flared,N9040AK2,Alaska Natural Gas Vented and Flared (MMcf)
2015,12,0,MMCF,FGC,Withdrawals from Coalbed Wells,NGM_EPG0_FGC_SAK_MMCF,Alaska Natural Gas Gross Withdrawals from Coalbed Wells (MMcf)
2015,12,8464,MMCF,FGG,Withdrawals from Gas Wells,N9011AK2,Alaska Natural Gas Gross Withdrawals from Gas Wells (MMcf)
2015,12,295591,MMCF,FGO,Withdrawals from Oil Wells,N9012AK2,Alaska Natural Gas Gross Withdrawals from Oil Wells (MMcf)
2015,11,28259,MMCF,FPD,Dry Production,NA1160_SAK_2,Alaska Dry Natural Gas Production (Million Cubic Feet)
2015,11,1431,MMCF,VG9,Extraction Loss,NA1150_SAK_2,Alaska Natural Gas Plant Liquids Production (Million Cubic Feet)
2015,11,289760,MMCF,FGW,Gross Withdrawals,N9010AK2,Alaska Natural Gas Gross Withdrawals (MMcf)
2015,11,9659,MMCF/D,FGW,Gross Withdrawals,NGM_EPG0_FGW_SAK_MMCFD,Alaska Natural Gas Gross Withdrawals (Million Cubic Feet per Day)
2015,11,29690,MMCF,VGM,Marketed Production,N9050AK2,Alaska Natural Gas Marketed Production (MMcf)
2015,11,0,MMCF,VRN,Removed from Natural Gas,N9030AK2,Alaska Nonhydrocarbon Gases Removed from Natural Gas (MMcf)
2015,11,259665,MMCF,VGQ,Repressuring,N9020AK2,Alaska Natural Gas Repressuring (MMcf)
2015,11,405,MMCF,VGV,Vented and Flared,N9040AK2,Alaska Natural Gas Vented and Flared (MMcf)
2015,11,0,MMCF,FGC,Withdrawals from Coalbed Wells,NGM_EPG0_FGC_SAK_MMCF,Alaska Natural Gas Gross Withdrawals from Coalbed Wells (MMcf)
2015,11,7909,MMCF,FGG,Withdrawals from Gas Wells,N9011AK2,Alaska Natural Gas Gross Withdrawals from Gas Wells (MMcf)
2015,11,281851,MMCF,FGO,Withdrawals from Oil Wells,N9012AK2,Alaska Natural Gas Gross Withdrawals from Oil Wells (MMcf)
2015,10,27697,MMCF,FPD,Dry Production,NA1160_SAK_2,Alaska Dry Natural Gas Production (Million Cubic Feet)
2015,10,1484,MMCF,VG9,Extraction Loss,NA1150_SAK_2,Alaska Natural Gas Plant Liquids Production (Million Cubic Feet)
2015,10,9014,MMCF/D,FGW,Gross Withdrawals,NGM_EPG0_FGW_SAK_MMCFD,Alaska Natural Gas Gross Withdrawals (Million Cubic Feet per Day)
2015,10,279437,MMCF,FGW,Gross Withdrawals,N9010AK2,Alaska Natural Gas Gross Withdrawals (MMcf)
2015,10,29182,MMCF,VGM,Marketed Production,N9050AK2,Alaska Natural Gas Marketed Production (MMcf)
2015,10,0,MMCF,VRN,Removed from Natural Gas,N9030AK2,Alaska Nonhydrocarbon Gases Removed from Natural Gas (MMcf)
2015,10,249799,MMCF,VGQ,Repressuring,N9020AK2,Alaska Natural Gas Repressuring (MMcf)
2015,10,457,MMCF,VGV,Vented and Flared,N9040AK2,Alaska Natural Gas Vented and Flared (MMcf)
2015,10,0,MMCF,FGC,Withdrawals from Coalbed Wells,NGM_EPG0_FGC_SAK_MMCF,Alaska Natural Gas Gross Withdrawals from Coalbed Wells (MMcf)
2015,10,7997,MMCF,FGG,Withdrawals from Gas Wells,N9011AK2,Alaska Natural Gas Gross Withdrawals from Gas Wells (MMcf)
2015,10,271440,MMCF,FGO,Withdrawals from Oil Wells,N9012AK2,Alaska Natural Gas Gross Withdrawals from Oil Wells (MMcf)
2015,9,26153,MMCF,FPD,Dry Production,NA1160_SAK_2,Alaska Dry Natural Gas Production (Million Cubic Feet)
2015,9,1447,MMCF,VG9,Extraction Loss,NA1150_SAK_2,Alaska Natural Gas Plant Liquids Production (Million Cubic Feet)
2015,9,8705,MMCF/D,FGW,Gross Withdrawals,NGM_EPG0_FGW_SAK_MMCFD,Alaska Natural Gas Gross Withdrawals (Million Cubic Feet per Day)
2015,9,261160,MMCF,FGW,Gross Withdrawals,N9010AK2,Alaska Natural Gas Gross Withdrawals (MMcf)
2015,9,27600,MMCF,VGM,Marketed Production,N9050AK2,Alaska Natural Gas Marketed Production (MMcf)
2015,9,0,MMCF,VRN,Removed from Natural Gas,N9030AK2,Alaska Nonhydrocarbon Gases Removed from Natural Gas (MMcf)
2015,9,233157,MMCF,VGQ,Repressuring,N9020AK2,Alaska Natural Gas Repressuring (MMcf)
2015,9,403,MMCF,VGV,Vented and Flared,N9040AK2,Alaska Natural Gas Vented and Flared (MMcf)
2015,9,0,MMCF,FGC,Withdrawals from Coalbed Wells,NGM_EPG0_FGC_SAK_MMCF,Alaska Natural Gas Gross Withdrawals from Coalbed Wells (MMcf)
2015,9,8261,MMCF,FGG,Withdrawals from Gas Wells,N9011AK2,Alaska Natural Gas Gross Withdrawals from Gas Wells (MMcf)
2015,9,252898,MMCF,FGO,Withdrawals from Oil Wells,N9012AK2,Alaska Natural Gas Gross Withdrawals from Oil Wells (MMcf)
2015,8,23690,MMCF,FPD,Dry Production,NA1160_SAK_2,Alaska Dry Natural Gas Production (Million Cubic Feet)
2015,8,1486,MMCF,VG9,Extraction Loss,NA1150_SAK_2,Alaska Natural Gas Plant Liquids Production (Million Cubic Feet)
2015,8,204070,MMCF,FGW,Gross Withdrawals,N9010AK2,Alaska Natural Gas Gross Withdrawals (MMcf)
2015,8,6583,MMCF/D,FGW,Gross Withdrawals,NGM_EPG0_FGW_SAK_MMCFD,Alaska Natural Gas Gross Withdrawals (Million Cubic Feet per Day)
2015,8,25176,MMCF,VGM,Marketed Production,N9050AK2,Alaska Natural Gas Marketed Production (MMcf)
2015,8,0,MMCF,VRN,Removed from Natural Gas,N9030AK2,Alaska Nonhydrocarbon Gases Removed from Natural Gas (MMcf)
2015,8,178438,MMCF,VGQ,Repressuring,N9020AK2,Alaska Natural Gas Repressuring (MMcf)
2015,8,456,MMCF,VGV,Vented and Flared,N9040AK2,Alaska Natural Gas Vented and Flared (MMcf)
2015,8,0,MMCF,FGC,Withdrawals from Coalbed Wells,NGM_EPG0_FGC_SAK_MMCF,Alaska Natural Gas Gross Withdrawals from Coalbed Wells (MMcf)
2015,8,8229,MMCF,FGG,Withdrawals from Gas Wells,N9011AK2,Alaska Natural Gas Gross Withdrawals from Gas Wells (MMcf)
2015,8,195841,MMCF,FGO,Withdrawals from Oil Wells,N9012AK2,Alaska Natural Gas Gross Withdrawals from Oil Wells (MMcf)
2015,7,25197,MMCF,FPD,Dry Production,NA1160_SAK_2,Alaska Dry Natural Gas Production (Million Cubic Feet)
2015,7,1484,MMCF,VG9,Extraction Loss,NA1150_SAK_2,Alaska Natural Gas Plant Liquids Production (Million Cubic Feet)
2015,7,7140,MMCF/D,FGW,Gross Withdrawals,NGM_EPG0_FGW_SAK_MMCFD,Alaska Natural Gas Gross Withdrawals (Million Cubic Feet per Day)
2015,7,221334,MMCF,FGW,Gross Withdrawals,N9010AK2,Alaska Natural Gas Gross Withdrawals (MMcf)
2015,7,26682,MMCF,VGM,Marketed Production,N9050AK2,Alaska Natural Gas Marketed Production (MMcf)
2015,7,0,MMCF,VRN,Removed from Natural Gas,N9030AK2,Alaska Nonhydrocarbon Gases Removed from Natural Gas (MMcf)
2015,7,194232,MMCF,VGQ,Repressuring,N9020AK2,Alaska Natural Gas Repressuring (MMcf)
2015,7,420,MMCF,VGV,Vented and Flared,N9040AK2,Alaska Natural Gas Vented and Flared (MMcf)
2015,7,0,MMCF,FGC,Withdrawals from Coalbed Wells,NGM_EPG0_FGC_SAK_MMCF,Alaska Natural Gas Gross Withdrawals from Coalbed Wells (MMcf)
2015,7,8214,MMCF,FGG,Withdrawals from Gas Wells,N9011AK2,Alaska Natural Gas Gross Withdrawals from Gas Wells (MMcf)
2015,7,213120,MMCF,FGO,Withdrawals from Oil Wells,N9012AK2,Alaska Natural Gas Gross Withdrawals from Oil Wells (MMcf)
2015,6,24568,MMCF,FPD,Dry Production,NA1160_SAK_2,Alaska Dry Natural Gas Production (Million Cubic Feet)
2015,6,1432,MMCF,VG9,Extraction Loss,NA1150_SAK_2,Alaska Natural Gas Plant Liquids Production (Million Cubic Feet)
2015,6,223007,MMCF,FGW,Gross Withdrawals,N9010AK2,Alaska Natural Gas Gross Withdrawals (MMcf)
2015,6,7434,MMCF/D,FGW,Gross Withdrawals,NGM_EPG0_FGW_SAK_MMCFD,Alaska Natural Gas Gross Withdrawals (Million Cubic Feet per Day)
2015,6,26000,MMCF,VGM,Marketed Production,N9050AK2,Alaska Natural Gas Marketed Production (MMcf)
2015,6,0,MMCF,VRN,Removed from Natural Gas,N9030AK2,Alaska Nonhydrocarbon Gases Removed from Natural Gas (MMcf)
2015,6,196465,MMCF,VGQ,Repressuring,N9020AK2,Alaska Natural Gas Repressuring (MMcf)
2015,6,542,MMCF,VGV,Vented and Flared,N9040AK2,Alaska Natural Gas Vented and Flared (MMcf)
2015,6,0,MMCF,FGC,Withdrawals from Coalbed Wells,NGM_EPG0_FGC_SAK_MMCF,Alaska Natural Gas Gross Withdrawals from Coalbed Wells (MMcf)
2015,6,7891,MMCF,FGG,Withdrawals from Gas Wells,N9011AK2,Alaska Natural Gas Gross Withdrawals from Gas Wells (MMcf)
2015,6,215116,MMCF,FGO,Withdrawals from Oil Wells,N9012AK2,Alaska Natural Gas Gross Withdrawals from Oil Wells (MMcf)
2015,5,27641,MMCF,FPD,Dry Production,NA1160_SAK_2,Alaska Dry Natural Gas Production (Million Cubic Feet)
2015,5,1483,MMCF,VG9,Extraction Loss,NA1150_SAK_2,Alaska Natural Gas Plant Liquids Production (Million Cubic Feet)
2015,5,8431,MMCF/D,FGW,Gross Withdrawals,NGM_EPG0_FGW_SAK_MMCFD,Alaska Natural Gas Gross Withdrawals (Million Cubic Feet per Day)
2015,5,261374,MMCF,FGW,Gross Withdrawals,N9010AK2,Alaska Natural Gas Gross Withdrawals (MMcf)
2015,5,29124,MMCF,VGM,Marketed Production,N9050AK2,Alaska Natural Gas Marketed Production (MMcf)
2015,5,0,MMCF,VRN,Removed from Natural Gas,N9030AK2,Alaska Nonhydrocarbon Gases Removed from Natural Gas (MMcf)
2015,5,231772,MMCF,VGQ,Repressuring,N9020AK2,Alaska Natural Gas Repressuring (MMcf)
2015,5,479,MMCF,VGV,Vented and Flared,N9040AK2,Alaska Natural Gas Vented and Flared (MMcf)
2015,5,0,MMCF,FGC,Withdrawals from Coalbed Wells,NGM_EPG0_FGC_SAK_MMCF,Alaska Natural Gas Gross Withdrawals from Coalbed Wells (MMcf)
2015,5,8375,MMCF,FGG,Withdrawals from Gas Wells,N9011AK2,Alaska Natural Gas Gross Withdrawals from Gas Wells (MMcf)
2015,5,252999,MMCF,FGO,Withdrawals from Oil Wells,N9012AK2,Alaska Natural Gas Gross Withdrawals from Oil Wells (MMcf)
2015,4,28303,MMCF,FPD,Dry Production,NA1160_SAK_2,Alaska Dry Natural Gas Production (Million Cubic Feet)
2015,4,1456,MMCF,VG9,Extraction Loss,NA1150_SAK_2,Alaska Natural Gas Plant Liquids Production (Million Cubic Feet)
2015,4,284701,MMCF,FGW,Gross Withdrawals,N9010AK2,Alaska Natural Gas Gross Withdrawals (MMcf)
2015,4,9490,MMCF/D,FGW,Gross Withdrawals,NGM_EPG0_FGW_SAK_MMCFD,Alaska Natural Gas Gross Withdrawals (Million Cubic Feet per Day)
2015,4,29759,MMCF,VGM,Marketed Production,N9050AK2,Alaska Natural Gas Marketed Production (MMcf)
2015,4,0,MMCF,VRN,Removed from Natural Gas,N9030AK2,Alaska Nonhydrocarbon Gases Removed from Natural Gas (MMcf)
2015,4,254454,MMCF,VGQ,Repressuring,N9020AK2,Alaska Natural Gas Repressuring (MMcf)
2015,4,489,MMCF,VGV,Vented and Flared,N9040AK2,Alaska Natural Gas Vented and Flared (MMcf)
2015,4,0,MMCF,FGC,Withdrawals from Coalbed Wells,NGM_EPG0_FGC_SAK_MMCF,Alaska Natural Gas Gross Withdrawals from Coalbed Wells (MMcf)
2015,4,7872,MMCF,FGG,Withdrawals from Gas Wells,N9011AK2,Alaska Natural Gas Gross Withdrawals from Gas Wells (MMcf)
2015,4,276829,MMCF,FGO,Withdrawals from Oil Wells,N9012AK2,Alaska Natural Gas Gross Withdrawals from Oil Wells (MMcf)
2015,3,29039,MMCF,FPD,Dry Production,NA1160_SAK_2,Alaska Dry Natural Gas Production (Million Cubic Feet)
2015,3,1483,MMCF,VG9,Extraction Loss,NA1150_SAK_2,Alaska Natural Gas Plant Liquids Production (Million Cubic Feet)
2015,3,299987,MMCF,FGW,Gross Withdrawals,N9010AK2,Alaska Natural Gas Gross Withdrawals (MMcf)
2015,3,9677,MMCF/D,FGW,Gross Withdrawals,NGM_EPG0_FGW_SAK_MMCFD,Alaska Natural Gas Gross Withdrawals (Million Cubic Feet per Day)
2015,3,30523,MMCF,VGM,Marketed Production,N9050AK2,Alaska Natural Gas Marketed Production (MMcf)
2015,3,0,MMCF,VRN,Removed from Natural Gas,N9030AK2,Alaska Nonhydrocarbon Gases Removed from Natural Gas (MMcf)
2015,3,268957,MMCF,VGQ,Repressuring,N9020AK2,Alaska Natural Gas Repressuring (MMcf)
2015,3,508,MMCF,VGV,Vented and Flared,N9040AK2,Alaska Natural Gas Vented and Flared (MMcf)
2015,3,0,MMCF,FGC,Withdrawals from Coalbed Wells,NGM_EPG0_FGC_SAK_MMCF,Alaska Natural Gas Gross Withdrawals from Coalbed Wells (MMcf)
2015,3,7558,MMCF,FGG,Withdrawals from Gas Wells,N9011AK2,Alaska Natural Gas Gross Withdrawals from Gas Wells (MMcf)
2015,3,292429,MMCF,FGO,Withdrawals from Oil Wells,N9012AK2,Alaska Natural Gas Gross Withdrawals from Oil Wells (MMcf)
2015,2,26176,MMCF,FPD,Dry Production,NA1160_SAK_2,Alaska Dry Natural Gas Production (Million Cubic Feet)
2015,2,1334,MMCF,VG9,Extraction Loss,NA1150_SAK_2,Alaska Natural Gas Plant Liquids Production (Million Cubic Feet)
2015,2,254488,MMCF,FGW,Gross Withdrawals,N9010AK2,Alaska Natural Gas Gross Withdrawals (MMcf)
2015,2,9089,MMCF/D,FGW,Gross Withdrawals,NGM_EPG0_FGW_SAK_MMCFD,Alaska Natural Gas Gross Withdrawals (Million Cubic Feet per Day)
2015,2,27510,MMCF,VGM,Marketed Production,N9050AK2,Alaska Natural Gas Marketed Production (MMcf)
2015,2,0,MMCF,VRN,Removed from Natural Gas,N9030AK2,Alaska Nonhydrocarbon Gases Removed from Natural Gas (MMcf)
2015,2,226577,MMCF,VGQ,Repressuring,N9020AK2,Alaska Natural Gas Repressuring (MMcf)
2015,2,402,MMCF,VGV,Vented and Flared,N9040AK2,Alaska Natural Gas Vented and Flared (MMcf)
2015,2,0,MMCF,FGC,Withdrawals from Coalbed Wells,NGM_EPG0_FGC_SAK_MMCF,Alaska Natural Gas Gross Withdrawals from Coalbed Wells (MMcf)
2015,2,7713,MMCF,FGG,Withdrawals from Gas Wells,N9011AK2,Alaska Natural Gas Gross Withdrawals from Gas Wells (MMcf)
2015,2,246775,MMCF,FGO,Withdrawals from Oil Wells,N9012AK2,Alaska Natural Gas Gross Withdrawals from Oil Wells (MMcf)
2015,1,29970,MMCF,FPD,Dry Production,NA1160_SAK_2,Alaska Dry Natural Gas Production (Million Cubic Feet)
2015,1,1469,MMCF,VG9,Extraction Loss,NA1150_SAK_2,Alaska Natural Gas Plant Liquids Production (Million Cubic Feet)
2015,1,9417,MMCF/D,FGW,Gross Withdrawals,NGM_EPG0_FGW_SAK_MMCFD,Alaska Natural Gas Gross Withdrawals (Million Cubic Feet per Day)
2015,1,291928,MMCF,FGW,Gross Withdrawals,N9010AK2,Alaska Natural Gas Gross Withdrawals (MMcf)
2015,1,31439,MMCF,VGM,Marketed Production,N9050AK2,Alaska Natural Gas Marketed Production (MMcf)
2015,1,0,MMCF,VRN,Removed from Natural Gas,N9030AK2,Alaska Nonhydrocarbon Gases Removed from Natural Gas (MMcf)
2015,1,260066,MMCF,VGQ,Repressuring,N9020AK2,Alaska Natural Gas Repressuring (MMcf)
2015,1,422,MMCF,VGV,Vented and Flared,N9040AK2,Alaska Natural Gas Vented and Flared (MMcf)
2015,1,0,MMCF,FGC,Withdrawals from Coalbed Wells,NGM_EPG0_FGC_SAK_MMCF,Alaska Natural Gas Gross Withdrawals from Coalbed Wells (MMcf)
2015,1,8924,MMCF,FGG,Withdrawals from Gas Wells,N9011AK2,Alaska Natural Gas Gross Withdrawals from Gas Wells (MMcf)
2015,1,283004,MMCF,FGO,Withdrawals from Oil Wells,N9012AK2,Alaska Natural Gas Gross Withdrawals from Oil Wells (MMcf)
2014,12,29990,MMCF,FPD,Dry Production,NA1160_SAK_2,Alaska Dry Natural Gas Production (Million Cubic Feet)
2014,12,1616,MMCF,VG9,Extraction Loss,NA1150_SAK_2,Alaska Natural Gas Plant Liquids Production (Million Cubic Feet)
2014,12,9730,MMCF/D,FGW,Gross Withdrawals,NGM_EPG0_FGW_SAK_MMCFD,Alaska Natural Gas Gross Withdrawals (Million Cubic Feet per Day)
2014,12,301640,MMCF,FGW,Gross Withdrawals,N9010AK2,Alaska Natural Gas Gross Withdrawals (MMcf)
2014,12,31606,MMCF,VGM,Marketed Production,N9050AK2,Alaska Natural Gas Marketed Production (MMcf)
2014,12,0,MMCF,VRN,Removed from Natural Gas,N9030AK2,Alaska Nonhydrocarbon Gases Removed from Natural Gas (MMcf)
2014,12,269618,MMCF,VGQ,Repressuring,N9020AK2,Alaska Natural Gas Repressuring (MMcf)
2014,12,416,MMCF,VGV,Vented and Flared,N9040AK2,Alaska Natural Gas Vented and Flared (MMcf)
2014,12,0,MMCF,FGC,Withdrawals from Coalbed Wells,NGM_EPG0_FGC_SAK_MMCF,Alaska Natural Gas Gross Withdrawals from Coalbed Wells (MMcf)
2014,12,8828,MMCF,FGG,Withdrawals from Gas Wells,N9011AK2,Alaska Natural Gas Gross Withdrawals from Gas Wells (MMcf)
2014,12,292812,MMCF,FGO,Withdrawals from Oil Wells,N9012AK2,Alaska Natural Gas Gross Withdrawals from Oil Wells (MMcf)
2014,11,27887,MMCF,FPD,Dry Production,NA1160_SAK_2,Alaska Dry Natural Gas Production (Million Cubic Feet)
2014,11,1552,MMCF,VG9,Extraction Loss,NA1150_SAK_2,Alaska Natural Gas Plant Liquids Production (Million Cubic Feet)
2014,11,282350,MMCF,FGW,Gross Withdrawals,N9010AK2,Alaska Natural Gas Gross Withdrawals (MMcf)
2014,11,9412,MMCF/D,FGW,Gross Withdrawals,NGM_EPG0_FGW_SAK_MMCFD,Alaska Natural Gas Gross Withdrawals (Million Cubic Feet per Day)
2014,11,29439,MMCF,VGM,Marketed Production,N9050AK2,Alaska Natural Gas Marketed Production (MMcf)
2014,11,0,MMCF,VRN,Removed from Natural Gas,N9030AK2,Alaska Nonhydrocarbon Gases Removed from Natural Gas (MMcf)
2014,11,252438,MMCF,VGQ,Repressuring,N9020AK2,Alaska Natural Gas Repressuring (MMcf)
2014,11,473,MMCF,VGV,Vented and Flared,N9040AK2,Alaska Natural Gas Vented and Flared (MMcf)
2014,11,0,MMCF,FGC,Withdrawals from Coalbed Wells,NGM_EPG0_FGC_SAK_MMCF,Alaska Natural Gas Gross Withdrawals from Coalbed Wells (MMcf)
2014,11,8166,MMCF,FGG,Withdrawals from Gas Wells,N9011AK2,Alaska Natural Gas Gross Withdrawals from Gas Wells (MMcf)
2014,11,274184,MMCF,FGO,Withdrawals from Oil Wells,N9012AK2,Alaska Natural Gas Gross Withdrawals from Oil Wells (MMcf)
2014,10,28275,MMCF,FPD,Dry Production,NA1160_SAK_2,Alaska Dry Natural Gas Production (Million Cubic Feet)
2014,10,1614,MMCF,VG9,Extraction Loss,NA1150_SAK_2,Alaska Natural Gas Plant Liquids Production (Million Cubic Feet)
2014,10,271472,MMCF,FGW,Gross Withdrawals,N9010AK2,Alaska Natural Gas Gross Withdrawals (MMcf)
2014,10,8757,MMCF/D,FGW,Gross Withdrawals,NGM_EPG0_FGW_SAK_MMCFD,Alaska Natural Gas Gross Withdrawals (Million Cubic Feet per Day)
2014,10,29889,MMCF,VGM,Marketed Production,N9050AK2,Alaska Natural Gas Marketed Production (MMcf)
2014,10,0,MMCF,VRN,Removed from Natural Gas,N9030AK2,Alaska Nonhydrocarbon Gases Removed from Natural Gas (MMcf)
2014,10,240888,MMCF,VGQ,Repressuring,N9020AK2,Alaska Natural Gas Repressuring (MMcf)
2014,10,695,MMCF,VGV,Vented and Flared,N9040AK2,Alaska Natural Gas Vented and Flared (MMcf)
2014,10,0,MMCF,FGC,Withdrawals from Coalbed Wells,NGM_EPG0_FGC_SAK_MMCF,Alaska Natural Gas Gross Withdrawals from Coalbed Wells (MMcf)
2014,10,9635,MMCF,FGG,Withdrawals from Gas Wells,N9011AK2,Alaska Natural Gas Gross Withdrawals from Gas Wells (MMcf)
2014,10,261837,MMCF,FGO,Withdrawals from Oil Wells,N9012AK2,Alaska Natural Gas Gross Withdrawals from Oil Wells (MMcf)
2014,9,26955,MMCF,FPD,Dry Production,NA1160_SAK_2,Alaska Dry Natural Gas Production (Million Cubic Feet)
2014,9,1546,MMCF,VG9,Extraction Loss,NA1150_SAK_2,Alaska Natural Gas Plant Liquids Production (Million Cubic Feet)
2014,9,259855,MMCF,FGW,Gross Withdrawals,N9010AK2,Alaska Natural Gas Gross Withdrawals (MMcf)
2014,9,8662,MMCF/D,FGW,Gross Withdrawals,NGM_EPG0_FGW_SAK_MMCFD,Alaska Natural Gas Gross Withdrawals (Million Cubic Feet per Day)
2014,9,28502,MMCF,VGM,Marketed Production,N9050AK2,Alaska Natural Gas Marketed Production (MMcf)
2014,9,0,MMCF,VRN,Removed from Natural Gas,N9030AK2,Alaska Nonhydrocarbon Gases Removed from Natural Gas (MMcf)
2014,9,230790,MMCF,VGQ,Repressuring,N9020AK2,Alaska Natural Gas Repressuring (MMcf)
2014,9,563,MMCF,VGV,Vented and Flared,N9040AK2,Alaska Natural Gas Vented and Flared (MMcf)
2014,9,0,MMCF,FGC,Withdrawals from Coalbed Wells,NGM_EPG0_FGC_SAK_MMCF,Alaska Natural Gas Gross Withdrawals from Coalbed Wells (MMcf)
2014,9,9504,MMCF,FGG,Withdrawals from Gas Wells,N9011AK2,Alaska Natural Gas Gross Withdrawals from Gas Wells (MMcf)
2014,9,250351,MMCF,FGO,Withdrawals from Oil Wells,N9012AK2,Alaska Natural Gas Gross Withdrawals from Oil Wells (MMcf)
2014,8,24306,MMCF,FPD,Dry Production,NA1160_SAK_2,Alaska Dry Natural Gas Production (Million Cubic Feet)
2014,8,1598,MMCF,VG9,Extraction Loss,NA1150_SAK_2,Alaska Natural Gas Plant Liquids Production (Million Cubic Feet)
2014,8,190335,MMCF,FGW,Gross Withdrawals,N9010AK2,Alaska Natural Gas Gross Withdrawals (MMcf)
2014,8,6140,MMCF/D,FGW,Gross Withdrawals,NGM_EPG0_FGW_SAK_MMCFD,Alaska Natural Gas Gross Withdrawals (Million Cubic Feet per Day)
2014,8,25904,MMCF,VGM,Marketed Production,N9050AK2,Alaska Natural Gas Marketed Production (MMcf)
2014,8,0,MMCF,VRN,Removed from Natural Gas,N9030AK2,Alaska Nonhydrocarbon Gases Removed from Natural Gas (MMcf)
2014,8,163831,MMCF,VGQ,Repressuring,N9020AK2,Alaska Natural Gas Repressuring (MMcf)
2014,8,600,MMCF,VGV,Vented and Flared,N9040AK2,Alaska Natural Gas Vented and Flared (MMcf)
2014,8,0,MMCF,FGC,Withdrawals from Coalbed Wells,NGM_EPG0_FGC_SAK_MMCF,Alaska Natural Gas Gross Withdrawals from Coalbed Wells (MMcf)
2014,8,10035,MMCF,FGG,Withdrawals from Gas Wells,N9011AK2,Alaska Natural Gas Gross Withdrawals from Gas Wells (MMcf)
2014,8,180301,MMCF,FGO,Withdrawals from Oil Wells,N9012AK2,Alaska Natural Gas Gross Withdrawals from Oil Wells (MMcf)
2014,7,24376,MMCF,FPD,Dry Production,NA1160_SAK_2,Alaska Dry Natural Gas Production (Million Cubic Feet)
2014,7,1590,MMCF,VG9,Extraction Loss,NA1150_SAK_2,Alaska Natural Gas Plant Liquids Production (Million Cubic Feet)
2014,7,195169,MMCF,FGW,Gross Withdrawals,N9010AK2,Alaska Natural Gas Gross Withdrawals (MMcf)
2014,7,6296,MMCF/D,FGW,Gross Withdrawals,NGM_EPG0_FGW_SAK_MMCFD,Alaska Natural Gas Gross Withdrawals (Million Cubic Feet per Day)
2014,7,25966,MMCF,VGM,Marketed Production,N9050AK2,Alaska Natural Gas Marketed Production (MMcf)
2014,7,0,MMCF,VRN,Removed from Natural Gas,N9030AK2,Alaska Nonhydrocarbon Gases Removed from Natural Gas (MMcf)
2014,7,168548,MMCF,VGQ,Repressuring,N9020AK2,Alaska Natural Gas Repressuring (MMcf)
2014,7,656,MMCF,VGV,Vented and Flared,N9040AK2,Alaska Natural Gas Vented and Flared (MMcf)
2014,7,0,MMCF,FGC,Withdrawals from Coalbed Wells,NGM_EPG0_FGC_SAK_MMCF,Alaska Natural Gas Gross Withdrawals from Coalbed Wells (MMcf)
2014,7,9708,MMCF,FGG,Withdrawals from Gas Wells,N9011AK2,Alaska Natural Gas Gross Withdrawals from Gas Wells (MMcf)
2014,7,185461,MMCF,FGO,Withdrawals from Oil Wells,N9012AK2,Alaska Natural Gas Gross Withdrawals from Oil Wells (MMcf)
2014,6,25544,MMCF,FPD,Dry Production,NA1160_SAK_2,Alaska Dry Natural Gas Production (Million Cubic Feet)
2014,6,1506,MMCF,VG9,Extraction Loss,NA1150_SAK_2,Alaska Natural Gas Plant Liquids Production (Million Cubic Feet)
2014,6,252462,MMCF,FGW,Gross Withdrawals,N9010AK2,Alaska Natural Gas Gross Withdrawals (MMcf)
2014,6,8415,MMCF/D,FGW,Gross Withdrawals,NGM_EPG0_FGW_SAK_MMCFD,Alaska Natural Gas Gross Withdrawals (Million Cubic Feet per Day)
2014,6,27050,MMCF,VGM,Marketed Production,N9050AK2,Alaska Natural Gas Marketed Production (MMcf)
2014,6,0,MMCF,VRN,Removed from Natural Gas,N9030AK2,Alaska Nonhydrocarbon Gases Removed from Natural Gas (MMcf)
2014,6,224939,MMCF,VGQ,Repressuring,N9020AK2,Alaska Natural Gas Repressuring (MMcf)
2014,6,473,MMCF,VGV,Vented and Flared,N9040AK2,Alaska Natural Gas Vented and Flared (MMcf)
2014,6,0,MMCF,FGC,Withdrawals from Coalbed Wells,NGM_EPG0_FGC_SAK_MMCF,Alaska Natural Gas Gross Withdrawals from Coalbed Wells (MMcf)
2014,6,8141,MMCF,FGG,Withdrawals from Gas Wells,N9011AK2,Alaska Natural Gas Gross Withdrawals from Gas Wells (MMcf)
2014,6,244320,MMCF,FGO,Withdrawals from Oil Wells,N9012AK2,Alaska Natural Gas Gross Withdrawals from Oil Wells (MMcf)
2014,5,27235,MMCF,FPD,Dry Production,NA1160_SAK_2,Alaska Dry Natural Gas Production (Million Cubic Feet)
2014,5,1549,MMCF,VG9,Extraction Loss,NA1150_SAK_2,Alaska Natural Gas Plant Liquids Production (Million Cubic Feet)
2014,5,262449,MMCF,FGW,Gross Withdrawals,N9010AK2,Alaska Natural Gas Gross Withdrawals (MMcf)
2014,5,8466,MMCF/D,FGW,Gross Withdrawals,NGM_EPG0_FGW_SAK_MMCFD,Alaska Natural Gas Gross Withdrawals (Million Cubic Feet per Day)
2014,5,28783,MMCF,VGM,Marketed Production,N9050AK2,Alaska Natural Gas Marketed Production (MMcf)
2014,5,0,MMCF,VRN,Removed from Natural Gas,N9030AK2,Alaska Nonhydrocarbon Gases Removed from Natural Gas (MMcf)
2014,5,233229,MMCF,VGQ,Repressuring,N9020AK2,Alaska Natural Gas Repressuring (MMcf)
2014,5,436,MMCF,VGV,Vented and Flared,N9040AK2,Alaska Natural Gas Vented and Flared (MMcf)
2014,5,0,MMCF,FGC,Withdrawals from Coalbed Wells,NGM_EPG0_FGC_SAK_MMCF,Alaska Natural Gas Gross Withdrawals from Coalbed Wells (MMcf)
2014,5,8310,MMCF,FGG,Withdrawals from Gas Wells,N9011AK2,Alaska Natural Gas Gross Withdrawals from Gas Wells (MMcf)
2014,5,254139,MMCF,FGO,Withdrawals from Oil Wells,N9012AK2,Alaska Natural Gas Gross Withdrawals from Oil Wells (MMcf)
2014,4,27485,MMCF,FPD,Dry Production,NA1160_SAK_2,Alaska Dry Natural Gas Production (Million Cubic Feet)
2014,4,1507,MMCF,VG9,Extraction Loss,NA1150_SAK_2,Alaska Natural Gas Plant Liquids Production (Million Cubic Feet)
2014,4,9240,MMCF/D,FGW,Gross Withdrawals,NGM_EPG0_FGW_SAK_MMCFD,Alaska Natural Gas Gross Withdrawals (Million Cubic Feet per Day)
2014,4,277210,MMCF,FGW,Gross Withdrawals,N9010AK2,Alaska Natural Gas Gross Withdrawals (MMcf)
2014,4,28991,MMCF,VGM,Marketed Production,N9050AK2,Alaska Natural Gas Marketed Production (MMcf)
2014,4,0,MMCF,VRN,Removed from Natural Gas,N9030AK2,Alaska Nonhydrocarbon Gases Removed from Natural Gas (MMcf)
2014,4,247729,MMCF,VGQ,Repressuring,N9020AK2,Alaska Natural Gas Repressuring (MMcf)
2014,4,490,MMCF,VGV,Vented and Flared,N9040AK2,Alaska Natural Gas Vented and Flared (MMcf)
2014,4,0,MMCF,FGC,Withdrawals from Coalbed Wells,NGM_EPG0_FGC_SAK_MMCF,Alaska Natural Gas Gross Withdrawals from Coalbed Wells (MMcf)
2014,4,7994,MMCF,FGG,Withdrawals from Gas Wells,N9011AK2,Alaska Natural Gas Gross Withdrawals from Gas Wells (MMcf)
2014,4,269217,MMCF,FGO,Withdrawals from Oil Wells,N9012AK2,Alaska Natural Gas Gross Withdrawals from Oil Wells (MMcf)
2014,3,28498,MMCF,FPD,Dry Production,NA1160_SAK_2,Alaska Dry Natural Gas Production (Million Cubic Feet)
2014,3,1520,MMCF,VG9,Extraction Loss,NA1150_SAK_2,Alaska Natural Gas Plant Liquids Production (Million Cubic Feet)
2014,3,9645,MMCF/D,FGW,Gross Withdrawals,NGM_EPG0_FGW_SAK_MMCFD,Alaska Natural Gas Gross Withdrawals (Million Cubic Feet per Day)
2014,3,298987,MMCF,FGW,Gross Withdrawals,N9010AK2,Alaska Natural Gas Gross Withdrawals (MMcf)
2014,3,30018,MMCF,VGM,Marketed Production,N9050AK2,Alaska Natural Gas Marketed Production (MMcf)
2014,3,0,MMCF,VRN,Removed from Natural Gas,N9030AK2,Alaska Nonhydrocarbon Gases Removed from Natural Gas (MMcf)
2014,3,268503,MMCF,VGQ,Repressuring,N9020AK2,Alaska Natural Gas Repressuring (MMcf)
2014,3,466,MMCF,VGV,Vented and Flared,N9040AK2,Alaska Natural Gas Vented and Flared (MMcf)
2014,3,0,MMCF,FGC,Withdrawals from Coalbed Wells,NGM_EPG0_FGC_SAK_MMCF,Alaska Natural Gas Gross Withdrawals from Coalbed Wells (MMcf)
2014,3,8227,MMCF,FGG,Withdrawals from Gas Wells,N9011AK2,Alaska Natural Gas Gross Withdrawals from Gas Wells (MMcf)
2014,3,290759,MMCF,FGO,Withdrawals from Oil Wells,N9012AK2,Alaska Natural Gas Gross Withdrawals from Oil Wells (MMcf)
2014,2,26725,MMCF,FPD,Dry Production,NA1160_SAK_2,Alaska Dry Natural Gas Production (Million Cubic Feet)
2014,2,1363,MMCF,VG9,Extraction Loss,NA1150_SAK_2,Alaska Natural Gas Plant Liquids Production (Million Cubic Feet)
2014,2,9653,MMCF/D,FGW,Gross Withdrawals,NGM_EPG0_FGW_SAK_MMCFD,Alaska Natural Gas Gross Withdrawals (Million Cubic Feet per Day)
2014,2,270272,MMCF,FGW,Gross Withdrawals,N9010AK2,Alaska Natural Gas Gross Withdrawals (MMcf)
2014,2,28088,MMCF,VGM,Marketed Production,N9050AK2,Alaska Natural Gas Marketed Production (MMcf)
2014,2,0,MMCF,VRN,Removed from Natural Gas,N9030AK2,Alaska Nonhydrocarbon Gases Removed from Natural Gas (MMcf)
2014,2,241343,MMCF,VGQ,Repressuring,N9020AK2,Alaska Natural Gas Repressuring (MMcf)
2014,2,840,MMCF,VGV,Vented and Flared,N9040AK2,Alaska Natural Gas Vented and Flared (MMcf)
2014,2,0,MMCF,FGC,Withdrawals from Coalbed Wells,NGM_EPG0_FGC_SAK_MMCF,Alaska Natural Gas Gross Withdrawals from Coalbed Wells (MMcf)
2014,2,7588,MMCF,FGG,Withdrawals from Gas Wells,N9011AK2,Alaska Natural Gas Gross Withdrawals from Gas Wells (MMcf)
2014,2,262684,MMCF,FGO,Withdrawals from Oil Wells,N9012AK2,Alaska Natural Gas Gross Withdrawals from Oil Wells (MMcf)
2014,1,29599,MMCF,FPD,Dry Production,NA1160_SAK_2,Alaska Dry Natural Gas Production (Million Cubic Feet)
2014,1,1474,MMCF,VG9,Extraction Loss,NA1150_SAK_2,Alaska Natural Gas Plant Liquids Production (Million Cubic Feet)
2014,1,306344,MMCF,FGW,Gross Withdrawals,N9010AK2,Alaska Natural Gas Gross Withdrawals (MMcf)
2014,1,9882,MMCF/D,FGW,Gross Withdrawals,NGM_EPG0_FGW_SAK_MMCFD,Alaska Natural Gas Gross Withdrawals (Million Cubic Feet per Day)
2014,1,31073,MMCF,VGM,Marketed Production,N9050AK2,Alaska Natural Gas Marketed Production (MMcf)
2014,1,0,MMCF,VRN,Removed from Natural Gas,N9030AK2,Alaska Nonhydrocarbon Gases Removed from Natural Gas (MMcf)
2014,1,274825,MMCF,VGQ,Repressuring,N9020AK2,Alaska Natural Gas Repressuring (MMcf)
2014,1,447,MMCF,VGV,Vented and Flared,N9040AK2,Alaska Natural Gas Vented and Flared (MMcf)
2014,1,0,MMCF,FGC,Withdrawals from Coalbed Wells,NGM_EPG0_FGC_SAK_MMCF,Alaska Natural Gas Gross Withdrawals from Coalbed Wells (MMcf)
2014,1,8082,MMCF,FGG,Withdrawals from Gas Wells,N9011AK2,Alaska Natural Gas Gross Withdrawals from Gas Wells (MMcf)
2014,1,298263,MMCF,FGO,Withdrawals from Oil Wells,N9012AK2,Alaska Natural Gas Gross Withdrawals from Oil Wells (MMcf)
2013,12,29345,MMCF,FPD,Dry Production,NA1160_SAK_2,Alaska Dry Natural Gas Production (Million Cubic Feet)
2013,12,1762,MMCF,VG9,Extraction Loss,NA1150_SAK_2,Alaska Natural Gas Plant Liquids Production (Million Cubic Feet)
2013,12,9935,MMCF/D,FGW,Gross Withdrawals,NGM_EPG0_FGW_SAK_MMCFD,Alaska Natural Gas Gross Withdrawals (Million Cubic Feet per Day)
2013,12,307970,MMCF,FGW,Gross Withdrawals,N9010AK2,Alaska Natural Gas Gross Withdrawals (MMcf)
2013,12,31107,MMCF,VGM,Marketed Production,N9050AK2,Alaska Natural Gas Marketed Production (MMcf)
2013,12,0,MMCF,VRN,Removed from Natural Gas,N9030AK2,Alaska Nonhydrocarbon Gases Removed from Natural Gas (MMcf)
2013,12,276400,MMCF,VGQ,Repressuring,N9020AK2,Alaska Natural Gas Repressuring (MMcf)
2013,12,463,MMCF,VGV,Vented and Flared,N9040AK2,Alaska Natural Gas Vented and Flared (MMcf)
2013,12,0,MMCF,FGC,Withdrawals from Coalbed Wells,NGM_EPG0_FGC_SAK_MMCF,Alaska Natural Gas Gross Withdrawals from Coalbed Wells (MMcf)
2013,12,8077,MMCF,FGG,Withdrawals from Gas Wells,N9011AK2,Alaska Natural Gas Gross Withdrawals from Gas Wells (MMcf)
2013,12,299893,MMCF,FGO,Withdrawals from Oil Wells,N9012AK2,Alaska Natural Gas Gross Withdrawals from Oil Wells (MMcf)
2013,11,26832,MMCF,FPD,Dry Production,NA1160_SAK_2,Alaska Dry Natural Gas Production (Million Cubic Feet)
2013,11,1734,MMCF,VG9,Extraction Loss,NA1150_SAK_2,Alaska Natural Gas Plant Liquids Production (Million Cubic Feet)
2013,11,280048,MMCF,FGW,Gross Withdrawals,N9010AK2,Alaska Natural Gas Gross Withdrawals (MMcf)
2013,11,9335,MMCF/D,FGW,Gross Withdrawals,NGM_EPG0_FGW_SAK_MMCFD,Alaska Natural Gas Gross Withdrawals (Million Cubic Feet per Day)
2013,11,28566,MMCF,VGM,Marketed Production,N9050AK2,Alaska Natural Gas Marketed Production (MMcf)
2013,11,0,MMCF,VRN,Removed from Natural Gas,N9030AK2,Alaska Nonhydrocarbon Gases Removed from Natural Gas (MMcf)
2013,11,250922,MMCF,VGQ,Repressuring,N9020AK2,Alaska Natural Gas Repressuring (MMcf)
2013,11,560,MMCF,VGV,Vented and Flared,N9040AK2,Alaska Natural Gas Vented and Flared (MMcf)
2013,11,0,MMCF,FGC,Withdrawals from Coalbed Wells,NGM_EPG0_FGC_SAK_MMCF,Alaska Natural Gas Gross Withdrawals from Coalbed Wells (MMcf)
2013,11,7467,MMCF,FGG,Withdrawals from Gas Wells,N9011AK2,Alaska Natural Gas Gross Withdrawals from Gas Wells (MMcf)
2013,11,272581,MMCF,FGO,Withdrawals from Oil Wells,N9012AK2,Alaska Natural Gas Gross Withdrawals from Oil Wells (MMcf)
2013,10,26615,MMCF,FPD,Dry Production,NA1160_SAK_2,Alaska Dry Natural Gas Production (Million Cubic Feet)
2013,10,1774,MMCF,VG9,Extraction Loss,NA1150_SAK_2,Alaska Natural Gas Plant Liquids Production (Million Cubic Feet)
2013,10,261350,MMCF,FGW,Gross Withdrawals,N9010AK2,Alaska Natural Gas Gross Withdrawals (MMcf)
2013,10,8431,MMCF/D,FGW,Gross Withdrawals,NGM_EPG0_FGW_SAK_MMCFD,Alaska Natural Gas Gross Withdrawals (Million Cubic Feet per Day)
2013,10,28388,MMCF,VGM,Marketed Production,N9050AK2,Alaska Natural Gas Marketed Production (MMcf)
2013,10,0,MMCF,VRN,Removed from Natural Gas,N9030AK2,Alaska Nonhydrocarbon Gases Removed from Natural Gas (MMcf)
2013,10,232353,MMCF,VGQ,Repressuring,N9020AK2,Alaska Natural Gas Repressuring (MMcf)
2013,10,609,MMCF,VGV,Vented and Flared,N9040AK2,Alaska Natural Gas Vented and Flared (MMcf)
2013,10,0,MMCF,FGC,Withdrawals from Coalbed Wells,NGM_EPG0_FGC_SAK_MMCF,Alaska Natural Gas Gross Withdrawals from Coalbed Wells (MMcf)
2013,10,7680,MMCF,FGG,Withdrawals from Gas Wells,N9011AK2,Alaska Natural Gas Gross Withdrawals from Gas Wells (MMcf)
2013,10,253671,MMCF,FGO,Withdrawals from Oil Wells,N9012AK2,Alaska Natural Gas Gross Withdrawals from Oil Wells (MMcf)
2013,9,24203,MMCF,FPD,Dry Production,NA1160_SAK_2,Alaska Dry Natural Gas Production (Million Cubic Feet)
2013,9,1711,MMCF,VG9,Extraction Loss,NA1150_SAK_2,Alaska Natural Gas Plant Liquids Production (Million Cubic Feet)
2013,9,247528,MMCF,FGW,Gross Withdrawals,N9010AK2,Alaska Natural Gas Gross Withdrawals (MMcf)
2013,9,8251,MMCF/D,FGW,Gross Withdrawals,NGM_EPG0_FGW_SAK_MMCFD,Alaska Natural Gas Gross Withdrawals (Million Cubic Feet per Day)
2013,9,25914,MMCF,VGM,Marketed Production,N9050AK2,Alaska Natural Gas Marketed Production (MMcf)
2013,9,0,MMCF,VRN,Removed from Natural Gas,N9030AK2,Alaska Nonhydrocarbon Gases Removed from Natural Gas (MMcf)
2013,9,221149,MMCF,VGQ,Repressuring,N9020AK2,Alaska Natural Gas Repressuring (MMcf)
2013,9,464,MMCF,VGV,Vented and Flared,N9040AK2,Alaska Natural Gas Vented and Flared (MMcf)
2013,9,0,MMCF,FGC,Withdrawals from Coalbed Wells,NGM_EPG0_FGC_SAK_MMCF,Alaska Natural Gas Gross Withdrawals from Coalbed Wells (MMcf)
2013,9,7440,MMCF,FGG,Withdrawals from Gas Wells,N9011AK2,Alaska Natural Gas Gross Withdrawals from Gas Wells (MMcf)
2013,9,240087,MMCF,FGO,Withdrawals from Oil Wells,N9012AK2,Alaska Natural Gas Gross Withdrawals from Oil Wells (MMcf)
2013,8,21837,MMCF,FPD,Dry Production,NA1160_SAK_2,Alaska Dry Natural Gas Production (Million Cubic Feet)
2013,8,1773,MMCF,VG9,Extraction Loss,NA1150_SAK_2,Alaska Natural Gas Plant Liquids Production (Million Cubic Feet)
2013,8,7461,MMCF/D,FGW,Gross Withdrawals,NGM_EPG0_FGW_SAK_MMCFD,Alaska Natural Gas Gross Withdrawals (Million Cubic Feet per Day)
2013,8,231276,MMCF,FGW,Gross Withdrawals,N9010AK2,Alaska Natural Gas Gross Withdrawals (MMcf)
2013,8,23610,MMCF,VGM,Marketed Production,N9050AK2,Alaska Natural Gas Marketed Production (MMcf)
2013,8,0,MMCF,VRN,Removed from Natural Gas,N9030AK2,Alaska Nonhydrocarbon Gases Removed from Natural Gas (MMcf)
2013,8,207038,MMCF,VGQ,Repressuring,N9020AK2,Alaska Natural Gas Repressuring (MMcf)
2013,8,628,MMCF,VGV,Vented and Flared,N9040AK2,Alaska Natural Gas Vented and Flared (MMcf)
2013,8,0,MMCF,FGC,Withdrawals from Coalbed Wells,NGM_EPG0_FGC_SAK_MMCF,Alaska Natural Gas Gross Withdrawals from Coalbed Wells (MMcf)
2013,8,6282,MMCF,FGG,Withdrawals from Gas Wells,N9011AK2,Alaska Natural Gas Gross Withdrawals from Gas Wells (MMcf)
2013,8,224994,MMCF,FGO,Withdrawals from Oil Wells,N9012AK2,Alaska Natural Gas Gross Withdrawals from Oil Wells (MMcf)
2013,7,21678,MMCF,FPD,Dry Production,NA1160_SAK_2,Alaska Dry Natural Gas Production (Million Cubic Feet)
2013,7,1777,MMCF,VG9,Extraction Loss,NA1150_SAK_2,Alaska Natural Gas Plant Liquids Production (Million Cubic Feet)
2013,7,7804,MMCF/D,FGW,Gross Withdrawals,NGM_EPG0_FGW_SAK_MMCFD,Alaska Natural Gas Gross Withdrawals (Million Cubic Feet per Day)
2013,7,241910,MMCF,FGW,Gross Withdrawals,N9010AK2,Alaska Natural Gas Gross Withdrawals (MMcf)
2013,7,23455,MMCF,VGM,Marketed Production,N9050AK2,Alaska Natural Gas Marketed Production (MMcf)
2013,7,0,MMCF,VRN,Removed from Natural Gas,N9030AK2,Alaska Nonhydrocarbon Gases Removed from Natural Gas (MMcf)
2013,7,218027,MMCF,VGQ,Repressuring,N9020AK2,Alaska Natural Gas Repressuring (MMcf)
2013,7,428,MMCF,VGV,Vented and Flared,N9040AK2,Alaska Natural Gas Vented and Flared (MMcf)
2013,7,0,MMCF,FGC,Withdrawals from Coalbed Wells,NGM_EPG0_FGC_SAK_MMCF,Alaska Natural Gas Gross Withdrawals from Coalbed Wells (MMcf)
2013,7,5495,MMCF,FGG,Withdrawals from Gas Wells,N9011AK2,Alaska Natural Gas Gross Withdrawals from Gas Wells (MMcf)
2013,7,236415,MMCF,FGO,Withdrawals from Oil Wells,N9012AK2,Alaska Natural Gas Gross Withdrawals from Oil Wells (MMcf)
2013,6,23754,MMCF,FPD,Dry Production,NA1160_SAK_2,Alaska Dry Natural Gas Production (Million Cubic Feet)
2013,6,1686,MMCF,VG9,Extraction Loss,NA1150_SAK_2,Alaska Natural Gas Plant Liquids Production (Million Cubic Feet)
2013,6,7810,MMCF/D,FGW,Gross Withdrawals,NGM_EPG0_FGW_SAK_MMCFD,Alaska Natural Gas Gross Withdrawals (Million Cubic Feet per Day)
2013,6,234298,MMCF,FGW,Gross Withdrawals,N9010AK2,Alaska Natural Gas Gross Withdrawals (MMcf)
2013,6,25441,MMCF,VGM,Marketed Production,N9050AK2,Alaska Natural Gas Marketed Production (MMcf)
2013,6,0,MMCF,VRN,Removed from Natural Gas,N9030AK2,Alaska Nonhydrocarbon Gases Removed from Natural Gas (MMcf)
2013,6,208272,MMCF,VGQ,Repressuring,N9020AK2,Alaska Natural Gas Repressuring (MMcf)
2013,6,585,MMCF,VGV,Vented and Flared,N9040AK2,Alaska Natural Gas Vented and Flared (MMcf)
2013,6,0,MMCF,FGC,Withdrawals from Coalbed Wells,NGM_EPG0_FGC_SAK_MMCF,Alaska Natural Gas Gross Withdrawals from Coalbed Wells (MMcf)
2013,6,5839,MMCF,FGG,Withdrawals from Gas Wells,N9011AK2,Alaska Natural Gas Gross Withdrawals from Gas Wells (MMcf)
2013,6,228459,MMCF,FGO,Withdrawals from Oil Wells,N9012AK2,Alaska Natural Gas Gross Withdrawals from Oil Wells (MMcf)
2013,5,26157,MMCF,FPD,Dry Production,NA1160_SAK_2,Alaska Dry Natural Gas Production (Million Cubic Feet)
2013,5,1745,MMCF,VG9,Extraction Loss,NA1150_SAK_2,Alaska Natural Gas Plant Liquids Production (Million Cubic Feet)
2013,5,261025,MMCF,FGW,Gross Withdrawals,N9010AK2,Alaska Natural Gas Gross Withdrawals (MMcf)
2013,5,8420,MMCF/D,FGW,Gross Withdrawals,NGM_EPG0_FGW_SAK_MMCFD,Alaska Natural Gas Gross Withdrawals (Million Cubic Feet per Day)
2013,5,27902,MMCF,VGM,Marketed Production,N9050AK2,Alaska Natural Gas Marketed Production (MMcf)
2013,5,0,MMCF,VRN,Removed from Natural Gas,N9030AK2,Alaska Nonhydrocarbon Gases Removed from Natural Gas (MMcf)
2013,5,232549,MMCF,VGQ,Repressuring,N9020AK2,Alaska Natural Gas Repressuring (MMcf)
2013,5,574,MMCF,VGV,Vented and Flared,N9040AK2,Alaska Natural Gas Vented and Flared (MMcf)
2013,5,0,MMCF,FGC,Withdrawals from Coalbed Wells,NGM_EPG0_FGC_SAK_MMCF,Alaska Natural Gas Gross Withdrawals from Coalbed Wells (MMcf)
2013,5,6925,MMCF,FGG,Withdrawals from Gas Wells,N9011AK2,Alaska Natural Gas Gross Withdrawals from Gas Wells (MMcf)
2013,5,254100,MMCF,FGO,Withdrawals from Oil Wells,N9012AK2,Alaska Natural Gas Gross Withdrawals from Oil Wells (MMcf)
2013,4,28053,MMCF,FPD,Dry Production,NA1160_SAK_2,Alaska Dry Natural Gas Production (Million Cubic Feet)
2013,4,1694,MMCF,VG9,Extraction Loss,NA1150_SAK_2,Alaska Natural Gas Plant Liquids Production (Million Cubic Feet)
2013,4,9401,MMCF/D,FGW,Gross Withdrawals,NGM_EPG0_FGW_SAK_MMCFD,Alaska Natural Gas Gross Withdrawals (Million Cubic Feet per Day)
2013,4,282015,MMCF,FGW,Gross Withdrawals,N9010AK2,Alaska Natural Gas Gross Withdrawals (MMcf)
2013,4,29747,MMCF,VGM,Marketed Production,N9050AK2,Alaska Natural Gas Marketed Production (MMcf)
2013,4,0,MMCF,VRN,Removed from Natural Gas,N9030AK2,Alaska Nonhydrocarbon Gases Removed from Natural Gas (MMcf)
2013,4,251393,MMCF,VGQ,Repressuring,N9020AK2,Alaska Natural Gas Repressuring (MMcf)
2013,4,874,MMCF,VGV,Vented and Flared,N9040AK2,Alaska Natural Gas Vented and Flared (MMcf)
2013,4,0,MMCF,FGC,Withdrawals from Coalbed Wells,NGM_EPG0_FGC_SAK_MMCF,Alaska Natural Gas Gross Withdrawals from Coalbed Wells (MMcf)
2013,4,8380,MMCF,FGG,Withdrawals from Gas Wells,N9011AK2,Alaska Natural Gas Gross Withdrawals from Gas Wells (MMcf)
2013,4,273635,MMCF,FGO,Withdrawals from Oil Wells,N9012AK2,Alaska Natural Gas Gross Withdrawals from Oil Wells (MMcf)
2013,3,30274,MMCF,FPD,Dry Production,NA1160_SAK_2,Alaska Dry Natural Gas Production (Million Cubic Feet)
2013,3,1729,MMCF,VG9,Extraction Loss,NA1150_SAK_2,Alaska Natural Gas Plant Liquids Production (Million Cubic Feet)
2013,3,293657,MMCF,FGW,Gross Withdrawals,N9010AK2,Alaska Natural Gas Gross Withdrawals (MMcf)
2013,3,9473,MMCF/D,FGW,Gross Withdrawals,NGM_EPG0_FGW_SAK_MMCFD,Alaska Natural Gas Gross Withdrawals (Million Cubic Feet per Day)
2013,3,32002,MMCF,VGM,Marketed Production,N9050AK2,Alaska Natural Gas Marketed Production (MMcf)
2013,3,0,MMCF,VRN,Removed from Natural Gas,N9030AK2,Alaska Nonhydrocarbon Gases Removed from Natural Gas (MMcf)
2013,3,261039,MMCF,VGQ,Repressuring,N9020AK2,Alaska Natural Gas Repressuring (MMcf)
2013,3,615,MMCF,VGV,Vented and Flared,N9040AK2,Alaska Natural Gas Vented and Flared (MMcf)
2013,3,0,MMCF,FGC,Withdrawals from Coalbed Wells,NGM_EPG0_FGC_SAK_MMCF,Alaska Natural Gas Gross Withdrawals from Coalbed Wells (MMcf)
2013,3,9644,MMCF,FGG,Withdrawals from Gas Wells,N9011AK2,Alaska Natural Gas Gross Withdrawals from Gas Wells (MMcf)
2013,3,284013,MMCF,FGO,Withdrawals from Oil Wells,N9012AK2,Alaska Natural Gas Gross Withdrawals from Oil Wells (MMcf)
2013,2,28147,MMCF,FPD,Dry Production,NA1160_SAK_2,Alaska Dry Natural Gas Production (Million Cubic Feet)
2013,2,1566,MMCF,VG9,Extraction Loss,NA1150_SAK_2,Alaska Natural Gas Plant Liquids Production (Million Cubic Feet)
2013,2,269062,MMCF,FGW,Gross Withdrawals,N9010AK2,Alaska Natural Gas Gross Withdrawals (MMcf)
2013,2,9609,MMCF/D,FGW,Gross Withdrawals,NGM_EPG0_FGW_SAK_MMCFD,Alaska Natural Gas Gross Withdrawals (Million Cubic Feet per Day)
2013,2,29712,MMCF,VGM,Marketed Production,N9050AK2,Alaska Natural Gas Marketed Production (MMcf)
2013,2,0,MMCF,VRN,Removed from Natural Gas,N9030AK2,Alaska Nonhydrocarbon Gases Removed from Natural Gas (MMcf)
2013,2,238573,MMCF,VGQ,Repressuring,N9020AK2,Alaska Natural Gas Repressuring (MMcf)
2013,2,776,MMCF,VGV,Vented and Flared,N9040AK2,Alaska Natural Gas Vented and Flared (MMcf)
2013,2,0,MMCF,FGC,Withdrawals from Coalbed Wells,NGM_EPG0_FGC_SAK_MMCF,Alaska Natural Gas Gross Withdrawals from Coalbed Wells (MMcf)
2013,2,9103,MMCF,FGG,Withdrawals from Gas Wells,N9011AK2,Alaska Natural Gas Gross Withdrawals from Gas Wells (MMcf)
2013,2,259958,MMCF,FGO,Withdrawals from Oil Wells,N9012AK2,Alaska Natural Gas Gross Withdrawals from Oil Wells (MMcf)
2013,1,30609,MMCF,FPD,Dry Production,NA1160_SAK_2,Alaska Dry Natural Gas Production (Million Cubic Feet)
2013,1,1728,MMCF,VG9,Extraction Loss,NA1150_SAK_2,Alaska Natural Gas Plant Liquids Production (Million Cubic Feet)
2013,1,305219,MMCF,FGW,Gross Withdrawals,N9010AK2,Alaska Natural Gas Gross Withdrawals (MMcf)
2013,1,9846,MMCF/D,FGW,Gross Withdrawals,NGM_EPG0_FGW_SAK_MMCFD,Alaska Natural Gas Gross Withdrawals (Million Cubic Feet per Day)
2013,1,32338,MMCF,VGM,Marketed Production,N9050AK2,Alaska Natural Gas Marketed Production (MMcf)
2013,1,0,MMCF,VRN,Removed from Natural Gas,N9030AK2,Alaska Nonhydrocarbon Gases Removed from Natural Gas (MMcf)
2013,1,272240,MMCF,VGQ,Repressuring,N9020AK2,Alaska Natural Gas Repressuring (MMcf)
2013,1,642,MMCF,VGV,Vented and Flared,N9040AK2,Alaska Natural Gas Vented and Flared (MMcf)
2013,1,0,MMCF,FGC,Withdrawals from Coalbed Wells,NGM_EPG0_FGC_SAK_MMCF,Alaska Natural Gas Gross Withdrawals from Coalbed Wells (MMcf)
2013,1,9354,MMCF,FGG,Withdrawals from Gas Wells,N9011AK2,Alaska Natural Gas Gross Withdrawals from Gas Wells (MMcf)
2013,1,295866,MMCF,FGO,Withdrawals from Oil Wells,N9012AK2,Alaska Natural Gas Gross Withdrawals from Oil Wells (MMcf)
2012,12,30750,MMCF,FPD,Dry Production,NA1160_SAK_2,Alaska Dry Natural Gas Production (Million Cubic Feet)
2012,12,1828,MMCF,VG9,Extraction Loss,NA1150_SAK_2,Alaska Natural Gas Plant Liquids Production (Million Cubic Feet)
2012,12,9821,MMCF/D,FGW,Gross Withdrawals,NGM_EPG0_FGW_SAK_MMCFD,Alaska Natural Gas Gross Withdrawals (Million Cubic Feet per Day)
2012,12,304448,MMCF,FGW,Gross Withdrawals,N9010AK2,Alaska Natural Gas Gross Withdrawals (MMcf)
2012,12,32578,MMCF,VGM,Marketed Production,N9050AK2,Alaska Natural Gas Marketed Production (MMcf)
2012,12,0,MMCF,VRN,Removed from Natural Gas,N9030AK2,Alaska Nonhydrocarbon Gases Removed from Natural Gas (MMcf)
2012,12,271018,MMCF,VGQ,Repressuring,N9020AK2,Alaska Natural Gas Repressuring (MMcf)
2012,12,852,MMCF,VGV,Vented and Flared,N9040AK2,Alaska Natural Gas Vented and Flared (MMcf)
2012,12,0,MMCF,FGC,Withdrawals from Coalbed Wells,NGM_EPG0_FGC_SAK_MMCF,Alaska Natural Gas Gross Withdrawals from Coalbed Wells (MMcf)
2012,12,9409,MMCF,FGG,Withdrawals from Gas Wells,N9011AK2,Alaska Natural Gas Gross Withdrawals from Gas Wells (MMcf)
2012,12,295039,MMCF,FGO,Withdrawals from Oil Wells,N9012AK2,Alaska Natural Gas Gross Withdrawals from Oil Wells (MMcf)
2012,11,28530,MMCF,FPD,Dry Production,NA1160_SAK_2,Alaska Dry Natural Gas Production (Million Cubic Feet)
2012,11,1785,MMCF,VG9,Extraction Loss,NA1150_SAK_2,Alaska Natural Gas Plant Liquids Production (Million Cubic Feet)
2012,11,9604,MMCF/D,FGW,Gross Withdrawals,NGM_EPG0_FGW_SAK_MMCFD,Alaska Natural Gas Gross Withdrawals (Million Cubic Feet per Day)
2012,11,288120,MMCF,FGW,Gross Withdrawals,N9010AK2,Alaska Natural Gas Gross Withdrawals (MMcf)
2012,11,30315,MMCF,VGM,Marketed Production,N9050AK2,Alaska Natural Gas Marketed Production (MMcf)
2012,11,0,MMCF,VRN,Removed from Natural Gas,N9030AK2,Alaska Nonhydrocarbon Gases Removed from Natural Gas (MMcf)
2012,11,256951,MMCF,VGQ,Repressuring,N9020AK2,Alaska Natural Gas Repressuring (MMcf)
2012,11,854,MMCF,VGV,Vented and Flared,N9040AK2,Alaska Natural Gas Vented and Flared (MMcf)
2012,11,0,MMCF,FGC,Withdrawals from Coalbed Wells,NGM_EPG0_FGC_SAK_MMCF,Alaska Natural Gas Gross Withdrawals from Coalbed Wells (MMcf)
2012,11,8787,MMCF,FGG,Withdrawals from Gas Wells,N9011AK2,Alaska Natural Gas Gross Withdrawals from Gas Wells (MMcf)
2012,11,279333,MMCF,FGO,Withdrawals from Oil Wells,N9012AK2,Alaska Natural Gas Gross Withdrawals from Oil Wells (MMcf)
2012,10,28196,MMCF,FPD,Dry Production,NA1160_SAK_2,Alaska Dry Natural Gas Production (Million Cubic Feet)
2012,10,1842,MMCF,VG9,Extraction Loss,NA1150_SAK_2,Alaska Natural Gas Plant Liquids Production (Million Cubic Feet)
2012,10,9341,MMCF/D,FGW,Gross Withdrawals,NGM_EPG0_FGW_SAK_MMCFD,Alaska Natural Gas Gross Withdrawals (Million Cubic Feet per Day)
2012,10,289581,MMCF,FGW,Gross Withdrawals,N9010AK2,Alaska Natural Gas Gross Withdrawals (MMcf)
2012,10,30037,MMCF,VGM,Marketed Production,N9050AK2,Alaska Natural Gas Marketed Production (MMcf)
2012,10,0,MMCF,VRN,Removed from Natural Gas,N9030AK2,Alaska Nonhydrocarbon Gases Removed from Natural Gas (MMcf)
2012,10,258645,MMCF,VGQ,Repressuring,N9020AK2,Alaska Natural Gas Repressuring (MMcf)
2012,10,899,MMCF,VGV,Vented and Flared,N9040AK2,Alaska Natural Gas Vented and Flared (MMcf)
2012,10,0,MMCF,FGC,Withdrawals from Coalbed Wells,NGM_EPG0_FGC_SAK_MMCF,Alaska Natural Gas Gross Withdrawals from Coalbed Wells (MMcf)
2012,10,9071,MMCF,FGG,Withdrawals from Gas Wells,N9011AK2,Alaska Natural Gas Gross Withdrawals from Gas Wells (MMcf)
2012,10,280511,MMCF,FGO,Withdrawals from Oil Wells,N9012AK2,Alaska Natural Gas Gross Withdrawals from Oil Wells (MMcf)
2012,9,24677,MMCF,FPD,Dry Production,NA1160_SAK_2,Alaska Dry Natural Gas Production (Million Cubic Feet)
2012,9,1778,MMCF,VG9,Extraction Loss,NA1150_SAK_2,Alaska Natural Gas Plant Liquids Production (Million Cubic Feet)
2012,9,7666,MMCF/D,FGW,Gross Withdrawals,NGM_EPG0_FGW_SAK_MMCFD,Alaska Natural Gas Gross Withdrawals (Million Cubic Feet per Day)
2012,9,229966,MMCF,FGW,Gross Withdrawals,N9010AK2,Alaska Natural Gas Gross Withdrawals (MMcf)
2012,9,26456,MMCF,VGM,Marketed Production,N9050AK2,Alaska Natural Gas Marketed Production (MMcf)
2012,9,0,MMCF,VRN,Removed from Natural Gas,N9030AK2,Alaska Nonhydrocarbon Gases Removed from Natural Gas (MMcf)
2012,9,202416,MMCF,VGQ,Repressuring,N9020AK2,Alaska Natural Gas Repressuring (MMcf)
2012,9,1094,MMCF,VGV,Vented and Flared,N9040AK2,Alaska Natural Gas Vented and Flared (MMcf)
2012,9,0,MMCF,FGC,Withdrawals from Coalbed Wells,NGM_EPG0_FGC_SAK_MMCF,Alaska Natural Gas Gross Withdrawals from Coalbed Wells (MMcf)
2012,9,8442,MMCF,FGG,Withdrawals from Gas Wells,N9011AK2,Alaska Natural Gas Gross Withdrawals from Gas Wells (MMcf)
2012,9,221524,MMCF,FGO,Withdrawals from Oil Wells,N9012AK2,Alaska Natural Gas Gross Withdrawals from Oil Wells (MMcf)
2012,8,19108,MMCF,FPD,Dry Production,NA1160_SAK_2,Alaska Dry Natural Gas Production (Million Cubic Feet)
2012,8,1827,MMCF,VG9,Extraction Loss,NA1150_SAK_2,Alaska Natural Gas Plant Liquids Production (Million Cubic Feet)
2012,8,124711,MMCF,FGW,Gross Withdrawals,N9010AK2,Alaska Natural Gas Gross Withdrawals (MMcf)
2012,8,4023,MMCF/D,FGW,Gross Withdrawals,NGM_EPG0_FGW_SAK_MMCFD,Alaska Natural Gas Gross Withdrawals (Million Cubic Feet per Day)
2012,8,20935,MMCF,VGM,Marketed Production,N9050AK2,Alaska Natural Gas Marketed Production (MMcf)
2012,8,0,MMCF,VRN,Removed from Natural Gas,N9030AK2,Alaska Nonhydrocarbon Gases Removed from Natural Gas (MMcf)
2012,8,103008,MMCF,VGQ,Repressuring,N9020AK2,Alaska Natural Gas Repressuring (MMcf)
2012,8,769,MMCF,VGV,Vented and Flared,N9040AK2,Alaska Natural Gas Vented and Flared (MMcf)
2012,8,0,MMCF,FGC,Withdrawals from Coalbed Wells,NGM_EPG0_FGC_SAK_MMCF,Alaska Natural Gas Gross Withdrawals from Coalbed Wells (MMcf)
2012,8,8183,MMCF,FGG,Withdrawals from Gas Wells,N9011AK2,Alaska Natural Gas Gross Withdrawals from Gas Wells (MMcf)
2012,8,116528,MMCF,FGO,Withdrawals from Oil Wells,N9012AK2,Alaska Natural Gas Gross Withdrawals from Oil Wells (MMcf)
2012,7,24393,MMCF,FPD,Dry Production,NA1160_SAK_2,Alaska Dry Natural Gas Production (Million Cubic Feet)
2012,7,1836,MMCF,VG9,Extraction Loss,NA1150_SAK_2,Alaska Natural Gas Plant Liquids Production (Million Cubic Feet)
2012,7,6637,MMCF/D,FGW,Gross Withdrawals,NGM_EPG0_FGW_SAK_MMCFD,Alaska Natural Gas Gross Withdrawals (Million Cubic Feet per Day)
2012,7,205735,MMCF,FGW,Gross Withdrawals,N9010AK2,Alaska Natural Gas Gross Withdrawals (MMcf)
2012,7,26229,MMCF,VGM,Marketed Production,N9050AK2,Alaska Natural Gas Marketed Production (MMcf)
2012,7,0,MMCF,VRN,Removed from Natural Gas,N9030AK2,Alaska Nonhydrocarbon Gases Removed from Natural Gas (MMcf)
2012,7,178091,MMCF,VGQ,Repressuring,N9020AK2,Alaska Natural Gas Repressuring (MMcf)
2012,7,1414,MMCF,VGV,Vented and Flared,N9040AK2,Alaska Natural Gas Vented and Flared (MMcf)
2012,7,0,MMCF,FGC,Withdrawals from Coalbed Wells,NGM_EPG0_FGC_SAK_MMCF,Alaska Natural Gas Gross Withdrawals from Coalbed Wells (MMcf)
2012,7,8886,MMCF,FGG,Withdrawals from Gas Wells,N9011AK2,Alaska Natural Gas Gross Withdrawals from Gas Wells (MMcf)
2012,7,196848,MMCF,FGO,Withdrawals from Oil Wells,N9012AK2,Alaska Natural Gas Gross Withdrawals from Oil Wells (MMcf)
2012,6,25929,MMCF,FPD,Dry Production,NA1160_SAK_2,Alaska Dry Natural Gas Production (Million Cubic Feet)
2012,6,1732,MMCF,VG9,Extraction Loss,NA1150_SAK_2,Alaska Natural Gas Plant Liquids Production (Million Cubic Feet)
2012,6,251530,MMCF,FGW,Gross Withdrawals,N9010AK2,Alaska Natural Gas Gross Withdrawals (MMcf)
2012,6,8384,MMCF/D,FGW,Gross Withdrawals,NGM_EPG0_FGW_SAK_MMCFD,Alaska Natural Gas Gross Withdrawals (Million Cubic Feet per Day)
2012,6,27662,MMCF,VGM,Marketed Production,N9050AK2,Alaska Natural Gas Marketed Production (MMcf)
2012,6,0,MMCF,VRN,Removed from Natural Gas,N9030AK2,Alaska Nonhydrocarbon Gases Removed from Natural Gas (MMcf)
2012,6,222668,MMCF,VGQ,Repressuring,N9020AK2,Alaska Natural Gas Repressuring (MMcf)
2012,6,1200,MMCF,VGV,Vented and Flared,N9040AK2,Alaska Natural Gas Vented and Flared (MMcf)
2012,6,0,MMCF,FGC,Withdrawals from Coalbed Wells,NGM_EPG0_FGC_SAK_MMCF,Alaska Natural Gas Gross Withdrawals from Coalbed Wells (MMcf)
2012,6,8663,MMCF,FGG,Withdrawals from Gas Wells,N9011AK2,Alaska Natural Gas Gross Withdrawals from Gas Wells (MMcf)
2012,6,242867,MMCF,FGO,Withdrawals from Oil Wells,N9012AK2,Alaska Natural Gas Gross Withdrawals from Oil Wells (MMcf)
2012,5,28275,MMCF,FPD,Dry Production,NA1160_SAK_2,Alaska Dry Natural Gas Production (Million Cubic Feet)
2012,5,1801,MMCF,VG9,Extraction Loss,NA1150_SAK_2,Alaska Natural Gas Plant Liquids Production (Million Cubic Feet)
2012,5,9072,MMCF/D,FGW,Gross Withdrawals,NGM_EPG0_FGW_SAK_MMCFD,Alaska Natural Gas Gross Withdrawals (Million Cubic Feet per Day)
2012,5,281220,MMCF,FGW,Gross Withdrawals,N9010AK2,Alaska Natural Gas Gross Withdrawals (MMcf)
2012,5,30076,MMCF,VGM,Marketed Production,N9050AK2,Alaska Natural Gas Marketed Production (MMcf)
2012,5,0,MMCF,VRN,Removed from Natural Gas,N9030AK2,Alaska Nonhydrocarbon Gases Removed from Natural Gas (MMcf)
2012,5,250168,MMCF,VGQ,Repressuring,N9020AK2,Alaska Natural Gas Repressuring (MMcf)
2012,5,975,MMCF,VGV,Vented and Flared,N9040AK2,Alaska Natural Gas Vented and Flared (MMcf)
2012,5,0,MMCF,FGC,Withdrawals from Coalbed Wells,NGM_EPG0_FGC_SAK_MMCF,Alaska Natural Gas Gross Withdrawals from Coalbed Wells (MMcf)
2012,5,8943,MMCF,FGG,Withdrawals from Gas Wells,N9011AK2,Alaska Natural Gas Gross Withdrawals from Gas Wells (MMcf)
2012,5,272276,MMCF,FGO,Withdrawals from Oil Wells,N9012AK2,Alaska Natural Gas Gross Withdrawals from Oil Wells (MMcf)
2012,4,27923,MMCF,FPD,Dry Production,NA1160_SAK_2,Alaska Dry Natural Gas Production (Million Cubic Feet)
2012,4,1736,MMCF,VG9,Extraction Loss,NA1150_SAK_2,Alaska Natural Gas Plant Liquids Production (Million Cubic Feet)
2012,4,9127,MMCF/D,FGW,Gross Withdrawals,NGM_EPG0_FGW_SAK_MMCFD,Alaska Natural Gas Gross Withdrawals (Million Cubic Feet per Day)
2012,4,273796,MMCF,FGW,Gross Withdrawals,N9010AK2,Alaska Natural Gas Gross Withdrawals (MMcf)
2012,4,29660,MMCF,VGM,Marketed Production,N9050AK2,Alaska Natural Gas Marketed Production (MMcf)
2012,4,0,MMCF,VRN,Removed from Natural Gas,N9030AK2,Alaska Nonhydrocarbon Gases Removed from Natural Gas (MMcf)
2012,4,243280,MMCF,VGQ,Repressuring,N9020AK2,Alaska Natural Gas Repressuring (MMcf)
2012,4,856,MMCF,VGV,Vented and Flared,N9040AK2,Alaska Natural Gas Vented and Flared (MMcf)
2012,4,0,MMCF,FGC,Withdrawals from Coalbed Wells,NGM_EPG0_FGC_SAK_MMCF,Alaska Natural Gas Gross Withdrawals from Coalbed Wells (MMcf)
2012,4,8936,MMCF,FGG,Withdrawals from Gas Wells,N9011AK2,Alaska Natural Gas Gross Withdrawals from Gas Wells (MMcf)
2012,4,264859,MMCF,FGO,Withdrawals from Oil Wells,N9012AK2,Alaska Natural Gas Gross Withdrawals from Oil Wells (MMcf)
2012,3,30747,MMCF,FPD,Dry Production,NA1160_SAK_2,Alaska Dry Natural Gas Production (Million Cubic Feet)
2012,3,1799,MMCF,VG9,Extraction Loss,NA1150_SAK_2,Alaska Natural Gas Plant Liquids Production (Million Cubic Feet)
2012,3,9939,MMCF/D,FGW,Gross Withdrawals,NGM_EPG0_FGW_SAK_MMCFD,Alaska Natural Gas Gross Withdrawals (Million Cubic Feet per Day)
2012,3,308116,MMCF,FGW,Gross Withdrawals,N9010AK2,Alaska Natural Gas Gross Withdrawals (MMcf)
2012,3,32546,MMCF,VGM,Marketed Production,N9050AK2,Alaska Natural Gas Marketed Production (MMcf)
2012,3,0,MMCF,VRN,Removed from Natural Gas,N9030AK2,Alaska Nonhydrocarbon Gases Removed from Natural Gas (MMcf)
2012,3,274651,MMCF,VGQ,Repressuring,N9020AK2,Alaska Natural Gas Repressuring (MMcf)
2012,3,919,MMCF,VGV,Vented and Flared,N9040AK2,Alaska Natural Gas Vented and Flared (MMcf)
2012,3,0,MMCF,FGC,Withdrawals from Coalbed Wells,NGM_EPG0_FGC_SAK_MMCF,Alaska Natural Gas Gross Withdrawals from Coalbed Wells (MMcf)
2012,3,9561,MMCF,FGG,Withdrawals from Gas Wells,N9011AK2,Alaska Natural Gas Gross Withdrawals from Gas Wells (MMcf)
2012,3,298554,MMCF,FGO,Withdrawals from Oil Wells,N9012AK2,Alaska Natural Gas Gross Withdrawals from Oil Wells (MMcf)
2012,2,29171,MMCF,FPD,Dry Production,NA1160_SAK_2,Alaska Dry Natural Gas Production (Million Cubic Feet)
2012,2,1677,MMCF,VG9,Extraction Loss,NA1150_SAK_2,Alaska Natural Gas Plant Liquids Production (Million Cubic Feet)
2012,2,9980,MMCF/D,FGW,Gross Withdrawals,NGM_EPG0_FGW_SAK_MMCFD,Alaska Natural Gas Gross Withdrawals (Million Cubic Feet per Day)
2012,2,289432,MMCF,FGW,Gross Withdrawals,N9010AK2,Alaska Natural Gas Gross Withdrawals (MMcf)
2012,2,30848,MMCF,VGM,Marketed Production,N9050AK2,Alaska Natural Gas Marketed Production (MMcf)
2012,2,0,MMCF,VRN,Removed from Natural Gas,N9030AK2,Alaska Nonhydrocarbon Gases Removed from Natural Gas (MMcf)
2012,2,257468,MMCF,VGQ,Repressuring,N9020AK2,Alaska Natural Gas Repressuring (MMcf)
2012,2,1116,MMCF,VGV,Vented and Flared,N9040AK2,Alaska Natural Gas Vented and Flared (MMcf)
2012,2,0,MMCF,FGC,Withdrawals from Coalbed Wells,NGM_EPG0_FGC_SAK_MMCF,Alaska Natural Gas Gross Withdrawals from Coalbed Wells (MMcf)
2012,2,8978,MMCF,FGG,Withdrawals from Gas Wells,N9011AK2,Alaska Natural Gas Gross Withdrawals from Gas Wells (MMcf)
2012,2,280454,MMCF,FGO,Withdrawals from Oil Wells,N9012AK2,Alaska Natural Gas Gross Withdrawals from Oil Wells (MMcf)
2012,1,32091,MMCF,FPD,Dry Production,NA1160_SAK_2,Alaska Dry Natural Gas Production (Million Cubic Feet)
2012,1,1828,MMCF,VG9,Extraction Loss,NA1150_SAK_2,Alaska Natural Gas Plant Liquids Production (Million Cubic Feet)
2012,1,10262,MMCF/D,FGW,Gross Withdrawals,NGM_EPG0_FGW_SAK_MMCFD,Alaska Natural Gas Gross Withdrawals (Million Cubic Feet per Day)
2012,1,318136,MMCF,FGW,Gross Withdrawals,N9010AK2,Alaska Natural Gas Gross Withdrawals (MMcf)
2012,1,33919,MMCF,VGM,Marketed Production,N9050AK2,Alaska Natural Gas Marketed Production (MMcf)
2012,1,0,MMCF,VRN,Removed from Natural Gas,N9030AK2,Alaska Nonhydrocarbon Gases Removed from Natural Gas (MMcf)
2012,1,283398,MMCF,VGQ,Repressuring,N9020AK2,Alaska Natural Gas Repressuring (MMcf)
2012,1,820,MMCF,VGV,Vented and Flared,N9040AK2,Alaska Natural Gas Vented and Flared (MMcf)
2012,1,0,MMCF,FGC,Withdrawals from Coalbed Wells,NGM_EPG0_FGC_SAK_MMCF,Alaska Natural Gas Gross Withdrawals from Coalbed Wells (MMcf)
2012,1,10012,MMCF,FGG,Withdrawals from Gas Wells,N9011AK2,Alaska Natural Gas Gross Withdrawals from Gas Wells (MMcf)
2012,1,308125,MMCF,FGO,Withdrawals from Oil Wells,N9012AK2,Alaska Natural Gas Gross Withdrawals from Oil Wells (MMcf)
2011,12,30061,MMCF,FPD,Dry Production,NA1160_SAK_2,Alaska Dry Natural Gas Production (Million Cubic Feet)
2011,12,1914,MMCF,VG9,Extraction Loss,NA1150_SAK_2,Alaska Natural Gas Plant Liquids Production (Million Cubic Feet)
2011,12,309351,MMCF,FGW,Gross Withdrawals,N9010AK2,Alaska Natural Gas Gross Withdrawals (MMcf)
2011,12,9979,MMCF/D,FGW,Gross Withdrawals,NGM_EPG0_FGW_SAK_MMCFD,Alaska Natural Gas Gross Withdrawals (Million Cubic Feet per Day)
2011,12,31976,MMCF,VGM,Marketed Production,N9050AK2,Alaska Natural Gas Marketed Production (MMcf)
2011,12,0,MMCF,VRN,Removed from Natural Gas,N9030AK2,Alaska Nonhydrocarbon Gases Removed from Natural Gas (MMcf)
2011,12,276208,MMCF,VGQ,Repressuring,N9020AK2,Alaska Natural Gas Repressuring (MMcf)
2011,12,1167,MMCF,VGV,Vented and Flared,N9040AK2,Alaska Natural Gas Vented and Flared (MMcf)
2011,12,0,MMCF,FGC,Withdrawals from Coalbed Wells,NGM_EPG0_FGC_SAK_MMCF,Alaska Natural Gas Gross Withdrawals from Coalbed Wells (MMcf)
2011,12,9536,MMCF,FGG,Withdrawals from Gas Wells,N9011AK2,Alaska Natural Gas Gross Withdrawals from Gas Wells (MMcf)
2011,12,299815,MMCF,FGO,Withdrawals from Oil Wells,N9012AK2,Alaska Natural Gas Gross Withdrawals from Oil Wells (MMcf)
2011,11,29427,MMCF,FPD,Dry Production,NA1160_SAK_2,Alaska Dry Natural Gas Production (Million Cubic Feet)
2011,11,1862,MMCF,VG9,Extraction Loss,NA1150_SAK_2,Alaska Natural Gas Plant Liquids Production (Million Cubic Feet)
2011,11,302617,MMCF,FGW,Gross Withdrawals,N9010AK2,Alaska Natural Gas Gross Withdrawals (MMcf)
2011,11,10087,MMCF/D,FGW,Gross Withdrawals,NGM_EPG0_FGW_SAK_MMCFD,Alaska Natural Gas Gross Withdrawals (Million Cubic Feet per Day)
2011,11,31288,MMCF,VGM,Marketed Production,N9050AK2,Alaska Natural Gas Marketed Production (MMcf)
2011,11,0,MMCF,VRN,Removed from Natural Gas,N9030AK2,Alaska Nonhydrocarbon Gases Removed from Natural Gas (MMcf)
2011,11,270487,MMCF,VGQ,Repressuring,N9020AK2,Alaska Natural Gas Repressuring (MMcf)
2011,11,842,MMCF,VGV,Vented and Flared,N9040AK2,Alaska Natural Gas Vented and Flared (MMcf)
2011,11,0,MMCF,FGC,Withdrawals from Coalbed Wells,NGM_EPG0_FGC_SAK_MMCF,Alaska Natural Gas Gross Withdrawals from Coalbed Wells (MMcf)
2011,11,9588,MMCF,FGG,Withdrawals from Gas Wells,N9011AK2,Alaska Natural Gas Gross Withdrawals from Gas Wells (MMcf)
2011,11,293029,MMCF,FGO,Withdrawals from Oil Wells,N9012AK2,Alaska Natural Gas Gross Withdrawals from Oil Wells (MMcf)
2011,10,27634,MMCF,FPD,Dry Production,NA1160_SAK_2,Alaska Dry Natural Gas Production (Million Cubic Feet)
2011,10,1900,MMCF,VG9,Extraction Loss,NA1150_SAK_2,Alaska Natural Gas Plant Liquids Production (Million Cubic Feet)
2011,10,273553,MMCF,FGW,Gross Withdrawals,N9010AK2,Alaska Natural Gas Gross Withdrawals (MMcf)
2011,10,8824,MMCF/D,FGW,Gross Withdrawals,NGM_EPG0_FGW_SAK_MMCFD,Alaska Natural Gas Gross Withdrawals (Million Cubic Feet per Day)
2011,10,29534,MMCF,VGM,Marketed Production,N9050AK2,Alaska Natural Gas Marketed Production (MMcf)
2011,10,0,MMCF,VRN,Removed from Natural Gas,N9030AK2,Alaska Nonhydrocarbon Gases Removed from Natural Gas (MMcf)
2011,10,243207,MMCF,VGQ,Repressuring,N9020AK2,Alaska Natural Gas Repressuring (MMcf)
2011,10,812,MMCF,VGV,Vented and Flared,N9040AK2,Alaska Natural Gas Vented and Flared (MMcf)
2011,10,0,MMCF,FGC,Withdrawals from Coalbed Wells,NGM_EPG0_FGC_SAK_MMCF,Alaska Natural Gas Gross Withdrawals from Coalbed Wells (MMcf)
2011,10,9117,MMCF,FGG,Withdrawals from Gas Wells,N9011AK2,Alaska Natural Gas Gross Withdrawals from Gas Wells (MMcf)
2011,10,264437,MMCF,FGO,Withdrawals from Oil Wells,N9012AK2,Alaska Natural Gas Gross Withdrawals from Oil Wells (MMcf)
2011,9,27235,MMCF,FPD,Dry Production,NA1160_SAK_2,Alaska Dry Natural Gas Production (Million Cubic Feet)
2011,9,1782,MMCF,VG9,Extraction Loss,NA1150_SAK_2,Alaska Natural Gas Plant Liquids Production (Million Cubic Feet)
2011,9,261782,MMCF,FGW,Gross Withdrawals,N9010AK2,Alaska Natural Gas Gross Withdrawals (MMcf)
2011,9,8726,MMCF/D,FGW,Gross Withdrawals,NGM_EPG0_FGW_SAK_MMCFD,Alaska Natural Gas Gross Withdrawals (Million Cubic Feet per Day)
2011,9,29017,MMCF,VGM,Marketed Production,N9050AK2,Alaska Natural Gas Marketed Production (MMcf)
2011,9,0,MMCF,VRN,Removed from Natural Gas,N9030AK2,Alaska Nonhydrocarbon Gases Removed from Natural Gas (MMcf)
2011,9,232040,MMCF,VGQ,Repressuring,N9020AK2,Alaska Natural Gas Repressuring (MMcf)
2011,9,725,MMCF,VGV,Vented and Flared,N9040AK2,Alaska Natural Gas Vented and Flared (MMcf)
2011,9,0,MMCF,FGC,Withdrawals from Coalbed Wells,NGM_EPG0_FGC_SAK_MMCF,Alaska Natural Gas Gross Withdrawals from Coalbed Wells (MMcf)
2011,9,8550,MMCF,FGG,Withdrawals from Gas Wells,N9011AK2,Alaska Natural Gas Gross Withdrawals from Gas Wells (MMcf)
2011,9,253231,MMCF,FGO,Withdrawals from Oil Wells,N9012AK2,Alaska Natural Gas Gross Withdrawals from Oil Wells (MMcf)
2011,8,24126,MMCF,FPD,Dry Production,NA1160_SAK_2,Alaska Dry Natural Gas Production (Million Cubic Feet)
2011,8,1844,MMCF,VG9,Extraction Loss,NA1150_SAK_2,Alaska Natural Gas Plant Liquids Production (Million Cubic Feet)
2011,8,210589,MMCF,FGW,Gross Withdrawals,N9010AK2,Alaska Natural Gas Gross Withdrawals (MMcf)
2011,8,6793,MMCF/D,FGW,Gross Withdrawals,NGM_EPG0_FGW_SAK_MMCFD,Alaska Natural Gas Gross Withdrawals (Million Cubic Feet per Day)
2011,8,25971,MMCF,VGM,Marketed Production,N9050AK2,Alaska Natural Gas Marketed Production (MMcf)
2011,8,0,MMCF,VRN,Removed from Natural Gas,N9030AK2,Alaska Nonhydrocarbon Gases Removed from Natural Gas (MMcf)
2011,8,183801,MMCF,VGQ,Repressuring,N9020AK2,Alaska Natural Gas Repressuring (MMcf)
2011,8,817,MMCF,VGV,Vented and Flared,N9040AK2,Alaska Natural Gas Vented and Flared (MMcf)
2011,8,0,MMCF,FGC,Withdrawals from Coalbed Wells,NGM_EPG0_FGC_SAK_MMCF,Alaska Natural Gas Gross Withdrawals from Coalbed Wells (MMcf)
2011,8,8217,MMCF,FGG,Withdrawals from Gas Wells,N9011AK2,Alaska Natural Gas Gross Withdrawals from Gas Wells (MMcf)
2011,8,202372,MMCF,FGO,Withdrawals from Oil Wells,N9012AK2,Alaska Natural Gas Gross Withdrawals from Oil Wells (MMcf)
2011,7,21238,MMCF,FPD,Dry Production,NA1160_SAK_2,Alaska Dry Natural Gas Production (Million Cubic Feet)
2011,7,1823,MMCF,VG9,Extraction Loss,NA1150_SAK_2,Alaska Natural Gas Plant Liquids Production (Million Cubic Feet)
2011,7,187004,MMCF,FGW,Gross Withdrawals,N9010AK2,Alaska Natural Gas Gross Withdrawals (MMcf)
2011,7,6032,MMCF/D,FGW,Gross Withdrawals,NGM_EPG0_FGW_SAK_MMCFD,Alaska Natural Gas Gross Withdrawals (Million Cubic Feet per Day)
2011,7,23061,MMCF,VGM,Marketed Production,N9050AK2,Alaska Natural Gas Marketed Production (MMcf)
2011,7,0,MMCF,VRN,Removed from Natural Gas,N9030AK2,Alaska Nonhydrocarbon Gases Removed from Natural Gas (MMcf)
2011,7,162648,MMCF,VGQ,Repressuring,N9020AK2,Alaska Natural Gas Repressuring (MMcf)
2011,7,1294,MMCF,VGV,Vented and Flared,N9040AK2,Alaska Natural Gas Vented and Flared (MMcf)
2011,7,0,MMCF,FGC,Withdrawals from Coalbed Wells,NGM_EPG0_FGC_SAK_MMCF,Alaska Natural Gas Gross Withdrawals from Coalbed Wells (MMcf)
2011,7,8475,MMCF,FGG,Withdrawals from Gas Wells,N9011AK2,Alaska Natural Gas Gross Withdrawals from Gas Wells (MMcf)
2011,7,178529,MMCF,FGO,Withdrawals from Oil Wells,N9012AK2,Alaska Natural Gas Gross Withdrawals from Oil Wells (MMcf)
2011,6,24866,MMCF,FPD,Dry Production,NA1160_SAK_2,Alaska Dry Natural Gas Production (Million Cubic Feet)
2011,6,1753,MMCF,VG9,Extraction Loss,NA1150_SAK_2,Alaska Natural Gas Plant Liquids Production (Million Cubic Feet)
2011,6,248460,MMCF,FGW,Gross Withdrawals,N9010AK2,Alaska Natural Gas Gross Withdrawals (MMcf)
2011,6,8282,MMCF/D,FGW,Gross Withdrawals,NGM_EPG0_FGW_SAK_MMCFD,Alaska Natural Gas Gross Withdrawals (Million Cubic Feet per Day)
2011,6,26619,MMCF,VGM,Marketed Production,N9050AK2,Alaska Natural Gas Marketed Production (MMcf)
2011,6,0,MMCF,VRN,Removed from Natural Gas,N9030AK2,Alaska Nonhydrocarbon Gases Removed from Natural Gas (MMcf)
2011,6,220987,MMCF,VGQ,Repressuring,N9020AK2,Alaska Natural Gas Repressuring (MMcf)
2011,6,854,MMCF,VGV,Vented and Flared,N9040AK2,Alaska Natural Gas Vented and Flared (MMcf)
2011,6,0,MMCF,FGC,Withdrawals from Coalbed Wells,NGM_EPG0_FGC_SAK_MMCF,Alaska Natural Gas Gross Withdrawals from Coalbed Wells (MMcf)
2011,6,8251,MMCF,FGG,Withdrawals from Gas Wells,N9011AK2,Alaska Natural Gas Gross Withdrawals from Gas Wells (MMcf)
2011,6,240209,MMCF,FGO,Withdrawals from Oil Wells,N9012AK2,Alaska Natural Gas Gross Withdrawals from Oil Wells (MMcf)
2011,5,29180,MMCF,FPD,Dry Production,NA1160_SAK_2,Alaska Dry Natural Gas Production (Million Cubic Feet)
2011,5,1821,MMCF,VG9,Extraction Loss,NA1150_SAK_2,Alaska Natural Gas Plant Liquids Production (Million Cubic Feet)
2011,5,269313,MMCF,FGW,Gross Withdrawals,N9010AK2,Alaska Natural Gas Gross Withdrawals (MMcf)
2011,5,8688,MMCF/D,FGW,Gross Withdrawals,NGM_EPG0_FGW_SAK_MMCFD,Alaska Natural Gas Gross Withdrawals (Million Cubic Feet per Day)
2011,5,31001,MMCF,VGM,Marketed Production,N9050AK2,Alaska Natural Gas Marketed Production (MMcf)
2011,5,0,MMCF,VRN,Removed from Natural Gas,N9030AK2,Alaska Nonhydrocarbon Gases Removed from Natural Gas (MMcf)
2011,5,237279,MMCF,VGQ,Repressuring,N9020AK2,Alaska Natural Gas Repressuring (MMcf)
2011,5,1033,MMCF,VGV,Vented and Flared,N9040AK2,Alaska Natural Gas Vented and Flared (MMcf)
2011,5,0,MMCF,FGC,Withdrawals from Coalbed Wells,NGM_EPG0_FGC_SAK_MMCF,Alaska Natural Gas Gross Withdrawals from Coalbed Wells (MMcf)
2011,5,9241,MMCF,FGG,Withdrawals from Gas Wells,N9011AK2,Alaska Natural Gas Gross Withdrawals from Gas Wells (MMcf)
2011,5,260072,MMCF,FGO,Withdrawals from Oil Wells,N9012AK2,Alaska Natural Gas Gross Withdrawals from Oil Wells (MMcf)
2011,4,30107,MMCF,FPD,Dry Production,NA1160_SAK_2,Alaska Dry Natural Gas Production (Million Cubic Feet)
2011,4,1758,MMCF,VG9,Extraction Loss,NA1150_SAK_2,Alaska Natural Gas Plant Liquids Production (Million Cubic Feet)
2011,4,285567,MMCF,FGW,Gross Withdrawals,N9010AK2,Alaska Natural Gas Gross Withdrawals (MMcf)
2011,4,9519,MMCF/D,FGW,Gross Withdrawals,NGM_EPG0_FGW_SAK_MMCFD,Alaska Natural Gas Gross Withdrawals (Million Cubic Feet per Day)
2011,4,31865,MMCF,VGM,Marketed Production,N9050AK2,Alaska Natural Gas Marketed Production (MMcf)
2011,4,0,MMCF,VRN,Removed from Natural Gas,N9030AK2,Alaska Nonhydrocarbon Gases Removed from Natural Gas (MMcf)
2011,4,252973,MMCF,VGQ,Repressuring,N9020AK2,Alaska Natural Gas Repressuring (MMcf)
2011,4,728,MMCF,VGV,Vented and Flared,N9040AK2,Alaska Natural Gas Vented and Flared (MMcf)
2011,4,0,MMCF,FGC,Withdrawals from Coalbed Wells,NGM_EPG0_FGC_SAK_MMCF,Alaska Natural Gas Gross Withdrawals from Coalbed Wells (MMcf)
2011,4,9708,MMCF,FGG,Withdrawals from Gas Wells,N9011AK2,Alaska Natural Gas Gross Withdrawals from Gas Wells (MMcf)
2011,4,275859,MMCF,FGO,Withdrawals from Oil Wells,N9012AK2,Alaska Natural Gas Gross Withdrawals from Oil Wells (MMcf)
2011,3,31994,MMCF,FPD,Dry Production,NA1160_SAK_2,Alaska Dry Natural Gas Production (Million Cubic Feet)
2011,3,1796,MMCF,VG9,Extraction Loss,NA1150_SAK_2,Alaska Natural Gas Plant Liquids Production (Million Cubic Feet)
2011,3,303814,MMCF,FGW,Gross Withdrawals,N9010AK2,Alaska Natural Gas Gross Withdrawals (MMcf)
2011,3,9800,MMCF/D,FGW,Gross Withdrawals,NGM_EPG0_FGW_SAK_MMCFD,Alaska Natural Gas Gross Withdrawals (Million Cubic Feet per Day)
2011,3,33790,MMCF,VGM,Marketed Production,N9050AK2,Alaska Natural Gas Marketed Production (MMcf)
2011,3,0,MMCF,VRN,Removed from Natural Gas,N9030AK2,Alaska Nonhydrocarbon Gases Removed from Natural Gas (MMcf)
2011,3,269292,MMCF,VGQ,Repressuring,N9020AK2,Alaska Natural Gas Repressuring (MMcf)
2011,3,732,MMCF,VGV,Vented and Flared,N9040AK2,Alaska Natural Gas Vented and Flared (MMcf)
2011,3,0,MMCF,FGC,Withdrawals from Coalbed Wells,NGM_EPG0_FGC_SAK_MMCF,Alaska Natural Gas Gross Withdrawals from Coalbed Wells (MMcf)
2011,3,10464,MMCF,FGG,Withdrawals from Gas Wells,N9011AK2,Alaska Natural Gas Gross Withdrawals from Gas Wells (MMcf)
2011,3,293350,MMCF,FGO,Withdrawals from Oil Wells,N9012AK2,Alaska Natural Gas Gross Withdrawals from Oil Wells (MMcf)
2011,2,29526,MMCF,FPD,Dry Production,NA1160_SAK_2,Alaska Dry Natural Gas Production (Million Cubic Feet)
2011,2,1550,MMCF,VG9,Extraction Loss,NA1150_SAK_2,Alaska Natural Gas Plant Liquids Production (Million Cubic Feet)
2011,2,9761,MMCF/D,FGW,Gross Withdrawals,NGM_EPG0_FGW_SAK_MMCFD,Alaska Natural Gas Gross Withdrawals (Million Cubic Feet per Day)
2011,2,273308,MMCF,FGW,Gross Withdrawals,N9010AK2,Alaska Natural Gas Gross Withdrawals (MMcf)
2011,2,31076,MMCF,VGM,Marketed Production,N9050AK2,Alaska Natural Gas Marketed Production (MMcf)
2011,2,0,MMCF,VRN,Removed from Natural Gas,N9030AK2,Alaska Nonhydrocarbon Gases Removed from Natural Gas (MMcf)
2011,2,241395,MMCF,VGQ,Repressuring,N9020AK2,Alaska Natural Gas Repressuring (MMcf)
2011,2,837,MMCF,VGV,Vented and Flared,N9040AK2,Alaska Natural Gas Vented and Flared (MMcf)
2011,2,0,MMCF,FGC,Withdrawals from Coalbed Wells,NGM_EPG0_FGC_SAK_MMCF,Alaska Natural Gas Gross Withdrawals from Coalbed Wells (MMcf)
2011,2,9957,MMCF,FGG,Withdrawals from Gas Wells,N9011AK2,Alaska Natural Gas Gross Withdrawals from Gas Wells (MMcf)
2011,2,263351,MMCF,FGO,Withdrawals from Oil Wells,N9012AK2,Alaska Natural Gas Gross Withdrawals from Oil Wells (MMcf)
2011,1,29275,MMCF,FPD,Dry Production,NA1160_SAK_2,Alaska Dry Natural Gas Production (Million Cubic Feet)
2011,1,1751,MMCF,VG9,Extraction Loss,NA1150_SAK_2,Alaska Natural Gas Plant Liquids Production (Million Cubic Feet)
2011,1,7663,MMCF/D,FGW,Gross Withdrawals,NGM_EPG0_FGW_SAK_MMCFD,Alaska Natural Gas Gross Withdrawals (Million Cubic Feet per Day)
2011,1,237565,MMCF,FGW,Gross Withdrawals,N9010AK2,Alaska Natural Gas Gross Withdrawals (MMcf)
2011,1,31027,MMCF,VGM,Marketed Production,N9050AK2,Alaska Natural Gas Marketed Production (MMcf)
2011,1,0,MMCF,VRN,Removed from Natural Gas,N9030AK2,Alaska Nonhydrocarbon Gases Removed from Natural Gas (MMcf)
2011,1,205415,MMCF,VGQ,Repressuring,N9020AK2,Alaska Natural Gas Repressuring (MMcf)
2011,1,1124,MMCF,VGV,Vented and Flared,N9040AK2,Alaska Natural Gas Vented and Flared (MMcf)
2011,1,0,MMCF,FGC,Withdrawals from Coalbed Wells,NGM_EPG0_FGC_SAK_MMCF,Alaska Natural Gas Gross Withdrawals from Coalbed Wells (MMcf)
2011,1,11164,MMCF,FGG,Withdrawals from Gas Wells,N9011AK2,Alaska Natural Gas Gross Withdrawals from Gas Wells (MMcf)
2011,1,226402,MMCF,FGO,Withdrawals from Oil Wells,N9012AK2,Alaska Natural Gas Gross Withdrawals from Oil Wells (MMcf)
2010,12,33418,MMCF,FPD,Dry Production,NA1160_SAK_2,Alaska Dry Natural Gas Production (Million Cubic Feet)
2010,12,1847,MMCF,VG9,Extraction Loss,NA1150_SAK_2,Alaska Natural Gas Plant Liquids Production (Million Cubic Feet)
2010,12,10214,MMCF/D,FGW,Gross Withdrawals,NGM_EPG0_FGW_SAK_MMCFD,Alaska Natural Gas Gross Withdrawals (Million Cubic Feet per Day)
2010,12,316628,MMCF,FGW,Gross Withdrawals,N9010AK2,Alaska Natural Gas Gross Withdrawals (MMcf)
2010,12,35251,MMCF,VGM,Marketed Production,N9050AK2,Alaska Natural Gas Marketed Production (MMcf)
2010,12,0,MMCF,VRN,Removed from Natural Gas,N9030AK2,Alaska Nonhydrocarbon Gases Removed from Natural Gas (MMcf)
2010,12,279476,MMCF,VGQ,Repressuring,N9020AK2,Alaska Natural Gas Repressuring (MMcf)
2010,12,1901,MMCF,VGV,Vented and Flared,N9040AK2,Alaska Natural Gas Vented and Flared (MMcf)
2010,12,0,MMCF,FGC,Withdrawals from Coalbed Wells,NGM_EPG0_FGC_SAK_MMCF,Alaska Natural Gas Gross Withdrawals from Coalbed Wells (MMcf)
2010,12,12716,MMCF,FGG,Withdrawals from Gas Wells,N9011AK2,Alaska Natural Gas Gross Withdrawals from Gas Wells (MMcf)
2010,12,303912,MMCF,FGO,Withdrawals from Oil Wells,N9012AK2,Alaska Natural Gas Gross Withdrawals from Oil Wells (MMcf)
2010,11,31497,MMCF,FPD,Dry Production,NA1160_SAK_2,Alaska Dry Natural Gas Production (Million Cubic Feet)
2010,11,1762,MMCF,VG9,Extraction Loss,NA1150_SAK_2,Alaska Natural Gas Plant Liquids Production (Million Cubic Feet)
2010,11,286007,MMCF,FGW,Gross Withdrawals,N9010AK2,Alaska Natural Gas Gross Withdrawals (MMcf)
2010,11,9534,MMCF/D,FGW,Gross Withdrawals,NGM_EPG0_FGW_SAK_MMCFD,Alaska Natural Gas Gross Withdrawals (Million Cubic Feet per Day)
2010,11,33247,MMCF,VGM,Marketed Production,N9050AK2,Alaska Natural Gas Marketed Production (MMcf)
2010,11,0,MMCF,VRN,Removed from Natural Gas,N9030AK2,Alaska Nonhydrocarbon Gases Removed from Natural Gas (MMcf)
2010,11,252051,MMCF,VGQ,Repressuring,N9020AK2,Alaska Natural Gas Repressuring (MMcf)
2010,11,709,MMCF,VGV,Vented and Flared,N9040AK2,Alaska Natural Gas Vented and Flared (MMcf)
2010,11,0,MMCF,FGC,Withdrawals from Coalbed Wells,NGM_EPG0_FGC_SAK_MMCF,Alaska Natural Gas Gross Withdrawals from Coalbed Wells (MMcf)
2010,11,11598,MMCF,FGG,Withdrawals from Gas Wells,N9011AK2,Alaska Natural Gas Gross Withdrawals from Gas Wells (MMcf)
2010,11,274409,MMCF,FGO,Withdrawals from Oil Wells,N9012AK2,Alaska Natural Gas Gross Withdrawals from Oil Wells (MMcf)
2010,10,31336,MMCF,FPD,Dry Production,NA1160_SAK_2,Alaska Dry Natural Gas Production (Million Cubic Feet)
2010,10,1821,MMCF,VG9,Extraction Loss,NA1150_SAK_2,Alaska Natural Gas Plant Liquids Production (Million Cubic Feet)
2010,10,292695,MMCF,FGW,Gross Withdrawals,N9010AK2,Alaska Natural Gas Gross Withdrawals (MMcf)
2010,10,9442,MMCF/D,FGW,Gross Withdrawals,NGM_EPG0_FGW_SAK_MMCFD,Alaska Natural Gas Gross Withdrawals (Million Cubic Feet per Day)
2010,10,33142,MMCF,VGM,Marketed Production,N9050AK2,Alaska Natural Gas Marketed Production (MMcf)
2010,10,0,MMCF,VRN,Removed from Natural Gas,N9030AK2,Alaska Nonhydrocarbon Gases Removed from Natural Gas (MMcf)
2010,10,258830,MMCF,VGQ,Repressuring,N9020AK2,Alaska Natural Gas Repressuring (MMcf)
2010,10,723,MMCF,VGV,Vented and Flared,N9040AK2,Alaska Natural Gas Vented and Flared (MMcf)
2010,10,0,MMCF,FGC,Withdrawals from Coalbed Wells,NGM_EPG0_FGC_SAK_MMCF,Alaska Natural Gas Gross Withdrawals from Coalbed Wells (MMcf)
2010,10,10964,MMCF,FGG,Withdrawals from Gas Wells,N9011AK2,Alaska Natural Gas Gross Withdrawals from Gas Wells (MMcf)
2010,10,281731,MMCF,FGO,Withdrawals from Oil Wells,N9012AK2,Alaska Natural Gas Gross Withdrawals from Oil Wells (MMcf)
2010,9,27332,MMCF,FPD,Dry Production,NA1160_SAK_2,Alaska Dry Natural Gas Production (Million Cubic Feet)
2010,9,1732,MMCF,VG9,Extraction Loss,NA1150_SAK_2,Alaska Natural Gas Plant Liquids Production (Million Cubic Feet)
2010,9,8809,MMCF/D,FGW,Gross Withdrawals,NGM_EPG0_FGW_SAK_MMCFD,Alaska Natural Gas Gross Withdrawals (Million Cubic Feet per Day)
2010,9,264277,MMCF,FGW,Gross Withdrawals,N9010AK2,Alaska Natural Gas Gross Withdrawals (MMcf)
2010,9,29075,MMCF,VGM,Marketed Production,N9050AK2,Alaska Natural Gas Marketed Production (MMcf)
2010,9,0,MMCF,VRN,Removed from Natural Gas,N9030AK2,Alaska Nonhydrocarbon Gases Removed from Natural Gas (MMcf)
2010,9,234596,MMCF,VGQ,Repressuring,N9020AK2,Alaska Natural Gas Repressuring (MMcf)
2010,9,606,MMCF,VGV,Vented and Flared,N9040AK2,Alaska Natural Gas Vented and Flared (MMcf)
2010,9,0,MMCF,FGC,Withdrawals from Coalbed Wells,NGM_EPG0_FGC_SAK_MMCF,Alaska Natural Gas Gross Withdrawals from Coalbed Wells (MMcf)
2010,9,9726,MMCF,FGG,Withdrawals from Gas Wells,N9011AK2,Alaska Natural Gas Gross Withdrawals from Gas Wells (MMcf)
2010,9,254551,MMCF,FGO,Withdrawals from Oil Wells,N9012AK2,Alaska Natural Gas Gross Withdrawals from Oil Wells (MMcf)
2010,8,24238,MMCF,FPD,Dry Production,NA1160_SAK_2,Alaska Dry Natural Gas Production (Million Cubic Feet)
2010,8,1785,MMCF,VG9,Extraction Loss,NA1150_SAK_2,Alaska Natural Gas Plant Liquids Production (Million Cubic Feet)
2010,8,6593,MMCF/D,FGW,Gross Withdrawals,NGM_EPG0_FGW_SAK_MMCFD,Alaska Natural Gas Gross Withdrawals (Million Cubic Feet per Day)
2010,8,204385,MMCF,FGW,Gross Withdrawals,N9010AK2,Alaska Natural Gas Gross Withdrawals (MMcf)
2010,8,26027,MMCF,VGM,Marketed Production,N9050AK2,Alaska Natural Gas Marketed Production (MMcf)
2010,8,0,MMCF,VRN,Removed from Natural Gas,N9030AK2,Alaska Nonhydrocarbon Gases Removed from Natural Gas (MMcf)
2010,8,177469,MMCF,VGQ,Repressuring,N9020AK2,Alaska Natural Gas Repressuring (MMcf)
2010,8,889,MMCF,VGV,Vented and Flared,N9040AK2,Alaska Natural Gas Vented and Flared (MMcf)
2010,8,0,MMCF,FGC,Withdrawals from Coalbed Wells,NGM_EPG0_FGC_SAK_MMCF,Alaska Natural Gas Gross Withdrawals from Coalbed Wells (MMcf)
2010,8,9598,MMCF,FGG,Withdrawals from Gas Wells,N9011AK2,Alaska Natural Gas Gross Withdrawals from Gas Wells (MMcf)
2010,8,194787,MMCF,FGO,Withdrawals from Oil Wells,N9012AK2,Alaska Natural Gas Gross Withdrawals from Oil Wells (MMcf)
2010,7,24089,MMCF,FPD,Dry Production,NA1160_SAK_2,Alaska Dry Natural Gas Production (Million Cubic Feet)
2010,7,1765,MMCF,VG9,Extraction Loss,NA1150_SAK_2,Alaska Natural Gas Plant Liquids Production (Million Cubic Feet)
2010,7,205881,MMCF,FGW,Gross Withdrawals,N9010AK2,Alaska Natural Gas Gross Withdrawals (MMcf)
2010,7,6641,MMCF/D,FGW,Gross Withdrawals,NGM_EPG0_FGW_SAK_MMCFD,Alaska Natural Gas Gross Withdrawals (Million Cubic Feet per Day)
2010,7,25864,MMCF,VGM,Marketed Production,N9050AK2,Alaska Natural Gas Marketed Production (MMcf)
2010,7,0,MMCF,VRN,Removed from Natural Gas,N9030AK2,Alaska Nonhydrocarbon Gases Removed from Natural Gas (MMcf)
2010,7,179277,MMCF,VGQ,Repressuring,N9020AK2,Alaska Natural Gas Repressuring (MMcf)
2010,7,740,MMCF,VGV,Vented and Flared,N9040AK2,Alaska Natural Gas Vented and Flared (MMcf)
2010,7,0,MMCF,FGC,Withdrawals from Coalbed Wells,NGM_EPG0_FGC_SAK_MMCF,Alaska Natural Gas Gross Withdrawals from Coalbed Wells (MMcf)
2010,7,9431,MMCF,FGG,Withdrawals from Gas Wells,N9011AK2,Alaska Natural Gas Gross Withdrawals from Gas Wells (MMcf)
2010,7,196450,MMCF,FGO,Withdrawals from Oil Wells,N9012AK2,Alaska Natural Gas Gross Withdrawals from Oil Wells (MMcf)
2010,6,24451,MMCF,FPD,Dry Production,NA1160_SAK_2,Alaska Dry Natural Gas Production (Million Cubic Feet)
2010,6,1678,MMCF,VG9,Extraction Loss,NA1150_SAK_2,Alaska Natural Gas Plant Liquids Production (Million Cubic Feet)
2010,6,7666,MMCF/D,FGW,Gross Withdrawals,NGM_EPG0_FGW_SAK_MMCFD,Alaska Natural Gas Gross Withdrawals (Million Cubic Feet per Day)
2010,6,229973,MMCF,FGW,Gross Withdrawals,N9010AK2,Alaska Natural Gas Gross Withdrawals (MMcf)
2010,6,26123,MMCF,VGM,Marketed Production,N9050AK2,Alaska Natural Gas Marketed Production (MMcf)
2010,6,0,MMCF,VRN,Removed from Natural Gas,N9030AK2,Alaska Nonhydrocarbon Gases Removed from Natural Gas (MMcf)
2010,6,203238,MMCF,VGQ,Repressuring,N9020AK2,Alaska Natural Gas Repressuring (MMcf)
2010,6,612,MMCF,VGV,Vented and Flared,N9040AK2,Alaska Natural Gas Vented and Flared (MMcf)
2010,6,0,MMCF,FGC,Withdrawals from Coalbed Wells,NGM_EPG0_FGC_SAK_MMCF,Alaska Natural Gas Gross Withdrawals from Coalbed Wells (MMcf)
2010,6,8741,MMCF,FGG,Withdrawals from Gas Wells,N9011AK2,Alaska Natural Gas Gross Withdrawals from Gas Wells (MMcf)
2010,6,221231,MMCF,FGO,Withdrawals from Oil Wells,N9012AK2,Alaska Natural Gas Gross Withdrawals from Oil Wells (MMcf)
2010,5,28355,MMCF,FPD,Dry Production,NA1160_SAK_2,Alaska Dry Natural Gas Production (Million Cubic Feet)
2010,5,1756,MMCF,VG9,Extraction Loss,NA1150_SAK_2,Alaska Natural Gas Plant Liquids Production (Million Cubic Feet)
2010,5,8009,MMCF/D,FGW,Gross Withdrawals,NGM_EPG0_FGW_SAK_MMCFD,Alaska Natural Gas Gross Withdrawals (Million Cubic Feet per Day)
2010,5,248272,MMCF,FGW,Gross Withdrawals,N9010AK2,Alaska Natural Gas Gross Withdrawals (MMcf)
2010,5,30104,MMCF,VGM,Marketed Production,N9050AK2,Alaska Natural Gas Marketed Production (MMcf)
2010,5,0,MMCF,VRN,Removed from Natural Gas,N9030AK2,Alaska Nonhydrocarbon Gases Removed from Natural Gas (MMcf)
2010,5,217004,MMCF,VGQ,Repressuring,N9020AK2,Alaska Natural Gas Repressuring (MMcf)
2010,5,1164,MMCF,VGV,Vented and Flared,N9040AK2,Alaska Natural Gas Vented and Flared (MMcf)
2010,5,0,MMCF,FGC,Withdrawals from Coalbed Wells,NGM_EPG0_FGC_SAK_MMCF,Alaska Natural Gas Gross Withdrawals from Coalbed Wells (MMcf)
2010,5,9144,MMCF,FGG,Withdrawals from Gas Wells,N9011AK2,Alaska Natural Gas Gross Withdrawals from Gas Wells (MMcf)
2010,5,239127,MMCF,FGO,Withdrawals from Oil Wells,N9012AK2,Alaska Natural Gas Gross Withdrawals from Oil Wells (MMcf)
2010,4,30164,MMCF,FPD,Dry Production,NA1160_SAK_2,Alaska Dry Natural Gas Production (Million Cubic Feet)
2010,4,1688,MMCF,VG9,Extraction Loss,NA1150_SAK_2,Alaska Natural Gas Plant Liquids Production (Million Cubic Feet)
2010,4,9107,MMCF/D,FGW,Gross Withdrawals,NGM_EPG0_FGW_SAK_MMCFD,Alaska Natural Gas Gross Withdrawals (Million Cubic Feet per Day)
2010,4,273205,MMCF,FGW,Gross Withdrawals,N9010AK2,Alaska Natural Gas Gross Withdrawals (MMcf)
2010,4,31847,MMCF,VGM,Marketed Production,N9050AK2,Alaska Natural Gas Marketed Production (MMcf)
2010,4,0,MMCF,VRN,Removed from Natural Gas,N9030AK2,Alaska Nonhydrocarbon Gases Removed from Natural Gas (MMcf)
2010,4,240532,MMCF,VGQ,Repressuring,N9020AK2,Alaska Natural Gas Repressuring (MMcf)
2010,4,825,MMCF,VGV,Vented and Flared,N9040AK2,Alaska Natural Gas Vented and Flared (MMcf)
2010,4,0,MMCF,FGC,Withdrawals from Coalbed Wells,NGM_EPG0_FGC_SAK_MMCF,Alaska Natural Gas Gross Withdrawals from Coalbed Wells (MMcf)
2010,4,10812,MMCF,FGG,Withdrawals from Gas Wells,N9011AK2,Alaska Natural Gas Gross Withdrawals from Gas Wells (MMcf)
2010,4,262393,MMCF,FGO,Withdrawals from Oil Wells,N9012AK2,Alaska Natural Gas Gross Withdrawals from Oil Wells (MMcf)
2010,3,33134,MMCF,FPD,Dry Production,NA1160_SAK_2,Alaska Dry Natural Gas Production (Million Cubic Feet)
2010,3,1736,MMCF,VG9,Extraction Loss,NA1150_SAK_2,Alaska Natural Gas Plant Liquids Production (Million Cubic Feet)
2010,3,308943,MMCF,FGW,Gross Withdrawals,N9010AK2,Alaska Natural Gas Gross Withdrawals (MMcf)
2010,3,9966,MMCF/D,FGW,Gross Withdrawals,NGM_EPG0_FGW_SAK_MMCFD,Alaska Natural Gas Gross Withdrawals (Million Cubic Feet per Day)
2010,3,34886,MMCF,VGM,Marketed Production,N9050AK2,Alaska Natural Gas Marketed Production (MMcf)
2010,3,0,MMCF,VRN,Removed from Natural Gas,N9030AK2,Alaska Nonhydrocarbon Gases Removed from Natural Gas (MMcf)
2010,3,273338,MMCF,VGQ,Repressuring,N9020AK2,Alaska Natural Gas Repressuring (MMcf)
2010,3,719,MMCF,VGV,Vented and Flared,N9040AK2,Alaska Natural Gas Vented and Flared (MMcf)
2010,3,0,MMCF,FGC,Withdrawals from Coalbed Wells,NGM_EPG0_FGC_SAK_MMCF,Alaska Natural Gas Gross Withdrawals from Coalbed Wells (MMcf)
2010,3,11067,MMCF,FGG,Withdrawals from Gas Wells,N9011AK2,Alaska Natural Gas Gross Withdrawals from Gas Wells (MMcf)
2010,3,297876,MMCF,FGO,Withdrawals from Oil Wells,N9012AK2,Alaska Natural Gas Gross Withdrawals from Oil Wells (MMcf)
2010,2,30608,MMCF,FPD,Dry Production,NA1160_SAK_2,Alaska Dry Natural Gas Production (Million Cubic Feet)
2010,2,1567,MMCF,VG9,Extraction Loss,NA1150_SAK_2,Alaska Natural Gas Plant Liquids Production (Million Cubic Feet)
2010,2,9849,MMCF/D,FGW,Gross Withdrawals,NGM_EPG0_FGW_SAK_MMCFD,Alaska Natural Gas Gross Withdrawals (Million Cubic Feet per Day)
2010,2,275764,MMCF,FGW,Gross Withdrawals,N9010AK2,Alaska Natural Gas Gross Withdrawals (MMcf)
2010,2,32182,MMCF,VGM,Marketed Production,N9050AK2,Alaska Natural Gas Marketed Production (MMcf)
2010,2,0,MMCF,VRN,Removed from Natural Gas,N9030AK2,Alaska Nonhydrocarbon Gases Removed from Natural Gas (MMcf)
2010,2,242928,MMCF,VGQ,Repressuring,N9020AK2,Alaska Natural Gas Repressuring (MMcf)
2010,2,654,MMCF,VGV,Vented and Flared,N9040AK2,Alaska Natural Gas Vented and Flared (MMcf)
2010,2,0,MMCF,FGC,Withdrawals from Coalbed Wells,NGM_EPG0_FGC_SAK_MMCF,Alaska Natural Gas Gross Withdrawals from Coalbed Wells (MMcf)
2010,2,10814,MMCF,FGG,Withdrawals from Gas Wells,N9011AK2,Alaska Natural Gas Gross Withdrawals from Gas Wells (MMcf)
2010,2,264950,MMCF,FGO,Withdrawals from Oil Wells,N9012AK2,Alaska Natural Gas Gross Withdrawals from Oil Wells (MMcf)
2010,1,34771,MMCF,FPD,Dry Production,NA1160_SAK_2,Alaska Dry Natural Gas Production (Million Cubic Feet)
2010,1,1698,MMCF,VG9,Extraction Loss,NA1150_SAK_2,Alaska Natural Gas Plant Liquids Production (Million Cubic Feet)
2010,1,9389,MMCF/D,FGW,Gross Withdrawals,NGM_EPG0_FGW_SAK_MMCFD,Alaska Natural Gas Gross Withdrawals (Million Cubic Feet per Day)
2010,1,291072,MMCF,FGW,Gross Withdrawals,N9010AK2,Alaska Natural Gas Gross Withdrawals (MMcf)
2010,1,36480,MMCF,VGM,Marketed Production,N9050AK2,Alaska Natural Gas Marketed Production (MMcf)
2010,1,0,MMCF,VRN,Removed from Natural Gas,N9030AK2,Alaska Nonhydrocarbon Gases Removed from Natural Gas (MMcf)
2010,1,253962,MMCF,VGQ,Repressuring,N9020AK2,Alaska Natural Gas Repressuring (MMcf)
2010,1,631,MMCF,VGV,Vented and Flared,N9040AK2,Alaska Natural Gas Vented and Flared (MMcf)
2010,1,0,MMCF,FGC,Withdrawals from Coalbed Wells,NGM_EPG0_FGC_SAK_MMCF,Alaska Natural Gas Gross Withdrawals from Coalbed Wells (MMcf)
2010,1,12807,MMCF,FGG,Withdrawals from Gas Wells,N9011AK2,Alaska Natural Gas Gross Withdrawals from Gas Wells (MMcf)
2010,1,278266,MMCF,FGO,Withdrawals from Oil Wells,N9012AK2,Alaska Natural Gas Gross Withdrawals from Oil Wells (MMcf)
2009,12,34664,MMCF,FPD,Dry Production,NA1160_SAK_2,Alaska Dry Natural Gas Production (Million Cubic Feet)
2009,12,1909,MMCF,VG9,Extraction Loss,NA1150_SAK_2,Alaska Natural Gas Plant Liquids Production (Million Cubic Feet)
2009,12,299712,MMCF,FGW,Gross Withdrawals,N9010AK2,Alaska Natural Gas Gross Withdrawals (MMcf)
2009,12,9668,MMCF/D,FGW,Gross Withdrawals,NGM_EPG0_FGW_SAK_MMCFD,Alaska Natural Gas Gross Withdrawals (Million Cubic Feet per Day)
2009,12,36573,MMCF,VGM,Marketed Production,N9050AK2,Alaska Natural Gas Marketed Production (MMcf)
2009,12,0,MMCF,VRN,Removed from Natural Gas,N9030AK2,Alaska Nonhydrocarbon Gases Removed from Natural Gas (MMcf)
2009,12,262618,MMCF,VGQ,Repressuring,N9020AK2,Alaska Natural Gas Repressuring (MMcf)
2009,12,522,MMCF,VGV,Vented and Flared,N9040AK2,Alaska Natural Gas Vented and Flared (MMcf)
2009,12,0,MMCF,FGC,Withdrawals from Coalbed Wells,NGM_EPG0_FGC_SAK_MMCF,Alaska Natural Gas Gross Withdrawals from Coalbed Wells (MMcf)
2009,12,13255,MMCF,FGG,Withdrawals from Gas Wells,N9011AK2,Alaska Natural Gas Gross Withdrawals from Gas Wells (MMcf)
2009,12,286457,MMCF,FGO,Withdrawals from Oil Wells,N9012AK2,Alaska Natural Gas Gross Withdrawals from Oil Wells (MMcf)
2009,11,31920,MMCF,FPD,Dry Production,NA1160_SAK_2,Alaska Dry Natural Gas Production (Million Cubic Feet)
2009,11,1861,MMCF,VG9,Extraction Loss,NA1150_SAK_2,Alaska Natural Gas Plant Liquids Production (Million Cubic Feet)
2009,11,9577,MMCF/D,FGW,Gross Withdrawals,NGM_EPG0_FGW_SAK_MMCFD,Alaska Natural Gas Gross Withdrawals (Million Cubic Feet per Day)
2009,11,287319,MMCF,FGW,Gross Withdrawals,N9010AK2,Alaska Natural Gas Gross Withdrawals (MMcf)
2009,11,33782,MMCF,VGM,Marketed Production,N9050AK2,Alaska Natural Gas Marketed Production (MMcf)
2009,11,0,MMCF,VRN,Removed from Natural Gas,N9030AK2,Alaska Nonhydrocarbon Gases Removed from Natural Gas (MMcf)
2009,11,253054,MMCF,VGQ,Repressuring,N9020AK2,Alaska Natural Gas Repressuring (MMcf)
2009,11,484,MMCF,VGV,Vented and Flared,N9040AK2,Alaska Natural Gas Vented and Flared (MMcf)
2009,11,0,MMCF,FGC,Withdrawals from Coalbed Wells,NGM_EPG0_FGC_SAK_MMCF,Alaska Natural Gas Gross Withdrawals from Coalbed Wells (MMcf)
2009,11,11853,MMCF,FGG,Withdrawals from Gas Wells,N9011AK2,Alaska Natural Gas Gross Withdrawals from Gas Wells (MMcf)
2009,11,275467,MMCF,FGO,Withdrawals from Oil Wells,N9012AK2,Alaska Natural Gas Gross Withdrawals from Oil Wells (MMcf)
2009,10,32211,MMCF,FPD,Dry Production,NA1160_SAK_2,Alaska Dry Natural Gas Production (Million Cubic Feet)
2009,10,1922,MMCF,VG9,Extraction Loss,NA1150_SAK_2,Alaska Natural Gas Plant Liquids Production (Million Cubic Feet)
2009,10,290795,MMCF,FGW,Gross Withdrawals,N9010AK2,Alaska Natural Gas Gross Withdrawals (MMcf)
2009,10,9380,MMCF/D,FGW,Gross Withdrawals,NGM_EPG0_FGW_SAK_MMCFD,Alaska Natural Gas Gross Withdrawals (Million Cubic Feet per Day)
2009,10,34133,MMCF,VGM,Marketed Production,N9050AK2,Alaska Natural Gas Marketed Production (MMcf)
2009,10,0,MMCF,VRN,Removed from Natural Gas,N9030AK2,Alaska Nonhydrocarbon Gases Removed from Natural Gas (MMcf)
2009,10,256149,MMCF,VGQ,Repressuring,N9020AK2,Alaska Natural Gas Repressuring (MMcf)
2009,10,513,MMCF,VGV,Vented and Flared,N9040AK2,Alaska Natural Gas Vented and Flared (MMcf)
2009,10,0,MMCF,FGC,Withdrawals from Coalbed Wells,NGM_EPG0_FGC_SAK_MMCF,Alaska Natural Gas Gross Withdrawals from Coalbed Wells (MMcf)
2009,10,12459,MMCF,FGG,Withdrawals from Gas Wells,N9011AK2,Alaska Natural Gas Gross Withdrawals from Gas Wells (MMcf)
2009,10,278336,MMCF,FGO,Withdrawals from Oil Wells,N9012AK2,Alaska Natural Gas Gross Withdrawals from Oil Wells (MMcf)
2009,9,31704,MMCF,FPD,Dry Production,NA1160_SAK_2,Alaska Dry Natural Gas Production (Million Cubic Feet)
2009,9,1836,MMCF,VG9,Extraction Loss,NA1150_SAK_2,Alaska Natural Gas Plant Liquids Production (Million Cubic Feet)
2009,9,268296,MMCF,FGW,Gross Withdrawals,N9010AK2,Alaska Natural Gas Gross Withdrawals (MMcf)
2009,9,8943,MMCF/D,FGW,Gross Withdrawals,NGM_EPG0_FGW_SAK_MMCFD,Alaska Natural Gas Gross Withdrawals (Million Cubic Feet per Day)
2009,9,33541,MMCF,VGM,Marketed Production,N9050AK2,Alaska Natural Gas Marketed Production (MMcf)
2009,9,0,MMCF,VRN,Removed from Natural Gas,N9030AK2,Alaska Nonhydrocarbon Gases Removed from Natural Gas (MMcf)
2009,9,234175,MMCF,VGQ,Repressuring,N9020AK2,Alaska Natural Gas Repressuring (MMcf)
2009,9,581,MMCF,VGV,Vented and Flared,N9040AK2,Alaska Natural Gas Vented and Flared (MMcf)
2009,9,0,MMCF,FGC,Withdrawals from Coalbed Wells,NGM_EPG0_FGC_SAK_MMCF,Alaska Natural Gas Gross Withdrawals from Coalbed Wells (MMcf)
2009,9,10286,MMCF,FGG,Withdrawals from Gas Wells,N9011AK2,Alaska Natural Gas Gross Withdrawals from Gas Wells (MMcf)
2009,9,258010,MMCF,FGO,Withdrawals from Oil Wells,N9012AK2,Alaska Natural Gas Gross Withdrawals from Oil Wells (MMcf)
2009,8,29769,MMCF,FPD,Dry Production,NA1160_SAK_2,Alaska Dry Natural Gas Production (Million Cubic Feet)
2009,8,1951,MMCF,VG9,Extraction Loss,NA1150_SAK_2,Alaska Natural Gas Plant Liquids Production (Million Cubic Feet)
2009,8,262761,MMCF,FGW,Gross Withdrawals,N9010AK2,Alaska Natural Gas Gross Withdrawals (MMcf)
2009,8,8476,MMCF/D,FGW,Gross Withdrawals,NGM_EPG0_FGW_SAK_MMCFD,Alaska Natural Gas Gross Withdrawals (Million Cubic Feet per Day)
2009,8,31720,MMCF,VGM,Marketed Production,N9050AK2,Alaska Natural Gas Marketed Production (MMcf)
2009,8,0,MMCF,VRN,Removed from Natural Gas,N9030AK2,Alaska Nonhydrocarbon Gases Removed from Natural Gas (MMcf)
2009,8,230541,MMCF,VGQ,Repressuring,N9020AK2,Alaska Natural Gas Repressuring (MMcf)
2009,8,500,MMCF,VGV,Vented and Flared,N9040AK2,Alaska Natural Gas Vented and Flared (MMcf)
2009,8,0,MMCF,FGC,Withdrawals from Coalbed Wells,NGM_EPG0_FGC_SAK_MMCF,Alaska Natural Gas Gross Withdrawals from Coalbed Wells (MMcf)
2009,8,10176,MMCF,FGG,Withdrawals from Gas Wells,N9011AK2,Alaska Natural Gas Gross Withdrawals from Gas Wells (MMcf)
2009,8,252585,MMCF,FGO,Withdrawals from Oil Wells,N9012AK2,Alaska Natural Gas Gross Withdrawals from Oil Wells (MMcf)
2009,7,28739,MMCF,FPD,Dry Production,NA1160_SAK_2,Alaska Dry Natural Gas Production (Million Cubic Feet)
2009,7,1936,MMCF,VG9,Extraction Loss,NA1150_SAK_2,Alaska Natural Gas Plant Liquids Production (Million Cubic Feet)
2009,7,8120,MMCF/D,FGW,Gross Withdrawals,NGM_EPG0_FGW_SAK_MMCFD,Alaska Natural Gas Gross Withdrawals (Million Cubic Feet per Day)
2009,7,251719,MMCF,FGW,Gross Withdrawals,N9010AK2,Alaska Natural Gas Gross Withdrawals (MMcf)
2009,7,30675,MMCF,VGM,Marketed Production,N9050AK2,Alaska Natural Gas Marketed Production (MMcf)
2009,7,0,MMCF,VRN,Removed from Natural Gas,N9030AK2,Alaska Nonhydrocarbon Gases Removed from Natural Gas (MMcf)
2009,7,220411,MMCF,VGQ,Repressuring,N9020AK2,Alaska Natural Gas Repressuring (MMcf)
2009,7,634,MMCF,VGV,Vented and Flared,N9040AK2,Alaska Natural Gas Vented and Flared (MMcf)
2009,7,0,MMCF,FGC,Withdrawals from Coalbed Wells,NGM_EPG0_FGC_SAK_MMCF,Alaska Natural Gas Gross Withdrawals from Coalbed Wells (MMcf)
2009,7,10913,MMCF,FGG,Withdrawals from Gas Wells,N9011AK2,Alaska Natural Gas Gross Withdrawals from Gas Wells (MMcf)
2009,7,240806,MMCF,FGO,Withdrawals from Oil Wells,N9012AK2,Alaska Natural Gas Gross Withdrawals from Oil Wells (MMcf)
2009,6,29555,MMCF,FPD,Dry Production,NA1160_SAK_2,Alaska Dry Natural Gas Production (Million Cubic Feet)
2009,6,1898,MMCF,VG9,Extraction Loss,NA1150_SAK_2,Alaska Natural Gas Plant Liquids Production (Million Cubic Feet)
2009,6,8606,MMCF/D,FGW,Gross Withdrawals,NGM_EPG0_FGW_SAK_MMCFD,Alaska Natural Gas Gross Withdrawals (Million Cubic Feet per Day)
2009,6,258168,MMCF,FGW,Gross Withdrawals,N9010AK2,Alaska Natural Gas Gross Withdrawals (MMcf)
2009,6,31452,MMCF,VGM,Marketed Production,N9050AK2,Alaska Natural Gas Marketed Production (MMcf)
2009,6,0,MMCF,VRN,Removed from Natural Gas,N9030AK2,Alaska Nonhydrocarbon Gases Removed from Natural Gas (MMcf)
2009,6,226149,MMCF,VGQ,Repressuring,N9020AK2,Alaska Natural Gas Repressuring (MMcf)
2009,6,567,MMCF,VGV,Vented and Flared,N9040AK2,Alaska Natural Gas Vented and Flared (MMcf)
2009,6,0,MMCF,FGC,Withdrawals from Coalbed Wells,NGM_EPG0_FGC_SAK_MMCF,Alaska Natural Gas Gross Withdrawals from Coalbed Wells (MMcf)
2009,6,10790,MMCF,FGG,Withdrawals from Gas Wells,N9011AK2,Alaska Natural Gas Gross Withdrawals from Gas Wells (MMcf)
2009,6,247379,MMCF,FGO,Withdrawals from Oil Wells,N9012AK2,Alaska Natural Gas Gross Withdrawals from Oil Wells (MMcf)
2009,5,25276,MMCF,FPD,Dry Production,NA1160_SAK_2,Alaska Dry Natural Gas Production (Million Cubic Feet)
2009,5,1952,MMCF,VG9,Extraction Loss,NA1150_SAK_2,Alaska Natural Gas Plant Liquids Production (Million Cubic Feet)
2009,5,249253,MMCF,FGW,Gross Withdrawals,N9010AK2,Alaska Natural Gas Gross Withdrawals (MMcf)
2009,5,8040,MMCF/D,FGW,Gross Withdrawals,NGM_EPG0_FGW_SAK_MMCFD,Alaska Natural Gas Gross Withdrawals (Million Cubic Feet per Day)
2009,5,27228,MMCF,VGM,Marketed Production,N9050AK2,Alaska Natural Gas Marketed Production (MMcf)
2009,5,0,MMCF,VRN,Removed from Natural Gas,N9030AK2,Alaska Nonhydrocarbon Gases Removed from Natural Gas (MMcf)
2009,5,221487,MMCF,VGQ,Repressuring,N9020AK2,Alaska Natural Gas Repressuring (MMcf)
2009,5,539,MMCF,VGV,Vented and Flared,N9040AK2,Alaska Natural Gas Vented and Flared (MMcf)
2009,5,0,MMCF,FGC,Withdrawals from Coalbed Wells,NGM_EPG0_FGC_SAK_MMCF,Alaska Natural Gas Gross Withdrawals from Coalbed Wells (MMcf)
2009,5,9547,MMCF,FGG,Withdrawals from Gas Wells,N9011AK2,Alaska Natural Gas Gross Withdrawals from Gas Wells (MMcf)
2009,5,239706,MMCF,FGO,Withdrawals from Oil Wells,N9012AK2,Alaska Natural Gas Gross Withdrawals from Oil Wells (MMcf)
2009,4,29428,MMCF,FPD,Dry Production,NA1160_SAK_2,Alaska Dry Natural Gas Production (Million Cubic Feet)
2009,4,1888,MMCF,VG9,Extraction Loss,NA1150_SAK_2,Alaska Natural Gas Plant Liquids Production (Million Cubic Feet)
2009,4,271249,MMCF,FGW,Gross Withdrawals,N9010AK2,Alaska Natural Gas Gross Withdrawals (MMcf)
2009,4,9042,MMCF/D,FGW,Gross Withdrawals,NGM_EPG0_FGW_SAK_MMCFD,Alaska Natural Gas Gross Withdrawals (Million Cubic Feet per Day)
2009,4,31317,MMCF,VGM,Marketed Production,N9050AK2,Alaska Natural Gas Marketed Production (MMcf)
2009,4,0,MMCF,VRN,Removed from Natural Gas,N9030AK2,Alaska Nonhydrocarbon Gases Removed from Natural Gas (MMcf)
2009,4,239410,MMCF,VGQ,Repressuring,N9020AK2,Alaska Natural Gas Repressuring (MMcf)
2009,4,522,MMCF,VGV,Vented and Flared,N9040AK2,Alaska Natural Gas Vented and Flared (MMcf)
2009,4,0,MMCF,FGC,Withdrawals from Coalbed Wells,NGM_EPG0_FGC_SAK_MMCF,Alaska Natural Gas Gross Withdrawals from Coalbed Wells (MMcf)
2009,4,10899,MMCF,FGG,Withdrawals from Gas Wells,N9011AK2,Alaska Natural Gas Gross Withdrawals from Gas Wells (MMcf)
2009,4,260350,MMCF,FGO,Withdrawals from Oil Wells,N9012AK2,Alaska Natural Gas Gross Withdrawals from Oil Wells (MMcf)
2009,3,35892,MMCF,FPD,Dry Production,NA1160_SAK_2,Alaska Dry Natural Gas Production (Million Cubic Feet)
2009,3,1986,MMCF,VG9,Extraction Loss,NA1150_SAK_2,Alaska Natural Gas Plant Liquids Production (Million Cubic Feet)
2009,3,297412,MMCF,FGW,Gross Withdrawals,N9010AK2,Alaska Natural Gas Gross Withdrawals (MMcf)
2009,3,9594,MMCF/D,FGW,Gross Withdrawals,NGM_EPG0_FGW_SAK_MMCFD,Alaska Natural Gas Gross Withdrawals (Million Cubic Feet per Day)
2009,3,37877,MMCF,VGM,Marketed Production,N9050AK2,Alaska Natural Gas Marketed Production (MMcf)
2009,3,0,MMCF,VRN,Removed from Natural Gas,N9030AK2,Alaska Nonhydrocarbon Gases Removed from Natural Gas (MMcf)
2009,3,259029,MMCF,VGQ,Repressuring,N9020AK2,Alaska Natural Gas Repressuring (MMcf)
2009,3,506,MMCF,VGV,Vented and Flared,N9040AK2,Alaska Natural Gas Vented and Flared (MMcf)
2009,3,0,MMCF,FGC,Withdrawals from Coalbed Wells,NGM_EPG0_FGC_SAK_MMCF,Alaska Natural Gas Gross Withdrawals from Coalbed Wells (MMcf)
2009,3,12535,MMCF,FGG,Withdrawals from Gas Wells,N9011AK2,Alaska Natural Gas Gross Withdrawals from Gas Wells (MMcf)
2009,3,284878,MMCF,FGO,Withdrawals from Oil Wells,N9012AK2,Alaska Natural Gas Gross Withdrawals from Oil Wells (MMcf)
2009,2,31201,MMCF,FPD,Dry Production,NA1160_SAK_2,Alaska Dry Natural Gas Production (Million Cubic Feet)
2009,2,1805,MMCF,VG9,Extraction Loss,NA1150_SAK_2,Alaska Natural Gas Plant Liquids Production (Million Cubic Feet)
2009,2,10007,MMCF/D,FGW,Gross Withdrawals,NGM_EPG0_FGW_SAK_MMCFD,Alaska Natural Gas Gross Withdrawals (Million Cubic Feet per Day)
2009,2,280183,MMCF,FGW,Gross Withdrawals,N9010AK2,Alaska Natural Gas Gross Withdrawals (MMcf)
2009,2,33006,MMCF,VGM,Marketed Production,N9050AK2,Alaska Natural Gas Marketed Production (MMcf)
2009,2,0,MMCF,VRN,Removed from Natural Gas,N9030AK2,Alaska Nonhydrocarbon Gases Removed from Natural Gas (MMcf)
2009,2,246689,MMCF,VGQ,Repressuring,N9020AK2,Alaska Natural Gas Repressuring (MMcf)
2009,2,488,MMCF,VGV,Vented and Flared,N9040AK2,Alaska Natural Gas Vented and Flared (MMcf)
2009,2,0,MMCF,FGC,Withdrawals from Coalbed Wells,NGM_EPG0_FGC_SAK_MMCF,Alaska Natural Gas Gross Withdrawals from Coalbed Wells (MMcf)
2009,2,11440,MMCF,FGG,Withdrawals from Gas Wells,N9011AK2,Alaska Natural Gas Gross Withdrawals from Gas Wells (MMcf)
2009,2,268743,MMCF,FGO,Withdrawals from Oil Wells,N9012AK2,Alaska Natural Gas Gross Withdrawals from Oil Wells (MMcf)
2009,1,33793,MMCF,FPD,Dry Production,NA1160_SAK_2,Alaska Dry Natural Gas Production (Million Cubic Feet)
2009,1,1981,MMCF,VG9,Extraction Loss,NA1150_SAK_2,Alaska Natural Gas Plant Liquids Production (Million Cubic Feet)
2009,1,9533,MMCF/D,FGW,Gross Withdrawals,NGM_EPG0_FGW_SAK_MMCFD,Alaska Natural Gas Gross Withdrawals (Million Cubic Feet per Day)
2009,1,295518,MMCF,FGW,Gross Withdrawals,N9010AK2,Alaska Natural Gas Gross Withdrawals (MMcf)
2009,1,35774,MMCF,VGM,Marketed Production,N9050AK2,Alaska Natural Gas Marketed Production (MMcf)
2009,1,0,MMCF,VRN,Removed from Natural Gas,N9030AK2,Alaska Nonhydrocarbon Gases Removed from Natural Gas (MMcf)
2009,1,259119,MMCF,VGQ,Repressuring,N9020AK2,Alaska Natural Gas Repressuring (MMcf)
2009,1,625,MMCF,VGV,Vented and Flared,N9040AK2,Alaska Natural Gas Vented and Flared (MMcf)
2009,1,0,MMCF,FGC,Withdrawals from Coalbed Wells,NGM_EPG0_FGC_SAK_MMCF,Alaska Natural Gas Gross Withdrawals from Coalbed Wells (MMcf)
2009,1,13487,MMCF,FGG,Withdrawals from Gas Wells,N9011AK2,Alaska Natural Gas Gross Withdrawals from Gas Wells (MMcf)
2009,1,282031,MMCF,FGO,Withdrawals from Oil Wells,N9012AK2,Alaska Natural Gas Gross Withdrawals from Oil Wells (MMcf)
2008,12,34702,MMCF,FPD,Dry Production,NA1160_SAK_2,Alaska Dry Natural Gas Production (Million Cubic Feet)
2008,12,2106,MMCF,VG9,Extraction Loss,NA1150_SAK_2,Alaska Natural Gas Plant Liquids Production (Million Cubic Feet)
2008,12,309129,MMCF,FGW,Gross Withdrawals,N9010AK2,Alaska Natural Gas Gross Withdrawals (MMcf)
2008,12,9972,MMCF/D,FGW,Gross Withdrawals,NGM_EPG0_FGW_SAK_MMCFD,Alaska Natural Gas Gross Withdrawals (Million Cubic Feet per Day)
2008,12,36808,MMCF,VGM,Marketed Production,N9050AK2,Alaska Natural Gas Marketed Production (MMcf)
2008,12,0,MMCF,VRN,Removed from Natural Gas,N9030AK2,Alaska Nonhydrocarbon Gases Removed from Natural Gas (MMcf)
2008,12,271514,MMCF,VGQ,Repressuring,N9020AK2,Alaska Natural Gas Repressuring (MMcf)
2008,12,807,MMCF,VGV,Vented and Flared,N9040AK2,Alaska Natural Gas Vented and Flared (MMcf)
2008,12,0,MMCF,FGC,Withdrawals from Coalbed Wells,NGM_EPG0_FGC_SAK_MMCF,Alaska Natural Gas Gross Withdrawals from Coalbed Wells (MMcf)
2008,12,14492,MMCF,FGG,Withdrawals from Gas Wells,N9011AK2,Alaska Natural Gas Gross Withdrawals from Gas Wells (MMcf)
2008,12,294637,MMCF,FGO,Withdrawals from Oil Wells,N9012AK2,Alaska Natural Gas Gross Withdrawals from Oil Wells (MMcf)
2008,11,31892,MMCF,FPD,Dry Production,NA1160_SAK_2,Alaska Dry Natural Gas Production (Million Cubic Feet)
2008,11,2026,MMCF,VG9,Extraction Loss,NA1150_SAK_2,Alaska Natural Gas Plant Liquids Production (Million Cubic Feet)
2008,11,9876,MMCF/D,FGW,Gross Withdrawals,NGM_EPG0_FGW_SAK_MMCFD,Alaska Natural Gas Gross Withdrawals (Million Cubic Feet per Day)
2008,11,296291,MMCF,FGW,Gross Withdrawals,N9010AK2,Alaska Natural Gas Gross Withdrawals (MMcf)
2008,11,33918,MMCF,VGM,Marketed Production,N9050AK2,Alaska Natural Gas Marketed Production (MMcf)
2008,11,0,MMCF,VRN,Removed from Natural Gas,N9030AK2,Alaska Nonhydrocarbon Gases Removed from Natural Gas (MMcf)
2008,11,261624,MMCF,VGQ,Repressuring,N9020AK2,Alaska Natural Gas Repressuring (MMcf)
2008,11,749,MMCF,VGV,Vented and Flared,N9040AK2,Alaska Natural Gas Vented and Flared (MMcf)
2008,11,0,MMCF,FGC,Withdrawals from Coalbed Wells,NGM_EPG0_FGC_SAK_MMCF,Alaska Natural Gas Gross Withdrawals from Coalbed Wells (MMcf)
2008,11,12959,MMCF,FGG,Withdrawals from Gas Wells,N9011AK2,Alaska Natural Gas Gross Withdrawals from Gas Wells (MMcf)
2008,11,283332,MMCF,FGO,Withdrawals from Oil Wells,N9012AK2,Alaska Natural Gas Gross Withdrawals from Oil Wells (MMcf)
2008,10,32267,MMCF,FPD,Dry Production,NA1160_SAK_2,Alaska Dry Natural Gas Production (Million Cubic Feet)
2008,10,2022,MMCF,VG9,Extraction Loss,NA1150_SAK_2,Alaska Natural Gas Plant Liquids Production (Million Cubic Feet)
2008,10,9674,MMCF/D,FGW,Gross Withdrawals,NGM_EPG0_FGW_SAK_MMCFD,Alaska Natural Gas Gross Withdrawals (Million Cubic Feet per Day)
2008,10,299905,MMCF,FGW,Gross Withdrawals,N9010AK2,Alaska Natural Gas Gross Withdrawals (MMcf)
2008,10,34289,MMCF,VGM,Marketed Production,N9050AK2,Alaska Natural Gas Marketed Production (MMcf)
2008,10,0,MMCF,VRN,Removed from Natural Gas,N9030AK2,Alaska Nonhydrocarbon Gases Removed from Natural Gas (MMcf)
2008,10,264823,MMCF,VGQ,Repressuring,N9020AK2,Alaska Natural Gas Repressuring (MMcf)
2008,10,793,MMCF,VGV,Vented and Flared,N9040AK2,Alaska Natural Gas Vented and Flared (MMcf)
2008,10,0,MMCF,FGC,Withdrawals from Coalbed Wells,NGM_EPG0_FGC_SAK_MMCF,Alaska Natural Gas Gross Withdrawals from Coalbed Wells (MMcf)
2008,10,13622,MMCF,FGG,Withdrawals from Gas Wells,N9011AK2,Alaska Natural Gas Gross Withdrawals from Gas Wells (MMcf)
2008,10,286284,MMCF,FGO,Withdrawals from Oil Wells,N9012AK2,Alaska Natural Gas Gross Withdrawals from Oil Wells (MMcf)
2008,9,31853,MMCF,FPD,Dry Production,NA1160_SAK_2,Alaska Dry Natural Gas Production (Million Cubic Feet)
2008,9,1797,MMCF,VG9,Extraction Loss,NA1150_SAK_2,Alaska Natural Gas Plant Liquids Production (Million Cubic Feet)
2008,9,276623,MMCF,FGW,Gross Withdrawals,N9010AK2,Alaska Natural Gas Gross Withdrawals (MMcf)
2008,9,9221,MMCF/D,FGW,Gross Withdrawals,NGM_EPG0_FGW_SAK_MMCFD,Alaska Natural Gas Gross Withdrawals (Million Cubic Feet per Day)
2008,9,33651,MMCF,VGM,Marketed Production,N9050AK2,Alaska Natural Gas Marketed Production (MMcf)
2008,9,0,MMCF,VRN,Removed from Natural Gas,N9030AK2,Alaska Nonhydrocarbon Gases Removed from Natural Gas (MMcf)
2008,9,242074,MMCF,VGQ,Repressuring,N9020AK2,Alaska Natural Gas Repressuring (MMcf)
2008,9,899,MMCF,VGV,Vented and Flared,N9040AK2,Alaska Natural Gas Vented and Flared (MMcf)
2008,9,0,MMCF,FGC,Withdrawals from Coalbed Wells,NGM_EPG0_FGC_SAK_MMCF,Alaska Natural Gas Gross Withdrawals from Coalbed Wells (MMcf)
2008,9,11246,MMCF,FGG,Withdrawals from Gas Wells,N9011AK2,Alaska Natural Gas Gross Withdrawals from Gas Wells (MMcf)
2008,9,265377,MMCF,FGO,Withdrawals from Oil Wells,N9012AK2,Alaska Natural Gas Gross Withdrawals from Oil Wells (MMcf)
2008,8,29707,MMCF,FPD,Dry Production,NA1160_SAK_2,Alaska Dry Natural Gas Production (Million Cubic Feet)
2008,8,2105,MMCF,VG9,Extraction Loss,NA1150_SAK_2,Alaska Natural Gas Plant Liquids Production (Million Cubic Feet)
2008,8,270923,MMCF,FGW,Gross Withdrawals,N9010AK2,Alaska Natural Gas Gross Withdrawals (MMcf)
2008,8,8739,MMCF/D,FGW,Gross Withdrawals,NGM_EPG0_FGW_SAK_MMCFD,Alaska Natural Gas Gross Withdrawals (Million Cubic Feet per Day)
2008,8,31812,MMCF,VGM,Marketed Production,N9050AK2,Alaska Natural Gas Marketed Production (MMcf)
2008,8,0,MMCF,VRN,Removed from Natural Gas,N9030AK2,Alaska Nonhydrocarbon Gases Removed from Natural Gas (MMcf)
2008,8,238338,MMCF,VGQ,Repressuring,N9020AK2,Alaska Natural Gas Repressuring (MMcf)
2008,8,773,MMCF,VGV,Vented and Flared,N9040AK2,Alaska Natural Gas Vented and Flared (MMcf)
2008,8,0,MMCF,FGC,Withdrawals from Coalbed Wells,NGM_EPG0_FGC_SAK_MMCF,Alaska Natural Gas Gross Withdrawals from Coalbed Wells (MMcf)
2008,8,11125,MMCF,FGG,Withdrawals from Gas Wells,N9011AK2,Alaska Natural Gas Gross Withdrawals from Gas Wells (MMcf)
2008,8,259798,MMCF,FGO,Withdrawals from Oil Wells,N9012AK2,Alaska Natural Gas Gross Withdrawals from Oil Wells (MMcf)
2008,7,28615,MMCF,FPD,Dry Production,NA1160_SAK_2,Alaska Dry Natural Gas Production (Million Cubic Feet)
2008,7,2136,MMCF,VG9,Extraction Loss,NA1150_SAK_2,Alaska Natural Gas Plant Liquids Production (Million Cubic Feet)
2008,7,259613,MMCF,FGW,Gross Withdrawals,N9010AK2,Alaska Natural Gas Gross Withdrawals (MMcf)
2008,7,8375,MMCF/D,FGW,Gross Withdrawals,NGM_EPG0_FGW_SAK_MMCFD,Alaska Natural Gas Gross Withdrawals (Million Cubic Feet per Day)
2008,7,30750,MMCF,VGM,Marketed Production,N9050AK2,Alaska Natural Gas Marketed Production (MMcf)
2008,7,0,MMCF,VRN,Removed from Natural Gas,N9030AK2,Alaska Nonhydrocarbon Gases Removed from Natural Gas (MMcf)
2008,7,227883,MMCF,VGQ,Repressuring,N9020AK2,Alaska Natural Gas Repressuring (MMcf)
2008,7,980,MMCF,VGV,Vented and Flared,N9040AK2,Alaska Natural Gas Vented and Flared (MMcf)
2008,7,0,MMCF,FGC,Withdrawals from Coalbed Wells,NGM_EPG0_FGC_SAK_MMCF,Alaska Natural Gas Gross Withdrawals from Coalbed Wells (MMcf)
2008,7,11931,MMCF,FGG,Withdrawals from Gas Wells,N9011AK2,Alaska Natural Gas Gross Withdrawals from Gas Wells (MMcf)
2008,7,247683,MMCF,FGO,Withdrawals from Oil Wells,N9012AK2,Alaska Natural Gas Gross Withdrawals from Oil Wells (MMcf)
2008,6,29531,MMCF,FPD,Dry Production,NA1160_SAK_2,Alaska Dry Natural Gas Production (Million Cubic Feet)
2008,6,2030,MMCF,VG9,Extraction Loss,NA1150_SAK_2,Alaska Natural Gas Plant Liquids Production (Million Cubic Feet)
2008,6,266239,MMCF,FGW,Gross Withdrawals,N9010AK2,Alaska Natural Gas Gross Withdrawals (MMcf)
2008,6,8875,MMCF/D,FGW,Gross Withdrawals,NGM_EPG0_FGW_SAK_MMCFD,Alaska Natural Gas Gross Withdrawals (Million Cubic Feet per Day)
2008,6,31561,MMCF,VGM,Marketed Production,N9050AK2,Alaska Natural Gas Marketed Production (MMcf)
2008,6,0,MMCF,VRN,Removed from Natural Gas,N9030AK2,Alaska Nonhydrocarbon Gases Removed from Natural Gas (MMcf)
2008,6,233801,MMCF,VGQ,Repressuring,N9020AK2,Alaska Natural Gas Repressuring (MMcf)
2008,6,877,MMCF,VGV,Vented and Flared,N9040AK2,Alaska Natural Gas Vented and Flared (MMcf)
2008,6,0,MMCF,FGC,Withdrawals from Coalbed Wells,NGM_EPG0_FGC_SAK_MMCF,Alaska Natural Gas Gross Withdrawals from Coalbed Wells (MMcf)
2008,6,11796,MMCF,FGG,Withdrawals from Gas Wells,N9011AK2,Alaska Natural Gas Gross Withdrawals from Gas Wells (MMcf)
2008,6,254442,MMCF,FGO,Withdrawals from Oil Wells,N9012AK2,Alaska Natural Gas Gross Withdrawals from Oil Wells (MMcf)
2008,5,25032,MMCF,FPD,Dry Production,NA1160_SAK_2,Alaska Dry Natural Gas Production (Million Cubic Feet)
2008,5,2073,MMCF,VG9,Extraction Loss,NA1150_SAK_2,Alaska Natural Gas Plant Liquids Production (Million Cubic Feet)
2008,5,256989,MMCF,FGW,Gross Withdrawals,N9010AK2,Alaska Natural Gas Gross Withdrawals (MMcf)
2008,5,8290,MMCF/D,FGW,Gross Withdrawals,NGM_EPG0_FGW_SAK_MMCFD,Alaska Natural Gas Gross Withdrawals (Million Cubic Feet per Day)
2008,5,27104,MMCF,VGM,Marketed Production,N9050AK2,Alaska Natural Gas Marketed Production (MMcf)
2008,5,0,MMCF,VRN,Removed from Natural Gas,N9030AK2,Alaska Nonhydrocarbon Gases Removed from Natural Gas (MMcf)
2008,5,229051,MMCF,VGQ,Repressuring,N9020AK2,Alaska Natural Gas Repressuring (MMcf)
2008,5,833,MMCF,VGV,Vented and Flared,N9040AK2,Alaska Natural Gas Vented and Flared (MMcf)
2008,5,0,MMCF,FGC,Withdrawals from Coalbed Wells,NGM_EPG0_FGC_SAK_MMCF,Alaska Natural Gas Gross Withdrawals from Coalbed Wells (MMcf)
2008,5,10438,MMCF,FGG,Withdrawals from Gas Wells,N9011AK2,Alaska Natural Gas Gross Withdrawals from Gas Wells (MMcf)
2008,5,246551,MMCF,FGO,Withdrawals from Oil Wells,N9012AK2,Alaska Natural Gas Gross Withdrawals from Oil Wells (MMcf)
2008,4,29331,MMCF,FPD,Dry Production,NA1160_SAK_2,Alaska Dry Natural Gas Production (Million Cubic Feet)
2008,4,2006,MMCF,VG9,Extraction Loss,NA1150_SAK_2,Alaska Natural Gas Plant Liquids Production (Million Cubic Feet)
2008,4,279700,MMCF,FGW,Gross Withdrawals,N9010AK2,Alaska Natural Gas Gross Withdrawals (MMcf)
2008,4,9323,MMCF/D,FGW,Gross Withdrawals,NGM_EPG0_FGW_SAK_MMCFD,Alaska Natural Gas Gross Withdrawals (Million Cubic Feet per Day)
2008,4,31337,MMCF,VGM,Marketed Production,N9050AK2,Alaska Natural Gas Marketed Production (MMcf)
2008,4,0,MMCF,VRN,Removed from Natural Gas,N9030AK2,Alaska Nonhydrocarbon Gases Removed from Natural Gas (MMcf)
2008,4,247555,MMCF,VGQ,Repressuring,N9020AK2,Alaska Natural Gas Repressuring (MMcf)
2008,4,807,MMCF,VGV,Vented and Flared,N9040AK2,Alaska Natural Gas Vented and Flared (MMcf)
2008,4,0,MMCF,FGC,Withdrawals from Coalbed Wells,NGM_EPG0_FGC_SAK_MMCF,Alaska Natural Gas Gross Withdrawals from Coalbed Wells (MMcf)
2008,4,11916,MMCF,FGG,Withdrawals from Gas Wells,N9011AK2,Alaska Natural Gas Gross Withdrawals from Gas Wells (MMcf)
2008,4,267784,MMCF,FGO,Withdrawals from Oil Wells,N9012AK2,Alaska Natural Gas Gross Withdrawals from Oil Wells (MMcf)
2008,3,36078,MMCF,FPD,Dry Production,NA1160_SAK_2,Alaska Dry Natural Gas Production (Million Cubic Feet)
2008,3,2080,MMCF,VG9,Extraction Loss,NA1150_SAK_2,Alaska Natural Gas Plant Liquids Production (Million Cubic Feet)
2008,3,306717,MMCF,FGW,Gross Withdrawals,N9010AK2,Alaska Natural Gas Gross Withdrawals (MMcf)
2008,3,9894,MMCF/D,FGW,Gross Withdrawals,NGM_EPG0_FGW_SAK_MMCFD,Alaska Natural Gas Gross Withdrawals (Million Cubic Feet per Day)
2008,3,38158,MMCF,VGM,Marketed Production,N9050AK2,Alaska Natural Gas Marketed Production (MMcf)
2008,3,0,MMCF,VRN,Removed from Natural Gas,N9030AK2,Alaska Nonhydrocarbon Gases Removed from Natural Gas (MMcf)
2008,3,267776,MMCF,VGQ,Repressuring,N9020AK2,Alaska Natural Gas Repressuring (MMcf)
2008,3,783,MMCF,VGV,Vented and Flared,N9040AK2,Alaska Natural Gas Vented and Flared (MMcf)
2008,3,0,MMCF,FGC,Withdrawals from Coalbed Wells,NGM_EPG0_FGC_SAK_MMCF,Alaska Natural Gas Gross Withdrawals from Coalbed Wells (MMcf)
2008,3,13704,MMCF,FGG,Withdrawals from Gas Wells,N9011AK2,Alaska Natural Gas Gross Withdrawals from Gas Wells (MMcf)
2008,3,293012,MMCF,FGO,Withdrawals from Oil Wells,N9012AK2,Alaska Natural Gas Gross Withdrawals from Oil Wells (MMcf)
2008,2,31192,MMCF,FPD,Dry Production,NA1160_SAK_2,Alaska Dry Natural Gas Production (Million Cubic Feet)
2008,2,1921,MMCF,VG9,Extraction Loss,NA1150_SAK_2,Alaska Natural Gas Plant Liquids Production (Million Cubic Feet)
2008,2,288924,MMCF,FGW,Gross Withdrawals,N9010AK2,Alaska Natural Gas Gross Withdrawals (MMcf)
2008,2,9963,MMCF/D,FGW,Gross Withdrawals,NGM_EPG0_FGW_SAK_MMCFD,Alaska Natural Gas Gross Withdrawals (Million Cubic Feet per Day)
2008,2,33112,MMCF,VGM,Marketed Production,N9050AK2,Alaska Natural Gas Marketed Production (MMcf)
2008,2,0,MMCF,VRN,Removed from Natural Gas,N9030AK2,Alaska Nonhydrocarbon Gases Removed from Natural Gas (MMcf)
2008,2,255057,MMCF,VGQ,Repressuring,N9020AK2,Alaska Natural Gas Repressuring (MMcf)
2008,2,755,MMCF,VGV,Vented and Flared,N9040AK2,Alaska Natural Gas Vented and Flared (MMcf)
2008,2,0,MMCF,FGC,Withdrawals from Coalbed Wells,NGM_EPG0_FGC_SAK_MMCF,Alaska Natural Gas Gross Withdrawals from Coalbed Wells (MMcf)
2008,2,12508,MMCF,FGG,Withdrawals from Gas Wells,N9011AK2,Alaska Natural Gas Gross Withdrawals from Gas Wells (MMcf)
2008,2,276417,MMCF,FGO,Withdrawals from Oil Wells,N9012AK2,Alaska Natural Gas Gross Withdrawals from Oil Wells (MMcf)
2008,1,33907,MMCF,FPD,Dry Production,NA1160_SAK_2,Alaska Dry Natural Gas Production (Million Cubic Feet)
2008,1,2035,MMCF,VG9,Extraction Loss,NA1150_SAK_2,Alaska Natural Gas Plant Liquids Production (Million Cubic Feet)
2008,1,304829,MMCF,FGW,Gross Withdrawals,N9010AK2,Alaska Natural Gas Gross Withdrawals (MMcf)
2008,1,9833,MMCF/D,FGW,Gross Withdrawals,NGM_EPG0_FGW_SAK_MMCFD,Alaska Natural Gas Gross Withdrawals (Million Cubic Feet per Day)
2008,1,35942,MMCF,VGM,Marketed Production,N9050AK2,Alaska Natural Gas Marketed Production (MMcf)
2008,1,0,MMCF,VRN,Removed from Natural Gas,N9030AK2,Alaska Nonhydrocarbon Gases Removed from Natural Gas (MMcf)
2008,1,267920,MMCF,VGQ,Repressuring,N9020AK2,Alaska Natural Gas Repressuring (MMcf)
2008,1,967,MMCF,VGV,Vented and Flared,N9040AK2,Alaska Natural Gas Vented and Flared (MMcf)
2008,1,0,MMCF,FGC,Withdrawals from Coalbed Wells,NGM_EPG0_FGC_SAK_MMCF,Alaska Natural Gas Gross Withdrawals from Coalbed Wells (MMcf)
2008,1,14745,MMCF,FGG,Withdrawals from Gas Wells,N9011AK2,Alaska Natural Gas Gross Withdrawals from Gas Wells (MMcf)
2008,1,290084,MMCF,FGO,Withdrawals from Oil Wells,N9012AK2,Alaska Natural Gas Gross Withdrawals from Oil Wells (MMcf)
2007,12,37694,MMCF,FPD,Dry Production,NA1160_SAK_2,Alaska Dry Natural Gas Production (Million Cubic Feet)
2007,12,2315,MMCF,VG9,Extraction Loss,NA1150_SAK_2,Alaska Natural Gas Plant Liquids Production (Million Cubic Feet)
2007,12,314942,MMCF,FGW,Gross Withdrawals,N9010AK2,Alaska Natural Gas Gross Withdrawals (MMcf)
2007,12,10159,MMCF/D,FGW,Gross Withdrawals,NGM_EPG0_FGW_SAK_MMCFD,Alaska Natural Gas Gross Withdrawals (Million Cubic Feet per Day)
2007,12,40009,MMCF,VGM,Marketed Production,N9050AK2,Alaska Natural Gas Marketed Production (MMcf)
2007,12,0,MMCF,VRN,Removed from Natural Gas,N9030AK2,Alaska Nonhydrocarbon Gases Removed from Natural Gas (MMcf)
2007,12,274413,MMCF,VGQ,Repressuring,N9020AK2,Alaska Natural Gas Repressuring (MMcf)
2007,12,520,MMCF,VGV,Vented and Flared,N9040AK2,Alaska Natural Gas Vented and Flared (MMcf)
2007,12,0,MMCF,FGC,Withdrawals from Coalbed Wells,NGM_EPG0_FGC_SAK_MMCF,Alaska Natural Gas Gross Withdrawals from Coalbed Wells (MMcf)
2007,12,15951,MMCF,FGG,Withdrawals from Gas Wells,N9011AK2,Alaska Natural Gas Gross Withdrawals from Gas Wells (MMcf)
2007,12,298992,MMCF,FGO,Withdrawals from Oil Wells,N9012AK2,Alaska Natural Gas Gross Withdrawals from Oil Wells (MMcf)
2007,11,34644,MMCF,FPD,Dry Production,NA1160_SAK_2,Alaska Dry Natural Gas Production (Million Cubic Feet)
2007,11,2233,MMCF,VG9,Extraction Loss,NA1150_SAK_2,Alaska Natural Gas Plant Liquids Production (Million Cubic Feet)
2007,11,10059,MMCF/D,FGW,Gross Withdrawals,NGM_EPG0_FGW_SAK_MMCFD,Alaska Natural Gas Gross Withdrawals (Million Cubic Feet per Day)
2007,11,301783,MMCF,FGW,Gross Withdrawals,N9010AK2,Alaska Natural Gas Gross Withdrawals (MMcf)
2007,11,36877,MMCF,VGM,Marketed Production,N9050AK2,Alaska Natural Gas Marketed Production (MMcf)
2007,11,0,MMCF,VRN,Removed from Natural Gas,N9030AK2,Alaska Nonhydrocarbon Gases Removed from Natural Gas (MMcf)
2007,11,264424,MMCF,VGQ,Repressuring,N9020AK2,Alaska Natural Gas Repressuring (MMcf)
2007,11,482,MMCF,VGV,Vented and Flared,N9040AK2,Alaska Natural Gas Vented and Flared (MMcf)
2007,11,0,MMCF,FGC,Withdrawals from Coalbed Wells,NGM_EPG0_FGC_SAK_MMCF,Alaska Natural Gas Gross Withdrawals from Coalbed Wells (MMcf)
2007,11,14263,MMCF,FGG,Withdrawals from Gas Wells,N9011AK2,Alaska Natural Gas Gross Withdrawals from Gas Wells (MMcf)
2007,11,287520,MMCF,FGO,Withdrawals from Oil Wells,N9012AK2,Alaska Natural Gas Gross Withdrawals from Oil Wells (MMcf)
2007,10,35074,MMCF,FPD,Dry Production,NA1160_SAK_2,Alaska Dry Natural Gas Production (Million Cubic Feet)
2007,10,2260,MMCF,VG9,Extraction Loss,NA1150_SAK_2,Alaska Natural Gas Plant Liquids Production (Million Cubic Feet)
2007,10,9855,MMCF/D,FGW,Gross Withdrawals,NGM_EPG0_FGW_SAK_MMCFD,Alaska Natural Gas Gross Withdrawals (Million Cubic Feet per Day)
2007,10,305507,MMCF,FGW,Gross Withdrawals,N9010AK2,Alaska Natural Gas Gross Withdrawals (MMcf)
2007,10,37333,MMCF,VGM,Marketed Production,N9050AK2,Alaska Natural Gas Marketed Production (MMcf)
2007,10,0,MMCF,VRN,Removed from Natural Gas,N9030AK2,Alaska Nonhydrocarbon Gases Removed from Natural Gas (MMcf)
2007,10,267663,MMCF,VGQ,Repressuring,N9020AK2,Alaska Natural Gas Repressuring (MMcf)
2007,10,511,MMCF,VGV,Vented and Flared,N9040AK2,Alaska Natural Gas Vented and Flared (MMcf)
2007,10,0,MMCF,FGC,Withdrawals from Coalbed Wells,NGM_EPG0_FGC_SAK_MMCF,Alaska Natural Gas Gross Withdrawals from Coalbed Wells (MMcf)
2007,10,14992,MMCF,FGG,Withdrawals from Gas Wells,N9011AK2,Alaska Natural Gas Gross Withdrawals from Gas Wells (MMcf)
2007,10,290515,MMCF,FGO,Withdrawals from Oil Wells,N9012AK2,Alaska Natural Gas Gross Withdrawals from Oil Wells (MMcf)
2007,9,34137,MMCF,FPD,Dry Production,NA1160_SAK_2,Alaska Dry Natural Gas Production (Million Cubic Feet)
2007,9,2184,MMCF,VG9,Extraction Loss,NA1150_SAK_2,Alaska Natural Gas Plant Liquids Production (Million Cubic Feet)
2007,9,281678,MMCF,FGW,Gross Withdrawals,N9010AK2,Alaska Natural Gas Gross Withdrawals (MMcf)
2007,9,9389,MMCF/D,FGW,Gross Withdrawals,NGM_EPG0_FGW_SAK_MMCFD,Alaska Natural Gas Gross Withdrawals (Million Cubic Feet per Day)
2007,9,36321,MMCF,VGM,Marketed Production,N9050AK2,Alaska Natural Gas Marketed Production (MMcf)
2007,9,0,MMCF,VRN,Removed from Natural Gas,N9030AK2,Alaska Nonhydrocarbon Gases Removed from Natural Gas (MMcf)
2007,9,244778,MMCF,VGQ,Repressuring,N9020AK2,Alaska Natural Gas Repressuring (MMcf)
2007,9,579,MMCF,VGV,Vented and Flared,N9040AK2,Alaska Natural Gas Vented and Flared (MMcf)
2007,9,0,MMCF,FGC,Withdrawals from Coalbed Wells,NGM_EPG0_FGC_SAK_MMCF,Alaska Natural Gas Gross Withdrawals from Coalbed Wells (MMcf)
2007,9,12378,MMCF,FGG,Withdrawals from Gas Wells,N9011AK2,Alaska Natural Gas Gross Withdrawals from Gas Wells (MMcf)
2007,9,269300,MMCF,FGO,Withdrawals from Oil Wells,N9012AK2,Alaska Natural Gas Gross Withdrawals from Oil Wells (MMcf)
2007,8,32224,MMCF,FPD,Dry Production,NA1160_SAK_2,Alaska Dry Natural Gas Production (Million Cubic Feet)
2007,8,2233,MMCF,VG9,Extraction Loss,NA1150_SAK_2,Alaska Natural Gas Plant Liquids Production (Million Cubic Feet)
2007,8,275882,MMCF,FGW,Gross Withdrawals,N9010AK2,Alaska Natural Gas Gross Withdrawals (MMcf)
2007,8,8899,MMCF/D,FGW,Gross Withdrawals,NGM_EPG0_FGW_SAK_MMCFD,Alaska Natural Gas Gross Withdrawals (Million Cubic Feet per Day)
2007,8,34457,MMCF,VGM,Marketed Production,N9050AK2,Alaska Natural Gas Marketed Production (MMcf)
2007,8,0,MMCF,VRN,Removed from Natural Gas,N9030AK2,Alaska Nonhydrocarbon Gases Removed from Natural Gas (MMcf)
2007,8,240928,MMCF,VGQ,Repressuring,N9020AK2,Alaska Natural Gas Repressuring (MMcf)
2007,8,498,MMCF,VGV,Vented and Flared,N9040AK2,Alaska Natural Gas Vented and Flared (MMcf)
2007,8,0,MMCF,FGC,Withdrawals from Coalbed Wells,NGM_EPG0_FGC_SAK_MMCF,Alaska Natural Gas Gross Withdrawals from Coalbed Wells (MMcf)
2007,8,12245,MMCF,FGG,Withdrawals from Gas Wells,N9011AK2,Alaska Natural Gas Gross Withdrawals from Gas Wells (MMcf)
2007,8,263638,MMCF,FGO,Withdrawals from Oil Wells,N9012AK2,Alaska Natural Gas Gross Withdrawals from Oil Wells (MMcf)
2007,7,31327,MMCF,FPD,Dry Production,NA1160_SAK_2,Alaska Dry Natural Gas Production (Million Cubic Feet)
2007,7,2221,MMCF,VG9,Extraction Loss,NA1150_SAK_2,Alaska Natural Gas Plant Liquids Production (Million Cubic Feet)
2007,7,264475,MMCF,FGW,Gross Withdrawals,N9010AK2,Alaska Natural Gas Gross Withdrawals (MMcf)
2007,7,8531,MMCF/D,FGW,Gross Withdrawals,NGM_EPG0_FGW_SAK_MMCFD,Alaska Natural Gas Gross Withdrawals (Million Cubic Feet per Day)
2007,7,33548,MMCF,VGM,Marketed Production,N9050AK2,Alaska Natural Gas Marketed Production (MMcf)
2007,7,0,MMCF,VRN,Removed from Natural Gas,N9030AK2,Alaska Nonhydrocarbon Gases Removed from Natural Gas (MMcf)
2007,7,230296,MMCF,VGQ,Repressuring,N9020AK2,Alaska Natural Gas Repressuring (MMcf)
2007,7,631,MMCF,VGV,Vented and Flared,N9040AK2,Alaska Natural Gas Vented and Flared (MMcf)
2007,7,0,MMCF,FGC,Withdrawals from Coalbed Wells,NGM_EPG0_FGC_SAK_MMCF,Alaska Natural Gas Gross Withdrawals from Coalbed Wells (MMcf)
2007,7,13131,MMCF,FGG,Withdrawals from Gas Wells,N9011AK2,Alaska Natural Gas Gross Withdrawals from Gas Wells (MMcf)
2007,7,251343,MMCF,FGO,Withdrawals from Oil Wells,N9012AK2,Alaska Natural Gas Gross Withdrawals from Oil Wells (MMcf)
2007,6,32121,MMCF,FPD,Dry Production,NA1160_SAK_2,Alaska Dry Natural Gas Production (Million Cubic Feet)
2007,6,2173,MMCF,VG9,Extraction Loss,NA1150_SAK_2,Alaska Natural Gas Plant Liquids Production (Million Cubic Feet)
2007,6,9040,MMCF/D,FGW,Gross Withdrawals,NGM_EPG0_FGW_SAK_MMCFD,Alaska Natural Gas Gross Withdrawals (Million Cubic Feet per Day)
2007,6,271187,MMCF,FGW,Gross Withdrawals,N9010AK2,Alaska Natural Gas Gross Withdrawals (MMcf)
2007,6,34294,MMCF,VGM,Marketed Production,N9050AK2,Alaska Natural Gas Marketed Production (MMcf)
2007,6,0,MMCF,VRN,Removed from Natural Gas,N9030AK2,Alaska Nonhydrocarbon Gases Removed from Natural Gas (MMcf)
2007,6,236328,MMCF,VGQ,Repressuring,N9020AK2,Alaska Natural Gas Repressuring (MMcf)
2007,6,565,MMCF,VGV,Vented and Flared,N9040AK2,Alaska Natural Gas Vented and Flared (MMcf)
2007,6,0,MMCF,FGC,Withdrawals from Coalbed Wells,NGM_EPG0_FGC_SAK_MMCF,Alaska Natural Gas Gross Withdrawals from Coalbed Wells (MMcf)
2007,6,12983,MMCF,FGG,Withdrawals from Gas Wells,N9011AK2,Alaska Natural Gas Gross Withdrawals from Gas Wells (MMcf)
2007,6,258203,MMCF,FGO,Withdrawals from Oil Wells,N9012AK2,Alaska Natural Gas Gross Withdrawals from Oil Wells (MMcf)
2007,5,27624,MMCF,FPD,Dry Production,NA1160_SAK_2,Alaska Dry Natural Gas Production (Million Cubic Feet)
2007,5,2246,MMCF,VG9,Extraction Loss,NA1150_SAK_2,Alaska Natural Gas Plant Liquids Production (Million Cubic Feet)
2007,5,261684,MMCF,FGW,Gross Withdrawals,N9010AK2,Alaska Natural Gas Gross Withdrawals (MMcf)
2007,5,8441,MMCF/D,FGW,Gross Withdrawals,NGM_EPG0_FGW_SAK_MMCFD,Alaska Natural Gas Gross Withdrawals (Million Cubic Feet per Day)
2007,5,29870,MMCF,VGM,Marketed Production,N9050AK2,Alaska Natural Gas Marketed Production (MMcf)
2007,5,0,MMCF,VRN,Removed from Natural Gas,N9030AK2,Alaska Nonhydrocarbon Gases Removed from Natural Gas (MMcf)
2007,5,231277,MMCF,VGQ,Repressuring,N9020AK2,Alaska Natural Gas Repressuring (MMcf)
2007,5,537,MMCF,VGV,Vented and Flared,N9040AK2,Alaska Natural Gas Vented and Flared (MMcf)
2007,5,0,MMCF,FGC,Withdrawals from Coalbed Wells,NGM_EPG0_FGC_SAK_MMCF,Alaska Natural Gas Gross Withdrawals from Coalbed Wells (MMcf)
2007,5,11488,MMCF,FGG,Withdrawals from Gas Wells,N9011AK2,Alaska Natural Gas Gross Withdrawals from Gas Wells (MMcf)
2007,5,250195,MMCF,FGO,Withdrawals from Oil Wells,N9012AK2,Alaska Natural Gas Gross Withdrawals from Oil Wells (MMcf)
2007,4,32142,MMCF,FPD,Dry Production,NA1160_SAK_2,Alaska Dry Natural Gas Production (Million Cubic Feet)
2007,4,2121,MMCF,VG9,Extraction Loss,NA1150_SAK_2,Alaska Natural Gas Plant Liquids Production (Million Cubic Feet)
2007,4,284857,MMCF,FGW,Gross Withdrawals,N9010AK2,Alaska Natural Gas Gross Withdrawals (MMcf)
2007,4,9495,MMCF/D,FGW,Gross Withdrawals,NGM_EPG0_FGW_SAK_MMCFD,Alaska Natural Gas Gross Withdrawals (Million Cubic Feet per Day)
2007,4,34263,MMCF,VGM,Marketed Production,N9050AK2,Alaska Natural Gas Marketed Production (MMcf)
2007,4,0,MMCF,VRN,Removed from Natural Gas,N9030AK2,Alaska Nonhydrocarbon Gases Removed from Natural Gas (MMcf)
2007,4,250074,MMCF,VGQ,Repressuring,N9020AK2,Alaska Natural Gas Repressuring (MMcf)
2007,4,520,MMCF,VGV,Vented and Flared,N9040AK2,Alaska Natural Gas Vented and Flared (MMcf)
2007,4,0,MMCF,FGC,Withdrawals from Coalbed Wells,NGM_EPG0_FGC_SAK_MMCF,Alaska Natural Gas Gross Withdrawals from Coalbed Wells (MMcf)
2007,4,13115,MMCF,FGG,Withdrawals from Gas Wells,N9011AK2,Alaska Natural Gas Gross Withdrawals from Gas Wells (MMcf)
2007,4,271742,MMCF,FGO,Withdrawals from Oil Wells,N9012AK2,Alaska Natural Gas Gross Withdrawals from Oil Wells (MMcf)
2007,3,38968,MMCF,FPD,Dry Production,NA1160_SAK_2,Alaska Dry Natural Gas Production (Million Cubic Feet)
2007,3,2220,MMCF,VG9,Extraction Loss,NA1150_SAK_2,Alaska Natural Gas Plant Liquids Production (Million Cubic Feet)
2007,3,312427,MMCF,FGW,Gross Withdrawals,N9010AK2,Alaska Natural Gas Gross Withdrawals (MMcf)
2007,3,10078,MMCF/D,FGW,Gross Withdrawals,NGM_EPG0_FGW_SAK_MMCFD,Alaska Natural Gas Gross Withdrawals (Million Cubic Feet per Day)
2007,3,41188,MMCF,VGM,Marketed Production,N9050AK2,Alaska Natural Gas Marketed Production (MMcf)
2007,3,0,MMCF,VRN,Removed from Natural Gas,N9030AK2,Alaska Nonhydrocarbon Gases Removed from Natural Gas (MMcf)
2007,3,270734,MMCF,VGQ,Repressuring,N9020AK2,Alaska Natural Gas Repressuring (MMcf)
2007,3,505,MMCF,VGV,Vented and Flared,N9040AK2,Alaska Natural Gas Vented and Flared (MMcf)
2007,3,0,MMCF,FGC,Withdrawals from Coalbed Wells,NGM_EPG0_FGC_SAK_MMCF,Alaska Natural Gas Gross Withdrawals from Coalbed Wells (MMcf)
2007,3,15083,MMCF,FGG,Withdrawals from Gas Wells,N9011AK2,Alaska Natural Gas Gross Withdrawals from Gas Wells (MMcf)
2007,3,297343,MMCF,FGO,Withdrawals from Oil Wells,N9012AK2,Alaska Natural Gas Gross Withdrawals from Oil Wells (MMcf)
2007,2,34071,MMCF,FPD,Dry Production,NA1160_SAK_2,Alaska Dry Natural Gas Production (Million Cubic Feet)
2007,2,1973,MMCF,VG9,Extraction Loss,NA1150_SAK_2,Alaska Natural Gas Plant Liquids Production (Million Cubic Feet)
2007,2,10510,MMCF/D,FGW,Gross Withdrawals,NGM_EPG0_FGW_SAK_MMCFD,Alaska Natural Gas Gross Withdrawals (Million Cubic Feet per Day)
2007,2,294268,MMCF,FGW,Gross Withdrawals,N9010AK2,Alaska Natural Gas Gross Withdrawals (MMcf)
2007,2,36044,MMCF,VGM,Marketed Production,N9050AK2,Alaska Natural Gas Marketed Production (MMcf)
2007,2,0,MMCF,VRN,Removed from Natural Gas,N9030AK2,Alaska Nonhydrocarbon Gases Removed from Natural Gas (MMcf)
2007,2,257738,MMCF,VGQ,Repressuring,N9020AK2,Alaska Natural Gas Repressuring (MMcf)
2007,2,486,MMCF,VGV,Vented and Flared,N9040AK2,Alaska Natural Gas Vented and Flared (MMcf)
2007,2,0,MMCF,FGC,Withdrawals from Coalbed Wells,NGM_EPG0_FGC_SAK_MMCF,Alaska Natural Gas Gross Withdrawals from Coalbed Wells (MMcf)
2007,2,13766,MMCF,FGG,Withdrawals from Gas Wells,N9011AK2,Alaska Natural Gas Gross Withdrawals from Gas Wells (MMcf)
2007,2,280502,MMCF,FGO,Withdrawals from Oil Wells,N9012AK2,Alaska Natural Gas Gross Withdrawals from Oil Wells (MMcf)
2007,1,37127,MMCF,FPD,Dry Production,NA1160_SAK_2,Alaska Dry Natural Gas Production (Million Cubic Feet)
2007,1,2154,MMCF,VG9,Extraction Loss,NA1150_SAK_2,Alaska Natural Gas Plant Liquids Production (Million Cubic Feet)
2007,1,10019,MMCF/D,FGW,Gross Withdrawals,NGM_EPG0_FGW_SAK_MMCFD,Alaska Natural Gas Gross Withdrawals (Million Cubic Feet per Day)
2007,1,310601,MMCF,FGW,Gross Withdrawals,N9010AK2,Alaska Natural Gas Gross Withdrawals (MMcf)
2007,1,39281,MMCF,VGM,Marketed Production,N9050AK2,Alaska Natural Gas Marketed Production (MMcf)
2007,1,0,MMCF,VRN,Removed from Natural Gas,N9030AK2,Alaska Nonhydrocarbon Gases Removed from Natural Gas (MMcf)
2007,1,270696,MMCF,VGQ,Repressuring,N9020AK2,Alaska Natural Gas Repressuring (MMcf)
2007,1,623,MMCF,VGV,Vented and Flared,N9040AK2,Alaska Natural Gas Vented and Flared (MMcf)
2007,1,0,MMCF,FGC,Withdrawals from Coalbed Wells,NGM_EPG0_FGC_SAK_MMCF,Alaska Natural Gas Gross Withdrawals from Coalbed Wells (MMcf)
2007,1,16229,MMCF,FGG,Withdrawals from Gas Wells,N9011AK2,Alaska Natural Gas Gross Withdrawals from Gas Wells (MMcf)
2007,1,294372,MMCF,FGO,Withdrawals from Oil Wells,N9012AK2,Alaska Natural Gas Gross Withdrawals from Oil Wells (MMcf)
2006,12,39085,MMCF,FPD,Dry Production,NA1160_SAK_2,Alaska Dry Natural Gas Production (Million Cubic Feet)
2006,12,2139,MMCF,VG9,Extraction Loss,NA1150_SAK_2,Alaska Natural Gas Plant Liquids Production (Million Cubic Feet)
2006,12,9369,MMCF/D,FGW,Gross Withdrawals,NGM_EPG0_FGW_SAK_MMCFD,Alaska Natural Gas Gross Withdrawals (Million Cubic Feet per Day)
2006,12,290431,MMCF,FGW,Gross Withdrawals,N9010AK2,Alaska Natural Gas Gross Withdrawals (MMcf)
2006,12,41224,MMCF,VGM,Marketed Production,N9050AK2,Alaska Natural Gas Marketed Production (MMcf)
2006,12,0,MMCF,VRN,Removed from Natural Gas,N9030AK2,Alaska Nonhydrocarbon Gases Removed from Natural Gas (MMcf)
2006,12,248633,MMCF,VGQ,Repressuring,N9020AK2,Alaska Natural Gas Repressuring (MMcf)
2006,12,574,MMCF,VGV,Vented and Flared,N9040AK2,Alaska Natural Gas Vented and Flared (MMcf)
2006,12,0,MMCF,FGC,Withdrawals from Coalbed Wells,NGM_EPG0_FGC_SAK_MMCF,Alaska Natural Gas Gross Withdrawals from Coalbed Wells (MMcf)
2006,12,18650,MMCF,FGG,Withdrawals from Gas Wells,N9011AK2,Alaska Natural Gas Gross Withdrawals from Gas Wells (MMcf)
2006,12,271781,MMCF,FGO,Withdrawals from Oil Wells,N9012AK2,Alaska Natural Gas Gross Withdrawals from Oil Wells (MMcf)
2006,11,35868,MMCF,FPD,Dry Production,NA1160_SAK_2,Alaska Dry Natural Gas Production (Million Cubic Feet)
2006,11,2050,MMCF,VG9,Extraction Loss,NA1150_SAK_2,Alaska Natural Gas Plant Liquids Production (Million Cubic Feet)
2006,11,9268,MMCF/D,FGW,Gross Withdrawals,NGM_EPG0_FGW_SAK_MMCFD,Alaska Natural Gas Gross Withdrawals (Million Cubic Feet per Day)
2006,11,278030,MMCF,FGW,Gross Withdrawals,N9010AK2,Alaska Natural Gas Gross Withdrawals (MMcf)
2006,11,37919,MMCF,VGM,Marketed Production,N9050AK2,Alaska Natural Gas Marketed Production (MMcf)
2006,11,0,MMCF,VRN,Removed from Natural Gas,N9030AK2,Alaska Nonhydrocarbon Gases Removed from Natural Gas (MMcf)
2006,11,239579,MMCF,VGQ,Repressuring,N9020AK2,Alaska Natural Gas Repressuring (MMcf)
2006,11,532,MMCF,VGV,Vented and Flared,N9040AK2,Alaska Natural Gas Vented and Flared (MMcf)
2006,11,0,MMCF,FGC,Withdrawals from Coalbed Wells,NGM_EPG0_FGC_SAK_MMCF,Alaska Natural Gas Gross Withdrawals from Coalbed Wells (MMcf)
2006,11,16676,MMCF,FGG,Withdrawals from Gas Wells,N9011AK2,Alaska Natural Gas Gross Withdrawals from Gas Wells (MMcf)
2006,11,261354,MMCF,FGO,Withdrawals from Oil Wells,N9012AK2,Alaska Natural Gas Gross Withdrawals from Oil Wells (MMcf)
2006,10,36404,MMCF,FPD,Dry Production,NA1160_SAK_2,Alaska Dry Natural Gas Production (Million Cubic Feet)
2006,10,2127,MMCF,VG9,Extraction Loss,NA1150_SAK_2,Alaska Natural Gas Plant Liquids Production (Million Cubic Feet)
2006,10,9084,MMCF/D,FGW,Gross Withdrawals,NGM_EPG0_FGW_SAK_MMCFD,Alaska Natural Gas Gross Withdrawals (Million Cubic Feet per Day)
2006,10,281606,MMCF,FGW,Gross Withdrawals,N9010AK2,Alaska Natural Gas Gross Withdrawals (MMcf)
2006,10,38531,MMCF,VGM,Marketed Production,N9050AK2,Alaska Natural Gas Marketed Production (MMcf)
2006,10,0,MMCF,VRN,Removed from Natural Gas,N9030AK2,Alaska Nonhydrocarbon Gases Removed from Natural Gas (MMcf)
2006,10,242511,MMCF,VGQ,Repressuring,N9020AK2,Alaska Natural Gas Repressuring (MMcf)
2006,10,564,MMCF,VGV,Vented and Flared,N9040AK2,Alaska Natural Gas Vented and Flared (MMcf)
2006,10,0,MMCF,FGC,Withdrawals from Coalbed Wells,NGM_EPG0_FGC_SAK_MMCF,Alaska Natural Gas Gross Withdrawals from Coalbed Wells (MMcf)
2006,10,17530,MMCF,FGG,Withdrawals from Gas Wells,N9011AK2,Alaska Natural Gas Gross Withdrawals from Gas Wells (MMcf)
2006,10,264076,MMCF,FGO,Withdrawals from Oil Wells,N9012AK2,Alaska Natural Gas Gross Withdrawals from Oil Wells (MMcf)
2006,9,34849,MMCF,FPD,Dry Production,NA1160_SAK_2,Alaska Dry Natural Gas Production (Million Cubic Feet)
2006,9,2053,MMCF,VG9,Extraction Loss,NA1150_SAK_2,Alaska Natural Gas Plant Liquids Production (Million Cubic Feet)
2006,9,259264,MMCF,FGW,Gross Withdrawals,N9010AK2,Alaska Natural Gas Gross Withdrawals (MMcf)
2006,9,8642,MMCF/D,FGW,Gross Withdrawals,NGM_EPG0_FGW_SAK_MMCFD,Alaska Natural Gas Gross Withdrawals (Million Cubic Feet per Day)
2006,9,36902,MMCF,VGM,Marketed Production,N9050AK2,Alaska Natural Gas Marketed Production (MMcf)
2006,9,0,MMCF,VRN,Removed from Natural Gas,N9030AK2,Alaska Nonhydrocarbon Gases Removed from Natural Gas (MMcf)
2006,9,221723,MMCF,VGQ,Repressuring,N9020AK2,Alaska Natural Gas Repressuring (MMcf)
2006,9,639,MMCF,VGV,Vented and Flared,N9040AK2,Alaska Natural Gas Vented and Flared (MMcf)
2006,9,0,MMCF,FGC,Withdrawals from Coalbed Wells,NGM_EPG0_FGC_SAK_MMCF,Alaska Natural Gas Gross Withdrawals from Coalbed Wells (MMcf)
2006,9,14473,MMCF,FGG,Withdrawals from Gas Wells,N9011AK2,Alaska Natural Gas Gross Withdrawals from Gas Wells (MMcf)
2006,9,244791,MMCF,FGO,Withdrawals from Oil Wells,N9012AK2,Alaska Natural Gas Gross Withdrawals from Oil Wells (MMcf)
2006,8,33039,MMCF,FPD,Dry Production,NA1160_SAK_2,Alaska Dry Natural Gas Production (Million Cubic Feet)
2006,8,2102,MMCF,VG9,Extraction Loss,NA1150_SAK_2,Alaska Natural Gas Plant Liquids Production (Million Cubic Feet)
2006,8,253961,MMCF,FGW,Gross Withdrawals,N9010AK2,Alaska Natural Gas Gross Withdrawals (MMcf)
2006,8,8192,MMCF/D,FGW,Gross Withdrawals,NGM_EPG0_FGW_SAK_MMCFD,Alaska Natural Gas Gross Withdrawals (Million Cubic Feet per Day)
2006,8,35141,MMCF,VGM,Marketed Production,N9050AK2,Alaska Natural Gas Marketed Production (MMcf)
2006,8,0,MMCF,VRN,Removed from Natural Gas,N9030AK2,Alaska Nonhydrocarbon Gases Removed from Natural Gas (MMcf)
2006,8,218271,MMCF,VGQ,Repressuring,N9020AK2,Alaska Natural Gas Repressuring (MMcf)
2006,8,549,MMCF,VGV,Vented and Flared,N9040AK2,Alaska Natural Gas Vented and Flared (MMcf)
2006,8,0,MMCF,FGC,Withdrawals from Coalbed Wells,NGM_EPG0_FGC_SAK_MMCF,Alaska Natural Gas Gross Withdrawals from Coalbed Wells (MMcf)
2006,8,14317,MMCF,FGG,Withdrawals from Gas Wells,N9011AK2,Alaska Natural Gas Gross Withdrawals from Gas Wells (MMcf)
2006,8,239645,MMCF,FGO,Withdrawals from Oil Wells,N9012AK2,Alaska Natural Gas Gross Withdrawals from Oil Wells (MMcf)
2006,7,32361,MMCF,FPD,Dry Production,NA1160_SAK_2,Alaska Dry Natural Gas Production (Million Cubic Feet)
2006,7,2095,MMCF,VG9,Extraction Loss,NA1150_SAK_2,Alaska Natural Gas Plant Liquids Production (Million Cubic Feet)
2006,7,7865,MMCF/D,FGW,Gross Withdrawals,NGM_EPG0_FGW_SAK_MMCFD,Alaska Natural Gas Gross Withdrawals (Million Cubic Feet per Day)
2006,7,243823,MMCF,FGW,Gross Withdrawals,N9010AK2,Alaska Natural Gas Gross Withdrawals (MMcf)
2006,7,34456,MMCF,VGM,Marketed Production,N9050AK2,Alaska Natural Gas Marketed Production (MMcf)
2006,7,0,MMCF,VRN,Removed from Natural Gas,N9030AK2,Alaska Nonhydrocarbon Gases Removed from Natural Gas (MMcf)
2006,7,208670,MMCF,VGQ,Repressuring,N9020AK2,Alaska Natural Gas Repressuring (MMcf)
2006,7,697,MMCF,VGV,Vented and Flared,N9040AK2,Alaska Natural Gas Vented and Flared (MMcf)
2006,7,0,MMCF,FGC,Withdrawals from Coalbed Wells,NGM_EPG0_FGC_SAK_MMCF,Alaska Natural Gas Gross Withdrawals from Coalbed Wells (MMcf)
2006,7,15354,MMCF,FGG,Withdrawals from Gas Wells,N9011AK2,Alaska Natural Gas Gross Withdrawals from Gas Wells (MMcf)
2006,7,228469,MMCF,FGO,Withdrawals from Oil Wells,N9012AK2,Alaska Natural Gas Gross Withdrawals from Oil Wells (MMcf)
2006,6,33103,MMCF,FPD,Dry Production,NA1160_SAK_2,Alaska Dry Natural Gas Production (Million Cubic Feet)
2006,6,2049,MMCF,VG9,Extraction Loss,NA1150_SAK_2,Alaska Natural Gas Plant Liquids Production (Million Cubic Feet)
2006,6,8330,MMCF/D,FGW,Gross Withdrawals,NGM_EPG0_FGW_SAK_MMCFD,Alaska Natural Gas Gross Withdrawals (Million Cubic Feet per Day)
2006,6,249885,MMCF,FGW,Gross Withdrawals,N9010AK2,Alaska Natural Gas Gross Withdrawals (MMcf)
2006,6,35151,MMCF,VGM,Marketed Production,N9050AK2,Alaska Natural Gas Marketed Production (MMcf)
2006,6,0,MMCF,VRN,Removed from Natural Gas,N9030AK2,Alaska Nonhydrocarbon Gases Removed from Natural Gas (MMcf)
2006,6,214111,MMCF,VGQ,Repressuring,N9020AK2,Alaska Natural Gas Repressuring (MMcf)
2006,6,623,MMCF,VGV,Vented and Flared,N9040AK2,Alaska Natural Gas Vented and Flared (MMcf)
2006,6,0,MMCF,FGC,Withdrawals from Coalbed Wells,NGM_EPG0_FGC_SAK_MMCF,Alaska Natural Gas Gross Withdrawals from Coalbed Wells (MMcf)
2006,6,15181,MMCF,FGG,Withdrawals from Gas Wells,N9011AK2,Alaska Natural Gas Gross Withdrawals from Gas Wells (MMcf)
2006,6,234705,MMCF,FGO,Withdrawals from Oil Wells,N9012AK2,Alaska Natural Gas Gross Withdrawals from Oil Wells (MMcf)
2006,5,28536,MMCF,FPD,Dry Production,NA1160_SAK_2,Alaska Dry Natural Gas Production (Million Cubic Feet)
2006,5,2072,MMCF,VG9,Extraction Loss,NA1150_SAK_2,Alaska Natural Gas Plant Liquids Production (Million Cubic Feet)
2006,5,240858,MMCF,FGW,Gross Withdrawals,N9010AK2,Alaska Natural Gas Gross Withdrawals (MMcf)
2006,5,7770,MMCF/D,FGW,Gross Withdrawals,NGM_EPG0_FGW_SAK_MMCFD,Alaska Natural Gas Gross Withdrawals (Million Cubic Feet per Day)
2006,5,30607,MMCF,VGM,Marketed Production,N9050AK2,Alaska Natural Gas Marketed Production (MMcf)
2006,5,0,MMCF,VRN,Removed from Natural Gas,N9030AK2,Alaska Nonhydrocarbon Gases Removed from Natural Gas (MMcf)
2006,5,209658,MMCF,VGQ,Repressuring,N9020AK2,Alaska Natural Gas Repressuring (MMcf)
2006,5,592,MMCF,VGV,Vented and Flared,N9040AK2,Alaska Natural Gas Vented and Flared (MMcf)
2006,5,0,MMCF,FGC,Withdrawals from Coalbed Wells,NGM_EPG0_FGC_SAK_MMCF,Alaska Natural Gas Gross Withdrawals from Coalbed Wells (MMcf)
2006,5,13432,MMCF,FGG,Withdrawals from Gas Wells,N9011AK2,Alaska Natural Gas Gross Withdrawals from Gas Wells (MMcf)
2006,5,227426,MMCF,FGO,Withdrawals from Oil Wells,N9012AK2,Alaska Natural Gas Gross Withdrawals from Oil Wells (MMcf)
2006,4,33136,MMCF,FPD,Dry Production,NA1160_SAK_2,Alaska Dry Natural Gas Production (Million Cubic Feet)
2006,4,1994,MMCF,VG9,Extraction Loss,NA1150_SAK_2,Alaska Natural Gas Plant Liquids Production (Million Cubic Feet)
2006,4,8745,MMCF/D,FGW,Gross Withdrawals,NGM_EPG0_FGW_SAK_MMCFD,Alaska Natural Gas Gross Withdrawals (Million Cubic Feet per Day)
2006,4,262346,MMCF,FGW,Gross Withdrawals,N9010AK2,Alaska Natural Gas Gross Withdrawals (MMcf)
2006,4,35130,MMCF,VGM,Marketed Production,N9050AK2,Alaska Natural Gas Marketed Production (MMcf)
2006,4,0,MMCF,VRN,Removed from Natural Gas,N9030AK2,Alaska Nonhydrocarbon Gases Removed from Natural Gas (MMcf)
2006,4,226642,MMCF,VGQ,Repressuring,N9020AK2,Alaska Natural Gas Repressuring (MMcf)
2006,4,574,MMCF,VGV,Vented and Flared,N9040AK2,Alaska Natural Gas Vented and Flared (MMcf)
2006,4,0,MMCF,FGC,Withdrawals from Coalbed Wells,NGM_EPG0_FGC_SAK_MMCF,Alaska Natural Gas Gross Withdrawals from Coalbed Wells (MMcf)
2006,4,15335,MMCF,FGG,Withdrawals from Gas Wells,N9011AK2,Alaska Natural Gas Gross Withdrawals from Gas Wells (MMcf)
2006,4,247011,MMCF,FGO,Withdrawals from Oil Wells,N9012AK2,Alaska Natural Gas Gross Withdrawals from Oil Wells (MMcf)
2006,3,40041,MMCF,FPD,Dry Production,NA1160_SAK_2,Alaska Dry Natural Gas Production (Million Cubic Feet)
2006,3,2071,MMCF,VG9,Extraction Loss,NA1150_SAK_2,Alaska Natural Gas Plant Liquids Production (Million Cubic Feet)
2006,3,9288,MMCF/D,FGW,Gross Withdrawals,NGM_EPG0_FGW_SAK_MMCFD,Alaska Natural Gas Gross Withdrawals (Million Cubic Feet per Day)
2006,3,287919,MMCF,FGW,Gross Withdrawals,N9010AK2,Alaska Natural Gas Gross Withdrawals (MMcf)
2006,3,42112,MMCF,VGM,Marketed Production,N9050AK2,Alaska Natural Gas Marketed Production (MMcf)
2006,3,0,MMCF,VRN,Removed from Natural Gas,N9030AK2,Alaska Nonhydrocarbon Gases Removed from Natural Gas (MMcf)
2006,3,245250,MMCF,VGQ,Repressuring,N9020AK2,Alaska Natural Gas Repressuring (MMcf)
2006,3,557,MMCF,VGV,Vented and Flared,N9040AK2,Alaska Natural Gas Vented and Flared (MMcf)
2006,3,0,MMCF,FGC,Withdrawals from Coalbed Wells,NGM_EPG0_FGC_SAK_MMCF,Alaska Natural Gas Gross Withdrawals from Coalbed Wells (MMcf)
2006,3,17636,MMCF,FGG,Withdrawals from Gas Wells,N9011AK2,Alaska Natural Gas Gross Withdrawals from Gas Wells (MMcf)
2006,3,270283,MMCF,FGO,Withdrawals from Oil Wells,N9012AK2,Alaska Natural Gas Gross Withdrawals from Oil Wells (MMcf)
2006,2,35146,MMCF,FPD,Dry Production,NA1160_SAK_2,Alaska Dry Natural Gas Production (Million Cubic Feet)
2006,2,1842,MMCF,VG9,Extraction Loss,NA1150_SAK_2,Alaska Natural Gas Plant Liquids Production (Million Cubic Feet)
2006,2,271070,MMCF,FGW,Gross Withdrawals,N9010AK2,Alaska Natural Gas Gross Withdrawals (MMcf)
2006,2,9681,MMCF/D,FGW,Gross Withdrawals,NGM_EPG0_FGW_SAK_MMCFD,Alaska Natural Gas Gross Withdrawals (Million Cubic Feet per Day)
2006,2,36988,MMCF,VGM,Marketed Production,N9050AK2,Alaska Natural Gas Marketed Production (MMcf)
2006,2,0,MMCF,VRN,Removed from Natural Gas,N9030AK2,Alaska Nonhydrocarbon Gases Removed from Natural Gas (MMcf)
2006,2,233546,MMCF,VGQ,Repressuring,N9020AK2,Alaska Natural Gas Repressuring (MMcf)
2006,2,537,MMCF,VGV,Vented and Flared,N9040AK2,Alaska Natural Gas Vented and Flared (MMcf)
2006,2,0,MMCF,FGC,Withdrawals from Coalbed Wells,NGM_EPG0_FGC_SAK_MMCF,Alaska Natural Gas Gross Withdrawals from Coalbed Wells (MMcf)
2006,2,16096,MMCF,FGG,Withdrawals from Gas Wells,N9011AK2,Alaska Natural Gas Gross Withdrawals from Gas Wells (MMcf)
2006,2,254974,MMCF,FGO,Withdrawals from Oil Wells,N9012AK2,Alaska Natural Gas Gross Withdrawals from Oil Wells (MMcf)
2006,1,38517,MMCF,FPD,Dry Production,NA1160_SAK_2,Alaska Dry Natural Gas Production (Million Cubic Feet)
2006,1,2045,MMCF,VG9,Extraction Loss,NA1150_SAK_2,Alaska Natural Gas Plant Liquids Production (Million Cubic Feet)
2006,1,286557,MMCF,FGW,Gross Withdrawals,N9010AK2,Alaska Natural Gas Gross Withdrawals (MMcf)
2006,1,9244,MMCF/D,FGW,Gross Withdrawals,NGM_EPG0_FGW_SAK_MMCFD,Alaska Natural Gas Gross Withdrawals (Million Cubic Feet per Day)
2006,1,40562,MMCF,VGM,Marketed Production,N9050AK2,Alaska Natural Gas Marketed Production (MMcf)
2006,1,0,MMCF,VRN,Removed from Natural Gas,N9030AK2,Alaska Nonhydrocarbon Gases Removed from Natural Gas (MMcf)
2006,1,245307,MMCF,VGQ,Repressuring,N9020AK2,Alaska Natural Gas Repressuring (MMcf)
2006,1,688,MMCF,VGV,Vented and Flared,N9040AK2,Alaska Natural Gas Vented and Flared (MMcf)
2006,1,0,MMCF,FGC,Withdrawals from Coalbed Wells,NGM_EPG0_FGC_SAK_MMCF,Alaska Natural Gas Gross Withdrawals from Coalbed Wells (MMcf)
2006,1,18975,MMCF,FGG,Withdrawals from Gas Wells,N9011AK2,Alaska Natural Gas Gross Withdrawals from Gas Wells (MMcf)
2006,1,267582,MMCF,FGO,Withdrawals from Oil Wells,N9012AK2,Alaska Natural Gas Gross Withdrawals from Oil Wells (MMcf)
2005,12,2019,MMCF,VG9,Extraction Loss,NA1150_SAK_2,Alaska Natural Gas Plant Liquids Production (Million Cubic Feet)
2005,12,329961,MMCF,FGW,Gross Withdrawals,N9010AK2,Alaska Natural Gas Gross Withdrawals (MMcf)
2005,12,45067,MMCF,VGM,Marketed Production,N9050AK2,Alaska Natural Gas Marketed Production (MMcf)
2005,12,0,MMCF,VRN,Removed from Natural Gas,N9030AK2,Alaska Nonhydrocarbon Gases Removed from Natural Gas (MMcf)
2005,12,284376,MMCF,VGQ,Repressuring,N9020AK2,Alaska Natural Gas Repressuring (MMcf)
2005,12,518,MMCF,VGV,Vented and Flared,N9040AK2,Alaska Natural Gas Vented and Flared (MMcf)
2005,12,0,MMCF,FGC,Withdrawals from Coalbed Wells,NGM_EPG0_FGC_SAK_MMCF,Alaska Natural Gas Gross Withdrawals from Coalbed Wells (MMcf)
2005,12,19943,MMCF,FGG,Withdrawals from Gas Wells,N9011AK2,Alaska Natural Gas Gross Withdrawals from Gas Wells (MMcf)
2005,12,310017,MMCF,FGO,Withdrawals from Oil Wells,N9012AK2,Alaska Natural Gas Gross Withdrawals from Oil Wells (MMcf)
2005,11,1980,MMCF,VG9,Extraction Loss,NA1150_SAK_2,Alaska Natural Gas Plant Liquids Production (Million Cubic Feet)
2005,11,315956,MMCF,FGW,Gross Withdrawals,N9010AK2,Alaska Natural Gas Gross Withdrawals (MMcf)
2005,11,41439,MMCF,VGM,Marketed Production,N9050AK2,Alaska Natural Gas Marketed Production (MMcf)
2005,11,0,MMCF,VRN,Removed from Natural Gas,N9030AK2,Alaska Nonhydrocarbon Gases Removed from Natural Gas (MMcf)
2005,11,274037,MMCF,VGQ,Repressuring,N9020AK2,Alaska Natural Gas Repressuring (MMcf)
2005,11,480,MMCF,VGV,Vented and Flared,N9040AK2,Alaska Natural Gas Vented and Flared (MMcf)
2005,11,0,MMCF,FGC,Withdrawals from Coalbed Wells,NGM_EPG0_FGC_SAK_MMCF,Alaska Natural Gas Gross Withdrawals from Coalbed Wells (MMcf)
2005,11,17833,MMCF,FGG,Withdrawals from Gas Wells,N9011AK2,Alaska Natural Gas Gross Withdrawals from Gas Wells (MMcf)
2005,11,298123,MMCF,FGO,Withdrawals from Oil Wells,N9012AK2,Alaska Natural Gas Gross Withdrawals from Oil Wells (MMcf)
2005,10,1962,MMCF,VG9,Extraction Loss,NA1150_SAK_2,Alaska Natural Gas Plant Liquids Production (Million Cubic Feet)
2005,10,319974,MMCF,FGW,Gross Withdrawals,N9010AK2,Alaska Natural Gas Gross Withdrawals (MMcf)
2005,10,42056,MMCF,VGM,Marketed Production,N9050AK2,Alaska Natural Gas Marketed Production (MMcf)
2005,10,0,MMCF,VRN,Removed from Natural Gas,N9030AK2,Alaska Nonhydrocarbon Gases Removed from Natural Gas (MMcf)
2005,10,277408,MMCF,VGQ,Repressuring,N9020AK2,Alaska Natural Gas Repressuring (MMcf)
2005,10,509,MMCF,VGV,Vented and Flared,N9040AK2,Alaska Natural Gas Vented and Flared (MMcf)
2005,10,0,MMCF,FGC,Withdrawals from Coalbed Wells,NGM_EPG0_FGC_SAK_MMCF,Alaska Natural Gas Gross Withdrawals from Coalbed Wells (MMcf)
2005,10,18745,MMCF,FGG,Withdrawals from Gas Wells,N9011AK2,Alaska Natural Gas Gross Withdrawals from Gas Wells (MMcf)
2005,10,301228,MMCF,FGO,Withdrawals from Oil Wells,N9012AK2,Alaska Natural Gas Gross Withdrawals from Oil Wells (MMcf)
2005,9,1832,MMCF,VG9,Extraction Loss,NA1150_SAK_2,Alaska Natural Gas Plant Liquids Production (Million Cubic Feet)
2005,9,294707,MMCF,FGW,Gross Withdrawals,N9010AK2,Alaska Natural Gas Gross Withdrawals (MMcf)
2005,9,40179,MMCF,VGM,Marketed Production,N9050AK2,Alaska Natural Gas Marketed Production (MMcf)
2005,9,0,MMCF,VRN,Removed from Natural Gas,N9030AK2,Alaska Nonhydrocarbon Gases Removed from Natural Gas (MMcf)
2005,9,253952,MMCF,VGQ,Repressuring,N9020AK2,Alaska Natural Gas Repressuring (MMcf)
2005,9,576,MMCF,VGV,Vented and Flared,N9040AK2,Alaska Natural Gas Vented and Flared (MMcf)
2005,9,0,MMCF,FGC,Withdrawals from Coalbed Wells,NGM_EPG0_FGC_SAK_MMCF,Alaska Natural Gas Gross Withdrawals from Coalbed Wells (MMcf)
2005,9,15476,MMCF,FGG,Withdrawals from Gas Wells,N9011AK2,Alaska Natural Gas Gross Withdrawals from Gas Wells (MMcf)
2005,9,279231,MMCF,FGO,Withdrawals from Oil Wells,N9012AK2,Alaska Natural Gas Gross Withdrawals from Oil Wells (MMcf)
2005,8,1845,MMCF,VG9,Extraction Loss,NA1150_SAK_2,Alaska Natural Gas Plant Liquids Production (Million Cubic Feet)
2005,8,288670,MMCF,FGW,Gross Withdrawals,N9010AK2,Alaska Natural Gas Gross Withdrawals (MMcf)
2005,8,38392,MMCF,VGM,Marketed Production,N9050AK2,Alaska Natural Gas Marketed Production (MMcf)
2005,8,0,MMCF,VRN,Removed from Natural Gas,N9030AK2,Alaska Nonhydrocarbon Gases Removed from Natural Gas (MMcf)
2005,8,249782,MMCF,VGQ,Repressuring,N9020AK2,Alaska Natural Gas Repressuring (MMcf)
2005,8,496,MMCF,VGV,Vented and Flared,N9040AK2,Alaska Natural Gas Vented and Flared (MMcf)
2005,8,0,MMCF,FGC,Withdrawals from Coalbed Wells,NGM_EPG0_FGC_SAK_MMCF,Alaska Natural Gas Gross Withdrawals from Coalbed Wells (MMcf)
2005,8,15310,MMCF,FGG,Withdrawals from Gas Wells,N9011AK2,Alaska Natural Gas Gross Withdrawals from Gas Wells (MMcf)
2005,8,273360,MMCF,FGO,Withdrawals from Oil Wells,N9012AK2,Alaska Natural Gas Gross Withdrawals from Oil Wells (MMcf)
2005,7,1822,MMCF,VG9,Extraction Loss,NA1150_SAK_2,Alaska Natural Gas Plant Liquids Production (Million Cubic Feet)
2005,7,277031,MMCF,FGW,Gross Withdrawals,N9010AK2,Alaska Natural Gas Gross Withdrawals (MMcf)
2005,7,37797,MMCF,VGM,Marketed Production,N9050AK2,Alaska Natural Gas Marketed Production (MMcf)
2005,7,0,MMCF,VRN,Removed from Natural Gas,N9030AK2,Alaska Nonhydrocarbon Gases Removed from Natural Gas (MMcf)
2005,7,238606,MMCF,VGQ,Repressuring,N9020AK2,Alaska Natural Gas Repressuring (MMcf)
2005,7,629,MMCF,VGV,Vented and Flared,N9040AK2,Alaska Natural Gas Vented and Flared (MMcf)
2005,7,0,MMCF,FGC,Withdrawals from Coalbed Wells,NGM_EPG0_FGC_SAK_MMCF,Alaska Natural Gas Gross Withdrawals from Coalbed Wells (MMcf)
2005,7,16419,MMCF,FGG,Withdrawals from Gas Wells,N9011AK2,Alaska Natural Gas Gross Withdrawals from Gas Wells (MMcf)
2005,7,260612,MMCF,FGO,Withdrawals from Oil Wells,N9012AK2,Alaska Natural Gas Gross Withdrawals from Oil Wells (MMcf)
2005,6,1834,MMCF,VG9,Extraction Loss,NA1150_SAK_2,Alaska Natural Gas Plant Liquids Production (Million Cubic Feet)
2005,6,283958,MMCF,FGW,Gross Withdrawals,N9010AK2,Alaska Natural Gas Gross Withdrawals (MMcf)
2005,6,38416,MMCF,VGM,Marketed Production,N9050AK2,Alaska Natural Gas Marketed Production (MMcf)
2005,6,0,MMCF,VRN,Removed from Natural Gas,N9030AK2,Alaska Nonhydrocarbon Gases Removed from Natural Gas (MMcf)
2005,6,244980,MMCF,VGQ,Repressuring,N9020AK2,Alaska Natural Gas Repressuring (MMcf)
2005,6,562,MMCF,VGV,Vented and Flared,N9040AK2,Alaska Natural Gas Vented and Flared (MMcf)
2005,6,0,MMCF,FGC,Withdrawals from Coalbed Wells,NGM_EPG0_FGC_SAK_MMCF,Alaska Natural Gas Gross Withdrawals from Coalbed Wells (MMcf)
2005,6,16233,MMCF,FGG,Withdrawals from Gas Wells,N9011AK2,Alaska Natural Gas Gross Withdrawals from Gas Wells (MMcf)
2005,6,267725,MMCF,FGO,Withdrawals from Oil Wells,N9012AK2,Alaska Natural Gas Gross Withdrawals from Oil Wells (MMcf)
2005,5,1772,MMCF,VG9,Extraction Loss,NA1150_SAK_2,Alaska Natural Gas Plant Liquids Production (Million Cubic Feet)
2005,5,273786,MMCF,FGW,Gross Withdrawals,N9010AK2,Alaska Natural Gas Gross Withdrawals (MMcf)
2005,5,34114,MMCF,VGM,Marketed Production,N9050AK2,Alaska Natural Gas Marketed Production (MMcf)
2005,5,0,MMCF,VRN,Removed from Natural Gas,N9030AK2,Alaska Nonhydrocarbon Gases Removed from Natural Gas (MMcf)
2005,5,239137,MMCF,VGQ,Repressuring,N9020AK2,Alaska Natural Gas Repressuring (MMcf)
2005,5,534,MMCF,VGV,Vented and Flared,N9040AK2,Alaska Natural Gas Vented and Flared (MMcf)
2005,5,0,MMCF,FGC,Withdrawals from Coalbed Wells,NGM_EPG0_FGC_SAK_MMCF,Alaska Natural Gas Gross Withdrawals from Coalbed Wells (MMcf)
2005,5,14364,MMCF,FGG,Withdrawals from Gas Wells,N9011AK2,Alaska Natural Gas Gross Withdrawals from Gas Wells (MMcf)
2005,5,259422,MMCF,FGO,Withdrawals from Oil Wells,N9012AK2,Alaska Natural Gas Gross Withdrawals from Oil Wells (MMcf)
2005,4,1920,MMCF,VG9,Extraction Loss,NA1150_SAK_2,Alaska Natural Gas Plant Liquids Production (Million Cubic Feet)
2005,4,298161,MMCF,FGW,Gross Withdrawals,N9010AK2,Alaska Natural Gas Gross Withdrawals (MMcf)
2005,4,38794,MMCF,VGM,Marketed Production,N9050AK2,Alaska Natural Gas Marketed Production (MMcf)
2005,4,0,MMCF,VRN,Removed from Natural Gas,N9030AK2,Alaska Nonhydrocarbon Gases Removed from Natural Gas (MMcf)
2005,4,258849,MMCF,VGQ,Repressuring,N9020AK2,Alaska Natural Gas Repressuring (MMcf)
2005,4,518,MMCF,VGV,Vented and Flared,N9040AK2,Alaska Natural Gas Vented and Flared (MMcf)
2005,4,0,MMCF,FGC,Withdrawals from Coalbed Wells,NGM_EPG0_FGC_SAK_MMCF,Alaska Natural Gas Gross Withdrawals from Coalbed Wells (MMcf)
2005,4,16398,MMCF,FGG,Withdrawals from Gas Wells,N9011AK2,Alaska Natural Gas Gross Withdrawals from Gas Wells (MMcf)
2005,4,281763,MMCF,FGO,Withdrawals from Oil Wells,N9012AK2,Alaska Natural Gas Gross Withdrawals from Oil Wells (MMcf)
2005,3,2039,MMCF,VG9,Extraction Loss,NA1150_SAK_2,Alaska Natural Gas Plant Liquids Production (Million Cubic Feet)
2005,3,327167,MMCF,FGW,Gross Withdrawals,N9010AK2,Alaska Natural Gas Gross Withdrawals (MMcf)
2005,3,45864,MMCF,VGM,Marketed Production,N9050AK2,Alaska Natural Gas Marketed Production (MMcf)
2005,3,0,MMCF,VRN,Removed from Natural Gas,N9030AK2,Alaska Nonhydrocarbon Gases Removed from Natural Gas (MMcf)
2005,3,280801,MMCF,VGQ,Repressuring,N9020AK2,Alaska Natural Gas Repressuring (MMcf)
2005,3,502,MMCF,VGV,Vented and Flared,N9040AK2,Alaska Natural Gas Vented and Flared (MMcf)
2005,3,0,MMCF,FGC,Withdrawals from Coalbed Wells,NGM_EPG0_FGC_SAK_MMCF,Alaska Natural Gas Gross Withdrawals from Coalbed Wells (MMcf)
2005,3,18859,MMCF,FGG,Withdrawals from Gas Wells,N9011AK2,Alaska Natural Gas Gross Withdrawals from Gas Wells (MMcf)
2005,3,308308,MMCF,FGO,Withdrawals from Oil Wells,N9012AK2,Alaska Natural Gas Gross Withdrawals from Oil Wells (MMcf)
2005,2,1908,MMCF,VG9,Extraction Loss,NA1150_SAK_2,Alaska Natural Gas Plant Liquids Production (Million Cubic Feet)
2005,2,308059,MMCF,FGW,Gross Withdrawals,N9010AK2,Alaska Natural Gas Gross Withdrawals (MMcf)
2005,2,40582,MMCF,VGM,Marketed Production,N9050AK2,Alaska Natural Gas Marketed Production (MMcf)
2005,2,0,MMCF,VRN,Removed from Natural Gas,N9030AK2,Alaska Nonhydrocarbon Gases Removed from Natural Gas (MMcf)
2005,2,266992,MMCF,VGQ,Repressuring,N9020AK2,Alaska Natural Gas Repressuring (MMcf)
2005,2,484,MMCF,VGV,Vented and Flared,N9040AK2,Alaska Natural Gas Vented and Flared (MMcf)
2005,2,0,MMCF,FGC,Withdrawals from Coalbed Wells,NGM_EPG0_FGC_SAK_MMCF,Alaska Natural Gas Gross Withdrawals from Coalbed Wells (MMcf)
2005,2,17212,MMCF,FGG,Withdrawals from Gas Wells,N9011AK2,Alaska Natural Gas Gross Withdrawals from Gas Wells (MMcf)
2005,2,290846,MMCF,FGO,Withdrawals from Oil Wells,N9012AK2,Alaska Natural Gas Gross Withdrawals from Oil Wells (MMcf)
2005,1,2055,MMCF,VG9,Extraction Loss,NA1150_SAK_2,Alaska Natural Gas Plant Liquids Production (Million Cubic Feet)
2005,1,325519,MMCF,FGW,Gross Withdrawals,N9010AK2,Alaska Natural Gas Gross Withdrawals (MMcf)
2005,1,44581,MMCF,VGM,Marketed Production,N9050AK2,Alaska Natural Gas Marketed Production (MMcf)
2005,1,0,MMCF,VRN,Removed from Natural Gas,N9030AK2,Alaska Nonhydrocarbon Gases Removed from Natural Gas (MMcf)
2005,1,280317,MMCF,VGQ,Repressuring,N9020AK2,Alaska Natural Gas Repressuring (MMcf)
2005,1,620,MMCF,VGV,Vented and Flared,N9040AK2,Alaska Natural Gas Vented and Flared (MMcf)
2005,1,0,MMCF,FGC,Withdrawals from Coalbed Wells,NGM_EPG0_FGC_SAK_MMCF,Alaska Natural Gas Gross Withdrawals from Coalbed Wells (MMcf)
2005,1,20291,MMCF,FGG,Withdrawals from Gas Wells,N9011AK2,Alaska Natural Gas Gross Withdrawals from Gas Wells (MMcf)
2005,1,305228,MMCF,FGO,Withdrawals from Oil Wells,N9012AK2,Alaska Natural Gas Gross Withdrawals from Oil Wells (MMcf)
2004,12,2053,MMCF,VG9,Extraction Loss,NA1150_SAK_2,Alaska Natural Gas Plant Liquids Production (Million Cubic Feet)
2004,12,330038,MMCF,FGW,Gross Withdrawals,N9010AK2,Alaska Natural Gas Gross Withdrawals (MMcf)
2004,12,43613,MMCF,VGM,Marketed Production,N9050AK2,Alaska Natural Gas Marketed Production (MMcf)
2004,12,0,MMCF,VRN,Removed from Natural Gas,N9030AK2,Alaska Nonhydrocarbon Gases Removed from Natural Gas (MMcf)
2004,12,285935,MMCF,VGQ,Repressuring,N9020AK2,Alaska Natural Gas Repressuring (MMcf)
2004,12,490,MMCF,VGV,Vented and Flared,N9040AK2,Alaska Natural Gas Vented and Flared (MMcf)
2004,12,0,MMCF,FGC,Withdrawals from Coalbed Wells,NGM_EPG0_FGC_SAK_MMCF,Alaska Natural Gas Gross Withdrawals from Coalbed Wells (MMcf)
2004,12,19539,MMCF,FGG,Withdrawals from Gas Wells,N9011AK2,Alaska Natural Gas Gross Withdrawals from Gas Wells (MMcf)
2004,12,310499,MMCF,FGO,Withdrawals from Oil Wells,N9012AK2,Alaska Natural Gas Gross Withdrawals from Oil Wells (MMcf)
2004,11,1885,MMCF,VG9,Extraction Loss,NA1150_SAK_2,Alaska Natural Gas Plant Liquids Production (Million Cubic Feet)
2004,11,316057,MMCF,FGW,Gross Withdrawals,N9010AK2,Alaska Natural Gas Gross Withdrawals (MMcf)
2004,11,40051,MMCF,VGM,Marketed Production,N9050AK2,Alaska Natural Gas Marketed Production (MMcf)
2004,11,0,MMCF,VRN,Removed from Natural Gas,N9030AK2,Alaska Nonhydrocarbon Gases Removed from Natural Gas (MMcf)
2004,11,275551,MMCF,VGQ,Repressuring,N9020AK2,Alaska Natural Gas Repressuring (MMcf)
2004,11,455,MMCF,VGV,Vented and Flared,N9040AK2,Alaska Natural Gas Vented and Flared (MMcf)
2004,11,0,MMCF,FGC,Withdrawals from Coalbed Wells,NGM_EPG0_FGC_SAK_MMCF,Alaska Natural Gas Gross Withdrawals from Coalbed Wells (MMcf)
2004,11,17471,MMCF,FGG,Withdrawals from Gas Wells,N9011AK2,Alaska Natural Gas Gross Withdrawals from Gas Wells (MMcf)
2004,11,298586,MMCF,FGO,Withdrawals from Oil Wells,N9012AK2,Alaska Natural Gas Gross Withdrawals from Oil Wells (MMcf)
2004,10,1912,MMCF,VG9,Extraction Loss,NA1150_SAK_2,Alaska Natural Gas Plant Liquids Production (Million Cubic Feet)
2004,10,320061,MMCF,FGW,Gross Withdrawals,N9010AK2,Alaska Natural Gas Gross Withdrawals (MMcf)
2004,10,40626,MMCF,VGM,Marketed Production,N9050AK2,Alaska Natural Gas Marketed Production (MMcf)
2004,10,0,MMCF,VRN,Removed from Natural Gas,N9030AK2,Alaska Nonhydrocarbon Gases Removed from Natural Gas (MMcf)
2004,10,278954,MMCF,VGQ,Repressuring,N9020AK2,Alaska Natural Gas Repressuring (MMcf)
2004,10,482,MMCF,VGV,Vented and Flared,N9040AK2,Alaska Natural Gas Vented and Flared (MMcf)
2004,10,0,MMCF,FGC,Withdrawals from Coalbed Wells,NGM_EPG0_FGC_SAK_MMCF,Alaska Natural Gas Gross Withdrawals from Coalbed Wells (MMcf)
2004,10,18365,MMCF,FGG,Withdrawals from Gas Wells,N9011AK2,Alaska Natural Gas Gross Withdrawals from Gas Wells (MMcf)
2004,10,301696,MMCF,FGO,Withdrawals from Oil Wells,N9012AK2,Alaska Natural Gas Gross Withdrawals from Oil Wells (MMcf)
2004,9,1821,MMCF,VG9,Extraction Loss,NA1150_SAK_2,Alaska Natural Gas Plant Liquids Production (Million Cubic Feet)
2004,9,294827,MMCF,FGW,Gross Withdrawals,N9010AK2,Alaska Natural Gas Gross Withdrawals (MMcf)
2004,9,38682,MMCF,VGM,Marketed Production,N9050AK2,Alaska Natural Gas Marketed Production (MMcf)
2004,9,0,MMCF,VRN,Removed from Natural Gas,N9030AK2,Alaska Nonhydrocarbon Gases Removed from Natural Gas (MMcf)
2004,9,255598,MMCF,VGQ,Repressuring,N9020AK2,Alaska Natural Gas Repressuring (MMcf)
2004,9,546,MMCF,VGV,Vented and Flared,N9040AK2,Alaska Natural Gas Vented and Flared (MMcf)
2004,9,0,MMCF,FGC,Withdrawals from Coalbed Wells,NGM_EPG0_FGC_SAK_MMCF,Alaska Natural Gas Gross Withdrawals from Coalbed Wells (MMcf)
2004,9,15162,MMCF,FGG,Withdrawals from Gas Wells,N9011AK2,Alaska Natural Gas Gross Withdrawals from Gas Wells (MMcf)
2004,9,279664,MMCF,FGO,Withdrawals from Oil Wells,N9012AK2,Alaska Natural Gas Gross Withdrawals from Oil Wells (MMcf)
2004,8,1745,MMCF,VG9,Extraction Loss,NA1150_SAK_2,Alaska Natural Gas Plant Liquids Production (Million Cubic Feet)
2004,8,288784,MMCF,FGW,Gross Withdrawals,N9010AK2,Alaska Natural Gas Gross Withdrawals (MMcf)
2004,8,37068,MMCF,VGM,Marketed Production,N9050AK2,Alaska Natural Gas Marketed Production (MMcf)
2004,8,0,MMCF,VRN,Removed from Natural Gas,N9030AK2,Alaska Nonhydrocarbon Gases Removed from Natural Gas (MMcf)
2004,8,251247,MMCF,VGQ,Repressuring,N9020AK2,Alaska Natural Gas Repressuring (MMcf)
2004,8,469,MMCF,VGV,Vented and Flared,N9040AK2,Alaska Natural Gas Vented and Flared (MMcf)
2004,8,0,MMCF,FGC,Withdrawals from Coalbed Wells,NGM_EPG0_FGC_SAK_MMCF,Alaska Natural Gas Gross Withdrawals from Coalbed Wells (MMcf)
2004,8,14999,MMCF,FGG,Withdrawals from Gas Wells,N9011AK2,Alaska Natural Gas Gross Withdrawals from Gas Wells (MMcf)
2004,8,273784,MMCF,FGO,Withdrawals from Oil Wells,N9012AK2,Alaska Natural Gas Gross Withdrawals from Oil Wells (MMcf)
2004,7,1725,MMCF,VG9,Extraction Loss,NA1150_SAK_2,Alaska Natural Gas Plant Liquids Production (Million Cubic Feet)
2004,7,277103,MMCF,FGW,Gross Withdrawals,N9010AK2,Alaska Natural Gas Gross Withdrawals (MMcf)
2004,7,36639,MMCF,VGM,Marketed Production,N9050AK2,Alaska Natural Gas Marketed Production (MMcf)
2004,7,0,MMCF,VRN,Removed from Natural Gas,N9030AK2,Alaska Nonhydrocarbon Gases Removed from Natural Gas (MMcf)
2004,7,239869,MMCF,VGQ,Repressuring,N9020AK2,Alaska Natural Gas Repressuring (MMcf)
2004,7,595,MMCF,VGV,Vented and Flared,N9040AK2,Alaska Natural Gas Vented and Flared (MMcf)
2004,7,0,MMCF,FGC,Withdrawals from Coalbed Wells,NGM_EPG0_FGC_SAK_MMCF,Alaska Natural Gas Gross Withdrawals from Coalbed Wells (MMcf)
2004,7,16086,MMCF,FGG,Withdrawals from Gas Wells,N9011AK2,Alaska Natural Gas Gross Withdrawals from Gas Wells (MMcf)
2004,7,261017,MMCF,FGO,Withdrawals from Oil Wells,N9012AK2,Alaska Natural Gas Gross Withdrawals from Oil Wells (MMcf)
2004,6,1748,MMCF,VG9,Extraction Loss,NA1150_SAK_2,Alaska Natural Gas Plant Liquids Production (Million Cubic Feet)
2004,6,284045,MMCF,FGW,Gross Withdrawals,N9010AK2,Alaska Natural Gas Gross Withdrawals (MMcf)
2004,6,37126,MMCF,VGM,Marketed Production,N9050AK2,Alaska Natural Gas Marketed Production (MMcf)
2004,6,0,MMCF,VRN,Removed from Natural Gas,N9030AK2,Alaska Nonhydrocarbon Gases Removed from Natural Gas (MMcf)
2004,6,246386,MMCF,VGQ,Repressuring,N9020AK2,Alaska Natural Gas Repressuring (MMcf)
2004,6,532,MMCF,VGV,Vented and Flared,N9040AK2,Alaska Natural Gas Vented and Flared (MMcf)
2004,6,0,MMCF,FGC,Withdrawals from Coalbed Wells,NGM_EPG0_FGC_SAK_MMCF,Alaska Natural Gas Gross Withdrawals from Coalbed Wells (MMcf)
2004,6,15904,MMCF,FGG,Withdrawals from Gas Wells,N9011AK2,Alaska Natural Gas Gross Withdrawals from Gas Wells (MMcf)
2004,6,268141,MMCF,FGO,Withdrawals from Oil Wells,N9012AK2,Alaska Natural Gas Gross Withdrawals from Oil Wells (MMcf)
2004,5,1573,MMCF,VG9,Extraction Loss,NA1150_SAK_2,Alaska Natural Gas Plant Liquids Production (Million Cubic Feet)
2004,5,273897,MMCF,FGW,Gross Withdrawals,N9010AK2,Alaska Natural Gas Gross Withdrawals (MMcf)
2004,5,33417,MMCF,VGM,Marketed Production,N9050AK2,Alaska Natural Gas Marketed Production (MMcf)
2004,5,0,MMCF,VRN,Removed from Natural Gas,N9030AK2,Alaska Nonhydrocarbon Gases Removed from Natural Gas (MMcf)
2004,5,239974,MMCF,VGQ,Repressuring,N9020AK2,Alaska Natural Gas Repressuring (MMcf)
2004,5,506,MMCF,VGV,Vented and Flared,N9040AK2,Alaska Natural Gas Vented and Flared (MMcf)
2004,5,0,MMCF,FGC,Withdrawals from Coalbed Wells,NGM_EPG0_FGC_SAK_MMCF,Alaska Natural Gas Gross Withdrawals from Coalbed Wells (MMcf)
2004,5,14072,MMCF,FGG,Withdrawals from Gas Wells,N9011AK2,Alaska Natural Gas Gross Withdrawals from Gas Wells (MMcf)
2004,5,259825,MMCF,FGO,Withdrawals from Oil Wells,N9012AK2,Alaska Natural Gas Gross Withdrawals from Oil Wells (MMcf)
2004,4,1778,MMCF,VG9,Extraction Loss,NA1150_SAK_2,Alaska Natural Gas Plant Liquids Production (Million Cubic Feet)
2004,4,298266,MMCF,FGW,Gross Withdrawals,N9010AK2,Alaska Natural Gas Gross Withdrawals (MMcf)
2004,4,37777,MMCF,VGM,Marketed Production,N9050AK2,Alaska Natural Gas Marketed Production (MMcf)
2004,4,0,MMCF,VRN,Removed from Natural Gas,N9030AK2,Alaska Nonhydrocarbon Gases Removed from Natural Gas (MMcf)
2004,4,259999,MMCF,VGQ,Repressuring,N9020AK2,Alaska Natural Gas Repressuring (MMcf)
2004,4,490,MMCF,VGV,Vented and Flared,N9040AK2,Alaska Natural Gas Vented and Flared (MMcf)
2004,4,0,MMCF,FGC,Withdrawals from Coalbed Wells,NGM_EPG0_FGC_SAK_MMCF,Alaska Natural Gas Gross Withdrawals from Coalbed Wells (MMcf)
2004,4,16065,MMCF,FGG,Withdrawals from Gas Wells,N9011AK2,Alaska Natural Gas Gross Withdrawals from Gas Wells (MMcf)
2004,4,282201,MMCF,FGO,Withdrawals from Oil Wells,N9012AK2,Alaska Natural Gas Gross Withdrawals from Oil Wells (MMcf)
2004,3,2082,MMCF,VG9,Extraction Loss,NA1150_SAK_2,Alaska Natural Gas Plant Liquids Production (Million Cubic Feet)
2004,3,327264,MMCF,FGW,Gross Withdrawals,N9010AK2,Alaska Natural Gas Gross Withdrawals (MMcf)
2004,3,44237,MMCF,VGM,Marketed Production,N9050AK2,Alaska Natural Gas Marketed Production (MMcf)
2004,3,0,MMCF,VRN,Removed from Natural Gas,N9030AK2,Alaska Nonhydrocarbon Gases Removed from Natural Gas (MMcf)
2004,3,282551,MMCF,VGQ,Repressuring,N9020AK2,Alaska Natural Gas Repressuring (MMcf)
2004,3,476,MMCF,VGV,Vented and Flared,N9040AK2,Alaska Natural Gas Vented and Flared (MMcf)
2004,3,0,MMCF,FGC,Withdrawals from Coalbed Wells,NGM_EPG0_FGC_SAK_MMCF,Alaska Natural Gas Gross Withdrawals from Coalbed Wells (MMcf)
2004,3,18477,MMCF,FGG,Withdrawals from Gas Wells,N9011AK2,Alaska Natural Gas Gross Withdrawals from Gas Wells (MMcf)
2004,3,308787,MMCF,FGO,Withdrawals from Oil Wells,N9012AK2,Alaska Natural Gas Gross Withdrawals from Oil Wells (MMcf)
2004,2,1852,MMCF,VG9,Extraction Loss,NA1150_SAK_2,Alaska Natural Gas Plant Liquids Production (Million Cubic Feet)
2004,2,308161,MMCF,FGW,Gross Withdrawals,N9010AK2,Alaska Natural Gas Gross Withdrawals (MMcf)
2004,2,39339,MMCF,VGM,Marketed Production,N9050AK2,Alaska Natural Gas Marketed Production (MMcf)
2004,2,0,MMCF,VRN,Removed from Natural Gas,N9030AK2,Alaska Nonhydrocarbon Gases Removed from Natural Gas (MMcf)
2004,2,268364,MMCF,VGQ,Repressuring,N9020AK2,Alaska Natural Gas Repressuring (MMcf)
2004,2,458,MMCF,VGV,Vented and Flared,N9040AK2,Alaska Natural Gas Vented and Flared (MMcf)
2004,2,0,MMCF,FGC,Withdrawals from Coalbed Wells,NGM_EPG0_FGC_SAK_MMCF,Alaska Natural Gas Gross Withdrawals from Coalbed Wells (MMcf)
2004,2,16863,MMCF,FGG,Withdrawals from Gas Wells,N9011AK2,Alaska Natural Gas Gross Withdrawals from Gas Wells (MMcf)
2004,2,291298,MMCF,FGO,Withdrawals from Oil Wells,N9012AK2,Alaska Natural Gas Gross Withdrawals from Oil Wells (MMcf)
2004,1,2039,MMCF,VG9,Extraction Loss,NA1150_SAK_2,Alaska Natural Gas Plant Liquids Production (Million Cubic Feet)
2004,1,325581,MMCF,FGW,Gross Withdrawals,N9010AK2,Alaska Natural Gas Gross Withdrawals (MMcf)
2004,1,43323,MMCF,VGM,Marketed Production,N9050AK2,Alaska Natural Gas Marketed Production (MMcf)
2004,1,0,MMCF,VRN,Removed from Natural Gas,N9030AK2,Alaska Nonhydrocarbon Gases Removed from Natural Gas (MMcf)
2004,1,281671,MMCF,VGQ,Repressuring,N9020AK2,Alaska Natural Gas Repressuring (MMcf)
2004,1,587,MMCF,VGV,Vented and Flared,N9040AK2,Alaska Natural Gas Vented and Flared (MMcf)
2004,1,0,MMCF,FGC,Withdrawals from Coalbed Wells,NGM_EPG0_FGC_SAK_MMCF,Alaska Natural Gas Gross Withdrawals from Coalbed Wells (MMcf)
2004,1,19880,MMCF,FGG,Withdrawals from Gas Wells,N9011AK2,Alaska Natural Gas Gross Withdrawals from Gas Wells (MMcf)
2004,1,305702,MMCF,FGO,Withdrawals from Oil Wells,N9012AK2,Alaska Natural Gas Gross Withdrawals from Oil Wells (MMcf)
2003,12,1983,MMCF,VG9,Extraction Loss,NA1150_SAK_2,Alaska Natural Gas Plant Liquids Production (Million Cubic Feet)
2003,12,324067,MMCF,FGW,Gross Withdrawals,N9010AK2,Alaska Natural Gas Gross Withdrawals (MMcf)
2003,12,45226,MMCF,VGM,Marketed Production,N9050AK2,Alaska Natural Gas Marketed Production (MMcf)
2003,12,0,MMCF,VRN,Removed from Natural Gas,N9030AK2,Alaska Nonhydrocarbon Gases Removed from Natural Gas (MMcf)
2003,12,278330,MMCF,VGQ,Repressuring,N9020AK2,Alaska Natural Gas Repressuring (MMcf)
2003,12,511,MMCF,VGV,Vented and Flared,N9040AK2,Alaska Natural Gas Vented and Flared (MMcf)
2003,12,0,MMCF,FGC,Withdrawals from Coalbed Wells,NGM_EPG0_FGC_SAK_MMCF,Alaska Natural Gas Gross Withdrawals from Coalbed Wells (MMcf)
2003,12,18971,MMCF,FGG,Withdrawals from Gas Wells,N9011AK2,Alaska Natural Gas Gross Withdrawals from Gas Wells (MMcf)
2003,12,305096,MMCF,FGO,Withdrawals from Oil Wells,N9012AK2,Alaska Natural Gas Gross Withdrawals from Oil Wells (MMcf)
2003,11,1827,MMCF,VG9,Extraction Loss,NA1150_SAK_2,Alaska Natural Gas Plant Liquids Production (Million Cubic Feet)
2003,11,310354,MMCF,FGW,Gross Withdrawals,N9010AK2,Alaska Natural Gas Gross Withdrawals (MMcf)
2003,11,41666,MMCF,VGM,Marketed Production,N9050AK2,Alaska Natural Gas Marketed Production (MMcf)
2003,11,0,MMCF,VRN,Removed from Natural Gas,N9030AK2,Alaska Nonhydrocarbon Gases Removed from Natural Gas (MMcf)
2003,11,268214,MMCF,VGQ,Repressuring,N9020AK2,Alaska Natural Gas Repressuring (MMcf)
2003,11,474,MMCF,VGV,Vented and Flared,N9040AK2,Alaska Natural Gas Vented and Flared (MMcf)
2003,11,0,MMCF,FGC,Withdrawals from Coalbed Wells,NGM_EPG0_FGC_SAK_MMCF,Alaska Natural Gas Gross Withdrawals from Coalbed Wells (MMcf)
2003,11,16964,MMCF,FGG,Withdrawals from Gas Wells,N9011AK2,Alaska Natural Gas Gross Withdrawals from Gas Wells (MMcf)
2003,11,293390,MMCF,FGO,Withdrawals from Oil Wells,N9012AK2,Alaska Natural Gas Gross Withdrawals from Oil Wells (MMcf)
2003,10,1853,MMCF,VG9,Extraction Loss,NA1150_SAK_2,Alaska Natural Gas Plant Liquids Production (Million Cubic Feet)
2003,10,314278,MMCF,FGW,Gross Withdrawals,N9010AK2,Alaska Natural Gas Gross Withdrawals (MMcf)
2003,10,42259,MMCF,VGM,Marketed Production,N9050AK2,Alaska Natural Gas Marketed Production (MMcf)
2003,10,0,MMCF,VRN,Removed from Natural Gas,N9030AK2,Alaska Nonhydrocarbon Gases Removed from Natural Gas (MMcf)
2003,10,271516,MMCF,VGQ,Repressuring,N9020AK2,Alaska Natural Gas Repressuring (MMcf)
2003,10,502,MMCF,VGV,Vented and Flared,N9040AK2,Alaska Natural Gas Vented and Flared (MMcf)
2003,10,0,MMCF,FGC,Withdrawals from Coalbed Wells,NGM_EPG0_FGC_SAK_MMCF,Alaska Natural Gas Gross Withdrawals from Coalbed Wells (MMcf)
2003,10,17831,MMCF,FGG,Withdrawals from Gas Wells,N9011AK2,Alaska Natural Gas Gross Withdrawals from Gas Wells (MMcf)
2003,10,296446,MMCF,FGO,Withdrawals from Oil Wells,N9012AK2,Alaska Natural Gas Gross Withdrawals from Oil Wells (MMcf)
2003,9,1769,MMCF,VG9,Extraction Loss,NA1150_SAK_2,Alaska Natural Gas Plant Liquids Production (Million Cubic Feet)
2003,9,289519,MMCF,FGW,Gross Withdrawals,N9010AK2,Alaska Natural Gas Gross Withdrawals (MMcf)
2003,9,40345,MMCF,VGM,Marketed Production,N9050AK2,Alaska Natural Gas Marketed Production (MMcf)
2003,9,0,MMCF,VRN,Removed from Natural Gas,N9030AK2,Alaska Nonhydrocarbon Gases Removed from Natural Gas (MMcf)
2003,9,248605,MMCF,VGQ,Repressuring,N9020AK2,Alaska Natural Gas Repressuring (MMcf)
2003,9,569,MMCF,VGV,Vented and Flared,N9040AK2,Alaska Natural Gas Vented and Flared (MMcf)
2003,9,0,MMCF,FGC,Withdrawals from Coalbed Wells,NGM_EPG0_FGC_SAK_MMCF,Alaska Natural Gas Gross Withdrawals from Coalbed Wells (MMcf)
2003,9,14722,MMCF,FGG,Withdrawals from Gas Wells,N9011AK2,Alaska Natural Gas Gross Withdrawals from Gas Wells (MMcf)
2003,9,274798,MMCF,FGO,Withdrawals from Oil Wells,N9012AK2,Alaska Natural Gas Gross Withdrawals from Oil Wells (MMcf)
2003,8,1693,MMCF,VG9,Extraction Loss,NA1150_SAK_2,Alaska Natural Gas Plant Liquids Production (Million Cubic Feet)
2003,8,283583,MMCF,FGW,Gross Withdrawals,N9010AK2,Alaska Natural Gas Gross Withdrawals (MMcf)
2003,8,38603,MMCF,VGM,Marketed Production,N9050AK2,Alaska Natural Gas Marketed Production (MMcf)
2003,8,0,MMCF,VRN,Removed from Natural Gas,N9030AK2,Alaska Nonhydrocarbon Gases Removed from Natural Gas (MMcf)
2003,8,244491,MMCF,VGQ,Repressuring,N9020AK2,Alaska Natural Gas Repressuring (MMcf)
2003,8,489,MMCF,VGV,Vented and Flared,N9040AK2,Alaska Natural Gas Vented and Flared (MMcf)
2003,8,0,MMCF,FGC,Withdrawals from Coalbed Wells,NGM_EPG0_FGC_SAK_MMCF,Alaska Natural Gas Gross Withdrawals from Coalbed Wells (MMcf)
2003,8,14563,MMCF,FGG,Withdrawals from Gas Wells,N9011AK2,Alaska Natural Gas Gross Withdrawals from Gas Wells (MMcf)
2003,8,269020,MMCF,FGO,Withdrawals from Oil Wells,N9012AK2,Alaska Natural Gas Gross Withdrawals from Oil Wells (MMcf)
2003,7,1664,MMCF,VG9,Extraction Loss,NA1150_SAK_2,Alaska Natural Gas Plant Liquids Production (Million Cubic Feet)
2003,7,272093,MMCF,FGW,Gross Withdrawals,N9010AK2,Alaska Natural Gas Gross Withdrawals (MMcf)
2003,7,37949,MMCF,VGM,Marketed Production,N9050AK2,Alaska Natural Gas Marketed Production (MMcf)
2003,7,0,MMCF,VRN,Removed from Natural Gas,N9030AK2,Alaska Nonhydrocarbon Gases Removed from Natural Gas (MMcf)
2003,7,233524,MMCF,VGQ,Repressuring,N9020AK2,Alaska Natural Gas Repressuring (MMcf)
2003,7,620,MMCF,VGV,Vented and Flared,N9040AK2,Alaska Natural Gas Vented and Flared (MMcf)
2003,7,0,MMCF,FGC,Withdrawals from Coalbed Wells,NGM_EPG0_FGC_SAK_MMCF,Alaska Natural Gas Gross Withdrawals from Coalbed Wells (MMcf)
2003,7,15618,MMCF,FGG,Withdrawals from Gas Wells,N9011AK2,Alaska Natural Gas Gross Withdrawals from Gas Wells (MMcf)
2003,7,256475,MMCF,FGO,Withdrawals from Oil Wells,N9012AK2,Alaska Natural Gas Gross Withdrawals from Oil Wells (MMcf)
2003,6,1691,MMCF,VG9,Extraction Loss,NA1150_SAK_2,Alaska Natural Gas Plant Liquids Production (Million Cubic Feet)
2003,6,278917,MMCF,FGW,Gross Withdrawals,N9010AK2,Alaska Natural Gas Gross Withdrawals (MMcf)
2003,6,38577,MMCF,VGM,Marketed Production,N9050AK2,Alaska Natural Gas Marketed Production (MMcf)
2003,6,0,MMCF,VRN,Removed from Natural Gas,N9030AK2,Alaska Nonhydrocarbon Gases Removed from Natural Gas (MMcf)
2003,6,239785,MMCF,VGQ,Repressuring,N9020AK2,Alaska Natural Gas Repressuring (MMcf)
2003,6,555,MMCF,VGV,Vented and Flared,N9040AK2,Alaska Natural Gas Vented and Flared (MMcf)
2003,6,0,MMCF,FGC,Withdrawals from Coalbed Wells,NGM_EPG0_FGC_SAK_MMCF,Alaska Natural Gas Gross Withdrawals from Coalbed Wells (MMcf)
2003,6,15442,MMCF,FGG,Withdrawals from Gas Wells,N9011AK2,Alaska Natural Gas Gross Withdrawals from Gas Wells (MMcf)
2003,6,263475,MMCF,FGO,Withdrawals from Oil Wells,N9012AK2,Alaska Natural Gas Gross Withdrawals from Oil Wells (MMcf)
2003,5,1512,MMCF,VG9,Extraction Loss,NA1150_SAK_2,Alaska Natural Gas Plant Liquids Production (Million Cubic Feet)
2003,5,268967,MMCF,FGW,Gross Withdrawals,N9010AK2,Alaska Natural Gas Gross Withdrawals (MMcf)
2003,5,34483,MMCF,VGM,Marketed Production,N9050AK2,Alaska Natural Gas Marketed Production (MMcf)
2003,5,0,MMCF,VRN,Removed from Natural Gas,N9030AK2,Alaska Nonhydrocarbon Gases Removed from Natural Gas (MMcf)
2003,5,233956,MMCF,VGQ,Repressuring,N9020AK2,Alaska Natural Gas Repressuring (MMcf)
2003,5,527,MMCF,VGV,Vented and Flared,N9040AK2,Alaska Natural Gas Vented and Flared (MMcf)
2003,5,0,MMCF,FGC,Withdrawals from Coalbed Wells,NGM_EPG0_FGC_SAK_MMCF,Alaska Natural Gas Gross Withdrawals from Coalbed Wells (MMcf)
2003,5,13664,MMCF,FGG,Withdrawals from Gas Wells,N9011AK2,Alaska Natural Gas Gross Withdrawals from Gas Wells (MMcf)
2003,5,255303,MMCF,FGO,Withdrawals from Oil Wells,N9012AK2,Alaska Natural Gas Gross Withdrawals from Oil Wells (MMcf)
2003,4,1714,MMCF,VG9,Extraction Loss,NA1150_SAK_2,Alaska Natural Gas Plant Liquids Production (Million Cubic Feet)
2003,4,292889,MMCF,FGW,Gross Withdrawals,N9010AK2,Alaska Natural Gas Gross Withdrawals (MMcf)
2003,4,39087,MMCF,VGM,Marketed Production,N9050AK2,Alaska Natural Gas Marketed Production (MMcf)
2003,4,0,MMCF,VRN,Removed from Natural Gas,N9030AK2,Alaska Nonhydrocarbon Gases Removed from Natural Gas (MMcf)
2003,4,253291,MMCF,VGQ,Repressuring,N9020AK2,Alaska Natural Gas Repressuring (MMcf)
2003,4,511,MMCF,VGV,Vented and Flared,N9040AK2,Alaska Natural Gas Vented and Flared (MMcf)
2003,4,0,MMCF,FGC,Withdrawals from Coalbed Wells,NGM_EPG0_FGC_SAK_MMCF,Alaska Natural Gas Gross Withdrawals from Coalbed Wells (MMcf)
2003,4,15599,MMCF,FGG,Withdrawals from Gas Wells,N9011AK2,Alaska Natural Gas Gross Withdrawals from Gas Wells (MMcf)
2003,4,277290,MMCF,FGO,Withdrawals from Oil Wells,N9012AK2,Alaska Natural Gas Gross Withdrawals from Oil Wells (MMcf)
2003,3,2016,MMCF,VG9,Extraction Loss,NA1150_SAK_2,Alaska Natural Gas Plant Liquids Production (Million Cubic Feet)
2003,3,321353,MMCF,FGW,Gross Withdrawals,N9010AK2,Alaska Natural Gas Gross Withdrawals (MMcf)
2003,3,45983,MMCF,VGM,Marketed Production,N9050AK2,Alaska Natural Gas Marketed Production (MMcf)
2003,3,0,MMCF,VRN,Removed from Natural Gas,N9030AK2,Alaska Nonhydrocarbon Gases Removed from Natural Gas (MMcf)
2003,3,274874,MMCF,VGQ,Repressuring,N9020AK2,Alaska Natural Gas Repressuring (MMcf)
2003,3,496,MMCF,VGV,Vented and Flared,N9040AK2,Alaska Natural Gas Vented and Flared (MMcf)
2003,3,0,MMCF,FGC,Withdrawals from Coalbed Wells,NGM_EPG0_FGC_SAK_MMCF,Alaska Natural Gas Gross Withdrawals from Coalbed Wells (MMcf)
2003,3,17940,MMCF,FGG,Withdrawals from Gas Wells,N9011AK2,Alaska Natural Gas Gross Withdrawals from Gas Wells (MMcf)
2003,3,303414,MMCF,FGO,Withdrawals from Oil Wells,N9012AK2,Alaska Natural Gas Gross Withdrawals from Oil Wells (MMcf)
2003,2,1790,MMCF,VG9,Extraction Loss,NA1150_SAK_2,Alaska Natural Gas Plant Liquids Production (Million Cubic Feet)
2003,2,302602,MMCF,FGW,Gross Withdrawals,N9010AK2,Alaska Natural Gas Gross Withdrawals (MMcf)
2003,2,40827,MMCF,VGM,Marketed Production,N9050AK2,Alaska Natural Gas Marketed Production (MMcf)
2003,2,0,MMCF,VRN,Removed from Natural Gas,N9030AK2,Alaska Nonhydrocarbon Gases Removed from Natural Gas (MMcf)
2003,2,261297,MMCF,VGQ,Repressuring,N9020AK2,Alaska Natural Gas Repressuring (MMcf)
2003,2,478,MMCF,VGV,Vented and Flared,N9040AK2,Alaska Natural Gas Vented and Flared (MMcf)
2003,2,0,MMCF,FGC,Withdrawals from Coalbed Wells,NGM_EPG0_FGC_SAK_MMCF,Alaska Natural Gas Gross Withdrawals from Coalbed Wells (MMcf)
2003,2,16373,MMCF,FGG,Withdrawals from Gas Wells,N9011AK2,Alaska Natural Gas Gross Withdrawals from Gas Wells (MMcf)
2003,2,286229,MMCF,FGO,Withdrawals from Oil Wells,N9012AK2,Alaska Natural Gas Gross Withdrawals from Oil Wells (MMcf)
2003,1,1962,MMCF,VG9,Extraction Loss,NA1150_SAK_2,Alaska Natural Gas Plant Liquids Production (Million Cubic Feet)
2003,1,319684,MMCF,FGW,Gross Withdrawals,N9010AK2,Alaska Natural Gas Gross Withdrawals (MMcf)
2003,1,44751,MMCF,VGM,Marketed Production,N9050AK2,Alaska Natural Gas Marketed Production (MMcf)
2003,1,0,MMCF,VRN,Removed from Natural Gas,N9030AK2,Alaska Nonhydrocarbon Gases Removed from Natural Gas (MMcf)
2003,1,274320,MMCF,VGQ,Repressuring,N9020AK2,Alaska Natural Gas Repressuring (MMcf)
2003,1,612,MMCF,VGV,Vented and Flared,N9040AK2,Alaska Natural Gas Vented and Flared (MMcf)
2003,1,0,MMCF,FGC,Withdrawals from Coalbed Wells,NGM_EPG0_FGC_SAK_MMCF,Alaska Natural Gas Gross Withdrawals from Coalbed Wells (MMcf)
2003,1,19302,MMCF,FGG,Withdrawals from Gas Wells,N9011AK2,Alaska Natural Gas Gross Withdrawals from Gas Wells (MMcf)
2003,1,300382,MMCF,FGO,Withdrawals from Oil Wells,N9012AK2,Alaska Natural Gas Gross Withdrawals from Oil Wells (MMcf)
2002,12,1933,MMCF,VG9,Extraction Loss,NA1150_SAK_2,Alaska Natural Gas Plant Liquids Production (Million Cubic Feet)
2002,12,314949,MMCF,FGW,Gross Withdrawals,N9010AK2,Alaska Natural Gas Gross Withdrawals (MMcf)
2002,12,42787,MMCF,VGM,Marketed Production,N9050AK2,Alaska Natural Gas Marketed Production (MMcf)
2002,12,0,MMCF,VRN,Removed from Natural Gas,N9030AK2,Alaska Nonhydrocarbon Gases Removed from Natural Gas (MMcf)
2002,12,271572,MMCF,VGQ,Repressuring,N9020AK2,Alaska Natural Gas Repressuring (MMcf)
2002,12,589,MMCF,VGV,Vented and Flared,N9040AK2,Alaska Natural Gas Vented and Flared (MMcf)
2002,12,0,MMCF,FGC,Withdrawals from Coalbed Wells,NGM_EPG0_FGC_SAK_MMCF,Alaska Natural Gas Gross Withdrawals from Coalbed Wells (MMcf)
2002,12,18702,MMCF,FGG,Withdrawals from Gas Wells,N9011AK2,Alaska Natural Gas Gross Withdrawals from Gas Wells (MMcf)
2002,12,296246,MMCF,FGO,Withdrawals from Oil Wells,N9012AK2,Alaska Natural Gas Gross Withdrawals from Oil Wells (MMcf)
2002,11,1793,MMCF,VG9,Extraction Loss,NA1150_SAK_2,Alaska Natural Gas Plant Liquids Production (Million Cubic Feet)
2002,11,301604,MMCF,FGW,Gross Withdrawals,N9010AK2,Alaska Natural Gas Gross Withdrawals (MMcf)
2002,11,39339,MMCF,VGM,Marketed Production,N9050AK2,Alaska Natural Gas Marketed Production (MMcf)
2002,11,0,MMCF,VRN,Removed from Natural Gas,N9030AK2,Alaska Nonhydrocarbon Gases Removed from Natural Gas (MMcf)
2002,11,261718,MMCF,VGQ,Repressuring,N9020AK2,Alaska Natural Gas Repressuring (MMcf)
2002,11,546,MMCF,VGV,Vented and Flared,N9040AK2,Alaska Natural Gas Vented and Flared (MMcf)
2002,11,0,MMCF,FGC,Withdrawals from Coalbed Wells,NGM_EPG0_FGC_SAK_MMCF,Alaska Natural Gas Gross Withdrawals from Coalbed Wells (MMcf)
2002,11,16723,MMCF,FGG,Withdrawals from Gas Wells,N9011AK2,Alaska Natural Gas Gross Withdrawals from Gas Wells (MMcf)
2002,11,284880,MMCF,FGO,Withdrawals from Oil Wells,N9012AK2,Alaska Natural Gas Gross Withdrawals from Oil Wells (MMcf)
2002,10,1814,MMCF,VG9,Extraction Loss,NA1150_SAK_2,Alaska Natural Gas Plant Liquids Production (Million Cubic Feet)
2002,10,305426,MMCF,FGW,Gross Withdrawals,N9010AK2,Alaska Natural Gas Gross Withdrawals (MMcf)
2002,10,39890,MMCF,VGM,Marketed Production,N9050AK2,Alaska Natural Gas Marketed Production (MMcf)
2002,10,0,MMCF,VRN,Removed from Natural Gas,N9030AK2,Alaska Nonhydrocarbon Gases Removed from Natural Gas (MMcf)
2002,10,264957,MMCF,VGQ,Repressuring,N9020AK2,Alaska Natural Gas Repressuring (MMcf)
2002,10,579,MMCF,VGV,Vented and Flared,N9040AK2,Alaska Natural Gas Vented and Flared (MMcf)
2002,10,0,MMCF,FGC,Withdrawals from Coalbed Wells,NGM_EPG0_FGC_SAK_MMCF,Alaska Natural Gas Gross Withdrawals from Coalbed Wells (MMcf)
2002,10,17579,MMCF,FGG,Withdrawals from Gas Wells,N9011AK2,Alaska Natural Gas Gross Withdrawals from Gas Wells (MMcf)
2002,10,287848,MMCF,FGO,Withdrawals from Oil Wells,N9012AK2,Alaska Natural Gas Gross Withdrawals from Oil Wells (MMcf)
2002,9,1605,MMCF,VG9,Extraction Loss,NA1150_SAK_2,Alaska Natural Gas Plant Liquids Production (Million Cubic Feet)
2002,9,281340,MMCF,FGW,Gross Withdrawals,N9010AK2,Alaska Natural Gas Gross Withdrawals (MMcf)
2002,9,37770,MMCF,VGM,Marketed Production,N9050AK2,Alaska Natural Gas Marketed Production (MMcf)
2002,9,0,MMCF,VRN,Removed from Natural Gas,N9030AK2,Alaska Nonhydrocarbon Gases Removed from Natural Gas (MMcf)
2002,9,242914,MMCF,VGQ,Repressuring,N9020AK2,Alaska Natural Gas Repressuring (MMcf)
2002,9,656,MMCF,VGV,Vented and Flared,N9040AK2,Alaska Natural Gas Vented and Flared (MMcf)
2002,9,0,MMCF,FGC,Withdrawals from Coalbed Wells,NGM_EPG0_FGC_SAK_MMCF,Alaska Natural Gas Gross Withdrawals from Coalbed Wells (MMcf)
2002,9,14513,MMCF,FGG,Withdrawals from Gas Wells,N9011AK2,Alaska Natural Gas Gross Withdrawals from Gas Wells (MMcf)
2002,9,266827,MMCF,FGO,Withdrawals from Oil Wells,N9012AK2,Alaska Natural Gas Gross Withdrawals from Oil Wells (MMcf)
2002,8,1725,MMCF,VG9,Extraction Loss,NA1150_SAK_2,Alaska Natural Gas Plant Liquids Production (Million Cubic Feet)
2002,8,275574,MMCF,FGW,Gross Withdrawals,N9010AK2,Alaska Natural Gas Gross Withdrawals (MMcf)
2002,8,36326,MMCF,VGM,Marketed Production,N9050AK2,Alaska Natural Gas Marketed Production (MMcf)
2002,8,0,MMCF,VRN,Removed from Natural Gas,N9030AK2,Alaska Nonhydrocarbon Gases Removed from Natural Gas (MMcf)
2002,8,238684,MMCF,VGQ,Repressuring,N9020AK2,Alaska Natural Gas Repressuring (MMcf)
2002,8,564,MMCF,VGV,Vented and Flared,N9040AK2,Alaska Natural Gas Vented and Flared (MMcf)
2002,8,0,MMCF,FGC,Withdrawals from Coalbed Wells,NGM_EPG0_FGC_SAK_MMCF,Alaska Natural Gas Gross Withdrawals from Coalbed Wells (MMcf)
2002,8,14357,MMCF,FGG,Withdrawals from Gas Wells,N9011AK2,Alaska Natural Gas Gross Withdrawals from Gas Wells (MMcf)
2002,8,261217,MMCF,FGO,Withdrawals from Oil Wells,N9012AK2,Alaska Natural Gas Gross Withdrawals from Oil Wells (MMcf)
2002,7,1675,MMCF,VG9,Extraction Loss,NA1150_SAK_2,Alaska Natural Gas Plant Liquids Production (Million Cubic Feet)
2002,7,264432,MMCF,FGW,Gross Withdrawals,N9010AK2,Alaska Natural Gas Gross Withdrawals (MMcf)
2002,7,35925,MMCF,VGM,Marketed Production,N9050AK2,Alaska Natural Gas Marketed Production (MMcf)
2002,7,0,MMCF,VRN,Removed from Natural Gas,N9030AK2,Alaska Nonhydrocarbon Gases Removed from Natural Gas (MMcf)
2002,7,227793,MMCF,VGQ,Repressuring,N9020AK2,Alaska Natural Gas Repressuring (MMcf)
2002,7,715,MMCF,VGV,Vented and Flared,N9040AK2,Alaska Natural Gas Vented and Flared (MMcf)
2002,7,0,MMCF,FGC,Withdrawals from Coalbed Wells,NGM_EPG0_FGC_SAK_MMCF,Alaska Natural Gas Gross Withdrawals from Coalbed Wells (MMcf)
2002,7,15397,MMCF,FGG,Withdrawals from Gas Wells,N9011AK2,Alaska Natural Gas Gross Withdrawals from Gas Wells (MMcf)
2002,7,249036,MMCF,FGO,Withdrawals from Oil Wells,N9012AK2,Alaska Natural Gas Gross Withdrawals from Oil Wells (MMcf)
2002,6,1714,MMCF,VG9,Extraction Loss,NA1150_SAK_2,Alaska Natural Gas Plant Liquids Production (Million Cubic Feet)
2002,6,271056,MMCF,FGW,Gross Withdrawals,N9010AK2,Alaska Natural Gas Gross Withdrawals (MMcf)
2002,6,36367,MMCF,VGM,Marketed Production,N9050AK2,Alaska Natural Gas Marketed Production (MMcf)
2002,6,0,MMCF,VRN,Removed from Natural Gas,N9030AK2,Alaska Nonhydrocarbon Gases Removed from Natural Gas (MMcf)
2002,6,234049,MMCF,VGQ,Repressuring,N9020AK2,Alaska Natural Gas Repressuring (MMcf)
2002,6,639,MMCF,VGV,Vented and Flared,N9040AK2,Alaska Natural Gas Vented and Flared (MMcf)
2002,6,0,MMCF,FGC,Withdrawals from Coalbed Wells,NGM_EPG0_FGC_SAK_MMCF,Alaska Natural Gas Gross Withdrawals from Coalbed Wells (MMcf)
2002,6,15223,MMCF,FGG,Withdrawals from Gas Wells,N9011AK2,Alaska Natural Gas Gross Withdrawals from Gas Wells (MMcf)
2002,6,255832,MMCF,FGO,Withdrawals from Oil Wells,N9012AK2,Alaska Natural Gas Gross Withdrawals from Oil Wells (MMcf)
2002,5,1659,MMCF,VG9,Extraction Loss,NA1150_SAK_2,Alaska Natural Gas Plant Liquids Production (Million Cubic Feet)
2002,5,261368,MMCF,FGW,Gross Withdrawals,N9010AK2,Alaska Natural Gas Gross Withdrawals (MMcf)
2002,5,33128,MMCF,VGM,Marketed Production,N9050AK2,Alaska Natural Gas Marketed Production (MMcf)
2002,5,0,MMCF,VRN,Removed from Natural Gas,N9030AK2,Alaska Nonhydrocarbon Gases Removed from Natural Gas (MMcf)
2002,5,227632,MMCF,VGQ,Repressuring,N9020AK2,Alaska Natural Gas Repressuring (MMcf)
2002,5,608,MMCF,VGV,Vented and Flared,N9040AK2,Alaska Natural Gas Vented and Flared (MMcf)
2002,5,0,MMCF,FGC,Withdrawals from Coalbed Wells,NGM_EPG0_FGC_SAK_MMCF,Alaska Natural Gas Gross Withdrawals from Coalbed Wells (MMcf)
2002,5,13470,MMCF,FGG,Withdrawals from Gas Wells,N9011AK2,Alaska Natural Gas Gross Withdrawals from Gas Wells (MMcf)
2002,5,247898,MMCF,FGO,Withdrawals from Oil Wells,N9012AK2,Alaska Natural Gas Gross Withdrawals from Oil Wells (MMcf)
2002,4,1851,MMCF,VG9,Extraction Loss,NA1150_SAK_2,Alaska Natural Gas Plant Liquids Production (Million Cubic Feet)
2002,4,284625,MMCF,FGW,Gross Withdrawals,N9010AK2,Alaska Natural Gas Gross Withdrawals (MMcf)
2002,4,37260,MMCF,VGM,Marketed Production,N9050AK2,Alaska Natural Gas Marketed Production (MMcf)
2002,4,0,MMCF,VRN,Removed from Natural Gas,N9030AK2,Alaska Nonhydrocarbon Gases Removed from Natural Gas (MMcf)
2002,4,246776,MMCF,VGQ,Repressuring,N9020AK2,Alaska Natural Gas Repressuring (MMcf)
2002,4,589,MMCF,VGV,Vented and Flared,N9040AK2,Alaska Natural Gas Vented and Flared (MMcf)
2002,4,0,MMCF,FGC,Withdrawals from Coalbed Wells,NGM_EPG0_FGC_SAK_MMCF,Alaska Natural Gas Gross Withdrawals from Coalbed Wells (MMcf)
2002,4,15378,MMCF,FGG,Withdrawals from Gas Wells,N9011AK2,Alaska Natural Gas Gross Withdrawals from Gas Wells (MMcf)
2002,4,269247,MMCF,FGO,Withdrawals from Oil Wells,N9012AK2,Alaska Natural Gas Gross Withdrawals from Oil Wells (MMcf)
2002,3,1939,MMCF,VG9,Extraction Loss,NA1150_SAK_2,Alaska Natural Gas Plant Liquids Production (Million Cubic Feet)
2002,3,312299,MMCF,FGW,Gross Withdrawals,N9010AK2,Alaska Natural Gas Gross Withdrawals (MMcf)
2002,3,43240,MMCF,VGM,Marketed Production,N9050AK2,Alaska Natural Gas Marketed Production (MMcf)
2002,3,0,MMCF,VRN,Removed from Natural Gas,N9030AK2,Alaska Nonhydrocarbon Gases Removed from Natural Gas (MMcf)
2002,3,268487,MMCF,VGQ,Repressuring,N9020AK2,Alaska Natural Gas Repressuring (MMcf)
2002,3,571,MMCF,VGV,Vented and Flared,N9040AK2,Alaska Natural Gas Vented and Flared (MMcf)
2002,3,0,MMCF,FGC,Withdrawals from Coalbed Wells,NGM_EPG0_FGC_SAK_MMCF,Alaska Natural Gas Gross Withdrawals from Coalbed Wells (MMcf)
2002,3,17686,MMCF,FGG,Withdrawals from Gas Wells,N9011AK2,Alaska Natural Gas Gross Withdrawals from Gas Wells (MMcf)
2002,3,294613,MMCF,FGO,Withdrawals from Oil Wells,N9012AK2,Alaska Natural Gas Gross Withdrawals from Oil Wells (MMcf)
2002,2,1799,MMCF,VG9,Extraction Loss,NA1150_SAK_2,Alaska Natural Gas Plant Liquids Production (Million Cubic Feet)
2002,2,294068,MMCF,FGW,Gross Withdrawals,N9010AK2,Alaska Natural Gas Gross Withdrawals (MMcf)
2002,2,38689,MMCF,VGM,Marketed Production,N9050AK2,Alaska Natural Gas Marketed Production (MMcf)
2002,2,0,MMCF,VRN,Removed from Natural Gas,N9030AK2,Alaska Nonhydrocarbon Gases Removed from Natural Gas (MMcf)
2002,2,254828,MMCF,VGQ,Repressuring,N9020AK2,Alaska Natural Gas Repressuring (MMcf)
2002,2,551,MMCF,VGV,Vented and Flared,N9040AK2,Alaska Natural Gas Vented and Flared (MMcf)
2002,2,0,MMCF,FGC,Withdrawals from Coalbed Wells,NGM_EPG0_FGC_SAK_MMCF,Alaska Natural Gas Gross Withdrawals from Coalbed Wells (MMcf)
2002,2,16141,MMCF,FGG,Withdrawals from Gas Wells,N9011AK2,Alaska Natural Gas Gross Withdrawals from Gas Wells (MMcf)
2002,2,277927,MMCF,FGO,Withdrawals from Oil Wells,N9012AK2,Alaska Natural Gas Gross Withdrawals from Oil Wells (MMcf)
2002,1,1951,MMCF,VG9,Extraction Loss,NA1150_SAK_2,Alaska Natural Gas Plant Liquids Production (Million Cubic Feet)
2002,1,310698,MMCF,FGW,Gross Withdrawals,N9010AK2,Alaska Natural Gas Gross Withdrawals (MMcf)
2002,1,42581,MMCF,VGM,Marketed Production,N9050AK2,Alaska Natural Gas Marketed Production (MMcf)
2002,1,0,MMCF,VRN,Removed from Natural Gas,N9030AK2,Alaska Nonhydrocarbon Gases Removed from Natural Gas (MMcf)
2002,1,267412,MMCF,VGQ,Repressuring,N9020AK2,Alaska Natural Gas Repressuring (MMcf)
2002,1,706,MMCF,VGV,Vented and Flared,N9040AK2,Alaska Natural Gas Vented and Flared (MMcf)
2002,1,0,MMCF,FGC,Withdrawals from Coalbed Wells,NGM_EPG0_FGC_SAK_MMCF,Alaska Natural Gas Gross Withdrawals from Coalbed Wells (MMcf)
2002,1,19029,MMCF,FGG,Withdrawals from Gas Wells,N9011AK2,Alaska Natural Gas Gross Withdrawals from Gas Wells (MMcf)
2002,1,291669,MMCF,FGO,Withdrawals from Oil Wells,N9012AK2,Alaska Natural Gas Gross Withdrawals from Oil Wells (MMcf)
2001,12,2303,MMCF,VG9,Extraction Loss,NA1150_SAK_2,Alaska Natural Gas Plant Liquids Production (Million Cubic Feet)
2001,12,310466,MMCF,FGW,Gross Withdrawals,N9010AK2,Alaska Natural Gas Gross Withdrawals (MMcf)
2001,12,43487,MMCF,VGM,Marketed Production,N9050AK2,Alaska Natural Gas Marketed Production (MMcf)
2001,12,0,MMCF,VRN,Removed from Natural Gas,N9030AK2,Alaska Nonhydrocarbon Gases Removed from Natural Gas (MMcf)
2001,12,266364,MMCF,VGQ,Repressuring,N9020AK2,Alaska Natural Gas Repressuring (MMcf)
2001,12,619,MMCF,VGV,Vented and Flared,N9040AK2,Alaska Natural Gas Vented and Flared (MMcf)
2001,12,18676,MMCF,FGG,Withdrawals from Gas Wells,N9011AK2,Alaska Natural Gas Gross Withdrawals from Gas Wells (MMcf)
2001,12,291790,MMCF,FGO,Withdrawals from Oil Wells,N9012AK2,Alaska Natural Gas Gross Withdrawals from Oil Wells (MMcf)
2001,11,2185,MMCF,VG9,Extraction Loss,NA1150_SAK_2,Alaska Natural Gas Plant Liquids Production (Million Cubic Feet)
2001,11,297295,MMCF,FGW,Gross Withdrawals,N9010AK2,Alaska Natural Gas Gross Withdrawals (MMcf)
2001,11,40007,MMCF,VGM,Marketed Production,N9050AK2,Alaska Natural Gas Marketed Production (MMcf)
2001,11,0,MMCF,VRN,Removed from Natural Gas,N9030AK2,Alaska Nonhydrocarbon Gases Removed from Natural Gas (MMcf)
2001,11,256713,MMCF,VGQ,Repressuring,N9020AK2,Alaska Natural Gas Repressuring (MMcf)
2001,11,574,MMCF,VGV,Vented and Flared,N9040AK2,Alaska Natural Gas Vented and Flared (MMcf)
2001,11,16700,MMCF,FGG,Withdrawals from Gas Wells,N9011AK2,Alaska Natural Gas Gross Withdrawals from Gas Wells (MMcf)
2001,11,280595,MMCF,FGO,Withdrawals from Oil Wells,N9012AK2,Alaska Natural Gas Gross Withdrawals from Oil Wells (MMcf)
2001,10,1997,MMCF,VG9,Extraction Loss,NA1150_SAK_2,Alaska Natural Gas Plant Liquids Production (Million Cubic Feet)
2001,10,301072,MMCF,FGW,Gross Withdrawals,N9010AK2,Alaska Natural Gas Gross Withdrawals (MMcf)
2001,10,40559,MMCF,VGM,Marketed Production,N9050AK2,Alaska Natural Gas Marketed Production (MMcf)
2001,10,0,MMCF,VRN,Removed from Natural Gas,N9030AK2,Alaska Nonhydrocarbon Gases Removed from Natural Gas (MMcf)
2001,10,259906,MMCF,VGQ,Repressuring,N9020AK2,Alaska Natural Gas Repressuring (MMcf)
2001,10,608,MMCF,VGV,Vented and Flared,N9040AK2,Alaska Natural Gas Vented and Flared (MMcf)
2001,10,17554,MMCF,FGG,Withdrawals from Gas Wells,N9011AK2,Alaska Natural Gas Gross Withdrawals from Gas Wells (MMcf)
2001,10,283518,MMCF,FGO,Withdrawals from Oil Wells,N9012AK2,Alaska Natural Gas Gross Withdrawals from Oil Wells (MMcf)
2001,9,1838,MMCF,VG9,Extraction Loss,NA1150_SAK_2,Alaska Natural Gas Plant Liquids Production (Million Cubic Feet)
2001,9,277306,MMCF,FGW,Gross Withdrawals,N9010AK2,Alaska Natural Gas Gross Withdrawals (MMcf)
2001,9,38041,MMCF,VGM,Marketed Production,N9050AK2,Alaska Natural Gas Marketed Production (MMcf)
2001,9,0,MMCF,VRN,Removed from Natural Gas,N9030AK2,Alaska Nonhydrocarbon Gases Removed from Natural Gas (MMcf)
2001,9,238573,MMCF,VGQ,Repressuring,N9020AK2,Alaska Natural Gas Repressuring (MMcf)
2001,9,689,MMCF,VGV,Vented and Flared,N9040AK2,Alaska Natural Gas Vented and Flared (MMcf)
2001,9,14493,MMCF,FGG,Withdrawals from Gas Wells,N9011AK2,Alaska Natural Gas Gross Withdrawals from Gas Wells (MMcf)
2001,9,262814,MMCF,FGO,Withdrawals from Oil Wells,N9012AK2,Alaska Natural Gas Gross Withdrawals from Oil Wells (MMcf)
2001,8,1891,MMCF,VG9,Extraction Loss,NA1150_SAK_2,Alaska Natural Gas Plant Liquids Production (Million Cubic Feet)
2001,8,271625,MMCF,FGW,Gross Withdrawals,N9010AK2,Alaska Natural Gas Gross Withdrawals (MMcf)
2001,8,36804,MMCF,VGM,Marketed Production,N9050AK2,Alaska Natural Gas Marketed Production (MMcf)
2001,8,0,MMCF,VRN,Removed from Natural Gas,N9030AK2,Alaska Nonhydrocarbon Gases Removed from Natural Gas (MMcf)
2001,8,234225,MMCF,VGQ,Repressuring,N9020AK2,Alaska Natural Gas Repressuring (MMcf)
2001,8,593,MMCF,VGV,Vented and Flared,N9040AK2,Alaska Natural Gas Vented and Flared (MMcf)
2001,8,14337,MMCF,FGG,Withdrawals from Gas Wells,N9011AK2,Alaska Natural Gas Gross Withdrawals from Gas Wells (MMcf)
2001,8,257288,MMCF,FGO,Withdrawals from Oil Wells,N9012AK2,Alaska Natural Gas Gross Withdrawals from Oil Wells (MMcf)
2001,7,1847,MMCF,VG9,Extraction Loss,NA1150_SAK_2,Alaska Natural Gas Plant Liquids Production (Million Cubic Feet)
2001,7,260665,MMCF,FGW,Gross Withdrawals,N9010AK2,Alaska Natural Gas Gross Withdrawals (MMcf)
2001,7,36548,MMCF,VGM,Marketed Production,N9050AK2,Alaska Natural Gas Marketed Production (MMcf)
2001,7,0,MMCF,VRN,Removed from Natural Gas,N9030AK2,Alaska Nonhydrocarbon Gases Removed from Natural Gas (MMcf)
2001,7,223368,MMCF,VGQ,Repressuring,N9020AK2,Alaska Natural Gas Repressuring (MMcf)
2001,7,751,MMCF,VGV,Vented and Flared,N9040AK2,Alaska Natural Gas Vented and Flared (MMcf)
2001,7,15375,MMCF,FGG,Withdrawals from Gas Wells,N9011AK2,Alaska Natural Gas Gross Withdrawals from Gas Wells (MMcf)
2001,7,245290,MMCF,FGO,Withdrawals from Oil Wells,N9012AK2,Alaska Natural Gas Gross Withdrawals from Oil Wells (MMcf)
2001,6,1722,MMCF,VG9,Extraction Loss,NA1150_SAK_2,Alaska Natural Gas Plant Liquids Production (Million Cubic Feet)
2001,6,267186,MMCF,FGW,Gross Withdrawals,N9010AK2,Alaska Natural Gas Gross Withdrawals (MMcf)
2001,6,36875,MMCF,VGM,Marketed Production,N9050AK2,Alaska Natural Gas Marketed Production (MMcf)
2001,6,0,MMCF,VRN,Removed from Natural Gas,N9030AK2,Alaska Nonhydrocarbon Gases Removed from Natural Gas (MMcf)
2001,6,229640,MMCF,VGQ,Repressuring,N9020AK2,Alaska Natural Gas Repressuring (MMcf)
2001,6,672,MMCF,VGV,Vented and Flared,N9040AK2,Alaska Natural Gas Vented and Flared (MMcf)
2001,6,15202,MMCF,FGG,Withdrawals from Gas Wells,N9011AK2,Alaska Natural Gas Gross Withdrawals from Gas Wells (MMcf)
2001,6,251984,MMCF,FGO,Withdrawals from Oil Wells,N9012AK2,Alaska Natural Gas Gross Withdrawals from Oil Wells (MMcf)
2001,5,1783,MMCF,VG9,Extraction Loss,NA1150_SAK_2,Alaska Natural Gas Plant Liquids Production (Million Cubic Feet)
2001,5,257620,MMCF,FGW,Gross Withdrawals,N9010AK2,Alaska Natural Gas Gross Withdrawals (MMcf)
2001,5,34303,MMCF,VGM,Marketed Production,N9050AK2,Alaska Natural Gas Marketed Production (MMcf)
2001,5,0,MMCF,VRN,Removed from Natural Gas,N9030AK2,Alaska Nonhydrocarbon Gases Removed from Natural Gas (MMcf)
2001,5,222675,MMCF,VGQ,Repressuring,N9020AK2,Alaska Natural Gas Repressuring (MMcf)
2001,5,639,MMCF,VGV,Vented and Flared,N9040AK2,Alaska Natural Gas Vented and Flared (MMcf)
2001,5,13451,MMCF,FGG,Withdrawals from Gas Wells,N9011AK2,Alaska Natural Gas Gross Withdrawals from Gas Wells (MMcf)
2001,5,244169,MMCF,FGO,Withdrawals from Oil Wells,N9012AK2,Alaska Natural Gas Gross Withdrawals from Oil Wells (MMcf)
2001,4,1967,MMCF,VG9,Extraction Loss,NA1150_SAK_2,Alaska Natural Gas Plant Liquids Production (Million Cubic Feet)
2001,4,280553,MMCF,FGW,Gross Withdrawals,N9010AK2,Alaska Natural Gas Gross Withdrawals (MMcf)
2001,4,38225,MMCF,VGM,Marketed Production,N9050AK2,Alaska Natural Gas Marketed Production (MMcf)
2001,4,0,MMCF,VRN,Removed from Natural Gas,N9030AK2,Alaska Nonhydrocarbon Gases Removed from Natural Gas (MMcf)
2001,4,241707,MMCF,VGQ,Repressuring,N9020AK2,Alaska Natural Gas Repressuring (MMcf)
2001,4,619,MMCF,VGV,Vented and Flared,N9040AK2,Alaska Natural Gas Vented and Flared (MMcf)
2001,4,15356,MMCF,FGG,Withdrawals from Gas Wells,N9011AK2,Alaska Natural Gas Gross Withdrawals from Gas Wells (MMcf)
2001,4,265197,MMCF,FGO,Withdrawals from Oil Wells,N9012AK2,Alaska Natural Gas Gross Withdrawals from Oil Wells (MMcf)
2001,3,2124,MMCF,VG9,Extraction Loss,NA1150_SAK_2,Alaska Natural Gas Plant Liquids Production (Million Cubic Feet)
2001,3,307842,MMCF,FGW,Gross Withdrawals,N9010AK2,Alaska Natural Gas Gross Withdrawals (MMcf)
2001,3,43641,MMCF,VGM,Marketed Production,N9050AK2,Alaska Natural Gas Marketed Production (MMcf)
2001,3,0,MMCF,VRN,Removed from Natural Gas,N9030AK2,Alaska Nonhydrocarbon Gases Removed from Natural Gas (MMcf)
2001,3,263600,MMCF,VGQ,Repressuring,N9020AK2,Alaska Natural Gas Repressuring (MMcf)
2001,3,601,MMCF,VGV,Vented and Flared,N9040AK2,Alaska Natural Gas Vented and Flared (MMcf)
2001,3,17661,MMCF,FGG,Withdrawals from Gas Wells,N9011AK2,Alaska Natural Gas Gross Withdrawals from Gas Wells (MMcf)
2001,3,290182,MMCF,FGO,Withdrawals from Oil Wells,N9012AK2,Alaska Natural Gas Gross Withdrawals from Oil Wells (MMcf)
2001,2,1904,MMCF,VG9,Extraction Loss,NA1150_SAK_2,Alaska Natural Gas Plant Liquids Production (Million Cubic Feet)
2001,2,289865,MMCF,FGW,Gross Withdrawals,N9010AK2,Alaska Natural Gas Gross Withdrawals (MMcf)
2001,2,39459,MMCF,VGM,Marketed Production,N9050AK2,Alaska Natural Gas Marketed Production (MMcf)
2001,2,0,MMCF,VRN,Removed from Natural Gas,N9030AK2,Alaska Nonhydrocarbon Gases Removed from Natural Gas (MMcf)
2001,2,249826,MMCF,VGQ,Repressuring,N9020AK2,Alaska Natural Gas Repressuring (MMcf)
2001,2,579,MMCF,VGV,Vented and Flared,N9040AK2,Alaska Natural Gas Vented and Flared (MMcf)
2001,2,16118,MMCF,FGG,Withdrawals from Gas Wells,N9011AK2,Alaska Natural Gas Gross Withdrawals from Gas Wells (MMcf)
2001,2,273746,MMCF,FGO,Withdrawals from Oil Wells,N9012AK2,Alaska Natural Gas Gross Withdrawals from Oil Wells (MMcf)
2001,1,2110,MMCF,VG9,Extraction Loss,NA1150_SAK_2,Alaska Natural Gas Plant Liquids Production (Million Cubic Feet)
2001,1,306284,MMCF,FGW,Gross Withdrawals,N9010AK2,Alaska Natural Gas Gross Withdrawals (MMcf)
2001,1,43493,MMCF,VGM,Marketed Production,N9050AK2,Alaska Natural Gas Marketed Production (MMcf)
2001,1,0,MMCF,VRN,Removed from Natural Gas,N9030AK2,Alaska Nonhydrocarbon Gases Removed from Natural Gas (MMcf)
2001,1,262054,MMCF,VGQ,Repressuring,N9020AK2,Alaska Natural Gas Repressuring (MMcf)
2001,1,742,MMCF,VGV,Vented and Flared,N9040AK2,Alaska Natural Gas Vented and Flared (MMcf)
2001,1,19002,MMCF,FGG,Withdrawals from Gas Wells,N9011AK2,Alaska Natural Gas Gross Withdrawals from Gas Wells (MMcf)
2001,1,287282,MMCF,FGO,Withdrawals from Oil Wells,N9012AK2,Alaska Natural Gas Gross Withdrawals from Oil Wells (MMcf)
2000,12,2124,MMCF,VG9,Extraction Loss,NA1150_SAK_2,Alaska Natural Gas Plant Liquids Production (Million Cubic Feet)
2000,12,319531,MMCF,FGW,Gross Withdrawals,N9010AK2,Alaska Natural Gas Gross Withdrawals (MMcf)
2000,12,42239,MMCF,VGM,Marketed Production,N9050AK2,Alaska Natural Gas Marketed Production (MMcf)
2000,12,0,MMCF,VRN,Removed from Natural Gas,N9030AK2,Alaska Nonhydrocarbon Gases Removed from Natural Gas (MMcf)
2000,12,276685,MMCF,VGQ,Repressuring,N9020AK2,Alaska Natural Gas Repressuring (MMcf)
2000,12,608,MMCF,VGV,Vented and Flared,N9040AK2,Alaska Natural Gas Vented and Flared (MMcf)
2000,12,17029,MMCF,FGG,Withdrawals from Gas Wells,N9011AK2,Alaska Natural Gas Gross Withdrawals from Gas Wells (MMcf)
2000,12,302502,MMCF,FGO,Withdrawals from Oil Wells,N9012AK2,Alaska Natural Gas Gross Withdrawals from Oil Wells (MMcf)
2000,11,1956,MMCF,VG9,Extraction Loss,NA1150_SAK_2,Alaska Natural Gas Plant Liquids Production (Million Cubic Feet)
2000,11,306123,MMCF,FGW,Gross Withdrawals,N9010AK2,Alaska Natural Gas Gross Withdrawals (MMcf)
2000,11,38897,MMCF,VGM,Marketed Production,N9050AK2,Alaska Natural Gas Marketed Production (MMcf)
2000,11,0,MMCF,VRN,Removed from Natural Gas,N9030AK2,Alaska Nonhydrocarbon Gases Removed from Natural Gas (MMcf)
2000,11,266662,MMCF,VGQ,Repressuring,N9020AK2,Alaska Natural Gas Repressuring (MMcf)
2000,11,564,MMCF,VGV,Vented and Flared,N9040AK2,Alaska Natural Gas Vented and Flared (MMcf)
2000,11,15227,MMCF,FGG,Withdrawals from Gas Wells,N9011AK2,Alaska Natural Gas Gross Withdrawals from Gas Wells (MMcf)
2000,11,290896,MMCF,FGO,Withdrawals from Oil Wells,N9012AK2,Alaska Natural Gas Gross Withdrawals from Oil Wells (MMcf)
2000,10,1979,MMCF,VG9,Extraction Loss,NA1150_SAK_2,Alaska Natural Gas Plant Liquids Production (Million Cubic Feet)
2000,10,309932,MMCF,FGW,Gross Withdrawals,N9010AK2,Alaska Natural Gas Gross Withdrawals (MMcf)
2000,10,39354,MMCF,VGM,Marketed Production,N9050AK2,Alaska Natural Gas Marketed Production (MMcf)
2000,10,0,MMCF,VRN,Removed from Natural Gas,N9030AK2,Alaska Nonhydrocarbon Gases Removed from Natural Gas (MMcf)
2000,10,269981,MMCF,VGQ,Repressuring,N9020AK2,Alaska Natural Gas Repressuring (MMcf)
2000,10,597,MMCF,VGV,Vented and Flared,N9040AK2,Alaska Natural Gas Vented and Flared (MMcf)
2000,10,16006,MMCF,FGG,Withdrawals from Gas Wells,N9011AK2,Alaska Natural Gas Gross Withdrawals from Gas Wells (MMcf)
2000,10,293926,MMCF,FGO,Withdrawals from Oil Wells,N9012AK2,Alaska Natural Gas Gross Withdrawals from Oil Wells (MMcf)
2000,9,1868,MMCF,VG9,Extraction Loss,NA1150_SAK_2,Alaska Natural Gas Plant Liquids Production (Million Cubic Feet)
2000,9,285676,MMCF,FGW,Gross Withdrawals,N9010AK2,Alaska Natural Gas Gross Withdrawals (MMcf)
2000,9,37148,MMCF,VGM,Marketed Production,N9050AK2,Alaska Natural Gas Marketed Production (MMcf)
2000,9,0,MMCF,VRN,Removed from Natural Gas,N9030AK2,Alaska Nonhydrocarbon Gases Removed from Natural Gas (MMcf)
2000,9,247851,MMCF,VGQ,Repressuring,N9020AK2,Alaska Natural Gas Repressuring (MMcf)
2000,9,677,MMCF,VGV,Vented and Flared,N9040AK2,Alaska Natural Gas Vented and Flared (MMcf)
2000,9,13214,MMCF,FGG,Withdrawals from Gas Wells,N9011AK2,Alaska Natural Gas Gross Withdrawals from Gas Wells (MMcf)
2000,9,272462,MMCF,FGO,Withdrawals from Oil Wells,N9012AK2,Alaska Natural Gas Gross Withdrawals from Oil Wells (MMcf)
2000,8,1806,MMCF,VG9,Extraction Loss,NA1150_SAK_2,Alaska Natural Gas Plant Liquids Production (Million Cubic Feet)
2000,8,279806,MMCF,FGW,Gross Withdrawals,N9010AK2,Alaska Natural Gas Gross Withdrawals (MMcf)
2000,8,35910,MMCF,VGM,Marketed Production,N9050AK2,Alaska Natural Gas Marketed Production (MMcf)
2000,8,0,MMCF,VRN,Removed from Natural Gas,N9030AK2,Alaska Nonhydrocarbon Gases Removed from Natural Gas (MMcf)
2000,8,243314,MMCF,VGQ,Repressuring,N9020AK2,Alaska Natural Gas Repressuring (MMcf)
2000,8,582,MMCF,VGV,Vented and Flared,N9040AK2,Alaska Natural Gas Vented and Flared (MMcf)
2000,8,13072,MMCF,FGG,Withdrawals from Gas Wells,N9011AK2,Alaska Natural Gas Gross Withdrawals from Gas Wells (MMcf)
2000,8,266733,MMCF,FGO,Withdrawals from Oil Wells,N9012AK2,Alaska Natural Gas Gross Withdrawals from Oil Wells (MMcf)
2000,7,1788,MMCF,VG9,Extraction Loss,NA1150_SAK_2,Alaska Natural Gas Plant Liquids Production (Million Cubic Feet)
2000,7,268314,MMCF,FGW,Gross Withdrawals,N9010AK2,Alaska Natural Gas Gross Withdrawals (MMcf)
2000,7,35559,MMCF,VGM,Marketed Production,N9050AK2,Alaska Natural Gas Marketed Production (MMcf)
2000,7,0,MMCF,VRN,Removed from Natural Gas,N9030AK2,Alaska Nonhydrocarbon Gases Removed from Natural Gas (MMcf)
2000,7,232017,MMCF,VGQ,Repressuring,N9020AK2,Alaska Natural Gas Repressuring (MMcf)
2000,7,738,MMCF,VGV,Vented and Flared,N9040AK2,Alaska Natural Gas Vented and Flared (MMcf)
2000,7,14019,MMCF,FGG,Withdrawals from Gas Wells,N9011AK2,Alaska Natural Gas Gross Withdrawals from Gas Wells (MMcf)
2000,7,254295,MMCF,FGO,Withdrawals from Oil Wells,N9012AK2,Alaska Natural Gas Gross Withdrawals from Oil Wells (MMcf)
2000,6,1805,MMCF,VG9,Extraction Loss,NA1150_SAK_2,Alaska Natural Gas Plant Liquids Production (Million Cubic Feet)
2000,6,275096,MMCF,FGW,Gross Withdrawals,N9010AK2,Alaska Natural Gas Gross Withdrawals (MMcf)
2000,6,35890,MMCF,VGM,Marketed Production,N9050AK2,Alaska Natural Gas Marketed Production (MMcf)
2000,6,0,MMCF,VRN,Removed from Natural Gas,N9030AK2,Alaska Nonhydrocarbon Gases Removed from Natural Gas (MMcf)
2000,6,238546,MMCF,VGQ,Repressuring,N9020AK2,Alaska Natural Gas Repressuring (MMcf)
2000,6,660,MMCF,VGV,Vented and Flared,N9040AK2,Alaska Natural Gas Vented and Flared (MMcf)
2000,6,13861,MMCF,FGG,Withdrawals from Gas Wells,N9011AK2,Alaska Natural Gas Gross Withdrawals from Gas Wells (MMcf)
2000,6,261235,MMCF,FGO,Withdrawals from Oil Wells,N9012AK2,Alaska Natural Gas Gross Withdrawals from Oil Wells (MMcf)
2000,5,1686,MMCF,VG9,Extraction Loss,NA1150_SAK_2,Alaska Natural Gas Plant Liquids Production (Million Cubic Feet)
2000,5,265398,MMCF,FGW,Gross Withdrawals,N9010AK2,Alaska Natural Gas Gross Withdrawals (MMcf)
2000,5,33531,MMCF,VGM,Marketed Production,N9050AK2,Alaska Natural Gas Marketed Production (MMcf)
2000,5,0,MMCF,VRN,Removed from Natural Gas,N9030AK2,Alaska Nonhydrocarbon Gases Removed from Natural Gas (MMcf)
2000,5,231239,MMCF,VGQ,Repressuring,N9020AK2,Alaska Natural Gas Repressuring (MMcf)
2000,5,627,MMCF,VGV,Vented and Flared,N9040AK2,Alaska Natural Gas Vented and Flared (MMcf)
2000,5,12264,MMCF,FGG,Withdrawals from Gas Wells,N9011AK2,Alaska Natural Gas Gross Withdrawals from Gas Wells (MMcf)
2000,5,253133,MMCF,FGO,Withdrawals from Oil Wells,N9012AK2,Alaska Natural Gas Gross Withdrawals from Oil Wells (MMcf)
2000,4,1875,MMCF,VG9,Extraction Loss,NA1150_SAK_2,Alaska Natural Gas Plant Liquids Production (Million Cubic Feet)
2000,4,288934,MMCF,FGW,Gross Withdrawals,N9010AK2,Alaska Natural Gas Gross Withdrawals (MMcf)
2000,4,37290,MMCF,VGM,Marketed Production,N9050AK2,Alaska Natural Gas Marketed Production (MMcf)
2000,4,0,MMCF,VRN,Removed from Natural Gas,N9030AK2,Alaska Nonhydrocarbon Gases Removed from Natural Gas (MMcf)
2000,4,251037,MMCF,VGQ,Repressuring,N9020AK2,Alaska Natural Gas Repressuring (MMcf)
2000,4,608,MMCF,VGV,Vented and Flared,N9040AK2,Alaska Natural Gas Vented and Flared (MMcf)
2000,4,14001,MMCF,FGG,Withdrawals from Gas Wells,N9011AK2,Alaska Natural Gas Gross Withdrawals from Gas Wells (MMcf)
2000,4,274933,MMCF,FGO,Withdrawals from Oil Wells,N9012AK2,Alaska Natural Gas Gross Withdrawals from Oil Wells (MMcf)
2000,3,2137,MMCF,VG9,Extraction Loss,NA1150_SAK_2,Alaska Natural Gas Plant Liquids Production (Million Cubic Feet)
2000,3,316937,MMCF,FGW,Gross Withdrawals,N9010AK2,Alaska Natural Gas Gross Withdrawals (MMcf)
2000,3,42505,MMCF,VGM,Marketed Production,N9050AK2,Alaska Natural Gas Marketed Production (MMcf)
2000,3,0,MMCF,VRN,Removed from Natural Gas,N9030AK2,Alaska Nonhydrocarbon Gases Removed from Natural Gas (MMcf)
2000,3,273843,MMCF,VGQ,Repressuring,N9020AK2,Alaska Natural Gas Repressuring (MMcf)
2000,3,590,MMCF,VGV,Vented and Flared,N9040AK2,Alaska Natural Gas Vented and Flared (MMcf)
2000,3,16103,MMCF,FGG,Withdrawals from Gas Wells,N9011AK2,Alaska Natural Gas Gross Withdrawals from Gas Wells (MMcf)
2000,3,300835,MMCF,FGO,Withdrawals from Oil Wells,N9012AK2,Alaska Natural Gas Gross Withdrawals from Oil Wells (MMcf)
2000,2,1932,MMCF,VG9,Extraction Loss,NA1150_SAK_2,Alaska Natural Gas Plant Liquids Production (Million Cubic Feet)
2000,2,298493,MMCF,FGW,Gross Withdrawals,N9010AK2,Alaska Natural Gas Gross Withdrawals (MMcf)
2000,2,38430,MMCF,VGM,Marketed Production,N9050AK2,Alaska Natural Gas Marketed Production (MMcf)
2000,2,0,MMCF,VRN,Removed from Natural Gas,N9030AK2,Alaska Nonhydrocarbon Gases Removed from Natural Gas (MMcf)
2000,2,259494,MMCF,VGQ,Repressuring,N9020AK2,Alaska Natural Gas Repressuring (MMcf)
2000,2,568,MMCF,VGV,Vented and Flared,N9040AK2,Alaska Natural Gas Vented and Flared (MMcf)
2000,2,14697,MMCF,FGG,Withdrawals from Gas Wells,N9011AK2,Alaska Natural Gas Gross Withdrawals from Gas Wells (MMcf)
2000,2,283796,MMCF,FGO,Withdrawals from Oil Wells,N9012AK2,Alaska Natural Gas Gross Withdrawals from Oil Wells (MMcf)
2000,1,2124,MMCF,VG9,Extraction Loss,NA1150_SAK_2,Alaska Natural Gas Plant Liquids Production (Million Cubic Feet)
2000,1,315154,MMCF,FGW,Gross Withdrawals,N9010AK2,Alaska Natural Gas Gross Withdrawals (MMcf)
2000,1,42242,MMCF,VGM,Marketed Production,N9050AK2,Alaska Natural Gas Marketed Production (MMcf)
2000,1,0,MMCF,VRN,Removed from Natural Gas,N9030AK2,Alaska Nonhydrocarbon Gases Removed from Natural Gas (MMcf)
2000,1,272184,MMCF,VGQ,Repressuring,N9020AK2,Alaska Natural Gas Repressuring (MMcf)
2000,1,728,MMCF,VGV,Vented and Flared,N9040AK2,Alaska Natural Gas Vented and Flared (MMcf)
2000,1,17325,MMCF,FGG,Withdrawals from Gas Wells,N9011AK2,Alaska Natural Gas Gross Withdrawals from Gas Wells (MMcf)
2000,1,297829,MMCF,FGO,Withdrawals from Oil Wells,N9012AK2,Alaska Natural Gas Gross Withdrawals from Oil Wells (MMcf)
1999,12,2088,MMCF,VG9,Extraction Loss,NA1150_SAK_2,Alaska Natural Gas Plant Liquids Production (Million Cubic Feet)
1999,12,304440,MMCF,FGW,Gross Withdrawals,N9010AK2,Alaska Natural Gas Gross Withdrawals (MMcf)
1999,12,42517,MMCF,VGM,Marketed Production,N9050AK2,Alaska Natural Gas Marketed Production (MMcf)
1999,12,0,MMCF,VRN,Removed from Natural Gas,N9030AK2,Alaska Nonhydrocarbon Gases Removed from Natural Gas (MMcf)
1999,12,261351,MMCF,VGQ,Repressuring,N9020AK2,Alaska Natural Gas Repressuring (MMcf)
1999,12,572,MMCF,VGV,Vented and Flared,N9040AK2,Alaska Natural Gas Vented and Flared (MMcf)
1999,12,17108,MMCF,FGG,Withdrawals from Gas Wells,N9011AK2,Alaska Natural Gas Gross Withdrawals from Gas Wells (MMcf)
1999,12,287332,MMCF,FGO,Withdrawals from Oil Wells,N9012AK2,Alaska Natural Gas Gross Withdrawals from Oil Wells (MMcf)
1999,11,1923,MMCF,VG9,Extraction Loss,NA1150_SAK_2,Alaska Natural Gas Plant Liquids Production (Million Cubic Feet)
1999,11,291605,MMCF,FGW,Gross Withdrawals,N9010AK2,Alaska Natural Gas Gross Withdrawals (MMcf)
1999,11,39158,MMCF,VGM,Marketed Production,N9050AK2,Alaska Natural Gas Marketed Production (MMcf)
1999,11,0,MMCF,VRN,Removed from Natural Gas,N9030AK2,Alaska Nonhydrocarbon Gases Removed from Natural Gas (MMcf)
1999,11,251917,MMCF,VGQ,Repressuring,N9020AK2,Alaska Natural Gas Repressuring (MMcf)
1999,11,530,MMCF,VGV,Vented and Flared,N9040AK2,Alaska Natural Gas Vented and Flared (MMcf)
1999,11,15297,MMCF,FGG,Withdrawals from Gas Wells,N9011AK2,Alaska Natural Gas Gross Withdrawals from Gas Wells (MMcf)
1999,11,276308,MMCF,FGO,Withdrawals from Oil Wells,N9012AK2,Alaska Natural Gas Gross Withdrawals from Oil Wells (MMcf)
1999,10,1946,MMCF,VG9,Extraction Loss,NA1150_SAK_2,Alaska Natural Gas Plant Liquids Production (Million Cubic Feet)
1999,10,295266,MMCF,FGW,Gross Withdrawals,N9010AK2,Alaska Natural Gas Gross Withdrawals (MMcf)
1999,10,39617,MMCF,VGM,Marketed Production,N9050AK2,Alaska Natural Gas Marketed Production (MMcf)
1999,10,0,MMCF,VRN,Removed from Natural Gas,N9030AK2,Alaska Nonhydrocarbon Gases Removed from Natural Gas (MMcf)
1999,10,255087,MMCF,VGQ,Repressuring,N9020AK2,Alaska Natural Gas Repressuring (MMcf)
1999,10,562,MMCF,VGV,Vented and Flared,N9040AK2,Alaska Natural Gas Vented and Flared (MMcf)
1999,10,16080,MMCF,FGG,Withdrawals from Gas Wells,N9011AK2,Alaska Natural Gas Gross Withdrawals from Gas Wells (MMcf)
1999,10,279186,MMCF,FGO,Withdrawals from Oil Wells,N9012AK2,Alaska Natural Gas Gross Withdrawals from Oil Wells (MMcf)
1999,9,1799,MMCF,VG9,Extraction Loss,NA1150_SAK_2,Alaska Natural Gas Plant Liquids Production (Million Cubic Feet)
1999,9,272074,MMCF,FGW,Gross Withdrawals,N9010AK2,Alaska Natural Gas Gross Withdrawals (MMcf)
1999,9,36627,MMCF,VGM,Marketed Production,N9050AK2,Alaska Natural Gas Marketed Production (MMcf)
1999,9,0,MMCF,VRN,Removed from Natural Gas,N9030AK2,Alaska Nonhydrocarbon Gases Removed from Natural Gas (MMcf)
1999,9,234810,MMCF,VGQ,Repressuring,N9020AK2,Alaska Natural Gas Repressuring (MMcf)
1999,9,636,MMCF,VGV,Vented and Flared,N9040AK2,Alaska Natural Gas Vented and Flared (MMcf)
1999,9,13276,MMCF,FGG,Withdrawals from Gas Wells,N9011AK2,Alaska Natural Gas Gross Withdrawals from Gas Wells (MMcf)
1999,9,258798,MMCF,FGO,Withdrawals from Oil Wells,N9012AK2,Alaska Natural Gas Gross Withdrawals from Oil Wells (MMcf)
1999,8,1761,MMCF,VG9,Extraction Loss,NA1150_SAK_2,Alaska Natural Gas Plant Liquids Production (Million Cubic Feet)
1999,8,266489,MMCF,FGW,Gross Withdrawals,N9010AK2,Alaska Natural Gas Gross Withdrawals (MMcf)
1999,8,35853,MMCF,VGM,Marketed Production,N9050AK2,Alaska Natural Gas Marketed Production (MMcf)
1999,8,0,MMCF,VRN,Removed from Natural Gas,N9030AK2,Alaska Nonhydrocarbon Gases Removed from Natural Gas (MMcf)
1999,8,230089,MMCF,VGQ,Repressuring,N9020AK2,Alaska Natural Gas Repressuring (MMcf)
1999,8,547,MMCF,VGV,Vented and Flared,N9040AK2,Alaska Natural Gas Vented and Flared (MMcf)
1999,8,13133,MMCF,FGG,Withdrawals from Gas Wells,N9011AK2,Alaska Natural Gas Gross Withdrawals from Gas Wells (MMcf)
1999,8,253356,MMCF,FGO,Withdrawals from Oil Wells,N9012AK2,Alaska Natural Gas Gross Withdrawals from Oil Wells (MMcf)
1999,7,1763,MMCF,VG9,Extraction Loss,NA1150_SAK_2,Alaska Natural Gas Plant Liquids Production (Million Cubic Feet)
1999,7,255626,MMCF,FGW,Gross Withdrawals,N9010AK2,Alaska Natural Gas Gross Withdrawals (MMcf)
1999,7,35896,MMCF,VGM,Marketed Production,N9050AK2,Alaska Natural Gas Marketed Production (MMcf)
1999,7,0,MMCF,VRN,Removed from Natural Gas,N9030AK2,Alaska Nonhydrocarbon Gases Removed from Natural Gas (MMcf)
1999,7,219036,MMCF,VGQ,Repressuring,N9020AK2,Alaska Natural Gas Repressuring (MMcf)
1999,7,694,MMCF,VGV,Vented and Flared,N9040AK2,Alaska Natural Gas Vented and Flared (MMcf)
1999,7,14084,MMCF,FGG,Withdrawals from Gas Wells,N9011AK2,Alaska Natural Gas Gross Withdrawals from Gas Wells (MMcf)
1999,7,241542,MMCF,FGO,Withdrawals from Oil Wells,N9012AK2,Alaska Natural Gas Gross Withdrawals from Oil Wells (MMcf)
1999,6,1765,MMCF,VG9,Extraction Loss,NA1150_SAK_2,Alaska Natural Gas Plant Liquids Production (Million Cubic Feet)
1999,6,262059,MMCF,FGW,Gross Withdrawals,N9010AK2,Alaska Natural Gas Gross Withdrawals (MMcf)
1999,6,35938,MMCF,VGM,Marketed Production,N9050AK2,Alaska Natural Gas Marketed Production (MMcf)
1999,6,0,MMCF,VRN,Removed from Natural Gas,N9030AK2,Alaska Nonhydrocarbon Gases Removed from Natural Gas (MMcf)
1999,6,225500,MMCF,VGQ,Repressuring,N9020AK2,Alaska Natural Gas Repressuring (MMcf)
1999,6,621,MMCF,VGV,Vented and Flared,N9040AK2,Alaska Natural Gas Vented and Flared (MMcf)
1999,6,13925,MMCF,FGG,Withdrawals from Gas Wells,N9011AK2,Alaska Natural Gas Gross Withdrawals from Gas Wells (MMcf)
1999,6,248134,MMCF,FGO,Withdrawals from Oil Wells,N9012AK2,Alaska Natural Gas Gross Withdrawals from Oil Wells (MMcf)
1999,5,1721,MMCF,VG9,Extraction Loss,NA1150_SAK_2,Alaska Natural Gas Plant Liquids Production (Million Cubic Feet)
1999,5,252760,MMCF,FGW,Gross Withdrawals,N9010AK2,Alaska Natural Gas Gross Withdrawals (MMcf)
1999,5,35039,MMCF,VGM,Marketed Production,N9050AK2,Alaska Natural Gas Marketed Production (MMcf)
1999,5,0,MMCF,VRN,Removed from Natural Gas,N9030AK2,Alaska Nonhydrocarbon Gases Removed from Natural Gas (MMcf)
1999,5,217131,MMCF,VGQ,Repressuring,N9020AK2,Alaska Natural Gas Repressuring (MMcf)
1999,5,590,MMCF,VGV,Vented and Flared,N9040AK2,Alaska Natural Gas Vented and Flared (MMcf)
1999,5,12322,MMCF,FGG,Withdrawals from Gas Wells,N9011AK2,Alaska Natural Gas Gross Withdrawals from Gas Wells (MMcf)
1999,5,240438,MMCF,FGO,Withdrawals from Oil Wells,N9012AK2,Alaska Natural Gas Gross Withdrawals from Oil Wells (MMcf)
1999,4,1878,MMCF,VG9,Extraction Loss,NA1150_SAK_2,Alaska Natural Gas Plant Liquids Production (Million Cubic Feet)
1999,4,275211,MMCF,FGW,Gross Withdrawals,N9010AK2,Alaska Natural Gas Gross Withdrawals (MMcf)
1999,4,38249,MMCF,VGM,Marketed Production,N9050AK2,Alaska Natural Gas Marketed Production (MMcf)
1999,4,0,MMCF,VRN,Removed from Natural Gas,N9030AK2,Alaska Nonhydrocarbon Gases Removed from Natural Gas (MMcf)
1999,4,236391,MMCF,VGQ,Repressuring,N9020AK2,Alaska Natural Gas Repressuring (MMcf)
1999,4,572,MMCF,VGV,Vented and Flared,N9040AK2,Alaska Natural Gas Vented and Flared (MMcf)
1999,4,14067,MMCF,FGG,Withdrawals from Gas Wells,N9011AK2,Alaska Natural Gas Gross Withdrawals from Gas Wells (MMcf)
1999,4,261145,MMCF,FGO,Withdrawals from Oil Wells,N9012AK2,Alaska Natural Gas Gross Withdrawals from Oil Wells (MMcf)
1999,3,2069,MMCF,VG9,Extraction Loss,NA1150_SAK_2,Alaska Natural Gas Plant Liquids Production (Million Cubic Feet)
1999,3,301925,MMCF,FGW,Gross Withdrawals,N9010AK2,Alaska Natural Gas Gross Withdrawals (MMcf)
1999,3,42128,MMCF,VGM,Marketed Production,N9050AK2,Alaska Natural Gas Marketed Production (MMcf)
1999,3,0,MMCF,VRN,Removed from Natural Gas,N9030AK2,Alaska Nonhydrocarbon Gases Removed from Natural Gas (MMcf)
1999,3,259242,MMCF,VGQ,Repressuring,N9020AK2,Alaska Natural Gas Repressuring (MMcf)
1999,3,555,MMCF,VGV,Vented and Flared,N9040AK2,Alaska Natural Gas Vented and Flared (MMcf)
1999,3,16178,MMCF,FGG,Withdrawals from Gas Wells,N9011AK2,Alaska Natural Gas Gross Withdrawals from Gas Wells (MMcf)
1999,3,285748,MMCF,FGO,Withdrawals from Oil Wells,N9012AK2,Alaska Natural Gas Gross Withdrawals from Oil Wells (MMcf)
1999,2,1912,MMCF,VG9,Extraction Loss,NA1150_SAK_2,Alaska Natural Gas Plant Liquids Production (Million Cubic Feet)
1999,2,284328,MMCF,FGW,Gross Withdrawals,N9010AK2,Alaska Natural Gas Gross Withdrawals (MMcf)
1999,2,38930,MMCF,VGM,Marketed Production,N9050AK2,Alaska Natural Gas Marketed Production (MMcf)
1999,2,0,MMCF,VRN,Removed from Natural Gas,N9030AK2,Alaska Nonhydrocarbon Gases Removed from Natural Gas (MMcf)
1999,2,244863,MMCF,VGQ,Repressuring,N9020AK2,Alaska Natural Gas Repressuring (MMcf)
1999,2,535,MMCF,VGV,Vented and Flared,N9040AK2,Alaska Natural Gas Vented and Flared (MMcf)
1999,2,14765,MMCF,FGG,Withdrawals from Gas Wells,N9011AK2,Alaska Natural Gas Gross Withdrawals from Gas Wells (MMcf)
1999,2,269563,MMCF,FGO,Withdrawals from Oil Wells,N9012AK2,Alaska Natural Gas Gross Withdrawals from Oil Wells (MMcf)
1999,1,2112,MMCF,VG9,Extraction Loss,NA1150_SAK_2,Alaska Natural Gas Plant Liquids Production (Million Cubic Feet)
1999,1,300298,MMCF,FGW,Gross Withdrawals,N9010AK2,Alaska Natural Gas Gross Withdrawals (MMcf)
1999,1,43013,MMCF,VGM,Marketed Production,N9050AK2,Alaska Natural Gas Marketed Production (MMcf)
1999,1,0,MMCF,VRN,Removed from Natural Gas,N9030AK2,Alaska Nonhydrocarbon Gases Removed from Natural Gas (MMcf)
1999,1,256601,MMCF,VGQ,Repressuring,N9020AK2,Alaska Natural Gas Repressuring (MMcf)
1999,1,685,MMCF,VGV,Vented and Flared,N9040AK2,Alaska Natural Gas Vented and Flared (MMcf)
1999,1,17406,MMCF,FGG,Withdrawals from Gas Wells,N9011AK2,Alaska Natural Gas Gross Withdrawals from Gas Wells (MMcf)
1999,1,282892,MMCF,FGO,Withdrawals from Oil Wells,N9012AK2,Alaska Natural Gas Gross Withdrawals from Oil Wells (MMcf)
1998,12,2015,MMCF,VG9,Extraction Loss,NA1150_SAK_2,Alaska Natural Gas Plant Liquids Production (Million Cubic Feet)
1998,12,305985,MMCF,FGW,Gross Withdrawals,N9010AK2,Alaska Natural Gas Gross Withdrawals (MMcf)
1998,12,42890,MMCF,VGM,Marketed Production,N9050AK2,Alaska Natural Gas Marketed Production (MMcf)
1998,12,0,MMCF,VRN,Removed from Natural Gas,N9030AK2,Alaska Nonhydrocarbon Gases Removed from Natural Gas (MMcf)
1998,12,262436,MMCF,VGQ,Repressuring,N9020AK2,Alaska Natural Gas Repressuring (MMcf)
1998,12,658,MMCF,VGV,Vented and Flared,N9040AK2,Alaska Natural Gas Vented and Flared (MMcf)
1998,12,17623,MMCF,FGG,Withdrawals from Gas Wells,N9011AK2,Alaska Natural Gas Gross Withdrawals from Gas Wells (MMcf)
1998,12,288362,MMCF,FGO,Withdrawals from Oil Wells,N9012AK2,Alaska Natural Gas Gross Withdrawals from Oil Wells (MMcf)
1998,11,1855,MMCF,VG9,Extraction Loss,NA1150_SAK_2,Alaska Natural Gas Plant Liquids Production (Million Cubic Feet)
1998,11,293056,MMCF,FGW,Gross Withdrawals,N9010AK2,Alaska Natural Gas Gross Withdrawals (MMcf)
1998,11,39483,MMCF,VGM,Marketed Production,N9050AK2,Alaska Natural Gas Marketed Production (MMcf)
1998,11,0,MMCF,VRN,Removed from Natural Gas,N9030AK2,Alaska Nonhydrocarbon Gases Removed from Natural Gas (MMcf)
1998,11,252963,MMCF,VGQ,Repressuring,N9020AK2,Alaska Natural Gas Repressuring (MMcf)
1998,11,610,MMCF,VGV,Vented and Flared,N9040AK2,Alaska Natural Gas Vented and Flared (MMcf)
1998,11,15758,MMCF,FGG,Withdrawals from Gas Wells,N9011AK2,Alaska Natural Gas Gross Withdrawals from Gas Wells (MMcf)
1998,11,277298,MMCF,FGO,Withdrawals from Oil Wells,N9012AK2,Alaska Natural Gas Gross Withdrawals from Oil Wells (MMcf)
1998,10,1877,MMCF,VG9,Extraction Loss,NA1150_SAK_2,Alaska Natural Gas Plant Liquids Production (Million Cubic Feet)
1998,10,296751,MMCF,FGW,Gross Withdrawals,N9010AK2,Alaska Natural Gas Gross Withdrawals (MMcf)
1998,10,39958,MMCF,VGM,Marketed Production,N9050AK2,Alaska Natural Gas Marketed Production (MMcf)
1998,10,0,MMCF,VRN,Removed from Natural Gas,N9030AK2,Alaska Nonhydrocarbon Gases Removed from Natural Gas (MMcf)
1998,10,256146,MMCF,VGQ,Repressuring,N9020AK2,Alaska Natural Gas Repressuring (MMcf)
1998,10,647,MMCF,VGV,Vented and Flared,N9040AK2,Alaska Natural Gas Vented and Flared (MMcf)
1998,10,16565,MMCF,FGG,Withdrawals from Gas Wells,N9011AK2,Alaska Natural Gas Gross Withdrawals from Gas Wells (MMcf)
1998,10,280186,MMCF,FGO,Withdrawals from Oil Wells,N9012AK2,Alaska Natural Gas Gross Withdrawals from Oil Wells (MMcf)
1998,9,1733,MMCF,VG9,Extraction Loss,NA1150_SAK_2,Alaska Natural Gas Plant Liquids Production (Million Cubic Feet)
1998,9,273401,MMCF,FGW,Gross Withdrawals,N9010AK2,Alaska Natural Gas Gross Withdrawals (MMcf)
1998,9,36884,MMCF,VGM,Marketed Production,N9050AK2,Alaska Natural Gas Marketed Production (MMcf)
1998,9,0,MMCF,VRN,Removed from Natural Gas,N9030AK2,Alaska Nonhydrocarbon Gases Removed from Natural Gas (MMcf)
1998,9,235785,MMCF,VGQ,Repressuring,N9020AK2,Alaska Natural Gas Repressuring (MMcf)
1998,9,733,MMCF,VGV,Vented and Flared,N9040AK2,Alaska Natural Gas Vented and Flared (MMcf)
1998,9,13676,MMCF,FGG,Withdrawals from Gas Wells,N9011AK2,Alaska Natural Gas Gross Withdrawals from Gas Wells (MMcf)
1998,9,259725,MMCF,FGO,Withdrawals from Oil Wells,N9012AK2,Alaska Natural Gas Gross Withdrawals from Oil Wells (MMcf)
1998,8,1697,MMCF,VG9,Extraction Loss,NA1150_SAK_2,Alaska Natural Gas Plant Liquids Production (Million Cubic Feet)
1998,8,267793,MMCF,FGW,Gross Withdrawals,N9010AK2,Alaska Natural Gas Gross Withdrawals (MMcf)
1998,8,36118,MMCF,VGM,Marketed Production,N9050AK2,Alaska Natural Gas Marketed Production (MMcf)
1998,8,0,MMCF,VRN,Removed from Natural Gas,N9030AK2,Alaska Nonhydrocarbon Gases Removed from Natural Gas (MMcf)
1998,8,231045,MMCF,VGQ,Repressuring,N9020AK2,Alaska Natural Gas Repressuring (MMcf)
1998,8,630,MMCF,VGV,Vented and Flared,N9040AK2,Alaska Natural Gas Vented and Flared (MMcf)
1998,8,13529,MMCF,FGG,Withdrawals from Gas Wells,N9011AK2,Alaska Natural Gas Gross Withdrawals from Gas Wells (MMcf)
1998,8,254264,MMCF,FGO,Withdrawals from Oil Wells,N9012AK2,Alaska Natural Gas Gross Withdrawals from Oil Wells (MMcf)
1998,7,1699,MMCF,VG9,Extraction Loss,NA1150_SAK_2,Alaska Natural Gas Plant Liquids Production (Million Cubic Feet)
1998,7,256916,MMCF,FGW,Gross Withdrawals,N9010AK2,Alaska Natural Gas Gross Withdrawals (MMcf)
1998,7,36171,MMCF,VGM,Marketed Production,N9050AK2,Alaska Natural Gas Marketed Production (MMcf)
1998,7,0,MMCF,VRN,Removed from Natural Gas,N9030AK2,Alaska Nonhydrocarbon Gases Removed from Natural Gas (MMcf)
1998,7,219946,MMCF,VGQ,Repressuring,N9020AK2,Alaska Natural Gas Repressuring (MMcf)
1998,7,799,MMCF,VGV,Vented and Flared,N9040AK2,Alaska Natural Gas Vented and Flared (MMcf)
1998,7,14509,MMCF,FGG,Withdrawals from Gas Wells,N9011AK2,Alaska Natural Gas Gross Withdrawals from Gas Wells (MMcf)
1998,7,242407,MMCF,FGO,Withdrawals from Oil Wells,N9012AK2,Alaska Natural Gas Gross Withdrawals from Oil Wells (MMcf)
1998,6,1701,MMCF,VG9,Extraction Loss,NA1150_SAK_2,Alaska Natural Gas Plant Liquids Production (Million Cubic Feet)
1998,6,263368,MMCF,FGW,Gross Withdrawals,N9010AK2,Alaska Natural Gas Gross Withdrawals (MMcf)
1998,6,36217,MMCF,VGM,Marketed Production,N9050AK2,Alaska Natural Gas Marketed Production (MMcf)
1998,6,0,MMCF,VRN,Removed from Natural Gas,N9030AK2,Alaska Nonhydrocarbon Gases Removed from Natural Gas (MMcf)
1998,6,226437,MMCF,VGQ,Repressuring,N9020AK2,Alaska Natural Gas Repressuring (MMcf)
1998,6,715,MMCF,VGV,Vented and Flared,N9040AK2,Alaska Natural Gas Vented and Flared (MMcf)
1998,6,14345,MMCF,FGG,Withdrawals from Gas Wells,N9011AK2,Alaska Natural Gas Gross Withdrawals from Gas Wells (MMcf)
1998,6,249023,MMCF,FGO,Withdrawals from Oil Wells,N9012AK2,Alaska Natural Gas Gross Withdrawals from Oil Wells (MMcf)
1998,5,1657,MMCF,VG9,Extraction Loss,NA1150_SAK_2,Alaska Natural Gas Plant Liquids Production (Million Cubic Feet)
1998,5,253993,MMCF,FGW,Gross Withdrawals,N9010AK2,Alaska Natural Gas Gross Withdrawals (MMcf)
1998,5,35281,MMCF,VGM,Marketed Production,N9050AK2,Alaska Natural Gas Marketed Production (MMcf)
1998,5,0,MMCF,VRN,Removed from Natural Gas,N9030AK2,Alaska Nonhydrocarbon Gases Removed from Natural Gas (MMcf)
1998,5,218033,MMCF,VGQ,Repressuring,N9020AK2,Alaska Natural Gas Repressuring (MMcf)
1998,5,679,MMCF,VGV,Vented and Flared,N9040AK2,Alaska Natural Gas Vented and Flared (MMcf)
1998,5,12693,MMCF,FGG,Withdrawals from Gas Wells,N9011AK2,Alaska Natural Gas Gross Withdrawals from Gas Wells (MMcf)
1998,5,241300,MMCF,FGO,Withdrawals from Oil Wells,N9012AK2,Alaska Natural Gas Gross Withdrawals from Oil Wells (MMcf)
1998,4,1811,MMCF,VG9,Extraction Loss,NA1150_SAK_2,Alaska Natural Gas Plant Liquids Production (Million Cubic Feet)
1998,4,276571,MMCF,FGW,Gross Withdrawals,N9010AK2,Alaska Natural Gas Gross Withdrawals (MMcf)
1998,4,38540,MMCF,VGM,Marketed Production,N9050AK2,Alaska Natural Gas Marketed Production (MMcf)
1998,4,0,MMCF,VRN,Removed from Natural Gas,N9030AK2,Alaska Nonhydrocarbon Gases Removed from Natural Gas (MMcf)
1998,4,237373,MMCF,VGQ,Repressuring,N9020AK2,Alaska Natural Gas Repressuring (MMcf)
1998,4,658,MMCF,VGV,Vented and Flared,N9040AK2,Alaska Natural Gas Vented and Flared (MMcf)
1998,4,14490,MMCF,FGG,Withdrawals from Gas Wells,N9011AK2,Alaska Natural Gas Gross Withdrawals from Gas Wells (MMcf)
1998,4,262081,MMCF,FGO,Withdrawals from Oil Wells,N9012AK2,Alaska Natural Gas Gross Withdrawals from Oil Wells (MMcf)
1998,3,1996,MMCF,VG9,Extraction Loss,NA1150_SAK_2,Alaska Natural Gas Plant Liquids Production (Million Cubic Feet)
1998,3,303437,MMCF,FGW,Gross Withdrawals,N9010AK2,Alaska Natural Gas Gross Withdrawals (MMcf)
1998,3,42479,MMCF,VGM,Marketed Production,N9050AK2,Alaska Natural Gas Marketed Production (MMcf)
1998,3,0,MMCF,VRN,Removed from Natural Gas,N9030AK2,Alaska Nonhydrocarbon Gases Removed from Natural Gas (MMcf)
1998,3,260319,MMCF,VGQ,Repressuring,N9020AK2,Alaska Natural Gas Repressuring (MMcf)
1998,3,639,MMCF,VGV,Vented and Flared,N9040AK2,Alaska Natural Gas Vented and Flared (MMcf)
1998,3,16665,MMCF,FGG,Withdrawals from Gas Wells,N9011AK2,Alaska Natural Gas Gross Withdrawals from Gas Wells (MMcf)
1998,3,286772,MMCF,FGO,Withdrawals from Oil Wells,N9012AK2,Alaska Natural Gas Gross Withdrawals from Oil Wells (MMcf)
1998,2,1844,MMCF,VG9,Extraction Loss,NA1150_SAK_2,Alaska Natural Gas Plant Liquids Production (Million Cubic Feet)
1998,2,285739,MMCF,FGW,Gross Withdrawals,N9010AK2,Alaska Natural Gas Gross Withdrawals (MMcf)
1998,2,39244,MMCF,VGM,Marketed Production,N9050AK2,Alaska Natural Gas Marketed Production (MMcf)
1998,2,0,MMCF,VRN,Removed from Natural Gas,N9030AK2,Alaska Nonhydrocarbon Gases Removed from Natural Gas (MMcf)
1998,2,245880,MMCF,VGQ,Repressuring,N9020AK2,Alaska Natural Gas Repressuring (MMcf)
1998,2,615,MMCF,VGV,Vented and Flared,N9040AK2,Alaska Natural Gas Vented and Flared (MMcf)
1998,2,15210,MMCF,FGG,Withdrawals from Gas Wells,N9011AK2,Alaska Natural Gas Gross Withdrawals from Gas Wells (MMcf)
1998,2,270530,MMCF,FGO,Withdrawals from Oil Wells,N9012AK2,Alaska Natural Gas Gross Withdrawals from Oil Wells (MMcf)
1998,1,2038,MMCF,VG9,Extraction Loss,NA1150_SAK_2,Alaska Natural Gas Plant Liquids Production (Million Cubic Feet)
1998,1,301837,MMCF,FGW,Gross Withdrawals,N9010AK2,Alaska Natural Gas Gross Withdrawals (MMcf)
1998,1,43382,MMCF,VGM,Marketed Production,N9050AK2,Alaska Natural Gas Marketed Production (MMcf)
1998,1,0,MMCF,VRN,Removed from Natural Gas,N9030AK2,Alaska Nonhydrocarbon Gases Removed from Natural Gas (MMcf)
1998,1,257666,MMCF,VGQ,Repressuring,N9020AK2,Alaska Natural Gas Repressuring (MMcf)
1998,1,788,MMCF,VGV,Vented and Flared,N9040AK2,Alaska Natural Gas Vented and Flared (MMcf)
1998,1,17931,MMCF,FGG,Withdrawals from Gas Wells,N9011AK2,Alaska Natural Gas Gross Withdrawals from Gas Wells (MMcf)
1998,1,283906,MMCF,FGO,Withdrawals from Oil Wells,N9012AK2,Alaska Natural Gas Gross Withdrawals from Oil Wells (MMcf)
1997,12,2087,MMCF,VG9,Extraction Loss,NA1150_SAK_2,Alaska Natural Gas Plant Liquids Production (Million Cubic Feet)
1997,12,306153,MMCF,FGW,Gross Withdrawals,N9010AK2,Alaska Natural Gas Gross Withdrawals (MMcf)
1997,12,43020,MMCF,VGM,Marketed Production,N9050AK2,Alaska Natural Gas Marketed Production (MMcf)
1997,12,0,MMCF,VRN,Removed from Natural Gas,N9030AK2,Alaska Nonhydrocarbon Gases Removed from Natural Gas (MMcf)
1997,12,262467,MMCF,VGQ,Repressuring,N9020AK2,Alaska Natural Gas Repressuring (MMcf)
1997,12,666,MMCF,VGV,Vented and Flared,N9040AK2,Alaska Natural Gas Vented and Flared (MMcf)
1997,12,17290,MMCF,FGG,Withdrawals from Gas Wells,N9011AK2,Alaska Natural Gas Gross Withdrawals from Gas Wells (MMcf)
1997,12,288863,MMCF,FGO,Withdrawals from Oil Wells,N9012AK2,Alaska Natural Gas Gross Withdrawals from Oil Wells (MMcf)
1997,11,1922,MMCF,VG9,Extraction Loss,NA1150_SAK_2,Alaska Natural Gas Plant Liquids Production (Million Cubic Feet)
1997,11,293241,MMCF,FGW,Gross Withdrawals,N9010AK2,Alaska Natural Gas Gross Withdrawals (MMcf)
1997,11,39631,MMCF,VGM,Marketed Production,N9050AK2,Alaska Natural Gas Marketed Production (MMcf)
1997,11,0,MMCF,VRN,Removed from Natural Gas,N9030AK2,Alaska Nonhydrocarbon Gases Removed from Natural Gas (MMcf)
1997,11,252993,MMCF,VGQ,Repressuring,N9020AK2,Alaska Natural Gas Repressuring (MMcf)
1997,11,618,MMCF,VGV,Vented and Flared,N9040AK2,Alaska Natural Gas Vented and Flared (MMcf)
1997,11,15461,MMCF,FGG,Withdrawals from Gas Wells,N9011AK2,Alaska Natural Gas Gross Withdrawals from Gas Wells (MMcf)
1997,11,277781,MMCF,FGO,Withdrawals from Oil Wells,N9012AK2,Alaska Natural Gas Gross Withdrawals from Oil Wells (MMcf)
1997,10,1945,MMCF,VG9,Extraction Loss,NA1150_SAK_2,Alaska Natural Gas Plant Liquids Production (Million Cubic Feet)
1997,10,296925,MMCF,FGW,Gross Withdrawals,N9010AK2,Alaska Natural Gas Gross Withdrawals (MMcf)
1997,10,40095,MMCF,VGM,Marketed Production,N9050AK2,Alaska Natural Gas Marketed Production (MMcf)
1997,10,0,MMCF,VRN,Removed from Natural Gas,N9030AK2,Alaska Nonhydrocarbon Gases Removed from Natural Gas (MMcf)
1997,10,256176,MMCF,VGQ,Repressuring,N9020AK2,Alaska Natural Gas Repressuring (MMcf)
1997,10,654,MMCF,VGV,Vented and Flared,N9040AK2,Alaska Natural Gas Vented and Flared (MMcf)
1997,10,16251,MMCF,FGG,Withdrawals from Gas Wells,N9011AK2,Alaska Natural Gas Gross Withdrawals from Gas Wells (MMcf)
1997,10,280674,MMCF,FGO,Withdrawals from Oil Wells,N9012AK2,Alaska Natural Gas Gross Withdrawals from Oil Wells (MMcf)
1997,9,1797,MMCF,VG9,Extraction Loss,NA1150_SAK_2,Alaska Natural Gas Plant Liquids Production (Million Cubic Feet)
1997,9,273595,MMCF,FGW,Gross Withdrawals,N9010AK2,Alaska Natural Gas Gross Withdrawals (MMcf)
1997,9,37041,MMCF,VGM,Marketed Production,N9050AK2,Alaska Natural Gas Marketed Production (MMcf)
1997,9,0,MMCF,VRN,Removed from Natural Gas,N9030AK2,Alaska Nonhydrocarbon Gases Removed from Natural Gas (MMcf)
1997,9,235813,MMCF,VGQ,Repressuring,N9020AK2,Alaska Natural Gas Repressuring (MMcf)
1997,9,741,MMCF,VGV,Vented and Flared,N9040AK2,Alaska Natural Gas Vented and Flared (MMcf)
1997,9,13417,MMCF,FGG,Withdrawals from Gas Wells,N9011AK2,Alaska Natural Gas Gross Withdrawals from Gas Wells (MMcf)
1997,9,260177,MMCF,FGO,Withdrawals from Oil Wells,N9012AK2,Alaska Natural Gas Gross Withdrawals from Oil Wells (MMcf)
1997,8,1759,MMCF,VG9,Extraction Loss,NA1150_SAK_2,Alaska Natural Gas Plant Liquids Production (Million Cubic Feet)
1997,8,267980,MMCF,FGW,Gross Withdrawals,N9010AK2,Alaska Natural Gas Gross Withdrawals (MMcf)
1997,8,36270,MMCF,VGM,Marketed Production,N9050AK2,Alaska Natural Gas Marketed Production (MMcf)
1997,8,0,MMCF,VRN,Removed from Natural Gas,N9030AK2,Alaska Nonhydrocarbon Gases Removed from Natural Gas (MMcf)
1997,8,231072,MMCF,VGQ,Repressuring,N9020AK2,Alaska Natural Gas Repressuring (MMcf)
1997,8,637,MMCF,VGV,Vented and Flared,N9040AK2,Alaska Natural Gas Vented and Flared (MMcf)
1997,8,13273,MMCF,FGG,Withdrawals from Gas Wells,N9011AK2,Alaska Natural Gas Gross Withdrawals from Gas Wells (MMcf)
1997,8,254707,MMCF,FGO,Withdrawals from Oil Wells,N9012AK2,Alaska Natural Gas Gross Withdrawals from Oil Wells (MMcf)
1997,7,1760,MMCF,VG9,Extraction Loss,NA1150_SAK_2,Alaska Natural Gas Plant Liquids Production (Million Cubic Feet)
1997,7,257063,MMCF,FGW,Gross Withdrawals,N9010AK2,Alaska Natural Gas Gross Withdrawals (MMcf)
1997,7,36284,MMCF,VGM,Marketed Production,N9050AK2,Alaska Natural Gas Marketed Production (MMcf)
1997,7,0,MMCF,VRN,Removed from Natural Gas,N9030AK2,Alaska Nonhydrocarbon Gases Removed from Natural Gas (MMcf)
1997,7,219971,MMCF,VGQ,Repressuring,N9020AK2,Alaska Natural Gas Repressuring (MMcf)
1997,7,808,MMCF,VGV,Vented and Flared,N9040AK2,Alaska Natural Gas Vented and Flared (MMcf)
1997,7,14234,MMCF,FGG,Withdrawals from Gas Wells,N9011AK2,Alaska Natural Gas Gross Withdrawals from Gas Wells (MMcf)
1997,7,242829,MMCF,FGO,Withdrawals from Oil Wells,N9012AK2,Alaska Natural Gas Gross Withdrawals from Oil Wells (MMcf)
1997,6,1763,MMCF,VG9,Extraction Loss,NA1150_SAK_2,Alaska Natural Gas Plant Liquids Production (Million Cubic Feet)
1997,6,263530,MMCF,FGW,Gross Withdrawals,N9010AK2,Alaska Natural Gas Gross Withdrawals (MMcf)
1997,6,36344,MMCF,VGM,Marketed Production,N9050AK2,Alaska Natural Gas Marketed Production (MMcf)
1997,6,0,MMCF,VRN,Removed from Natural Gas,N9030AK2,Alaska Nonhydrocarbon Gases Removed from Natural Gas (MMcf)
1997,6,226463,MMCF,VGQ,Repressuring,N9020AK2,Alaska Natural Gas Repressuring (MMcf)
1997,6,723,MMCF,VGV,Vented and Flared,N9040AK2,Alaska Natural Gas Vented and Flared (MMcf)
1997,6,14074,MMCF,FGG,Withdrawals from Gas Wells,N9011AK2,Alaska Natural Gas Gross Withdrawals from Gas Wells (MMcf)
1997,6,249457,MMCF,FGO,Withdrawals from Oil Wells,N9012AK2,Alaska Natural Gas Gross Withdrawals from Oil Wells (MMcf)
1997,5,1719,MMCF,VG9,Extraction Loss,NA1150_SAK_2,Alaska Natural Gas Plant Liquids Production (Million Cubic Feet)
1997,5,254173,MMCF,FGW,Gross Withdrawals,N9010AK2,Alaska Natural Gas Gross Withdrawals (MMcf)
1997,5,35427,MMCF,VGM,Marketed Production,N9050AK2,Alaska Natural Gas Marketed Production (MMcf)
1997,5,0,MMCF,VRN,Removed from Natural Gas,N9030AK2,Alaska Nonhydrocarbon Gases Removed from Natural Gas (MMcf)
1997,5,218058,MMCF,VGQ,Repressuring,N9020AK2,Alaska Natural Gas Repressuring (MMcf)
1997,5,687,MMCF,VGV,Vented and Flared,N9040AK2,Alaska Natural Gas Vented and Flared (MMcf)
1997,5,12453,MMCF,FGG,Withdrawals from Gas Wells,N9011AK2,Alaska Natural Gas Gross Withdrawals from Gas Wells (MMcf)
1997,5,241720,MMCF,FGO,Withdrawals from Oil Wells,N9012AK2,Alaska Natural Gas Gross Withdrawals from Oil Wells (MMcf)
1997,4,1877,MMCF,VG9,Extraction Loss,NA1150_SAK_2,Alaska Natural Gas Plant Liquids Production (Million Cubic Feet)
1997,4,276753,MMCF,FGW,Gross Withdrawals,N9010AK2,Alaska Natural Gas Gross Withdrawals (MMcf)
1997,4,38687,MMCF,VGM,Marketed Production,N9050AK2,Alaska Natural Gas Marketed Production (MMcf)
1997,4,0,MMCF,VRN,Removed from Natural Gas,N9030AK2,Alaska Nonhydrocarbon Gases Removed from Natural Gas (MMcf)
1997,4,237401,MMCF,VGQ,Repressuring,N9020AK2,Alaska Natural Gas Repressuring (MMcf)
1997,4,666,MMCF,VGV,Vented and Flared,N9040AK2,Alaska Natural Gas Vented and Flared (MMcf)
1997,4,14217,MMCF,FGG,Withdrawals from Gas Wells,N9011AK2,Alaska Natural Gas Gross Withdrawals from Gas Wells (MMcf)
1997,4,262537,MMCF,FGO,Withdrawals from Oil Wells,N9012AK2,Alaska Natural Gas Gross Withdrawals from Oil Wells (MMcf)
1997,3,2068,MMCF,VG9,Extraction Loss,NA1150_SAK_2,Alaska Natural Gas Plant Liquids Production (Million Cubic Feet)
1997,3,303621,MMCF,FGW,Gross Withdrawals,N9010AK2,Alaska Natural Gas Gross Withdrawals (MMcf)
1997,3,42625,MMCF,VGM,Marketed Production,N9050AK2,Alaska Natural Gas Marketed Production (MMcf)
1997,3,0,MMCF,VRN,Removed from Natural Gas,N9030AK2,Alaska Nonhydrocarbon Gases Removed from Natural Gas (MMcf)
1997,3,260350,MMCF,VGQ,Repressuring,N9020AK2,Alaska Natural Gas Repressuring (MMcf)
1997,3,646,MMCF,VGV,Vented and Flared,N9040AK2,Alaska Natural Gas Vented and Flared (MMcf)
1997,3,16350,MMCF,FGG,Withdrawals from Gas Wells,N9011AK2,Alaska Natural Gas Gross Withdrawals from Gas Wells (MMcf)
1997,3,287271,MMCF,FGO,Withdrawals from Oil Wells,N9012AK2,Alaska Natural Gas Gross Withdrawals from Oil Wells (MMcf)
1997,2,1911,MMCF,VG9,Extraction Loss,NA1150_SAK_2,Alaska Natural Gas Plant Liquids Production (Million Cubic Feet)
1997,2,285923,MMCF,FGW,Gross Withdrawals,N9010AK2,Alaska Natural Gas Gross Withdrawals (MMcf)
1997,2,39391,MMCF,VGM,Marketed Production,N9050AK2,Alaska Natural Gas Marketed Production (MMcf)
1997,2,0,MMCF,VRN,Removed from Natural Gas,N9030AK2,Alaska Nonhydrocarbon Gases Removed from Natural Gas (MMcf)
1997,2,245909,MMCF,VGQ,Repressuring,N9020AK2,Alaska Natural Gas Repressuring (MMcf)
1997,2,623,MMCF,VGV,Vented and Flared,N9040AK2,Alaska Natural Gas Vented and Flared (MMcf)
1997,2,14922,MMCF,FGG,Withdrawals from Gas Wells,N9011AK2,Alaska Natural Gas Gross Withdrawals from Gas Wells (MMcf)
1997,2,271000,MMCF,FGO,Withdrawals from Oil Wells,N9012AK2,Alaska Natural Gas Gross Withdrawals from Oil Wells (MMcf)
1997,1,2110,MMCF,VG9,Extraction Loss,NA1150_SAK_2,Alaska Natural Gas Plant Liquids Production (Million Cubic Feet)
1997,1,301992,MMCF,FGW,Gross Withdrawals,N9010AK2,Alaska Natural Gas Gross Withdrawals (MMcf)
1997,1,43497,MMCF,VGM,Marketed Production,N9050AK2,Alaska Natural Gas Marketed Production (MMcf)
1997,1,0,MMCF,VRN,Removed from Natural Gas,N9030AK2,Alaska Nonhydrocarbon Gases Removed from Natural Gas (MMcf)
1997,1,257697,MMCF,VGQ,Repressuring,N9020AK2,Alaska Natural Gas Repressuring (MMcf)
1997,1,798,MMCF,VGV,Vented and Flared,N9040AK2,Alaska Natural Gas Vented and Flared (MMcf)
1997,1,17592,MMCF,FGG,Withdrawals from Gas Wells,N9011AK2,Alaska Natural Gas Gross Withdrawals from Gas Wells (MMcf)
1997,1,284400,MMCF,FGO,Withdrawals from Oil Wells,N9012AK2,Alaska Natural Gas Gross Withdrawals from Oil Wells (MMcf)
1996,12,305514,MMCF,FGW,Gross Withdrawals,N9010AK2,Alaska Natural Gas Gross Withdrawals (MMcf)
1996,12,44166,MMCF,VGM,Marketed Production,N9050AK2,Alaska Natural Gas Marketed Production (MMcf)
1996,12,,MMCF,VRN,Removed from Natural Gas,N9030AK2,Alaska Nonhydrocarbon Gases Removed from Natural Gas (MMcf)
1996,12,260779,MMCF,VGQ,Repressuring,N9020AK2,Alaska Natural Gas Repressuring (MMcf)
1996,12,570,MMCF,VGV,Vented and Flared,N9040AK2,Alaska Natural Gas Vented and Flared (MMcf)
1996,12,17696,MMCF,FGG,Withdrawals from Gas Wells,N9011AK2,Alaska Natural Gas Gross Withdrawals from Gas Wells (MMcf)
1996,12,287819,MMCF,FGO,Withdrawals from Oil Wells,N9012AK2,Alaska Natural Gas Gross Withdrawals from Oil Wells (MMcf)
1996,11,292599,MMCF,FGW,Gross Withdrawals,N9010AK2,Alaska Natural Gas Gross Withdrawals (MMcf)
1996,11,40706,MMCF,VGM,Marketed Production,N9050AK2,Alaska Natural Gas Marketed Production (MMcf)
1996,11,,MMCF,VRN,Removed from Natural Gas,N9030AK2,Alaska Nonhydrocarbon Gases Removed from Natural Gas (MMcf)
1996,11,251365,MMCF,VGQ,Repressuring,N9020AK2,Alaska Natural Gas Repressuring (MMcf)
1996,11,528,MMCF,VGV,Vented and Flared,N9040AK2,Alaska Natural Gas Vented and Flared (MMcf)
1996,11,15823,MMCF,FGG,Withdrawals from Gas Wells,N9011AK2,Alaska Natural Gas Gross Withdrawals from Gas Wells (MMcf)
1996,11,276776,MMCF,FGO,Withdrawals from Oil Wells,N9012AK2,Alaska Natural Gas Gross Withdrawals from Oil Wells (MMcf)
1996,10,296292,MMCF,FGW,Gross Withdrawals,N9010AK2,Alaska Natural Gas Gross Withdrawals (MMcf)
1996,10,41204,MMCF,VGM,Marketed Production,N9050AK2,Alaska Natural Gas Marketed Production (MMcf)
1996,10,,MMCF,VRN,Removed from Natural Gas,N9030AK2,Alaska Nonhydrocarbon Gases Removed from Natural Gas (MMcf)
1996,10,254528,MMCF,VGQ,Repressuring,N9020AK2,Alaska Natural Gas Repressuring (MMcf)
1996,10,560,MMCF,VGV,Vented and Flared,N9040AK2,Alaska Natural Gas Vented and Flared (MMcf)
1996,10,16633,MMCF,FGG,Withdrawals from Gas Wells,N9011AK2,Alaska Natural Gas Gross Withdrawals from Gas Wells (MMcf)
1996,10,279659,MMCF,FGO,Withdrawals from Oil Wells,N9012AK2,Alaska Natural Gas Gross Withdrawals from Oil Wells (MMcf)
1996,9,272968,MMCF,FGW,Gross Withdrawals,N9010AK2,Alaska Natural Gas Gross Withdrawals (MMcf)
1996,9,38039,MMCF,VGM,Marketed Production,N9050AK2,Alaska Natural Gas Marketed Production (MMcf)
1996,9,,MMCF,VRN,Removed from Natural Gas,N9030AK2,Alaska Nonhydrocarbon Gases Removed from Natural Gas (MMcf)
1996,9,234296,MMCF,VGQ,Repressuring,N9020AK2,Alaska Natural Gas Repressuring (MMcf)
1996,9,634,MMCF,VGV,Vented and Flared,N9040AK2,Alaska Natural Gas Vented and Flared (MMcf)
1996,9,13732,MMCF,FGG,Withdrawals from Gas Wells,N9011AK2,Alaska Natural Gas Gross Withdrawals from Gas Wells (MMcf)
1996,9,259236,MMCF,FGO,Withdrawals from Oil Wells,N9012AK2,Alaska Natural Gas Gross Withdrawals from Oil Wells (MMcf)
1996,8,267370,MMCF,FGW,Gross Withdrawals,N9010AK2,Alaska Natural Gas Gross Withdrawals (MMcf)
1996,8,37239,MMCF,VGM,Marketed Production,N9050AK2,Alaska Natural Gas Marketed Production (MMcf)
1996,8,,MMCF,VRN,Removed from Natural Gas,N9030AK2,Alaska Nonhydrocarbon Gases Removed from Natural Gas (MMcf)
1996,8,229586,MMCF,VGQ,Repressuring,N9020AK2,Alaska Natural Gas Repressuring (MMcf)
1996,8,545,MMCF,VGV,Vented and Flared,N9040AK2,Alaska Natural Gas Vented and Flared (MMcf)
1996,8,13585,MMCF,FGG,Withdrawals from Gas Wells,N9011AK2,Alaska Natural Gas Gross Withdrawals from Gas Wells (MMcf)
1996,8,253786,MMCF,FGO,Withdrawals from Oil Wells,N9012AK2,Alaska Natural Gas Gross Withdrawals from Oil Wells (MMcf)
1996,7,256519,MMCF,FGW,Gross Withdrawals,N9010AK2,Alaska Natural Gas Gross Withdrawals (MMcf)
1996,7,37272,MMCF,VGM,Marketed Production,N9050AK2,Alaska Natural Gas Marketed Production (MMcf)
1996,7,,MMCF,VRN,Removed from Natural Gas,N9030AK2,Alaska Nonhydrocarbon Gases Removed from Natural Gas (MMcf)
1996,7,218556,MMCF,VGQ,Repressuring,N9020AK2,Alaska Natural Gas Repressuring (MMcf)
1996,7,691,MMCF,VGV,Vented and Flared,N9040AK2,Alaska Natural Gas Vented and Flared (MMcf)
1996,7,14568,MMCF,FGG,Withdrawals from Gas Wells,N9011AK2,Alaska Natural Gas Gross Withdrawals from Gas Wells (MMcf)
1996,7,241951,MMCF,FGO,Withdrawals from Oil Wells,N9012AK2,Alaska Natural Gas Gross Withdrawals from Oil Wells (MMcf)
1996,6,262958,MMCF,FGW,Gross Withdrawals,N9010AK2,Alaska Natural Gas Gross Withdrawals (MMcf)
1996,6,37334,MMCF,VGM,Marketed Production,N9050AK2,Alaska Natural Gas Marketed Production (MMcf)
1996,6,,MMCF,VRN,Removed from Natural Gas,N9030AK2,Alaska Nonhydrocarbon Gases Removed from Natural Gas (MMcf)
1996,6,225006,MMCF,VGQ,Repressuring,N9020AK2,Alaska Natural Gas Repressuring (MMcf)
1996,6,618,MMCF,VGV,Vented and Flared,N9040AK2,Alaska Natural Gas Vented and Flared (MMcf)
1996,6,14404,MMCF,FGG,Withdrawals from Gas Wells,N9011AK2,Alaska Natural Gas Gross Withdrawals from Gas Wells (MMcf)
1996,6,248554,MMCF,FGO,Withdrawals from Oil Wells,N9012AK2,Alaska Natural Gas Gross Withdrawals from Oil Wells (MMcf)
1996,5,253591,MMCF,FGW,Gross Withdrawals,N9010AK2,Alaska Natural Gas Gross Withdrawals (MMcf)
1996,5,36348,MMCF,VGM,Marketed Production,N9050AK2,Alaska Natural Gas Marketed Production (MMcf)
1996,5,,MMCF,VRN,Removed from Natural Gas,N9030AK2,Alaska Nonhydrocarbon Gases Removed from Natural Gas (MMcf)
1996,5,216656,MMCF,VGQ,Repressuring,N9020AK2,Alaska Natural Gas Repressuring (MMcf)
1996,5,588,MMCF,VGV,Vented and Flared,N9040AK2,Alaska Natural Gas Vented and Flared (MMcf)
1996,5,12745,MMCF,FGG,Withdrawals from Gas Wells,N9011AK2,Alaska Natural Gas Gross Withdrawals from Gas Wells (MMcf)
1996,5,240846,MMCF,FGO,Withdrawals from Oil Wells,N9012AK2,Alaska Natural Gas Gross Withdrawals from Oil Wells (MMcf)
1996,4,276137,MMCF,FGW,Gross Withdrawals,N9010AK2,Alaska Natural Gas Gross Withdrawals (MMcf)
1996,4,39694,MMCF,VGM,Marketed Production,N9050AK2,Alaska Natural Gas Marketed Production (MMcf)
1996,4,,MMCF,VRN,Removed from Natural Gas,N9030AK2,Alaska Nonhydrocarbon Gases Removed from Natural Gas (MMcf)
1996,4,235873,MMCF,VGQ,Repressuring,N9020AK2,Alaska Natural Gas Repressuring (MMcf)
1996,4,569,MMCF,VGV,Vented and Flared,N9040AK2,Alaska Natural Gas Vented and Flared (MMcf)
1996,4,14550,MMCF,FGG,Withdrawals from Gas Wells,N9011AK2,Alaska Natural Gas Gross Withdrawals from Gas Wells (MMcf)
1996,4,261587,MMCF,FGO,Withdrawals from Oil Wells,N9012AK2,Alaska Natural Gas Gross Withdrawals from Oil Wells (MMcf)
1996,3,302965,MMCF,FGW,Gross Withdrawals,N9010AK2,Alaska Natural Gas Gross Withdrawals (MMcf)
1996,3,43738,MMCF,VGM,Marketed Production,N9050AK2,Alaska Natural Gas Marketed Production (MMcf)
1996,3,,MMCF,VRN,Removed from Natural Gas,N9030AK2,Alaska Nonhydrocarbon Gases Removed from Natural Gas (MMcf)
1996,3,258675,MMCF,VGQ,Repressuring,N9020AK2,Alaska Natural Gas Repressuring (MMcf)
1996,3,552,MMCF,VGV,Vented and Flared,N9040AK2,Alaska Natural Gas Vented and Flared (MMcf)
1996,3,16734,MMCF,FGG,Withdrawals from Gas Wells,N9011AK2,Alaska Natural Gas Gross Withdrawals from Gas Wells (MMcf)
1996,3,286232,MMCF,FGO,Withdrawals from Oil Wells,N9012AK2,Alaska Natural Gas Gross Withdrawals from Oil Wells (MMcf)
1996,2,285293,MMCF,FGW,Gross Withdrawals,N9010AK2,Alaska Natural Gas Gross Withdrawals (MMcf)
1996,2,40433,MMCF,VGM,Marketed Production,N9050AK2,Alaska Natural Gas Marketed Production (MMcf)
1996,2,,MMCF,VRN,Removed from Natural Gas,N9030AK2,Alaska Nonhydrocarbon Gases Removed from Natural Gas (MMcf)
1996,2,244327,MMCF,VGQ,Repressuring,N9020AK2,Alaska Natural Gas Repressuring (MMcf)
1996,2,532,MMCF,VGV,Vented and Flared,N9040AK2,Alaska Natural Gas Vented and Flared (MMcf)
1996,2,15272,MMCF,FGG,Withdrawals from Gas Wells,N9011AK2,Alaska Natural Gas Gross Withdrawals from Gas Wells (MMcf)
1996,2,270020,MMCF,FGO,Withdrawals from Oil Wells,N9012AK2,Alaska Natural Gas Gross Withdrawals from Oil Wells (MMcf)
1996,1,301376,MMCF,FGW,Gross Withdrawals,N9010AK2,Alaska Natural Gas Gross Withdrawals (MMcf)
1996,1,44655,MMCF,VGM,Marketed Production,N9050AK2,Alaska Natural Gas Marketed Production (MMcf)
1996,1,,MMCF,VRN,Removed from Natural Gas,N9030AK2,Alaska Nonhydrocarbon Gases Removed from Natural Gas (MMcf)
1996,1,256039,MMCF,VGQ,Repressuring,N9020AK2,Alaska Natural Gas Repressuring (MMcf)
1996,1,682,MMCF,VGV,Vented and Flared,N9040AK2,Alaska Natural Gas Vented and Flared (MMcf)
1996,1,18004,MMCF,FGG,Withdrawals from Gas Wells,N9011AK2,Alaska Natural Gas Gross Withdrawals from Gas Wells (MMcf)
1996,1,283372,MMCF,FGO,Withdrawals from Oil Wells,N9012AK2,Alaska Natural Gas Gross Withdrawals from Oil Wells (MMcf)
1995,12,334056,MMCF,FGW,Gross Withdrawals,N9010AK2,Alaska Natural Gas Gross Withdrawals (MMcf)
1995,12,41874,MMCF,VGM,Marketed Production,N9050AK2,Alaska Natural Gas Marketed Production (MMcf)
1995,12,291567,MMCF,VGQ,Repressuring,N9020AK2,Alaska Natural Gas Repressuring (MMcf)
1995,12,615,MMCF,VGV,Vented and Flared,N9040AK2,Alaska Natural Gas Vented and Flared (MMcf)
1995,12,15927,MMCF,FGG,Withdrawals from Gas Wells,N9011AK2,Alaska Natural Gas Gross Withdrawals from Gas Wells (MMcf)
1995,12,318128,MMCF,FGO,Withdrawals from Oil Wells,N9012AK2,Alaska Natural Gas Gross Withdrawals from Oil Wells (MMcf)
1995,11,317059,MMCF,FGW,Gross Withdrawals,N9010AK2,Alaska Natural Gas Gross Withdrawals (MMcf)
1995,11,39324,MMCF,VGM,Marketed Production,N9050AK2,Alaska Natural Gas Marketed Production (MMcf)
1995,11,277382,MMCF,VGQ,Repressuring,N9020AK2,Alaska Natural Gas Repressuring (MMcf)
1995,11,16318,MMCF,FGG,Withdrawals from Gas Wells,N9011AK2,Alaska Natural Gas Gross Withdrawals from Gas Wells (MMcf)
1995,11,300740,MMCF,FGO,Withdrawals from Oil Wells,N9012AK2,Alaska Natural Gas Gross Withdrawals from Oil Wells (MMcf)
1995,10,303310,MMCF,FGW,Gross Withdrawals,N9010AK2,Alaska Natural Gas Gross Withdrawals (MMcf)
1995,10,39695,MMCF,VGM,Marketed Production,N9050AK2,Alaska Natural Gas Marketed Production (MMcf)
1995,10,263010,MMCF,VGQ,Repressuring,N9020AK2,Alaska Natural Gas Repressuring (MMcf)
1995,10,605,MMCF,VGV,Vented and Flared,N9040AK2,Alaska Natural Gas Vented and Flared (MMcf)
1995,10,16296,MMCF,FGG,Withdrawals from Gas Wells,N9011AK2,Alaska Natural Gas Gross Withdrawals from Gas Wells (MMcf)
1995,10,287014,MMCF,FGO,Withdrawals from Oil Wells,N9012AK2,Alaska Natural Gas Gross Withdrawals from Oil Wells (MMcf)
1995,9,258532,MMCF,FGW,Gross Withdrawals,N9010AK2,Alaska Natural Gas Gross Withdrawals (MMcf)
1995,9,36488,MMCF,VGM,Marketed Production,N9050AK2,Alaska Natural Gas Marketed Production (MMcf)
1995,9,221371,MMCF,VGQ,Repressuring,N9020AK2,Alaska Natural Gas Repressuring (MMcf)
1995,9,674,MMCF,VGV,Vented and Flared,N9040AK2,Alaska Natural Gas Vented and Flared (MMcf)
1995,9,14222,MMCF,FGG,Withdrawals from Gas Wells,N9011AK2,Alaska Natural Gas Gross Withdrawals from Gas Wells (MMcf)
1995,9,244310,MMCF,FGO,Withdrawals from Oil Wells,N9012AK2,Alaska Natural Gas Gross Withdrawals from Oil Wells (MMcf)
1995,8,266320,MMCF,FGW,Gross Withdrawals,N9010AK2,Alaska Natural Gas Gross Withdrawals (MMcf)
1995,8,35724,MMCF,VGM,Marketed Production,N9050AK2,Alaska Natural Gas Marketed Production (MMcf)
1995,8,230082,MMCF,VGQ,Repressuring,N9020AK2,Alaska Natural Gas Repressuring (MMcf)
1995,8,514,MMCF,VGV,Vented and Flared,N9040AK2,Alaska Natural Gas Vented and Flared (MMcf)
1995,8,11393,MMCF,FGG,Withdrawals from Gas Wells,N9011AK2,Alaska Natural Gas Gross Withdrawals from Gas Wells (MMcf)
1995,8,254927,MMCF,FGO,Withdrawals from Oil Wells,N9012AK2,Alaska Natural Gas Gross Withdrawals from Oil Wells (MMcf)
1995,7,246629,MMCF,FGW,Gross Withdrawals,N9010AK2,Alaska Natural Gas Gross Withdrawals (MMcf)
1995,7,36246,MMCF,VGM,Marketed Production,N9050AK2,Alaska Natural Gas Marketed Production (MMcf)
1995,7,209508,MMCF,VGQ,Repressuring,N9020AK2,Alaska Natural Gas Repressuring (MMcf)
1995,7,874,MMCF,VGV,Vented and Flared,N9040AK2,Alaska Natural Gas Vented and Flared (MMcf)
1995,7,14016,MMCF,FGG,Withdrawals from Gas Wells,N9011AK2,Alaska Natural Gas Gross Withdrawals from Gas Wells (MMcf)
1995,7,232612,MMCF,FGO,Withdrawals from Oil Wells,N9012AK2,Alaska Natural Gas Gross Withdrawals from Oil Wells (MMcf)
1995,6,246902,MMCF,FGW,Gross Withdrawals,N9010AK2,Alaska Natural Gas Gross Withdrawals (MMcf)
1995,6,35781,MMCF,VGM,Marketed Production,N9050AK2,Alaska Natural Gas Marketed Production (MMcf)
1995,6,209546,MMCF,VGQ,Repressuring,N9020AK2,Alaska Natural Gas Repressuring (MMcf)
1995,6,1574,MMCF,VGV,Vented and Flared,N9040AK2,Alaska Natural Gas Vented and Flared (MMcf)
1995,6,11173,MMCF,FGG,Withdrawals from Gas Wells,N9011AK2,Alaska Natural Gas Gross Withdrawals from Gas Wells (MMcf)
1995,6,235728,MMCF,FGO,Withdrawals from Oil Wells,N9012AK2,Alaska Natural Gas Gross Withdrawals from Oil Wells (MMcf)
1995,5,274472,MMCF,FGW,Gross Withdrawals,N9010AK2,Alaska Natural Gas Gross Withdrawals (MMcf)
1995,5,39308,MMCF,VGM,Marketed Production,N9050AK2,Alaska Natural Gas Marketed Production (MMcf)
1995,5,234281,MMCF,VGQ,Repressuring,N9020AK2,Alaska Natural Gas Repressuring (MMcf)
1995,5,883,MMCF,VGV,Vented and Flared,N9040AK2,Alaska Natural Gas Vented and Flared (MMcf)
1995,5,14295,MMCF,FGG,Withdrawals from Gas Wells,N9011AK2,Alaska Natural Gas Gross Withdrawals from Gas Wells (MMcf)
1995,5,260177,MMCF,FGO,Withdrawals from Oil Wells,N9012AK2,Alaska Natural Gas Gross Withdrawals from Oil Wells (MMcf)
1995,4,271958,MMCF,FGW,Gross Withdrawals,N9010AK2,Alaska Natural Gas Gross Withdrawals (MMcf)
1995,4,39714,MMCF,VGM,Marketed Production,N9050AK2,Alaska Natural Gas Marketed Production (MMcf)
1995,4,231409,MMCF,VGQ,Repressuring,N9020AK2,Alaska Natural Gas Repressuring (MMcf)
1995,4,835,MMCF,VGV,Vented and Flared,N9040AK2,Alaska Natural Gas Vented and Flared (MMcf)
1995,4,14746,MMCF,FGG,Withdrawals from Gas Wells,N9011AK2,Alaska Natural Gas Gross Withdrawals from Gas Wells (MMcf)
1995,4,257212,MMCF,FGO,Withdrawals from Oil Wells,N9012AK2,Alaska Natural Gas Gross Withdrawals from Oil Wells (MMcf)
1995,3,295252,MMCF,FGW,Gross Withdrawals,N9010AK2,Alaska Natural Gas Gross Withdrawals (MMcf)
1995,3,43037,MMCF,VGM,Marketed Production,N9050AK2,Alaska Natural Gas Marketed Production (MMcf)
1995,3,251668,MMCF,VGQ,Repressuring,N9020AK2,Alaska Natural Gas Repressuring (MMcf)
1995,3,547,MMCF,VGV,Vented and Flared,N9040AK2,Alaska Natural Gas Vented and Flared (MMcf)
1995,3,17494,MMCF,FGG,Withdrawals from Gas Wells,N9011AK2,Alaska Natural Gas Gross Withdrawals from Gas Wells (MMcf)
1995,3,277758,MMCF,FGO,Withdrawals from Oil Wells,N9012AK2,Alaska Natural Gas Gross Withdrawals from Oil Wells (MMcf)
1995,2,262194,MMCF,FGW,Gross Withdrawals,N9010AK2,Alaska Natural Gas Gross Withdrawals (MMcf)
1995,2,38966,MMCF,VGM,Marketed Production,N9050AK2,Alaska Natural Gas Marketed Production (MMcf)
1995,2,222370,MMCF,VGQ,Repressuring,N9020AK2,Alaska Natural Gas Repressuring (MMcf)
1995,2,858,MMCF,VGV,Vented and Flared,N9040AK2,Alaska Natural Gas Vented and Flared (MMcf)
1995,2,15173,MMCF,FGG,Withdrawals from Gas Wells,N9011AK2,Alaska Natural Gas Gross Withdrawals from Gas Wells (MMcf)
1995,2,247021,MMCF,FGO,Withdrawals from Oil Wells,N9012AK2,Alaska Natural Gas Gross Withdrawals from Oil Wells (MMcf)
1995,1,293221,MMCF,FGW,Gross Withdrawals,N9010AK2,Alaska Natural Gas Gross Withdrawals (MMcf)
1995,1,43391,MMCF,VGM,Marketed Production,N9050AK2,Alaska Natural Gas Marketed Production (MMcf)
1995,1,249424,MMCF,VGQ,Repressuring,N9020AK2,Alaska Natural Gas Repressuring (MMcf)
1995,1,18417,MMCF,FGG,Withdrawals from Gas Wells,N9011AK2,Alaska Natural Gas Gross Withdrawals from Gas Wells (MMcf)
1995,1,274804,MMCF,FGO,Withdrawals from Oil Wells,N9012AK2,Alaska Natural Gas Gross Withdrawals from Oil Wells (MMcf)
1994,12,306660,MMCF,FGW,Gross Withdrawals,N9010AK2,Alaska Natural Gas Gross Withdrawals (MMcf)
1994,12,51909,MMCF,VGM,Marketed Production,N9050AK2,Alaska Natural Gas Marketed Production (MMcf)
1994,12,253820,MMCF,VGQ,Repressuring,N9020AK2,Alaska Natural Gas Repressuring (MMcf)
1994,12,931,MMCF,VGV,Vented and Flared,N9040AK2,Alaska Natural Gas Vented and Flared (MMcf)
1994,12,15669,MMCF,FGG,Withdrawals from Gas Wells,N9011AK2,Alaska Natural Gas Gross Withdrawals from Gas Wells (MMcf)
1994,12,290992,MMCF,FGO,Withdrawals from Oil Wells,N9012AK2,Alaska Natural Gas Gross Withdrawals from Oil Wells (MMcf)
1994,11,290954,MMCF,FGW,Gross Withdrawals,N9010AK2,Alaska Natural Gas Gross Withdrawals (MMcf)
1994,11,48949,MMCF,VGM,Marketed Production,N9050AK2,Alaska Natural Gas Marketed Production (MMcf)
1994,11,241471,MMCF,VGQ,Repressuring,N9020AK2,Alaska Natural Gas Repressuring (MMcf)
1994,11,534,MMCF,VGV,Vented and Flared,N9040AK2,Alaska Natural Gas Vented and Flared (MMcf)
1994,11,16252,MMCF,FGG,Withdrawals from Gas Wells,N9011AK2,Alaska Natural Gas Gross Withdrawals from Gas Wells (MMcf)
1994,11,274702,MMCF,FGO,Withdrawals from Oil Wells,N9012AK2,Alaska Natural Gas Gross Withdrawals from Oil Wells (MMcf)
1994,10,277488,MMCF,FGW,Gross Withdrawals,N9010AK2,Alaska Natural Gas Gross Withdrawals (MMcf)
1994,10,47611,MMCF,VGM,Marketed Production,N9050AK2,Alaska Natural Gas Marketed Production (MMcf)
1994,10,228960,MMCF,VGQ,Repressuring,N9020AK2,Alaska Natural Gas Repressuring (MMcf)
1994,10,917,MMCF,VGV,Vented and Flared,N9040AK2,Alaska Natural Gas Vented and Flared (MMcf)
1994,10,16463,MMCF,FGG,Withdrawals from Gas Wells,N9011AK2,Alaska Natural Gas Gross Withdrawals from Gas Wells (MMcf)
1994,10,261025,MMCF,FGO,Withdrawals from Oil Wells,N9012AK2,Alaska Natural Gas Gross Withdrawals from Oil Wells (MMcf)
1994,9,237312,MMCF,FGW,Gross Withdrawals,N9010AK2,Alaska Natural Gas Gross Withdrawals (MMcf)
1994,9,43579,MMCF,VGM,Marketed Production,N9050AK2,Alaska Natural Gas Marketed Production (MMcf)
1994,9,192711,MMCF,VGQ,Repressuring,N9020AK2,Alaska Natural Gas Repressuring (MMcf)
1994,9,1021,MMCF,VGV,Vented and Flared,N9040AK2,Alaska Natural Gas Vented and Flared (MMcf)
1994,9,14281,MMCF,FGG,Withdrawals from Gas Wells,N9011AK2,Alaska Natural Gas Gross Withdrawals from Gas Wells (MMcf)
1994,9,223031,MMCF,FGO,Withdrawals from Oil Wells,N9012AK2,Alaska Natural Gas Gross Withdrawals from Oil Wells (MMcf)
1994,8,243652,MMCF,FGW,Gross Withdrawals,N9010AK2,Alaska Natural Gas Gross Withdrawals (MMcf)
1994,8,42578,MMCF,VGM,Marketed Production,N9050AK2,Alaska Natural Gas Marketed Production (MMcf)
1994,8,200295,MMCF,VGQ,Repressuring,N9020AK2,Alaska Natural Gas Repressuring (MMcf)
1994,8,779,MMCF,VGV,Vented and Flared,N9040AK2,Alaska Natural Gas Vented and Flared (MMcf)
1994,8,11145,MMCF,FGG,Withdrawals from Gas Wells,N9011AK2,Alaska Natural Gas Gross Withdrawals from Gas Wells (MMcf)
1994,8,232507,MMCF,FGO,Withdrawals from Oil Wells,N9012AK2,Alaska Natural Gas Gross Withdrawals from Oil Wells (MMcf)
1994,7,226822,MMCF,FGW,Gross Withdrawals,N9010AK2,Alaska Natural Gas Gross Withdrawals (MMcf)
1994,7,43113,MMCF,VGM,Marketed Production,N9050AK2,Alaska Natural Gas Marketed Production (MMcf)
1994,7,182384,MMCF,VGQ,Repressuring,N9020AK2,Alaska Natural Gas Repressuring (MMcf)
1994,7,1325,MMCF,VGV,Vented and Flared,N9040AK2,Alaska Natural Gas Vented and Flared (MMcf)
1994,7,14062,MMCF,FGG,Withdrawals from Gas Wells,N9011AK2,Alaska Natural Gas Gross Withdrawals from Gas Wells (MMcf)
1994,7,212760,MMCF,FGO,Withdrawals from Oil Wells,N9012AK2,Alaska Natural Gas Gross Withdrawals from Oil Wells (MMcf)
1994,6,225763,MMCF,FGW,Gross Withdrawals,N9010AK2,Alaska Natural Gas Gross Withdrawals (MMcf)
1994,6,40960,MMCF,VGM,Marketed Production,N9050AK2,Alaska Natural Gas Marketed Production (MMcf)
1994,6,182418,MMCF,VGQ,Repressuring,N9020AK2,Alaska Natural Gas Repressuring (MMcf)
1994,6,2386,MMCF,VGV,Vented and Flared,N9040AK2,Alaska Natural Gas Vented and Flared (MMcf)
1994,6,11046,MMCF,FGG,Withdrawals from Gas Wells,N9011AK2,Alaska Natural Gas Gross Withdrawals from Gas Wells (MMcf)
1994,6,214717,MMCF,FGO,Withdrawals from Oil Wells,N9012AK2,Alaska Natural Gas Gross Withdrawals from Oil Wells (MMcf)
1994,5,250838,MMCF,FGW,Gross Withdrawals,N9010AK2,Alaska Natural Gas Gross Withdrawals (MMcf)
1994,5,45550,MMCF,VGM,Marketed Production,N9050AK2,Alaska Natural Gas Marketed Production (MMcf)
1994,5,203950,MMCF,VGQ,Repressuring,N9020AK2,Alaska Natural Gas Repressuring (MMcf)
1994,5,1338,MMCF,VGV,Vented and Flared,N9040AK2,Alaska Natural Gas Vented and Flared (MMcf)
1994,5,14428,MMCF,FGG,Withdrawals from Gas Wells,N9011AK2,Alaska Natural Gas Gross Withdrawals from Gas Wells (MMcf)
1994,5,236410,MMCF,FGO,Withdrawals from Oil Wells,N9012AK2,Alaska Natural Gas Gross Withdrawals from Oil Wells (MMcf)
1994,4,248381,MMCF,FGW,Gross Withdrawals,N9010AK2,Alaska Natural Gas Gross Withdrawals (MMcf)
1994,4,45666,MMCF,VGM,Marketed Production,N9050AK2,Alaska Natural Gas Marketed Production (MMcf)
1994,4,201450,MMCF,VGQ,Repressuring,N9020AK2,Alaska Natural Gas Repressuring (MMcf)
1994,4,1266,MMCF,VGV,Vented and Flared,N9040AK2,Alaska Natural Gas Vented and Flared (MMcf)
1994,4,14982,MMCF,FGG,Withdrawals from Gas Wells,N9011AK2,Alaska Natural Gas Gross Withdrawals from Gas Wells (MMcf)
1994,4,233399,MMCF,FGO,Withdrawals from Oil Wells,N9012AK2,Alaska Natural Gas Gross Withdrawals from Oil Wells (MMcf)
1994,3,269535,MMCF,FGW,Gross Withdrawals,N9010AK2,Alaska Natural Gas Gross Withdrawals (MMcf)
1994,3,49620,MMCF,VGM,Marketed Production,N9050AK2,Alaska Natural Gas Marketed Production (MMcf)
1994,3,219086,MMCF,VGQ,Repressuring,N9020AK2,Alaska Natural Gas Repressuring (MMcf)
1994,3,829,MMCF,VGV,Vented and Flared,N9040AK2,Alaska Natural Gas Vented and Flared (MMcf)
1994,3,17970,MMCF,FGG,Withdrawals from Gas Wells,N9011AK2,Alaska Natural Gas Gross Withdrawals from Gas Wells (MMcf)
1994,3,251565,MMCF,FGO,Withdrawals from Oil Wells,N9012AK2,Alaska Natural Gas Gross Withdrawals from Oil Wells (MMcf)
1994,2,239920,MMCF,FGW,Gross Withdrawals,N9010AK2,Alaska Natural Gas Gross Withdrawals (MMcf)
1994,2,45039,MMCF,VGM,Marketed Production,N9050AK2,Alaska Natural Gas Marketed Production (MMcf)
1994,2,193581,MMCF,VGQ,Repressuring,N9020AK2,Alaska Natural Gas Repressuring (MMcf)
1994,2,1300,MMCF,VGV,Vented and Flared,N9040AK2,Alaska Natural Gas Vented and Flared (MMcf)
1994,2,15455,MMCF,FGG,Withdrawals from Gas Wells,N9011AK2,Alaska Natural Gas Gross Withdrawals from Gas Wells (MMcf)
1994,2,224465,MMCF,FGO,Withdrawals from Oil Wells,N9012AK2,Alaska Natural Gas Gross Withdrawals from Oil Wells (MMcf)
1994,1,268574,MMCF,FGW,Gross Withdrawals,N9010AK2,Alaska Natural Gas Gross Withdrawals (MMcf)
1994,1,50827,MMCF,VGM,Marketed Production,N9050AK2,Alaska Natural Gas Marketed Production (MMcf)
1994,1,217133,MMCF,VGQ,Repressuring,N9020AK2,Alaska Natural Gas Repressuring (MMcf)
1994,1,615,MMCF,VGV,Vented and Flared,N9040AK2,Alaska Natural Gas Vented and Flared (MMcf)
1994,1,18886,MMCF,FGG,Withdrawals from Gas Wells,N9011AK2,Alaska Natural Gas Gross Withdrawals from Gas Wells (MMcf)
1994,1,249688,MMCF,FGO,Withdrawals from Oil Wells,N9012AK2,Alaska Natural Gas Gross Withdrawals from Oil Wells (MMcf)
1993,12,276888,MMCF,FGW,Gross Withdrawals,N9010AK2,Alaska Natural Gas Gross Withdrawals (MMcf)
1993,12,39830,MMCF,VGM,Marketed Production,N9050AK2,Alaska Natural Gas Marketed Production (MMcf)
1993,12,235477,MMCF,VGQ,Repressuring,N9020AK2,Alaska Natural Gas Repressuring (MMcf)
1993,12,1581,MMCF,VGV,Vented and Flared,N9040AK2,Alaska Natural Gas Vented and Flared (MMcf)
1993,12,17715,MMCF,FGG,Withdrawals from Gas Wells,N9011AK2,Alaska Natural Gas Gross Withdrawals from Gas Wells (MMcf)
1993,12,259174,MMCF,FGO,Withdrawals from Oil Wells,N9012AK2,Alaska Natural Gas Gross Withdrawals from Oil Wells (MMcf)
1993,11,262373,MMCF,FGW,Gross Withdrawals,N9010AK2,Alaska Natural Gas Gross Withdrawals (MMcf)
1993,11,37839,MMCF,VGM,Marketed Production,N9050AK2,Alaska Natural Gas Marketed Production (MMcf)
1993,11,223628,MMCF,VGQ,Repressuring,N9020AK2,Alaska Natural Gas Repressuring (MMcf)
1993,11,906,MMCF,VGV,Vented and Flared,N9040AK2,Alaska Natural Gas Vented and Flared (MMcf)
1993,11,17690,MMCF,FGG,Withdrawals from Gas Wells,N9011AK2,Alaska Natural Gas Gross Withdrawals from Gas Wells (MMcf)
1993,11,244684,MMCF,FGO,Withdrawals from Oil Wells,N9012AK2,Alaska Natural Gas Gross Withdrawals from Oil Wells (MMcf)
1993,10,249679,MMCF,FGW,Gross Withdrawals,N9010AK2,Alaska Natural Gas Gross Withdrawals (MMcf)
1993,10,36987,MMCF,VGM,Marketed Production,N9050AK2,Alaska Natural Gas Marketed Production (MMcf)
1993,10,211134,MMCF,VGQ,Repressuring,N9020AK2,Alaska Natural Gas Repressuring (MMcf)
1993,10,1557,MMCF,VGV,Vented and Flared,N9040AK2,Alaska Natural Gas Vented and Flared (MMcf)
1993,10,17124,MMCF,FGG,Withdrawals from Gas Wells,N9011AK2,Alaska Natural Gas Gross Withdrawals from Gas Wells (MMcf)
1993,10,232554,MMCF,FGO,Withdrawals from Oil Wells,N9012AK2,Alaska Natural Gas Gross Withdrawals from Oil Wells (MMcf)
1993,9,213811,MMCF,FGW,Gross Withdrawals,N9010AK2,Alaska Natural Gas Gross Withdrawals (MMcf)
1993,9,33569,MMCF,VGM,Marketed Production,N9050AK2,Alaska Natural Gas Marketed Production (MMcf)
1993,9,178508,MMCF,VGQ,Repressuring,N9020AK2,Alaska Natural Gas Repressuring (MMcf)
1993,9,1734,MMCF,VGV,Vented and Flared,N9040AK2,Alaska Natural Gas Vented and Flared (MMcf)
1993,9,15147,MMCF,FGG,Withdrawals from Gas Wells,N9011AK2,Alaska Natural Gas Gross Withdrawals from Gas Wells (MMcf)
1993,9,198665,MMCF,FGO,Withdrawals from Oil Wells,N9012AK2,Alaska Natural Gas Gross Withdrawals from Oil Wells (MMcf)
1993,8,219932,MMCF,FGW,Gross Withdrawals,N9010AK2,Alaska Natural Gas Gross Withdrawals (MMcf)
1993,8,33227,MMCF,VGM,Marketed Production,N9050AK2,Alaska Natural Gas Marketed Production (MMcf)
1993,8,185382,MMCF,VGQ,Repressuring,N9020AK2,Alaska Natural Gas Repressuring (MMcf)
1993,8,1323,MMCF,VGV,Vented and Flared,N9040AK2,Alaska Natural Gas Vented and Flared (MMcf)
1993,8,12816,MMCF,FGG,Withdrawals from Gas Wells,N9011AK2,Alaska Natural Gas Gross Withdrawals from Gas Wells (MMcf)
1993,8,207115,MMCF,FGO,Withdrawals from Oil Wells,N9012AK2,Alaska Natural Gas Gross Withdrawals from Oil Wells (MMcf)
1993,7,204453,MMCF,FGW,Gross Withdrawals,N9010AK2,Alaska Natural Gas Gross Withdrawals (MMcf)
1993,7,32867,MMCF,VGM,Marketed Production,N9050AK2,Alaska Natural Gas Marketed Production (MMcf)
1993,7,169336,MMCF,VGQ,Repressuring,N9020AK2,Alaska Natural Gas Repressuring (MMcf)
1993,7,2251,MMCF,VGV,Vented and Flared,N9040AK2,Alaska Natural Gas Vented and Flared (MMcf)
1993,7,14956,MMCF,FGG,Withdrawals from Gas Wells,N9011AK2,Alaska Natural Gas Gross Withdrawals from Gas Wells (MMcf)
1993,7,189497,MMCF,FGO,Withdrawals from Oil Wells,N9012AK2,Alaska Natural Gas Gross Withdrawals from Oil Wells (MMcf)
1993,6,203582,MMCF,FGW,Gross Withdrawals,N9010AK2,Alaska Natural Gas Gross Withdrawals (MMcf)
1993,6,30817,MMCF,VGM,Marketed Production,N9050AK2,Alaska Natural Gas Marketed Production (MMcf)
1993,6,168714,MMCF,VGQ,Repressuring,N9020AK2,Alaska Natural Gas Repressuring (MMcf)
1993,6,4052,MMCF,VGV,Vented and Flared,N9040AK2,Alaska Natural Gas Vented and Flared (MMcf)
1993,6,12301,MMCF,FGG,Withdrawals from Gas Wells,N9011AK2,Alaska Natural Gas Gross Withdrawals from Gas Wells (MMcf)
1993,6,191281,MMCF,FGO,Withdrawals from Oil Wells,N9012AK2,Alaska Natural Gas Gross Withdrawals from Oil Wells (MMcf)
1993,5,225685,MMCF,FGW,Gross Withdrawals,N9010AK2,Alaska Natural Gas Gross Withdrawals (MMcf)
1993,5,35380,MMCF,VGM,Marketed Production,N9050AK2,Alaska Natural Gas Marketed Production (MMcf)
1993,5,188032,MMCF,VGQ,Repressuring,N9020AK2,Alaska Natural Gas Repressuring (MMcf)
1993,5,2273,MMCF,VGV,Vented and Flared,N9040AK2,Alaska Natural Gas Vented and Flared (MMcf)
1993,5,15051,MMCF,FGG,Withdrawals from Gas Wells,N9011AK2,Alaska Natural Gas Gross Withdrawals from Gas Wells (MMcf)
1993,5,210634,MMCF,FGO,Withdrawals from Oil Wells,N9012AK2,Alaska Natural Gas Gross Withdrawals from Oil Wells (MMcf)
1993,4,223263,MMCF,FGW,Gross Withdrawals,N9010AK2,Alaska Natural Gas Gross Withdrawals (MMcf)
1993,4,35649,MMCF,VGM,Marketed Production,N9050AK2,Alaska Natural Gas Marketed Production (MMcf)
1993,4,185464,MMCF,VGQ,Repressuring,N9020AK2,Alaska Natural Gas Repressuring (MMcf)
1993,4,2149,MMCF,VGV,Vented and Flared,N9040AK2,Alaska Natural Gas Vented and Flared (MMcf)
1993,4,15296,MMCF,FGG,Withdrawals from Gas Wells,N9011AK2,Alaska Natural Gas Gross Withdrawals from Gas Wells (MMcf)
1993,4,207967,MMCF,FGO,Withdrawals from Oil Wells,N9012AK2,Alaska Natural Gas Gross Withdrawals from Oil Wells (MMcf)
1993,3,241867,MMCF,FGW,Gross Withdrawals,N9010AK2,Alaska Natural Gas Gross Withdrawals (MMcf)
1993,3,39222,MMCF,VGM,Marketed Production,N9050AK2,Alaska Natural Gas Marketed Production (MMcf)
1993,3,201238,MMCF,VGQ,Repressuring,N9020AK2,Alaska Natural Gas Repressuring (MMcf)
1993,3,1408,MMCF,VGV,Vented and Flared,N9040AK2,Alaska Natural Gas Vented and Flared (MMcf)
1993,3,17692,MMCF,FGG,Withdrawals from Gas Wells,N9011AK2,Alaska Natural Gas Gross Withdrawals from Gas Wells (MMcf)
1993,3,224175,MMCF,FGO,Withdrawals from Oil Wells,N9012AK2,Alaska Natural Gas Gross Withdrawals from Oil Wells (MMcf)
1993,2,215639,MMCF,FGW,Gross Withdrawals,N9010AK2,Alaska Natural Gas Gross Withdrawals (MMcf)
1993,2,34949,MMCF,VGM,Marketed Production,N9050AK2,Alaska Natural Gas Marketed Production (MMcf)
1993,2,178483,MMCF,VGQ,Repressuring,N9020AK2,Alaska Natural Gas Repressuring (MMcf)
1993,2,2207,MMCF,VGV,Vented and Flared,N9040AK2,Alaska Natural Gas Vented and Flared (MMcf)
1993,2,15648,MMCF,FGG,Withdrawals from Gas Wells,N9011AK2,Alaska Natural Gas Gross Withdrawals from Gas Wells (MMcf)
1993,2,199991,MMCF,FGO,Withdrawals from Oil Wells,N9012AK2,Alaska Natural Gas Gross Withdrawals from Oil Wells (MMcf)
1993,1,241168,MMCF,FGW,Gross Withdrawals,N9010AK2,Alaska Natural Gas Gross Withdrawals (MMcf)
1993,1,40013,MMCF,VGM,Marketed Production,N9050AK2,Alaska Natural Gas Marketed Production (MMcf)
1993,1,200110,MMCF,VGQ,Repressuring,N9020AK2,Alaska Natural Gas Repressuring (MMcf)
1993,1,1044,MMCF,VGV,Vented and Flared,N9040AK2,Alaska Natural Gas Vented and Flared (MMcf)
1993,1,18702,MMCF,FGG,Withdrawals from Gas Wells,N9011AK2,Alaska Natural Gas Gross Withdrawals from Gas Wells (MMcf)
1993,1,222465,MMCF,FGO,Withdrawals from Oil Wells,N9012AK2,Alaska Natural Gas Gross Withdrawals from Oil Wells (MMcf)
1992,12,243938,MMCF,FGW,Gross Withdrawals,N9010AK2,Alaska Natural Gas Gross Withdrawals (MMcf)
1992,12,40924,MMCF,VGM,Marketed Production,N9050AK2,Alaska Natural Gas Marketed Production (MMcf)
1992,12,202013,MMCF,VGQ,Repressuring,N9020AK2,Alaska Natural Gas Repressuring (MMcf)
1992,12,1001,MMCF,VGV,Vented and Flared,N9040AK2,Alaska Natural Gas Vented and Flared (MMcf)
1992,12,18684,MMCF,FGG,Withdrawals from Gas Wells,N9011AK2,Alaska Natural Gas Gross Withdrawals from Gas Wells (MMcf)
1992,12,225255,MMCF,FGO,Withdrawals from Oil Wells,N9012AK2,Alaska Natural Gas Gross Withdrawals from Oil Wells (MMcf)
1992,11,225054,MMCF,FGW,Gross Withdrawals,N9010AK2,Alaska Natural Gas Gross Withdrawals (MMcf)
1992,11,38453,MMCF,VGM,Marketed Production,N9050AK2,Alaska Natural Gas Marketed Production (MMcf)
1992,11,185519,MMCF,VGQ,Repressuring,N9020AK2,Alaska Natural Gas Repressuring (MMcf)
1992,11,1082,MMCF,VGV,Vented and Flared,N9040AK2,Alaska Natural Gas Vented and Flared (MMcf)
1992,11,17939,MMCF,FGG,Withdrawals from Gas Wells,N9011AK2,Alaska Natural Gas Gross Withdrawals from Gas Wells (MMcf)
1992,11,207114,MMCF,FGO,Withdrawals from Oil Wells,N9012AK2,Alaska Natural Gas Gross Withdrawals from Oil Wells (MMcf)
1992,10,229947,MMCF,FGW,Gross Withdrawals,N9010AK2,Alaska Natural Gas Gross Withdrawals (MMcf)
1992,10,39237,MMCF,VGM,Marketed Production,N9050AK2,Alaska Natural Gas Marketed Production (MMcf)
1992,10,189695,MMCF,VGQ,Repressuring,N9020AK2,Alaska Natural Gas Repressuring (MMcf)
1992,10,1015,MMCF,VGV,Vented and Flared,N9040AK2,Alaska Natural Gas Vented and Flared (MMcf)
1992,10,18075,MMCF,FGG,Withdrawals from Gas Wells,N9011AK2,Alaska Natural Gas Gross Withdrawals from Gas Wells (MMcf)
1992,10,211872,MMCF,FGO,Withdrawals from Oil Wells,N9012AK2,Alaska Natural Gas Gross Withdrawals from Oil Wells (MMcf)
1992,9,213266,MMCF,FGW,Gross Withdrawals,N9010AK2,Alaska Natural Gas Gross Withdrawals (MMcf)
1992,9,32233,MMCF,VGM,Marketed Production,N9050AK2,Alaska Natural Gas Marketed Production (MMcf)
1992,9,179174,MMCF,VGQ,Repressuring,N9020AK2,Alaska Natural Gas Repressuring (MMcf)
1992,9,1859,MMCF,VGV,Vented and Flared,N9040AK2,Alaska Natural Gas Vented and Flared (MMcf)
1992,9,12169,MMCF,FGG,Withdrawals from Gas Wells,N9011AK2,Alaska Natural Gas Gross Withdrawals from Gas Wells (MMcf)
1992,9,201096,MMCF,FGO,Withdrawals from Oil Wells,N9012AK2,Alaska Natural Gas Gross Withdrawals from Oil Wells (MMcf)
1992,8,205162,MMCF,FGW,Gross Withdrawals,N9010AK2,Alaska Natural Gas Gross Withdrawals (MMcf)
1992,8,32832,MMCF,VGM,Marketed Production,N9050AK2,Alaska Natural Gas Marketed Production (MMcf)
1992,8,170930,MMCF,VGQ,Repressuring,N9020AK2,Alaska Natural Gas Repressuring (MMcf)
1992,8,1401,MMCF,VGV,Vented and Flared,N9040AK2,Alaska Natural Gas Vented and Flared (MMcf)
1992,8,13827,MMCF,FGG,Withdrawals from Gas Wells,N9011AK2,Alaska Natural Gas Gross Withdrawals from Gas Wells (MMcf)
1992,8,191335,MMCF,FGO,Withdrawals from Oil Wells,N9012AK2,Alaska Natural Gas Gross Withdrawals from Oil Wells (MMcf)
1992,7,207403,MMCF,FGW,Gross Withdrawals,N9010AK2,Alaska Natural Gas Gross Withdrawals (MMcf)
1992,7,35020,MMCF,VGM,Marketed Production,N9050AK2,Alaska Natural Gas Marketed Production (MMcf)
1992,7,171059,MMCF,VGQ,Repressuring,N9020AK2,Alaska Natural Gas Repressuring (MMcf)
1992,7,1323,MMCF,VGV,Vented and Flared,N9040AK2,Alaska Natural Gas Vented and Flared (MMcf)
1992,7,15821,MMCF,FGG,Withdrawals from Gas Wells,N9011AK2,Alaska Natural Gas Gross Withdrawals from Gas Wells (MMcf)
1992,7,191582,MMCF,FGO,Withdrawals from Oil Wells,N9012AK2,Alaska Natural Gas Gross Withdrawals from Oil Wells (MMcf)
1992,6,204193,MMCF,FGW,Gross Withdrawals,N9010AK2,Alaska Natural Gas Gross Withdrawals (MMcf)
1992,6,34222,MMCF,VGM,Marketed Production,N9050AK2,Alaska Natural Gas Marketed Production (MMcf)
1992,6,169069,MMCF,VGQ,Repressuring,N9020AK2,Alaska Natural Gas Repressuring (MMcf)
1992,6,902,MMCF,VGV,Vented and Flared,N9040AK2,Alaska Natural Gas Vented and Flared (MMcf)
1992,6,14641,MMCF,FGG,Withdrawals from Gas Wells,N9011AK2,Alaska Natural Gas Gross Withdrawals from Gas Wells (MMcf)
1992,6,189552,MMCF,FGO,Withdrawals from Oil Wells,N9012AK2,Alaska Natural Gas Gross Withdrawals from Oil Wells (MMcf)
1992,5,214908,MMCF,FGW,Gross Withdrawals,N9010AK2,Alaska Natural Gas Gross Withdrawals (MMcf)
1992,5,37014,MMCF,VGM,Marketed Production,N9050AK2,Alaska Natural Gas Marketed Production (MMcf)
1992,5,176802,MMCF,VGQ,Repressuring,N9020AK2,Alaska Natural Gas Repressuring (MMcf)
1992,5,1093,MMCF,VGV,Vented and Flared,N9040AK2,Alaska Natural Gas Vented and Flared (MMcf)
1992,5,16433,MMCF,FGG,Withdrawals from Gas Wells,N9011AK2,Alaska Natural Gas Gross Withdrawals from Gas Wells (MMcf)
1992,5,198475,MMCF,FGO,Withdrawals from Oil Wells,N9012AK2,Alaska Natural Gas Gross Withdrawals from Oil Wells (MMcf)
1992,4,219351,MMCF,FGW,Gross Withdrawals,N9010AK2,Alaska Natural Gas Gross Withdrawals (MMcf)
1992,4,37128,MMCF,VGM,Marketed Production,N9050AK2,Alaska Natural Gas Marketed Production (MMcf)
1992,4,181395,MMCF,VGQ,Repressuring,N9020AK2,Alaska Natural Gas Repressuring (MMcf)
1992,4,827,MMCF,VGV,Vented and Flared,N9040AK2,Alaska Natural Gas Vented and Flared (MMcf)
1992,4,16587,MMCF,FGG,Withdrawals from Gas Wells,N9011AK2,Alaska Natural Gas Gross Withdrawals from Gas Wells (MMcf)
1992,4,202764,MMCF,FGO,Withdrawals from Oil Wells,N9012AK2,Alaska Natural Gas Gross Withdrawals from Oil Wells (MMcf)
1992,3,225612,MMCF,FGW,Gross Withdrawals,N9010AK2,Alaska Natural Gas Gross Withdrawals (MMcf)
1992,3,38433,MMCF,VGM,Marketed Production,N9050AK2,Alaska Natural Gas Marketed Production (MMcf)
1992,3,186092,MMCF,VGQ,Repressuring,N9020AK2,Alaska Natural Gas Repressuring (MMcf)
1992,3,1087,MMCF,VGV,Vented and Flared,N9040AK2,Alaska Natural Gas Vented and Flared (MMcf)
1992,3,17767,MMCF,FGG,Withdrawals from Gas Wells,N9011AK2,Alaska Natural Gas Gross Withdrawals from Gas Wells (MMcf)
1992,3,207845,MMCF,FGO,Withdrawals from Oil Wells,N9012AK2,Alaska Natural Gas Gross Withdrawals from Oil Wells (MMcf)
1992,2,216672,MMCF,FGW,Gross Withdrawals,N9010AK2,Alaska Natural Gas Gross Withdrawals (MMcf)
1992,2,37311,MMCF,VGM,Marketed Production,N9050AK2,Alaska Natural Gas Marketed Production (MMcf)
1992,2,178481,MMCF,VGQ,Repressuring,N9020AK2,Alaska Natural Gas Repressuring (MMcf)
1992,2,880,MMCF,VGV,Vented and Flared,N9040AK2,Alaska Natural Gas Vented and Flared (MMcf)
1992,2,17990,MMCF,FGG,Withdrawals from Gas Wells,N9011AK2,Alaska Natural Gas Gross Withdrawals from Gas Wells (MMcf)
1992,2,198683,MMCF,FGO,Withdrawals from Oil Wells,N9012AK2,Alaska Natural Gas Gross Withdrawals from Oil Wells (MMcf)
1992,1,220207,MMCF,FGW,Gross Withdrawals,N9010AK2,Alaska Natural Gas Gross Withdrawals (MMcf)
1992,1,40789,MMCF,VGM,Marketed Production,N9050AK2,Alaska Natural Gas Marketed Production (MMcf)
1992,1,177791,MMCF,VGQ,Repressuring,N9020AK2,Alaska Natural Gas Repressuring (MMcf)
1992,1,1627,MMCF,VGV,Vented and Flared,N9040AK2,Alaska Natural Gas Vented and Flared (MMcf)
1992,1,18671,MMCF,FGG,Withdrawals from Gas Wells,N9011AK2,Alaska Natural Gas Gross Withdrawals from Gas Wells (MMcf)
1992,1,201536,MMCF,FGO,Withdrawals from Oil Wells,N9012AK2,Alaska Natural Gas Gross Withdrawals from Oil Wells (MMcf)
1991,12,207795,MMCF,FGW,Gross Withdrawals,N9010AK2,Alaska Natural Gas Gross Withdrawals (MMcf)
1991,12,38700,MMCF,VGM,Marketed Production,N9050AK2,Alaska Natural Gas Marketed Production (MMcf)
1991,12,168222,MMCF,VGQ,Repressuring,N9020AK2,Alaska Natural Gas Repressuring (MMcf)
1991,12,873,MMCF,VGV,Vented and Flared,N9040AK2,Alaska Natural Gas Vented and Flared (MMcf)
1991,12,17979,MMCF,FGG,Withdrawals from Gas Wells,N9011AK2,Alaska Natural Gas Gross Withdrawals from Gas Wells (MMcf)
1991,12,189816,MMCF,FGO,Withdrawals from Oil Wells,N9012AK2,Alaska Natural Gas Gross Withdrawals from Oil Wells (MMcf)
1991,11,199164,MMCF,FGW,Gross Withdrawals,N9010AK2,Alaska Natural Gas Gross Withdrawals (MMcf)
1991,11,38363,MMCF,VGM,Marketed Production,N9050AK2,Alaska Natural Gas Marketed Production (MMcf)
1991,11,159810,MMCF,VGQ,Repressuring,N9020AK2,Alaska Natural Gas Repressuring (MMcf)
1991,11,991,MMCF,VGV,Vented and Flared,N9040AK2,Alaska Natural Gas Vented and Flared (MMcf)
1991,11,17704,MMCF,FGG,Withdrawals from Gas Wells,N9011AK2,Alaska Natural Gas Gross Withdrawals from Gas Wells (MMcf)
1991,11,181460,MMCF,FGO,Withdrawals from Oil Wells,N9012AK2,Alaska Natural Gas Gross Withdrawals from Oil Wells (MMcf)
1991,10,206342,MMCF,FGW,Gross Withdrawals,N9010AK2,Alaska Natural Gas Gross Withdrawals (MMcf)
1991,10,36384,MMCF,VGM,Marketed Production,N9050AK2,Alaska Natural Gas Marketed Production (MMcf)
1991,10,169116,MMCF,VGQ,Repressuring,N9020AK2,Alaska Natural Gas Repressuring (MMcf)
1991,10,843,MMCF,VGV,Vented and Flared,N9040AK2,Alaska Natural Gas Vented and Flared (MMcf)
1991,10,15744,MMCF,FGG,Withdrawals from Gas Wells,N9011AK2,Alaska Natural Gas Gross Withdrawals from Gas Wells (MMcf)
1991,10,190598,MMCF,FGO,Withdrawals from Oil Wells,N9012AK2,Alaska Natural Gas Gross Withdrawals from Oil Wells (MMcf)
1991,9,186968,MMCF,FGW,Gross Withdrawals,N9010AK2,Alaska Natural Gas Gross Withdrawals (MMcf)
1991,9,41609,MMCF,VGM,Marketed Production,N9050AK2,Alaska Natural Gas Marketed Production (MMcf)
1991,9,144609,MMCF,VGQ,Repressuring,N9020AK2,Alaska Natural Gas Repressuring (MMcf)
1991,9,750,MMCF,VGV,Vented and Flared,N9040AK2,Alaska Natural Gas Vented and Flared (MMcf)
1991,9,14062,MMCF,FGG,Withdrawals from Gas Wells,N9011AK2,Alaska Natural Gas Gross Withdrawals from Gas Wells (MMcf)
1991,9,172906,MMCF,FGO,Withdrawals from Oil Wells,N9012AK2,Alaska Natural Gas Gross Withdrawals from Oil Wells (MMcf)
1991,8,194613,MMCF,FGW,Gross Withdrawals,N9010AK2,Alaska Natural Gas Gross Withdrawals (MMcf)
1991,8,33448,MMCF,VGM,Marketed Production,N9050AK2,Alaska Natural Gas Marketed Production (MMcf)
1991,8,160337,MMCF,VGQ,Repressuring,N9020AK2,Alaska Natural Gas Repressuring (MMcf)
1991,8,828,MMCF,VGV,Vented and Flared,N9040AK2,Alaska Natural Gas Vented and Flared (MMcf)
1991,8,15533,MMCF,FGG,Withdrawals from Gas Wells,N9011AK2,Alaska Natural Gas Gross Withdrawals from Gas Wells (MMcf)
1991,8,179079,MMCF,FGO,Withdrawals from Oil Wells,N9012AK2,Alaska Natural Gas Gross Withdrawals from Oil Wells (MMcf)
1991,7,198657,MMCF,FGW,Gross Withdrawals,N9010AK2,Alaska Natural Gas Gross Withdrawals (MMcf)
1991,7,33840,MMCF,VGM,Marketed Production,N9050AK2,Alaska Natural Gas Marketed Production (MMcf)
1991,7,163560,MMCF,VGQ,Repressuring,N9020AK2,Alaska Natural Gas Repressuring (MMcf)
1991,7,1257,MMCF,VGV,Vented and Flared,N9040AK2,Alaska Natural Gas Vented and Flared (MMcf)
1991,7,15490,MMCF,FGG,Withdrawals from Gas Wells,N9011AK2,Alaska Natural Gas Gross Withdrawals from Gas Wells (MMcf)
1991,7,183167,MMCF,FGO,Withdrawals from Oil Wells,N9012AK2,Alaska Natural Gas Gross Withdrawals from Oil Wells (MMcf)
1991,6,190891,MMCF,FGW,Gross Withdrawals,N9010AK2,Alaska Natural Gas Gross Withdrawals (MMcf)
1991,6,33065,MMCF,VGM,Marketed Production,N9050AK2,Alaska Natural Gas Marketed Production (MMcf)
1991,6,156913,MMCF,VGQ,Repressuring,N9020AK2,Alaska Natural Gas Repressuring (MMcf)
1991,6,914,MMCF,VGV,Vented and Flared,N9040AK2,Alaska Natural Gas Vented and Flared (MMcf)
1991,6,15213,MMCF,FGG,Withdrawals from Gas Wells,N9011AK2,Alaska Natural Gas Gross Withdrawals from Gas Wells (MMcf)
1991,6,175678,MMCF,FGO,Withdrawals from Oil Wells,N9012AK2,Alaska Natural Gas Gross Withdrawals from Oil Wells (MMcf)
1991,5,189547,MMCF,FGW,Gross Withdrawals,N9010AK2,Alaska Natural Gas Gross Withdrawals (MMcf)
1991,5,32434,MMCF,VGM,Marketed Production,N9050AK2,Alaska Natural Gas Marketed Production (MMcf)
1991,5,156292,MMCF,VGQ,Repressuring,N9020AK2,Alaska Natural Gas Repressuring (MMcf)
1991,5,820,MMCF,VGV,Vented and Flared,N9040AK2,Alaska Natural Gas Vented and Flared (MMcf)
1991,5,13749,MMCF,FGG,Withdrawals from Gas Wells,N9011AK2,Alaska Natural Gas Gross Withdrawals from Gas Wells (MMcf)
1991,5,175798,MMCF,FGO,Withdrawals from Oil Wells,N9012AK2,Alaska Natural Gas Gross Withdrawals from Oil Wells (MMcf)
1991,4,193357,MMCF,FGW,Gross Withdrawals,N9010AK2,Alaska Natural Gas Gross Withdrawals (MMcf)
1991,4,34664,MMCF,VGM,Marketed Production,N9050AK2,Alaska Natural Gas Marketed Production (MMcf)
1991,4,157592,MMCF,VGQ,Repressuring,N9020AK2,Alaska Natural Gas Repressuring (MMcf)
1991,4,1101,MMCF,VGV,Vented and Flared,N9040AK2,Alaska Natural Gas Vented and Flared (MMcf)
1991,4,16811,MMCF,FGG,Withdrawals from Gas Wells,N9011AK2,Alaska Natural Gas Gross Withdrawals from Gas Wells (MMcf)
1991,4,176546,MMCF,FGO,Withdrawals from Oil Wells,N9012AK2,Alaska Natural Gas Gross Withdrawals from Oil Wells (MMcf)
1991,3,212592,MMCF,FGW,Gross Withdrawals,N9010AK2,Alaska Natural Gas Gross Withdrawals (MMcf)
1991,3,38847,MMCF,VGM,Marketed Production,N9050AK2,Alaska Natural Gas Marketed Production (MMcf)
1991,3,172824,MMCF,VGQ,Repressuring,N9020AK2,Alaska Natural Gas Repressuring (MMcf)
1991,3,921,MMCF,VGV,Vented and Flared,N9040AK2,Alaska Natural Gas Vented and Flared (MMcf)
1991,3,18242,MMCF,FGG,Withdrawals from Gas Wells,N9011AK2,Alaska Natural Gas Gross Withdrawals from Gas Wells (MMcf)
1991,3,194351,MMCF,FGO,Withdrawals from Oil Wells,N9012AK2,Alaska Natural Gas Gross Withdrawals from Oil Wells (MMcf)
1991,2,192757,MMCF,FGW,Gross Withdrawals,N9010AK2,Alaska Natural Gas Gross Withdrawals (MMcf)
1991,2,36265,MMCF,VGM,Marketed Production,N9050AK2,Alaska Natural Gas Marketed Production (MMcf)
1991,2,155820,MMCF,VGQ,Repressuring,N9020AK2,Alaska Natural Gas Repressuring (MMcf)
1991,2,672,MMCF,VGV,Vented and Flared,N9040AK2,Alaska Natural Gas Vented and Flared (MMcf)
1991,2,17374,MMCF,FGG,Withdrawals from Gas Wells,N9011AK2,Alaska Natural Gas Gross Withdrawals from Gas Wells (MMcf)
1991,2,175383,MMCF,FGO,Withdrawals from Oil Wells,N9012AK2,Alaska Natural Gas Gross Withdrawals from Oil Wells (MMcf)
1991,1,206213,MMCF,FGW,Gross Withdrawals,N9010AK2,Alaska Natural Gas Gross Withdrawals (MMcf)
1991,1,40203,MMCF,VGM,Marketed Production,N9050AK2,Alaska Natural Gas Marketed Production (MMcf)
1991,1,165196,MMCF,VGQ,Repressuring,N9020AK2,Alaska Natural Gas Repressuring (MMcf)
1991,1,815,MMCF,VGV,Vented and Flared,N9040AK2,Alaska Natural Gas Vented and Flared (MMcf)
1991,1,19603,MMCF,FGG,Withdrawals from Gas Wells,N9011AK2,Alaska Natural Gas Gross Withdrawals from Gas Wells (MMcf)
1991,1,186611,MMCF,FGO,Withdrawals from Oil Wells,N9012AK2,Alaska Natural Gas Gross Withdrawals from Oil Wells (MMcf)
1990,12,40503,MMCF,VGM,Marketed Production,N9050AK2,Alaska Natural Gas Marketed Production (MMcf)
1990,11,36919,MMCF,VGM,Marketed Production,N9050AK2,Alaska Natural Gas Marketed Production (MMcf)
1990,10,35837,MMCF,VGM,Marketed Production,N9050AK2,Alaska Natural Gas Marketed Production (MMcf)
1990,9,30123,MMCF,VGM,Marketed Production,N9050AK2,Alaska Natural Gas Marketed Production (MMcf)
1990,8,31373,MMCF,VGM,Marketed Production,N9050AK2,Alaska Natural Gas Marketed Production (MMcf)
1990,7,31133,MMCF,VGM,Marketed Production,N9050AK2,Alaska Natural Gas Marketed Production (MMcf)
1990,6,30193,MMCF,VGM,Marketed Production,N9050AK2,Alaska Natural Gas Marketed Production (MMcf)
1990,5,29653,MMCF,VGM,Marketed Production,N9050AK2,Alaska Natural Gas Marketed Production (MMcf)
1990,4,32481,MMCF,VGM,Marketed Production,N9050AK2,Alaska Natural Gas Marketed Production (MMcf)
1990,3,34942,MMCF,VGM,Marketed Production,N9050AK2,Alaska Natural Gas Marketed Production (MMcf)
1990,2,34239,MMCF,VGM,Marketed Production,N9050AK2,Alaska Natural Gas Marketed Production (MMcf)
1990,1,35511,MMCF,VGM,Marketed Production,N9050AK2,Alaska Natural Gas Marketed Production (MMcf)
1989,12,35789,MMCF,VGM,Marketed Production,N9050AK2,Alaska Natural Gas Marketed Production (MMcf)
1989,11,34619,MMCF,VGM,Marketed Production,N9050AK2,Alaska Natural Gas Marketed Production (MMcf)
1989,10,34951,MMCF,VGM,Marketed Production,N9050AK2,Alaska Natural Gas Marketed Production (MMcf)
1989,9,30257,MMCF,VGM,Marketed Production,N9050AK2,Alaska Natural Gas Marketed Production (MMcf)
1989,8,30266,MMCF,VGM,Marketed Production,N9050AK2,Alaska Natural Gas Marketed Production (MMcf)
1989,7,32531,MMCF,VGM,Marketed Production,N9050AK2,Alaska Natural Gas Marketed Production (MMcf)
1989,6,32380,MMCF,VGM,Marketed Production,N9050AK2,Alaska Natural Gas Marketed Production (MMcf)
1989,5,24870,MMCF,VGM,Marketed Production,N9050AK2,Alaska Natural Gas Marketed Production (MMcf)
1989,4,33821,MMCF,VGM,Marketed Production,N9050AK2,Alaska Natural Gas Marketed Production (MMcf)
1989,3,35160,MMCF,VGM,Marketed Production,N9050AK2,Alaska Natural Gas Marketed Production (MMcf)
1989,2,33405,MMCF,VGM,Marketed Production,N9050AK2,Alaska Natural Gas Marketed Production (MMcf)
1989,1,35680,MMCF,VGM,Marketed Production,N9050AK2,Alaska Natural Gas Marketed Production (MMcf)
