fips_code,community_name,e_households_total,e_household_median_income,e_household_inc_under_10000,e_household_inc_10000_14999,e_household_inc_15000_24999,e_household_inc_25000_34999,e_household_inc_35000_49999,e_household_inc_50000_74999,e_household_inc_75000_99999,e_household_inc_100000_149999,e_household_inc_150000_199999,e_household_inc_200000_plus,start_year,end_year
0200065,Adak,54,66667,0,5,12,0,2,9,15,11,0,0,2007,2011
0200065,Adak,47,67250,0,4,10,0,6,3,11,13,0,0,2008,2012
0200065,Adak,41,88750,0,1,14,0,2,0,10,14,0,0,2009,2013
0200065,Adak,36,82500,0,2,11,2,1,0,8,12,0,0,2010,2014
0200065,Adak,36,78500,0,2,9,5,2,0,5,13,0,0,2011,2015
0200065,Adak,36,75000,0,2,6,4,4,1,7,10,2,0,2012,2016
0200065,Adak,33,76250,0,0,5,6,4,1,5,11,1,0,2013,2017
0200065,Adak,40,71667,0,0,5,6,7,0,9,7,1,5,2014,2018
0200065,Adak,58,70000,0,0,9,9,7,7,7,11,4,4,2015,2019
0200065,Adak,51,51250,0,0,7,7,6,12,6,8,3,2,2016,2020
0200065,Adak,68,57500,0,0,10,14,7,8,8,13,4,4,2017,2021
0200065,Adak,77,90114,0,0,11,10,8,9,7,16,5,11,2018,2022
0200065,Adak,94,50000,0,0,6,19,16,12,11,18,7,5,2019,2023
0200650,Akhiok,38,16250,4,10,0,14,3,0,0,7,0,0,2007,2011
0200650,Akhiok,34,17500,3,0,2,18,3,0,0,8,0,0,2008,2012
0200650,Akhiok,34,20500,4,0,2,17,4,0,0,7,0,0,2009,2013
0200650,Akhiok,28,17500,3,0,3,14,4,2,0,2,0,0,2010,2014
0200650,Akhiok,19,26250,3,0,3,6,3,2,0,2,0,0,2011,2015
0200650,Akhiok,20,25000,3,0,0,7,7,0,1,2,0,0,2012,2016
0200650,Akhiok,16,27500,2,2,0,4,5,0,3,0,0,0,2013,2017
0200650,Akhiok,16,,0,2,0,4,3,0,7,0,0,0,2014,2018
0200650,Akhiok,17,60781,0,0,0,4,0,2,11,0,0,0,2015,2019
0200650,Akhiok,31,64688,0,0,0,7,0,2,22,0,0,0,2016,2020
0200650,Akhiok,25,65417,0,0,0,7,0,0,16,2,0,0,2017,2021
0200650,Akhiok,19,69750,0,0,0,3,0,0,7,9,0,0,2018,2022
0200650,Akhiok,31,84135,0,0,0,0,3,0,4,24,0,0,2019,2023
0200760,Akiachak,145,45313,5,20,9,17,21,13,30,20,10,0,2007,2011
0200760,Akiachak,138,43750,7,19,12,16,19,11,34,15,4,1,2008,2012
0200760,Akiachak,132,50000,7,8,9,17,21,13,31,21,4,1,2009,2013
0200760,Akiachak,135,39688,7,5,13,30,18,15,22,22,1,2,2010,2014
0200760,Akiachak,128,38750,6,6,9,28,20,15,25,16,1,2,2011,2015
0200760,Akiachak,135,32917,2,8,10,37,23,8,32,11,3,1,2012,2016
0200760,Akiachak,148,34444,9,11,12,34,22,15,32,9,4,0,2013,2017
0200760,Akiachak,133,38438,15,7,14,28,14,12,33,5,5,0,2014,2018
0200760,Akiachak,135,35625,19,9,9,23,16,11,40,6,2,0,2015,2019
0200760,Akiachak,106,38750,19,7,6,13,13,9,31,4,4,0,2016,2020
0200760,Akiachak,104,38125,22,7,4,8,12,16,26,6,3,0,2017,2021
0200760,Akiachak,98,30833,25,2,6,9,15,12,20,7,2,0,2018,2022
0200760,Akiachak,138,33333,23,10,8,9,29,15,19,23,2,0,2019,2023
0200870,Akiak,89,37969,6,0,7,7,17,28,15,9,0,0,2007,2011
0200870,Akiak,94,40000,6,7,11,7,13,28,20,2,0,0,2008,2012
0200870,Akiak,94,38333,11,9,14,10,8,21,19,2,0,0,2009,2013
0200870,Akiak,91,44375,9,6,12,5,10,22,26,1,0,0,2010,2014
0200870,Akiak,100,42000,11,10,13,8,10,20,27,1,0,0,2011,2015
0200870,Akiak,93,41563,12,11,11,9,9,11,30,0,0,0,2012,2016
0200870,Akiak,82,41250,11,5,10,9,10,13,19,4,1,0,2013,2017
0200870,Akiak,81,47917,10,6,10,9,8,10,20,7,1,0,2014,2018
0200870,Akiak,78,48750,6,6,11,6,12,10,14,11,2,0,2015,2019
0200870,Akiak,57,54375,2,4,6,2,11,7,14,10,1,0,2016,2020
0200870,Akiak,51,56875,3,2,7,2,8,5,18,5,1,0,2017,2021
0200870,Akiak,65,68125,0,2,7,8,6,6,24,8,4,0,2018,2022
0200870,Akiak,60,71667,0,0,12,12,3,10,7,12,4,0,2019,2023
0201090,Akutan,18,35000,0,0,0,4,5,7,2,0,0,0,2007,2011
0201090,Akutan,20,37500,0,0,0,6,2,5,6,1,0,0,2008,2012
0201090,Akutan,24,38333,0,0,0,7,3,6,6,2,0,0,2009,2013
0201090,Akutan,40,26250,1,2,3,17,6,4,3,4,0,0,2010,2014
0201090,Akutan,46,24750,4,2,3,18,7,2,4,6,0,0,2011,2015
0201090,Akutan,54,24464,5,3,4,22,5,5,4,6,0,0,2012,2016
0201090,Akutan,67,26750,5,4,4,21,11,8,5,7,2,0,2013,2017
0201090,Akutan,58,31250,5,3,5,10,13,7,5,8,2,0,2014,2018
0201090,Akutan,65,48125,3,0,6,13,9,12,6,16,0,0,2015,2019
0201090,Akutan,69,34583,0,5,6,20,10,12,8,7,0,1,2016,2020
0201090,Akutan,57,32750,0,5,5,18,10,5,7,6,0,1,2017,2021
0201090,Akutan,58,28750,3,0,5,23,4,8,6,8,0,1,2018,2022
0201090,Akutan,64,27500,6,0,9,23,7,9,8,0,0,2,2019,2023
0201200,Alakanuk,144,38333,11,3,2,27,23,29,25,14,10,0,2007,2011
0201200,Alakanuk,149,33750,20,7,6,36,15,28,20,8,9,0,2008,2012
0201200,Alakanuk,152,33056,16,15,1,30,22,33,20,6,9,0,2009,2013
0201200,Alakanuk,159,35156,14,16,8,33,16,36,23,10,0,3,2010,2014
0201200,Alakanuk,159,32917,16,15,8,27,24,36,21,10,2,0,2011,2015
0201200,Alakanuk,154,32000,15,18,8,29,19,31,19,12,3,0,2012,2016
0201200,Alakanuk,164,33750,17,14,8,33,21,27,26,12,4,2,2013,2017
0201200,Alakanuk,168,36250,17,9,8,29,27,17,34,21,4,2,2014,2018
0201200,Alakanuk,160,37500,21,9,7,21,22,24,30,21,3,2,2015,2019
0201200,Alakanuk,228,36071,22,23,27,29,37,19,26,41,2,2,2016,2020
0201200,Alakanuk,238,36429,18,31,27,31,35,16,29,48,0,3,2017,2021
0201200,Alakanuk,246,41875,20,29,29,32,8,42,30,53,3,0,2018,2022
0201200,Alakanuk,222,39667,8,24,26,21,24,49,35,30,5,0,2019,2023
0201305,Alatna,2,,0,0,0,2,0,0,0,0,0,0,2007,2011
0201305,Alatna,1,,0,0,0,0,1,0,0,0,0,0,2008,2012
0201305,Alatna,1,,0,0,0,0,1,0,0,0,0,0,2009,2013
0201305,Alatna,2,,0,0,0,0,2,0,0,0,0,0,2010,2014
0201305,Alatna,1,,0,0,0,0,1,0,0,0,0,0,2011,2015
0201305,Alatna,1,,0,0,0,0,1,0,0,0,0,0,2012,2016
0201305,Alatna,0,,0,0,0,0,0,0,0,0,0,0,2013,2017
0201305,Alatna,2,,0,0,0,0,0,2,0,0,0,0,2014,2018
0201305,Alatna,6,46250,0,0,0,0,2,2,0,2,0,0,2015,2019
0201305,Alatna,6,46250,0,0,0,0,1,3,0,2,0,0,2016,2020
0201305,Alatna,11,46250,0,0,0,0,5,3,0,3,0,0,2017,2021
0201305,Alatna,14,53125,0,0,0,0,3,3,4,4,0,0,2018,2022
0201305,Alatna,17,,0,0,0,0,5,5,1,6,0,0,2019,2023
0201390,Alcan Border,12,,0,0,12,0,0,0,0,0,0,0,2007,2011
0201390,Alcan Border,14,,0,0,14,0,0,0,0,0,0,0,2008,2012
0201390,Alcan Border,13,,0,0,13,0,0,0,0,0,0,0,2009,2013
0201390,Alcan Border,0,,0,0,0,0,0,0,0,0,0,0,2010,2014
0201390,Alcan Border,7,,0,0,7,0,0,0,0,0,0,0,2011,2015
0201390,Alcan Border,7,,0,0,7,0,0,0,0,0,0,0,2012,2016
0201390,Alcan Border,9,,0,0,9,0,0,0,0,0,0,0,2013,2017
0201390,Alcan Border,23,,0,0,23,0,0,0,0,0,0,0,2014,2018
0201390,Alcan Border,20,,0,0,20,0,0,0,0,0,0,0,2015,2019
0201390,Alcan Border,13,,0,0,13,0,0,0,0,0,0,0,2016,2020
0201390,Alcan Border,11,,0,0,11,0,0,0,0,0,0,0,2017,2021
0201390,Alcan Border,7,,0,0,7,0,0,0,0,0,0,0,2018,2022
0201390,Alcan Border,0,,0,0,0,0,0,0,0,0,0,0,2019,2023
0201420,Aleknagik,65,50313,10,0,2,8,4,10,14,10,0,7,2007,2011
0201420,Aleknagik,60,52143,7,0,1,4,3,10,20,11,1,3,2008,2012
0201420,Aleknagik,57,51705,4,2,1,4,3,8,23,4,4,4,2009,2013
0201420,Aleknagik,59,55208,5,3,2,1,7,8,18,5,7,3,2010,2014
0201420,Aleknagik,57,41875,5,2,8,4,8,14,5,5,6,0,2011,2015
0201420,Aleknagik,58,40833,3,7,6,4,9,8,8,7,6,0,2012,2016
0201420,Aleknagik,63,42083,3,6,6,3,8,12,7,11,5,2,2013,2017
0201420,Aleknagik,62,53750,1,4,8,3,12,10,10,11,3,0,2014,2018
0201420,Aleknagik,60,56250,1,2,9,0,12,13,7,12,3,1,2015,2019
0201420,Aleknagik,48,44167,2,2,5,0,13,9,5,6,5,1,2016,2020
0201420,Aleknagik,41,46875,2,0,4,0,11,8,2,9,4,1,2017,2021
0201420,Aleknagik,42,85000,2,0,8,0,7,10,1,10,1,3,2018,2022
0201420,Aleknagik,44,88750,3,0,13,0,2,13,2,6,2,3,2019,2023
0201560,Aleneva,10,,0,0,0,0,0,0,0,0,10,0,2007,2011
0201560,Aleneva,9,,0,0,0,0,0,0,0,0,9,0,2008,2012
0201560,Aleneva,8,,0,0,0,0,0,0,0,0,8,0,2009,2013
0201560,Aleneva,8,,0,0,0,0,0,0,0,0,8,0,2010,2014
0201560,Aleneva,9,,0,0,0,0,0,0,0,0,9,0,2011,2015
0201560,Aleneva,14,,0,0,0,0,14,0,0,0,0,0,2012,2016
0201560,Aleneva,10,,0,0,0,0,10,0,0,0,0,0,2013,2017
0201560,Aleneva,5,,0,0,0,0,5,0,0,0,0,0,2014,2018
0201560,Aleneva,4,,0,0,0,0,4,0,0,0,0,0,2015,2019
0201560,Aleneva,4,,0,0,0,0,4,0,0,0,0,0,2016,2020
0201560,Aleneva,0,,0,0,0,0,0,0,0,0,0,0,2017,2021
0201560,Aleneva,0,,0,0,0,0,0,0,0,0,0,0,2018,2022
0201560,Aleneva,0,,0,0,0,0,0,0,0,0,0,0,2019,2023
0201860,Allakaket,38,18929,11,1,0,17,2,4,0,3,0,0,2007,2011
0201860,Allakaket,30,17917,9,3,0,12,4,2,0,0,0,0,2008,2012
0201860,Allakaket,31,25179,3,3,1,9,10,5,0,0,0,0,2009,2013
0201860,Allakaket,36,27000,2,6,1,6,12,5,0,4,0,0,2010,2014
0201860,Allakaket,30,26500,1,6,1,5,10,4,0,3,0,0,2011,2015
0201860,Allakaket,43,27344,4,5,4,5,15,5,3,2,0,0,2012,2016
0201860,Allakaket,61,27250,9,5,6,12,13,6,6,4,0,0,2013,2017
0201860,Allakaket,59,24375,8,8,5,15,11,4,6,2,0,0,2014,2018
0201860,Allakaket,63,21528,15,9,4,14,10,3,5,3,0,0,2015,2019
0201860,Allakaket,52,22500,14,5,6,11,2,5,5,4,0,0,2016,2020
0201860,Allakaket,54,22000,17,6,3,8,9,4,3,4,0,0,2017,2021
0201860,Allakaket,56,25000,16,7,3,5,8,11,0,6,0,0,2018,2022
0201860,Allakaket,55,24688,15,9,2,4,14,0,0,11,0,0,2019,2023
0201970,Ambler,63,57625,3,0,14,14,5,9,11,7,0,0,2007,2011
0201970,Ambler,54,43333,4,0,4,12,6,8,11,6,3,0,2008,2012
0201970,Ambler,71,38750,7,2,5,15,9,9,11,9,4,0,2009,2013
0201970,Ambler,84,41944,6,2,7,14,10,16,14,9,6,0,2010,2014
0201970,Ambler,81,42344,6,2,7,8,12,15,14,11,6,0,2011,2015
0201970,Ambler,82,41429,7,1,6,12,11,17,10,10,8,0,2012,2016
0201970,Ambler,78,44500,6,5,8,10,8,11,9,14,7,0,2013,2017
0201970,Ambler,78,43214,3,3,12,13,9,16,4,11,7,0,2014,2018
0201970,Ambler,59,46250,2,2,10,13,7,6,4,10,5,0,2015,2019
0201970,Ambler,80,34750,3,9,7,14,15,16,3,9,4,0,2016,2020
0201970,Ambler,77,35750,2,2,8,28,5,17,6,4,5,0,2017,2021
0201970,Ambler,86,37857,6,0,9,27,7,11,16,3,7,0,2018,2022
0201970,Ambler,76,41563,9,0,14,19,5,8,17,3,1,0,2019,2023
0202080,Anaktuvuk Pass,110,46250,8,0,17,13,8,34,20,7,3,0,2007,2011
0202080,Anaktuvuk Pass,86,47143,7,2,10,4,15,18,10,16,4,0,2008,2012
0202080,Anaktuvuk Pass,78,52500,5,3,10,0,15,12,12,12,9,0,2009,2013
0202080,Anaktuvuk Pass,61,49375,8,4,3,0,4,15,6,13,8,0,2010,2014
0202080,Anaktuvuk Pass,63,66250,3,4,7,0,7,11,9,12,9,1,2011,2015
0202080,Anaktuvuk Pass,73,54375,5,8,9,0,9,8,15,13,6,0,2012,2016
0202080,Anaktuvuk Pass,78,56667,3,7,12,1,9,13,11,16,6,0,2013,2017
0202080,Anaktuvuk Pass,74,57143,3,5,12,1,4,16,15,13,5,0,2014,2018
0202080,Anaktuvuk Pass,81,60893,6,4,14,1,4,14,17,13,6,2,2015,2019
0202080,Anaktuvuk Pass,89,61953,7,1,24,2,2,14,22,13,2,2,2016,2020
0202080,Anaktuvuk Pass,73,62788,4,2,12,3,1,16,22,5,5,3,2017,2021
0202080,Anaktuvuk Pass,67,69028,6,0,16,9,0,6,19,4,3,4,2018,2022
0202080,Anaktuvuk Pass,79,83250,2,3,17,8,0,18,4,17,5,5,2019,2023
0203000,Anchorage,105123,75485,2964,3310,20117,5997,8149,12471,19287,16706,8937,7185,2007,2011
0203000,Anchorage,105517,76495,2911,3045,20332,6266,7843,12705,18863,16456,9594,7502,2008,2012
0203000,Anchorage,105208,77454,2954,2770,20530,6708,7290,12155,18759,16080,9957,8005,2009,2013
0203000,Anchorage,105164,78121,2820,2969,21057,6741,7033,12065,18894,15236,9889,8460,2010,2014
0203000,Anchorage,105175,78326,3063,2770,21459,6561,6729,12568,18533,15173,10004,8315,2011,2015
0203000,Anchorage,104969,80862,2934,2840,21649,6207,6497,11627,18253,15268,10437,9257,2012,2016
0203000,Anchorage,106012,82271,3142,2537,21981,5688,6329,11250,18807,15374,11037,9867,2013,2017
0203000,Anchorage,106524,83280,3378,2491,21709,5805,6493,10595,19293,14804,11055,10901,2014,2018
0203000,Anchorage,106567,84928,3449,2275,21867,5393,6726,10515,18545,14685,11557,11555,2015,2019
0203000,Anchorage,106970,84813,3188,2463,21584,5256,6736,9875,19484,15279,11577,11528,2016,2020
0203000,Anchorage,106695,88871,3468,2317,21587,5466,5855,9607,18205,15060,11799,13331,2017,2021
0203000,Anchorage,107134,95731,3507,1997,21969,5224,5438,8943,15589,15228,13795,15444,2018,2022
0203000,Anchorage,107868,98152,3549,2025,21070,4970,4730,8970,15756,14771,13871,18156,2019,2023
0203110,Anchor Point,959,52926,76,29,115,131,128,96,242,130,0,12,2007,2011
0203110,Anchor Point,957,49712,85,31,130,137,122,105,214,112,0,21,2008,2012
0203110,Anchor Point,1002,53500,87,31,125,156,86,114,250,125,0,28,2009,2013
0203110,Anchor Point,950,53359,76,52,110,128,94,103,198,151,7,31,2010,2014
0203110,Anchor Point,830,51591,52,52,97,118,77,102,191,96,19,26,2011,2015
0203110,Anchor Point,821,54855,45,36,129,87,92,85,191,106,19,31,2012,2016
0203110,Anchor Point,819,56118,52,32,140,78,77,106,180,101,18,35,2013,2017
0203110,Anchor Point,805,58594,47,24,140,66,80,104,163,126,24,31,2014,2018
0203110,Anchor Point,800,58636,45,16,128,64,83,102,157,144,34,27,2015,2019
0203110,Anchor Point,903,55213,49,25,131,74,134,107,169,128,52,34,2016,2020
0203110,Anchor Point,960,54024,73,20,111,101,90,133,184,125,69,54,2017,2021
0203110,Anchor Point,972,58357,73,36,137,67,100,138,167,110,63,81,2018,2022
0203110,Anchor Point,1034,63382,78,30,181,69,101,138,181,104,68,84,2019,2023
0203220,Anderson,96,67500,0,4,7,4,0,25,32,16,3,5,2007,2011
0203220,Anderson,89,68750,0,4,8,0,2,22,25,25,3,0,2008,2012
0203220,Anderson,81,74375,0,0,11,2,2,13,24,25,4,0,2009,2013
0203220,Anderson,82,86250,0,0,20,2,3,7,20,25,5,0,2010,2014
0203220,Anderson,75,87708,0,0,15,2,1,8,16,24,9,0,2011,2015
0203220,Anderson,64,90000,0,0,10,2,2,5,14,18,10,3,2012,2016
0203220,Anderson,62,97500,0,3,16,2,2,3,11,12,7,6,2013,2017
0203220,Anderson,50,104167,0,3,20,0,1,4,9,5,4,4,2014,2018
0203220,Anderson,56,106875,2,3,20,0,4,3,5,7,9,3,2015,2019
0203220,Anderson,61,103125,2,4,20,1,5,2,12,4,7,4,2016,2020
0203220,Anderson,50,90000,2,4,14,1,0,5,3,11,9,1,2017,2021
0203220,Anderson,55,111250,2,0,14,2,1,6,5,10,9,6,2018,2022
0203220,Anderson,52,101250,2,3,12,2,1,6,4,7,10,5,2019,2023
0203440,Angoon,166,23971,16,16,12,58,21,16,10,9,4,4,2007,2011
0203440,Angoon,173,32212,14,18,11,41,23,19,18,11,11,7,2008,2012
0203440,Angoon,158,32250,15,14,15,24,34,10,17,10,13,6,2009,2013
0203440,Angoon,140,30000,13,17,9,21,29,17,12,7,7,8,2010,2014
0203440,Angoon,115,32750,9,15,4,20,18,14,16,10,5,4,2011,2015
0203440,Angoon,117,27250,11,3,4,40,17,12,12,9,6,3,2012,2016
0203440,Angoon,131,34375,12,9,6,29,16,18,15,17,6,3,2013,2017
0203440,Angoon,129,43542,9,9,8,23,14,19,14,17,6,10,2014,2018
0203440,Angoon,130,33750,21,12,4,19,14,16,21,14,3,6,2015,2019
0203440,Angoon,142,41500,15,14,4,19,16,24,18,26,1,5,2016,2020
0203440,Angoon,154,44167,13,13,11,24,17,35,17,19,1,4,2017,2021
0203440,Angoon,162,42857,15,8,3,18,29,21,50,8,4,6,2018,2022
0203440,Angoon,177,45938,18,8,11,19,24,22,53,14,6,2,2019,2023
0203550,Aniak,193,60673,13,5,30,12,24,19,54,28,8,0,2007,2011
0203550,Aniak,174,60500,13,9,31,9,20,23,45,20,4,0,2008,2012
0203550,Aniak,171,63173,6,10,27,10,24,22,44,28,0,0,2009,2013
0203550,Aniak,172,64167,4,9,24,8,19,29,38,37,2,2,2010,2014
0203550,Aniak,174,60500,7,7,23,12,23,28,33,34,5,2,2011,2015
0203550,Aniak,169,59464,5,6,22,19,16,26,35,29,9,2,2012,2016
0203550,Aniak,160,57917,3,5,27,22,19,26,23,26,7,2,2013,2017
0203550,Aniak,156,60357,8,2,28,21,18,20,28,18,11,2,2014,2018
0203550,Aniak,149,49375,9,1,20,18,19,29,28,13,10,2,2015,2019
0203550,Aniak,148,58333,7,1,23,14,20,22,29,14,15,3,2016,2020
0203550,Aniak,160,63750,6,0,19,12,21,22,34,16,26,4,2017,2021
0203550,Aniak,152,72500,5,0,18,5,12,31,24,26,21,10,2018,2022
0203550,Aniak,159,66875,5,0,14,4,13,41,24,22,22,14,2019,2023
0203880,Anvik,36,14643,5,14,0,3,7,0,3,4,0,0,2007,2011
0203880,Anvik,35,18125,7,7,0,9,4,0,4,4,0,0,2008,2012
0203880,Anvik,39,21875,6,12,0,4,7,1,5,4,0,0,2009,2013
0203880,Anvik,34,31250,1,9,2,4,7,1,5,5,0,0,2010,2014
0203880,Anvik,37,26563,1,11,4,4,6,4,3,4,0,0,2011,2015
0203880,Anvik,39,21875,3,15,5,3,3,5,1,4,0,0,2012,2016
0203880,Anvik,39,35625,3,10,4,2,4,9,3,4,0,0,2013,2017
0203880,Anvik,37,43125,2,6,7,4,2,10,3,3,0,0,2014,2018
0203880,Anvik,38,41250,4,5,5,6,0,11,6,1,0,0,2015,2019
0203880,Anvik,33,46875,4,3,4,5,0,6,9,2,0,0,2016,2020
0203880,Anvik,32,51250,2,0,2,5,0,7,11,5,0,0,2017,2021
0203880,Anvik,30,58750,2,0,0,5,0,3,13,6,1,0,2018,2022
0203880,Anvik,44,64028,2,0,7,2,0,3,23,5,2,0,2019,2023
0203990,Arctic Village,46,27000,3,0,0,16,8,12,7,0,0,0,2007,2011
0203990,Arctic Village,50,25000,8,1,0,16,7,12,6,0,0,0,2008,2012
0203990,Arctic Village,52,27500,10,1,1,8,11,10,9,2,0,0,2009,2013
0203990,Arctic Village,51,27250,9,5,1,7,10,6,8,5,0,0,2010,2014
0203990,Arctic Village,53,26250,9,6,1,9,9,5,8,6,0,0,2011,2015
0203990,Arctic Village,48,25000,13,7,1,4,7,3,7,6,0,0,2012,2016
0203990,Arctic Village,61,35208,13,5,2,2,10,12,10,7,0,0,2013,2017
0203990,Arctic Village,55,29688,13,5,2,4,6,12,7,6,0,0,2014,2018
0203990,Arctic Village,54,37500,14,0,0,3,8,14,11,4,0,0,2015,2019
0203990,Arctic Village,70,27500,16,0,0,16,9,16,8,3,2,0,2016,2020
0203990,Arctic Village,69,37708,15,0,0,14,5,19,12,2,2,0,2017,2021
0203990,Arctic Village,65,35313,14,0,3,15,3,17,11,0,2,0,2018,2022
0203990,Arctic Village,59,39750,11,1,4,8,5,14,13,0,0,3,2019,2023
0204210,Atka,24,96071,0,0,2,0,4,0,0,12,0,6,2007,2011
0204210,Atka,21,99688,0,0,6,0,5,1,1,4,0,4,2008,2012
0204210,Atka,20,60000,0,0,8,0,5,4,3,0,0,0,2009,2013
0204210,Atka,24,50000,2,0,3,0,5,5,4,2,3,0,2010,2014
0204210,Atka,27,50625,1,0,3,1,5,6,7,1,3,0,2011,2015
0204210,Atka,18,57500,1,0,1,1,0,5,6,1,3,0,2012,2016
0204210,Atka,18,55000,2,0,0,1,0,5,6,2,2,0,2013,2017
0204210,Atka,13,51875,3,0,0,1,0,1,5,1,2,0,2014,2018
0204210,Atka,12,48750,0,0,0,3,1,2,3,1,1,1,2015,2019
0204210,Atka,9,,0,0,0,0,1,2,2,1,2,1,2016,2020
0204210,Atka,8,52500,0,0,0,1,1,2,1,2,0,1,2017,2021
0204210,Atka,6,,0,0,0,0,2,0,1,2,0,1,2018,2022
0204210,Atka,5,,0,0,0,0,1,1,1,2,0,0,2019,2023
0204430,Atmautluak,63,48750,4,2,7,1,3,25,8,11,2,0,2007,2011
0204430,Atmautluak,70,45000,4,3,4,2,7,28,4,14,4,0,2008,2012
0204430,Atmautluak,62,50500,0,6,3,5,7,12,9,14,6,0,2009,2013
0204430,Atmautluak,60,57500,2,6,5,7,7,5,7,13,8,0,2010,2014
0204430,Atmautluak,57,50625,4,7,6,7,3,7,7,9,7,0,2011,2015
0204430,Atmautluak,53,,10,6,4,11,1,4,7,8,2,0,2012,2016
0204430,Atmautluak,51,23125,9,4,3,14,2,9,6,2,2,0,2013,2017
0204430,Atmautluak,51,21875,11,3,4,12,2,9,5,1,4,0,2014,2018
0204430,Atmautluak,43,35625,7,4,2,8,2,9,9,0,2,0,2015,2019
0204430,Atmautluak,31,40938,3,3,2,5,2,10,6,0,0,0,2016,2020
0204430,Atmautluak,30,44500,0,0,2,7,3,9,9,0,0,0,2017,2021
0204430,Atmautluak,8,52500,2,0,0,0,0,2,4,0,0,0,2018,2022
0204430,Atmautluak,8,53750,2,0,0,0,0,2,4,0,0,0,2019,2023
0204500,Atqasuk,84,56500,3,7,14,0,10,16,20,7,7,0,2007,2011
0204500,Atqasuk,66,56250,2,2,14,1,8,16,11,8,4,0,2008,2012
0204500,Atqasuk,70,60000,2,2,18,1,4,22,10,4,5,2,2009,2013
0204500,Atqasuk,68,51500,4,2,17,2,7,16,15,1,2,2,2010,2014
0204500,Atqasuk,52,52500,2,1,14,3,7,9,10,1,4,1,2011,2015
0204500,Atqasuk,50,57500,1,1,14,3,9,6,7,2,5,2,2012,2016
0204500,Atqasuk,47,61250,1,1,13,2,9,4,8,3,5,1,2013,2017
0204500,Atqasuk,49,83125,1,2,13,2,4,4,11,7,5,0,2014,2018
0204500,Atqasuk,42,86250,2,1,13,2,3,4,8,4,5,0,2015,2019
0204500,Atqasuk,36,93750,2,1,13,2,1,2,6,5,4,0,2016,2020
0204500,Atqasuk,33,91875,2,2,12,2,0,2,7,2,4,0,2017,2021
0204500,Atqasuk,33,99750,4,0,10,0,1,0,7,5,5,1,2018,2022
0204500,Atqasuk,43,89875,0,0,4,0,5,4,3,15,10,2,2019,2023
0204670,Attu Station,0,,0,0,0,0,0,0,0,0,0,0,2007,2011
0204670,Attu Station,0,,0,0,0,0,0,0,0,0,0,0,2008,2012
0204670,Attu Station,0,,0,0,0,0,0,0,0,0,0,0,2009,2013
0204670,Attu Station,0,,0,0,0,0,0,0,0,0,0,0,2010,2014
0204670,Attu Station,0,,0,0,0,0,0,0,0,0,0,0,2011,2015
0204670,Attu Station,0,,0,0,0,0,0,0,0,0,0,0,2012,2016
0204670,Attu Station,0,,0,0,0,0,0,0,0,0,0,0,2013,2017
0204670,Attu Station,0,,0,0,0,0,0,0,0,0,0,0,2014,2018
0204670,Attu Station,0,,0,0,0,0,0,0,0,0,0,0,2015,2019
0204670,Attu Station,0,,0,0,0,0,0,0,0,0,0,0,2016,2020
0204670,Attu Station,0,,0,0,0,0,0,0,0,0,0,0,2017,2021
0204670,Attu Station,0,,0,0,0,0,0,0,0,0,0,0,2018,2022
0204670,Attu Station,0,,0,0,0,0,0,0,0,0,0,0,2019,2023
0205000,Badger,6390,82515,307,73,1572,165,361,483,1300,1547,385,197,2007,2011
0205000,Badger,6855,81961,226,149,1426,239,502,623,1245,1653,537,255,2008,2012
0205000,Badger,7022,77394,243,231,1514,387,446,646,1355,1306,688,206,2009,2013
0205000,Badger,7152,78157,147,202,1485,423,344,979,1267,1350,778,177,2010,2014
0205000,Badger,7179,75917,141,234,1373,410,361,870,1513,1283,839,155,2011,2015
0205000,Badger,6976,77384,129,219,1192,248,391,992,1344,1226,969,266,2012,2016
0205000,Badger,6894,82734,131,165,1381,173,323,722,1490,1110,1151,248,2013,2017
0205000,Badger,6906,83153,184,152,1475,135,294,871,1322,1244,825,404,2014,2018
0205000,Badger,6726,81111,226,162,1538,233,206,792,1386,868,770,545,2015,2019
0205000,Badger,6805,92872,149,125,1619,174,141,965,1379,774,614,865,2016,2020
0205000,Badger,6417,89375,218,82,1580,175,124,921,1130,685,606,896,2017,2021
0205000,Badger,6552,87169,178,91,1284,209,297,760,1047,997,687,1002,2018,2022
0205000,Badger,6563,98042,116,45,1264,214,283,603,931,1113,831,1163,2019,2023
0205585,Bear Creek,665,78420,0,28,163,35,82,17,151,144,45,0,2007,2011
0205585,Bear Creek,599,73750,0,36,181,37,87,17,131,52,26,32,2008,2012
0205585,Bear Creek,629,81392,0,41,187,33,74,15,106,116,24,33,2009,2013
0205585,Bear Creek,788,82609,0,40,211,53,44,48,161,141,62,28,2010,2014
0205585,Bear Creek,635,81458,0,41,143,33,38,59,129,99,66,27,2011,2015
0205585,Bear Creek,531,82788,15,51,121,30,9,45,90,102,42,26,2012,2016
0205585,Bear Creek,584,64655,26,22,156,74,51,43,84,83,45,0,2013,2017
0205585,Bear Creek,597,66645,31,47,166,69,41,45,85,59,54,0,2014,2018
0205585,Bear Creek,473,,30,51,136,57,41,78,27,17,36,0,2015,2019
0205585,Bear Creek,481,62543,29,51,135,35,40,60,54,52,25,0,2016,2020
0205585,Bear Creek,557,63320,11,53,164,38,19,118,69,37,36,12,2017,2021
0205585,Bear Creek,461,70156,0,77,113,0,11,76,74,36,24,50,2018,2022
0205585,Bear Creek,570,93478,0,0,155,45,0,86,71,139,18,56,2019,2023
0205750,Beaver,31,20938,3,9,4,6,6,1,2,0,0,0,2007,2011
0205750,Beaver,34,24167,2,8,4,8,9,2,1,0,0,0,2008,2012
0205750,Beaver,38,22500,1,10,3,13,7,3,1,0,0,0,2009,2013
0205750,Beaver,38,23750,2,7,3,12,5,5,2,2,0,0,2010,2014
0205750,Beaver,28,24000,1,5,0,10,5,3,3,1,0,0,2011,2015
0205750,Beaver,26,24000,4,2,0,9,5,3,1,2,0,0,2012,2016
0205750,Beaver,28,20000,7,4,0,7,0,3,5,2,0,0,2013,2017
0205750,Beaver,22,,5,3,0,4,0,5,4,1,0,0,2014,2018
0205750,Beaver,29,,9,3,0,3,0,7,7,0,0,0,2015,2019
0205750,Beaver,47,27083,8,7,0,6,9,8,9,0,0,0,2016,2020
0205750,Beaver,43,33036,4,9,0,6,8,8,8,0,0,0,2017,2021
0205750,Beaver,41,36964,4,6,0,4,1,14,12,0,0,0,2018,2022
0205750,Beaver,39,50250,1,0,0,10,1,7,14,6,0,0,2019,2023
0206245,Beluga,43,66189,0,2,0,0,0,0,41,0,0,0,2007,2011
0206245,Beluga,53,66090,2,2,0,0,2,0,47,0,0,0,2008,2012
0206245,Beluga,7,13125,3,2,0,0,2,0,0,0,0,0,2009,2013
0206245,Beluga,5,13125,2,2,0,0,1,0,0,0,0,0,2010,2014
0206245,Beluga,6,,2,2,0,0,2,0,0,0,0,0,2011,2015
0206245,Beluga,5,,2,0,0,1,2,0,0,0,0,0,2012,2016
0206245,Beluga,2,,0,0,0,2,0,0,0,0,0,0,2013,2017
0206245,Beluga,4,,0,0,2,2,0,0,0,0,0,0,2014,2018
0206245,Beluga,5,,0,0,2,3,0,0,0,0,0,0,2015,2019
0206245,Beluga,5,,0,0,3,2,0,0,0,0,0,0,2016,2020
0206245,Beluga,3,,0,0,3,0,0,0,0,0,0,0,2017,2021
0206245,Beluga,4,,0,2,0,0,0,0,0,0,2,0,2018,2022
0206245,Beluga,5,,0,0,0,2,0,0,3,0,0,0,2019,2023
0206520,Bethel,1679,91302,77,52,369,75,151,123,249,194,255,134,2007,2011
0206520,Bethel,1762,90779,51,54,236,109,102,206,228,320,288,168,2008,2012
0206520,Bethel,1842,77500,77,43,224,129,109,228,315,332,223,162,2009,2013
0206520,Bethel,1918,78190,76,42,338,132,121,217,323,259,300,110,2010,2014
0206520,Bethel,1923,76135,54,42,361,112,113,261,350,309,253,68,2011,2015
0206520,Bethel,1927,77631,75,52,335,136,86,220,336,339,234,114,2012,2016
0206520,Bethel,1927,83438,103,56,422,124,62,174,287,324,278,97,2013,2017
0206520,Bethel,1946,89000,69,80,438,142,85,150,242,319,253,168,2014,2018
0206520,Bethel,1934,83367,57,107,392,122,120,167,304,249,245,171,2015,2019
0206520,Bethel,2026,86624,69,136,420,131,78,120,326,324,185,237,2016,2020
0206520,Bethel,1981,100168,46,115,460,91,86,94,287,268,292,242,2017,2021
0206520,Bethel,1937,100852,53,82,369,72,90,111,318,235,330,277,2018,2022
0206520,Bethel,1985,109718,46,80,407,67,78,138,244,219,416,290,2019,2023
0206630,Bettles,9,92188,0,0,4,0,1,0,0,4,0,0,2007,2011
0206630,Bettles,11,94583,0,0,5,0,2,0,0,4,0,0,2008,2012
0206630,Bettles,10,76250,0,0,0,2,2,0,0,6,0,0,2009,2013
0206630,Bettles,9,65417,0,0,0,2,2,0,3,2,0,0,2010,2014
0206630,Bettles,8,50000,0,0,0,2,2,0,2,2,0,0,2011,2015
0206630,Bettles,5,68125,0,0,0,2,0,0,2,1,0,0,2012,2016
0206630,Bettles,4,,0,0,0,2,0,0,2,0,0,0,2013,2017
0206630,Bettles,1,,0,0,0,0,0,0,1,0,0,0,2014,2018
0206630,Bettles,0,,0,0,0,0,0,0,0,0,0,0,2015,2019
0206630,Bettles,2,,0,0,0,2,0,0,0,0,0,0,2016,2020
0206630,Bettles,2,,0,0,0,2,0,0,0,0,0,0,2017,2021
0206630,Bettles,0,,0,0,0,0,0,0,0,0,0,0,2018,2022
0206630,Bettles,0,,0,0,0,0,0,0,0,0,0,0,2019,2023
0206850,Big Delta,183,49345,0,0,20,16,25,56,36,30,0,0,2007,2011
0206850,Big Delta,202,47500,0,0,19,27,27,57,44,28,0,0,2008,2012
0206850,Big Delta,194,57885,0,0,36,13,25,37,59,24,0,0,2009,2013
0206850,Big Delta,174,59773,0,0,23,9,25,43,27,29,18,0,2010,2014
0206850,Big Delta,164,65417,0,0,11,8,25,28,26,43,23,0,2011,2015
0206850,Big Delta,176,80250,0,0,33,26,5,20,27,42,23,0,2012,2016
0206850,Big Delta,196,80250,0,17,37,21,0,35,13,43,30,0,2013,2017
0206850,Big Delta,216,82727,12,13,38,24,9,35,0,53,32,0,2014,2018
0206850,Big Delta,236,71071,13,13,53,26,0,39,35,47,10,0,2015,2019
0206850,Big Delta,247,70956,16,12,50,30,14,29,33,53,10,0,2016,2020
0206850,Big Delta,182,75556,19,14,30,0,0,32,22,57,8,0,2017,2021
0206850,Big Delta,195,96125,22,4,51,0,0,24,11,63,20,0,2018,2022
0206850,Big Delta,150,101250,0,3,61,0,0,13,11,44,8,10,2019,2023
0207070,Big Lake,1334,56111,84,57,156,107,119,172,326,205,81,27,2007,2011
0207070,Big Lake,1350,61196,96,32,207,114,91,153,321,200,72,64,2008,2012
0207070,Big Lake,1376,63512,80,45,229,114,106,148,306,212,74,62,2009,2013
0207070,Big Lake,1351,66713,72,32,230,108,127,112,300,205,89,76,2010,2014
0207070,Big Lake,1304,70988,25,32,274,116,111,103,306,197,77,63,2011,2015
0207070,Big Lake,1252,68875,41,62,247,106,103,117,260,178,94,44,2012,2016
0207070,Big Lake,1117,65927,72,60,198,102,85,105,228,144,85,38,2013,2017
0207070,Big Lake,1116,58000,103,70,202,108,91,105,166,153,80,38,2014,2018
0207070,Big Lake,1060,54324,112,86,168,105,93,102,150,114,93,37,2015,2019
0207070,Big Lake,1040,53682,109,86,169,76,100,123,142,118,85,32,2016,2020
0207070,Big Lake,1224,57157,137,43,226,140,93,130,175,133,94,53,2017,2021
0207070,Big Lake,1343,77292,80,30,297,114,98,130,214,177,105,98,2018,2022
0207070,Big Lake,1335,76292,70,35,370,90,89,157,211,113,111,89,2019,2023
0207620,Birch Creek,10,23750,3,0,0,4,3,0,0,0,0,0,2007,2011
0207620,Birch Creek,11,25417,5,0,0,0,6,0,0,0,0,0,2008,2012
0207620,Birch Creek,9,4583,5,0,0,0,4,0,0,0,0,0,2009,2013
0207620,Birch Creek,9,4688,5,0,0,0,4,0,0,0,0,0,2010,2014
0207620,Birch Creek,1,,1,0,0,0,0,0,0,0,0,0,2011,2015
0207620,Birch Creek,3,,3,0,0,0,0,0,0,0,0,0,2012,2016
0207620,Birch Creek,1,,1,0,0,0,0,0,0,0,0,0,2013,2017
0207620,Birch Creek,2,,2,0,0,0,0,0,0,0,0,0,2014,2018
0207620,Birch Creek,4,,4,0,0,0,0,0,0,0,0,0,2015,2019
0207620,Birch Creek,4,,4,0,0,0,0,0,0,0,0,0,2016,2020
0207620,Birch Creek,3,,3,0,0,0,0,0,0,0,0,0,2017,2021
0207620,Birch Creek,3,,3,0,0,0,0,0,0,0,0,0,2018,2022
0207620,Birch Creek,5,,5,0,0,0,0,0,0,0,0,0,2019,2023
0208740,Brevig Mission,79,30625,7,6,0,17,18,16,4,11,0,0,2007,2011
0208740,Brevig Mission,83,34375,6,4,0,16,17,23,5,12,0,0,2008,2012
0208740,Brevig Mission,95,34125,10,7,0,8,26,25,11,8,0,0,2009,2013
0208740,Brevig Mission,96,32143,14,9,0,12,21,18,14,8,0,0,2010,2014
0208740,Brevig Mission,97,32344,13,9,2,12,18,21,16,6,0,0,2011,2015
0208740,Brevig Mission,91,33958,12,8,6,13,15,19,16,2,0,0,2012,2016
0208740,Brevig Mission,93,33750,10,10,8,15,14,12,20,4,0,0,2013,2017
0208740,Brevig Mission,96,40000,9,10,11,10,17,11,20,6,0,2,2014,2018
0208740,Brevig Mission,96,40000,9,7,10,15,12,14,18,7,2,2,2015,2019
0208740,Brevig Mission,127,42813,19,3,15,21,13,12,35,7,1,1,2016,2020
0208740,Brevig Mission,137,55078,18,2,13,18,9,19,42,13,2,1,2017,2021
0208740,Brevig Mission,129,58438,12,10,11,13,6,19,20,30,5,3,2018,2022
0208740,Brevig Mission,150,55000,13,11,3,20,8,23,22,32,14,4,2019,2023
0209600,Buckland,95,42188,5,13,10,14,9,18,21,0,5,0,2007,2011
0209600,Buckland,96,46250,2,11,11,4,15,23,20,7,3,0,2008,2012
0209600,Buckland,115,48281,6,9,11,5,19,24,20,17,4,0,2009,2013
0209600,Buckland,122,58750,6,8,14,9,21,12,27,21,4,0,2010,2014
0209600,Buckland,122,60357,8,7,18,8,16,15,25,20,5,0,2011,2015
0209600,Buckland,133,44750,7,5,17,13,23,22,27,13,5,1,2012,2016
0209600,Buckland,125,41932,7,2,19,17,22,22,14,15,5,2,2013,2017
0209600,Buckland,114,41591,7,3,9,18,18,20,16,8,11,4,2014,2018
0209600,Buckland,114,42500,8,1,11,20,13,30,15,3,8,5,2015,2019
0209600,Buckland,129,49063,5,1,14,15,18,30,23,6,9,8,2016,2020
0209600,Buckland,124,51923,10,3,12,3,20,16,30,10,10,10,2017,2021
0209600,Buckland,133,53819,9,6,10,4,6,27,38,10,11,12,2018,2022
0209600,Buckland,146,56136,10,4,12,11,4,24,48,12,6,15,2019,2023
0209657,Buffalo Soapstone,299,69125,3,4,46,28,38,49,36,53,22,20,2007,2011
0209657,Buffalo Soapstone,280,72292,9,3,46,20,25,44,40,42,27,24,2008,2012
0209657,Buffalo Soapstone,295,74107,20,3,46,22,18,50,37,46,32,21,2009,2013
0209657,Buffalo Soapstone,296,52273,16,4,50,21,30,67,48,30,21,9,2010,2014
0209657,Buffalo Soapstone,268,68333,13,4,49,16,18,52,43,43,24,6,2011,2015
0209657,Buffalo Soapstone,299,67321,14,4,47,28,7,44,76,46,27,6,2012,2016
0209657,Buffalo Soapstone,290,62115,10,4,38,31,11,40,76,47,30,3,2013,2017
0209657,Buffalo Soapstone,295,64313,11,8,31,29,10,43,71,56,25,11,2014,2018
0209657,Buffalo Soapstone,307,64727,15,16,28,27,6,33,86,53,26,17,2015,2019
0209657,Buffalo Soapstone,298,66442,20,15,24,20,9,30,80,61,16,23,2016,2020
0209657,Buffalo Soapstone,341,64107,33,4,65,28,12,35,82,37,17,28,2017,2021
0209657,Buffalo Soapstone,341,76563,23,8,66,24,8,31,69,47,34,31,2018,2022
0209657,Buffalo Soapstone,326,68750,28,21,49,21,8,43,57,32,52,15,2019,2023
0209710,Butte,1169,75446,48,17,272,65,85,128,239,179,69,67,2007,2011
0209710,Butte,1201,74750,44,16,262,60,92,157,233,190,77,70,2008,2012
0209710,Butte,1169,78750,35,33,268,55,81,172,183,191,84,67,2009,2013
0209710,Butte,1144,81500,34,30,273,58,65,150,189,190,92,63,2010,2014
0209710,Butte,1180,81875,35,28,307,64,70,146,194,188,81,67,2011,2015
0209710,Butte,1180,77750,41,20,269,74,76,144,224,170,72,90,2012,2016
0209710,Butte,1145,80563,36,18,245,98,70,135,193,160,81,109,2013,2017
0209710,Butte,1132,78571,33,10,225,111,62,114,205,164,114,94,2014,2018
0209710,Butte,1135,79583,44,10,228,82,83,110,205,155,115,103,2015,2019
0209710,Butte,1131,84375,29,9,215,80,75,100,222,144,151,106,2016,2020
0209710,Butte,1364,91471,27,7,297,62,107,112,237,200,165,150,2017,2021
0209710,Butte,1329,102171,19,19,322,47,64,112,177,210,173,186,2018,2022
0209710,Butte,1342,105625,29,32,318,34,62,120,189,173,169,216,2019,2023
0210150,Cantwell,76,53542,4,1,17,6,7,12,22,7,0,0,2007,2011
0210150,Cantwell,88,52500,0,2,12,9,14,13,23,13,2,0,2008,2012
0210150,Cantwell,93,53438,2,4,10,5,16,13,22,16,5,0,2009,2013
0210150,Cantwell,89,60417,2,4,12,6,11,13,17,17,7,0,2010,2014
0210150,Cantwell,92,56000,2,4,9,5,11,17,17,21,5,1,2011,2015
0210150,Cantwell,95,55313,4,1,14,15,11,14,12,17,6,1,2012,2016
0210150,Cantwell,89,58438,3,1,14,12,10,14,12,16,5,2,2013,2017
0210150,Cantwell,93,59750,4,0,18,14,11,11,13,15,5,2,2014,2018
0210150,Cantwell,88,58750,6,0,15,16,13,6,10,13,7,2,2015,2019
0210150,Cantwell,114,30500,6,0,13,48,15,11,6,11,4,0,2016,2020
0210150,Cantwell,78,34000,2,4,11,28,7,18,4,4,0,0,2017,2021
0210150,Cantwell,90,36500,3,4,6,31,4,19,16,7,0,0,2018,2022
0210150,Cantwell,80,41000,4,4,9,26,2,8,22,4,1,0,2019,2023
0211690,Central,67,31750,9,5,4,16,5,8,15,5,0,0,2007,2011
0211690,Central,53,31458,8,0,2,15,6,4,13,5,0,0,2008,2012
0211690,Central,57,45313,8,0,3,13,7,4,13,9,0,0,2009,2013
0211690,Central,45,34375,0,0,2,18,6,3,11,3,2,0,2010,2014
0211690,Central,35,,3,0,3,17,0,4,0,5,3,0,2011,2015
0211690,Central,31,21250,3,0,0,17,0,0,0,8,3,0,2012,2016
0211690,Central,39,,2,4,0,14,5,0,3,8,3,0,2013,2017
0211690,Central,32,,1,5,0,8,3,0,7,5,3,0,2014,2018
0211690,Central,30,,6,0,0,7,2,0,13,2,0,0,2015,2019
0211690,Central,28,16406,5,0,0,17,2,0,4,0,0,0,2016,2020
0211690,Central,46,16296,9,0,0,27,2,0,8,0,0,0,2017,2021
0211690,Central,56,16379,12,0,0,32,0,1,6,0,5,0,2018,2022
0211690,Central,51,19539,10,0,0,24,0,6,5,0,6,0,2019,2023
0211800,Chalkyitsik,22,34000,6,1,6,1,5,3,0,0,0,0,2007,2011
0211800,Chalkyitsik,20,32500,5,1,5,3,3,3,0,0,0,0,2008,2012
0211800,Chalkyitsik,20,38750,2,1,2,3,4,4,4,0,0,0,2009,2013
0211800,Chalkyitsik,30,34167,2,2,3,2,11,5,5,0,0,0,2010,2014
0211800,Chalkyitsik,35,29375,2,2,3,10,11,2,5,0,0,0,2011,2015
0211800,Chalkyitsik,38,32500,2,1,2,8,13,4,8,0,0,0,2012,2016
0211800,Chalkyitsik,38,28750,5,2,2,8,9,2,9,1,0,0,2013,2017
0211800,Chalkyitsik,37,25313,7,1,2,10,8,2,5,2,0,0,2014,2018
0211800,Chalkyitsik,32,21875,6,0,2,16,4,0,3,1,0,0,2015,2019
0211800,Chalkyitsik,40,,7,0,2,8,6,15,2,0,0,0,2016,2020
0211800,Chalkyitsik,36,28333,6,0,2,10,6,0,12,0,0,0,2017,2021
0211800,Chalkyitsik,31,31250,3,0,0,6,10,0,12,0,0,0,2018,2022
0211800,Chalkyitsik,38,45000,3,0,0,4,12,0,19,0,0,0,2019,2023
0212350,Chase,23,77054,0,0,9,0,0,0,0,14,0,0,2007,2011
0212350,Chase,14,,0,0,0,0,0,0,0,14,0,0,2008,2012
0212350,Chase,14,,0,0,0,0,0,0,0,14,0,0,2009,2013
0212350,Chase,22,,0,0,0,0,8,0,0,14,0,0,2010,2014
0212350,Chase,23,,0,0,0,0,8,0,0,15,0,0,2011,2015
0212350,Chase,8,,0,0,0,0,8,0,0,0,0,0,2012,2016
0212350,Chase,8,,0,0,0,0,8,0,0,0,0,0,2013,2017
0212350,Chase,9,,0,0,0,0,9,0,0,0,0,0,2014,2018
0212350,Chase,0,,0,0,0,0,0,0,0,0,0,0,2015,2019
0212350,Chase,0,,0,0,0,0,0,0,0,0,0,0,2016,2020
0212350,Chase,0,,0,0,0,0,0,0,0,0,0,0,2017,2021
0212350,Chase,13,,0,0,0,0,0,13,0,0,0,0,2018,2022
0212350,Chase,12,,0,0,0,0,0,0,12,0,0,0,2019,2023
0212680,Chefornak,72,39583,4,7,16,9,6,11,16,1,2,0,2007,2011
0212680,Chefornak,77,53438,5,2,17,10,10,9,16,5,3,0,2008,2012
0212680,Chefornak,83,51563,7,0,13,16,10,6,22,6,3,0,2009,2013
0212680,Chefornak,80,52500,3,0,6,11,16,9,25,4,6,0,2010,2014
0212680,Chefornak,88,55625,4,0,14,8,13,11,28,6,4,0,2011,2015
0212680,Chefornak,98,53333,4,2,14,9,11,18,32,7,1,0,2012,2016
0212680,Chefornak,77,53750,3,3,11,5,10,13,24,8,0,0,2013,2017
0212680,Chefornak,86,53750,4,5,10,7,6,17,23,12,2,0,2014,2018
0212680,Chefornak,83,52083,5,10,16,6,6,12,19,8,1,0,2015,2019
0212680,Chefornak,75,44375,5,8,14,6,13,8,15,5,1,0,2016,2020
0212680,Chefornak,67,34375,7,8,10,5,14,6,8,7,2,0,2017,2021
0212680,Chefornak,90,47500,5,6,14,2,20,12,14,8,9,0,2018,2022
0212680,Chefornak,108,46250,6,8,14,6,25,12,20,5,9,3,2019,2023
0212920,Chena Ridge,2079,87822,38,65,457,65,238,199,378,224,268,147,2007,2011
0212920,Chena Ridge,2141,83702,20,125,349,59,159,196,432,316,290,195,2008,2012
0212920,Chena Ridge,2226,90821,21,130,356,131,166,140,376,308,335,263,2009,2013
0212920,Chena Ridge,2127,81446,49,140,407,126,104,228,248,365,249,211,2010,2014
0212920,Chena Ridge,2241,93532,27,185,507,110,86,155,232,474,246,219,2011,2015
0212920,Chena Ridge,2339,92405,42,146,489,101,138,137,296,465,274,251,2012,2016
0212920,Chena Ridge,2470,97464,53,79,631,90,126,190,288,426,350,237,2013,2017
0212920,Chena Ridge,2313,96004,92,71,576,106,101,109,342,428,287,201,2014,2018
0212920,Chena Ridge,2393,100744,93,37,577,137,66,50,473,328,343,289,2015,2019
0212920,Chena Ridge,2401,96838,80,77,514,135,60,47,411,450,346,281,2016,2020
0212920,Chena Ridge,2204,114655,125,29,375,185,22,53,312,322,442,339,2017,2021
0212920,Chena Ridge,2157,106688,94,47,287,114,88,129,102,449,317,530,2018,2022
0212920,Chena Ridge,2290,140722,72,50,284,0,97,156,164,381,404,682,2019,2023
0212970,Chenega,29,49107,0,4,0,0,0,13,7,0,5,0,2007,2011
0212970,Chenega,28,45833,3,10,0,0,0,7,8,0,0,0,2008,2012
0212970,Chenega,28,47813,5,6,0,0,0,10,5,2,0,0,2009,2013
0212970,Chenega,25,36250,5,5,0,2,0,1,8,4,0,0,2010,2014
0212970,Chenega,24,,6,3,0,3,0,2,7,3,0,0,2011,2015
0212970,Chenega,18,13333,6,5,2,2,0,1,0,2,0,0,2012,2016
0212970,Chenega,10,83750,0,0,4,3,0,1,0,2,0,0,2013,2017
0212970,Chenega,14,,0,0,1,3,1,3,1,5,0,0,2014,2018
0212970,Chenega,13,74375,0,0,1,1,1,2,3,4,1,0,2015,2019
0212970,Chenega,13,73125,0,0,1,1,2,2,3,3,1,0,2016,2020
0212970,Chenega,14,75833,0,0,2,1,0,3,2,5,1,0,2017,2021
0212970,Chenega,22,58750,0,0,2,2,0,8,2,6,0,2,2018,2022
0212970,Chenega,16,,0,0,2,2,0,0,0,6,3,3,2019,2023
0213230,Chevak,182,33269,19,5,5,46,30,24,37,16,0,0,2007,2011
0213230,Chevak,184,37500,7,4,8,48,27,36,37,17,0,0,2008,2012
0213230,Chevak,203,40096,10,4,15,43,35,33,40,17,6,0,2009,2013
0213230,Chevak,199,41719,17,7,19,27,37,35,35,18,4,0,2010,2014
0213230,Chevak,208,41136,19,8,16,22,43,35,44,18,3,0,2011,2015
0213230,Chevak,241,41417,29,8,22,20,37,60,43,20,2,0,2012,2016
0213230,Chevak,253,40855,29,11,25,21,40,63,35,24,5,0,2013,2017
0213230,Chevak,215,38250,36,9,18,22,33,46,35,14,2,0,2014,2018
0213230,Chevak,181,40625,27,8,13,19,19,49,26,18,2,0,2015,2019
0213230,Chevak,140,41667,24,7,18,17,10,35,19,7,3,0,2016,2020
0213230,Chevak,134,37813,19,5,25,24,18,14,16,3,4,6,2017,2021
0213230,Chevak,60,,11,0,10,10,14,0,0,7,0,8,2018,2022
0213230,Chevak,104,,7,0,15,11,33,6,10,14,0,8,2019,2023
0213340,Chickaloon,90,56944,12,0,33,18,4,4,19,0,0,0,2007,2011
0213340,Chickaloon,92,59722,3,0,29,22,10,3,19,3,3,0,2008,2012
0213340,Chickaloon,106,58750,3,3,30,24,14,3,19,7,3,0,2009,2013
0213340,Chickaloon,100,51250,5,7,19,21,12,4,10,16,6,0,2010,2014
0213340,Chickaloon,119,40893,7,7,25,21,19,10,6,15,9,0,2011,2015
0213340,Chickaloon,111,41406,7,7,17,14,21,13,4,19,9,0,2012,2016
0213340,Chickaloon,104,68125,4,9,22,6,17,14,8,17,7,0,2013,2017
0213340,Chickaloon,100,69444,3,5,20,3,17,15,9,14,14,0,2014,2018
0213340,Chickaloon,96,47500,4,5,19,4,18,22,3,10,11,0,2015,2019
0213340,Chickaloon,98,46667,0,3,19,16,19,16,10,11,4,0,2016,2020
0213340,Chickaloon,113,46719,0,5,10,21,11,26,18,12,10,0,2017,2021
0213340,Chickaloon,120,51875,0,4,11,24,7,19,32,6,17,0,2018,2022
0213340,Chickaloon,131,46042,0,4,12,15,19,31,37,1,12,0,2019,2023
0213450,Chicken,0,,0,0,0,0,0,0,0,0,0,0,2007,2011
0213450,Chicken,0,,0,0,0,0,0,0,0,0,0,0,2008,2012
0213450,Chicken,0,,0,0,0,0,0,0,0,0,0,0,2009,2013
0213450,Chicken,0,,0,0,0,0,0,0,0,0,0,0,2010,2014
0213450,Chicken,0,,0,0,0,0,0,0,0,0,0,0,2011,2015
0213450,Chicken,0,,0,0,0,0,0,0,0,0,0,0,2012,2016
0213450,Chicken,6,,0,0,0,0,0,0,0,6,0,0,2013,2017
0213450,Chicken,7,,0,0,0,0,0,0,0,7,0,0,2014,2018
0213450,Chicken,7,,0,0,0,0,0,0,0,7,0,0,2015,2019
0213450,Chicken,7,,0,0,0,0,0,0,0,7,0,0,2016,2020
0213450,Chicken,7,,0,0,7,0,0,0,0,0,0,0,2017,2021
0213450,Chicken,0,,0,0,0,0,0,0,0,0,0,0,2018,2022
0213450,Chicken,0,,0,0,0,0,0,0,0,0,0,0,2019,2023
0213550,Chignik,44,75833,4,0,12,0,3,11,3,6,4,1,2007,2011
0213550,Chignik,36,97500,4,0,12,0,0,8,0,6,5,1,2008,2012
0213550,Chignik,31,95625,3,0,7,1,0,7,0,6,5,2,2009,2013
0213550,Chignik,26,81250,0,0,8,1,1,5,4,6,0,1,2010,2014
0213550,Chignik,24,96250,0,0,9,3,1,3,4,2,0,2,2011,2015
0213550,Chignik,14,46250,0,0,2,2,2,4,3,1,0,0,2012,2016
0213550,Chignik,15,48750,0,0,1,2,2,4,4,2,0,0,2013,2017
0213550,Chignik,25,44750,0,0,1,2,3,10,7,2,0,0,2014,2018
0213550,Chignik,18,43750,0,0,2,2,1,9,1,3,0,0,2015,2019
0213550,Chignik,16,58750,0,0,1,0,1,7,5,2,0,0,2016,2020
0213550,Chignik,18,75417,0,0,0,0,0,8,0,8,2,0,2017,2021
0213550,Chignik,21,80469,0,0,2,0,0,9,0,10,0,0,2018,2022
0213550,Chignik,12,94167,0,0,2,0,0,4,0,3,3,0,2019,2023
0213670,Chignik Lagoon,31,118125,0,0,10,3,8,0,0,0,6,4,2007,2011
0213670,Chignik Lagoon,31,138542,0,0,9,4,6,0,0,0,7,5,2008,2012
0213670,Chignik Lagoon,28,123750,0,0,10,2,7,0,0,1,3,5,2009,2013
0213670,Chignik Lagoon,26,81250,0,0,8,2,6,2,0,6,1,1,2010,2014
0213670,Chignik Lagoon,29,93438,0,0,6,2,3,3,0,9,3,3,2011,2015
0213670,Chignik Lagoon,25,81250,1,0,3,2,0,4,2,9,2,2,2012,2016
0213670,Chignik Lagoon,26,86250,2,1,2,1,0,3,2,8,4,3,2013,2017
0213670,Chignik Lagoon,26,71250,2,1,2,2,0,7,1,4,5,2,2014,2018
0213670,Chignik Lagoon,25,85417,4,1,5,2,0,4,1,3,4,1,2015,2019
0213670,Chignik Lagoon,13,45625,3,2,2,0,0,3,2,1,0,0,2016,2020
0213670,Chignik Lagoon,11,44375,2,2,2,0,0,4,0,1,0,0,2017,2021
0213670,Chignik Lagoon,14,65833,0,0,0,0,0,3,6,1,4,0,2018,2022
0213670,Chignik Lagoon,12,68333,0,0,0,0,0,2,6,1,3,0,2019,2023
0213780,Chignik Lake,36,63000,10,0,6,0,3,0,11,6,0,0,2007,2011
0213780,Chignik Lake,24,66667,1,0,2,0,3,0,10,8,0,0,2008,2012
0213780,Chignik Lake,21,68125,3,0,4,0,3,1,5,5,0,0,2009,2013
0213780,Chignik Lake,25,41875,3,0,3,5,3,3,6,2,0,0,2010,2014
0213780,Chignik Lake,30,45000,5,0,2,4,0,7,9,3,0,0,2011,2015
0213780,Chignik Lake,31,36750,3,0,3,6,3,8,4,4,0,0,2012,2016
0213780,Chignik Lake,24,30000,3,1,1,4,7,6,1,1,0,0,2013,2017
0213780,Chignik Lake,23,32083,2,1,2,5,6,4,2,1,0,0,2014,2018
0213780,Chignik Lake,23,34063,3,1,2,3,6,4,4,0,0,0,2015,2019
0213780,Chignik Lake,20,33333,0,1,1,3,8,3,4,0,0,0,2016,2020
0213780,Chignik Lake,17,34750,0,2,0,2,5,0,8,0,0,0,2017,2021
0213780,Chignik Lake,11,53750,0,0,0,2,0,3,3,3,0,0,2018,2022
0213780,Chignik Lake,12,,0,0,0,3,0,3,4,2,0,0,2019,2023
0213860,Chiniak,22,24333,0,0,0,15,0,0,7,0,0,0,2007,2011
0213860,Chiniak,23,24297,0,0,0,16,0,0,0,7,0,0,2008,2012
0213860,Chiniak,7,,0,0,0,0,0,0,0,7,0,0,2009,2013
0213860,Chiniak,8,,0,0,0,0,0,0,0,8,0,0,2010,2014
0213860,Chiniak,14,,0,0,0,0,0,0,0,14,0,0,2011,2015
0213860,Chiniak,0,,0,0,0,0,0,0,0,0,0,0,2012,2016
0213860,Chiniak,0,,0,0,0,0,0,0,0,0,0,0,2013,2017
0213860,Chiniak,0,,0,0,0,0,0,0,0,0,0,0,2014,2018
0213860,Chiniak,0,,0,0,0,0,0,0,0,0,0,0,2015,2019
0213860,Chiniak,0,,0,0,0,0,0,0,0,0,0,0,2016,2020
0213860,Chiniak,0,,0,0,0,0,0,0,0,0,0,0,2017,2021
0213860,Chiniak,0,,0,0,0,0,0,0,0,0,0,0,2018,2022
0213860,Chiniak,0,,0,0,0,0,0,0,0,0,0,0,2019,2023
0213890,Chisana,0,,0,0,0,0,0,0,0,0,0,0,2007,2011
0213890,Chisana,0,,0,0,0,0,0,0,0,0,0,0,2008,2012
0213890,Chisana,0,,0,0,0,0,0,0,0,0,0,0,2009,2013
0213890,Chisana,0,,0,0,0,0,0,0,0,0,0,0,2010,2014
0213890,Chisana,0,,0,0,0,0,0,0,0,0,0,0,2011,2015
0213890,Chisana,0,,0,0,0,0,0,0,0,0,0,0,2012,2016
0213890,Chisana,0,,0,0,0,0,0,0,0,0,0,0,2013,2017
0213890,Chisana,0,,0,0,0,0,0,0,0,0,0,0,2014,2018
0213890,Chisana,0,,0,0,0,0,0,0,0,0,0,0,2015,2019
0213890,Chisana,0,,0,0,0,0,0,0,0,0,0,0,2016,2020
0213890,Chisana,0,,0,0,0,0,0,0,0,0,0,0,2017,2021
0213890,Chisana,0,,0,0,0,0,0,0,0,0,0,0,2018,2022
0213890,Chisana,0,,0,0,0,0,0,0,0,0,0,0,2019,2023
0214000,Chistochina,72,24783,5,6,0,27,0,15,7,12,0,0,2007,2011
0214000,Chistochina,57,24653,1,2,0,28,0,5,11,10,0,0,2008,2012
0214000,Chistochina,46,24219,2,1,0,25,0,0,8,10,0,0,2009,2013
0214000,Chistochina,43,26354,3,6,0,6,12,0,3,12,1,0,2010,2014
0214000,Chistochina,17,,2,6,0,2,0,0,2,3,2,0,2011,2015
0214000,Chistochina,16,,0,5,0,2,0,0,4,1,4,0,2012,2016
0214000,Chistochina,23,,0,5,0,4,4,0,3,2,5,0,2013,2017
0214000,Chistochina,19,,0,3,0,4,2,0,3,2,5,0,2014,2018
0214000,Chistochina,14,53750,0,0,0,4,2,0,2,3,3,0,2015,2019
0214000,Chistochina,22,115278,0,0,9,5,3,0,2,0,3,0,2016,2020
0214000,Chistochina,21,,0,3,8,4,2,2,2,0,0,0,2017,2021
0214000,Chistochina,26,,0,3,10,6,0,2,2,3,0,0,2018,2022
0214000,Chistochina,30,,2,4,13,6,0,2,0,2,0,1,2019,2023
0214110,Chitina,58,16964,5,13,0,14,5,8,9,0,4,0,2007,2011
0214110,Chitina,53,31250,7,0,0,15,6,10,13,0,0,2,2008,2012
0214110,Chitina,29,33750,6,0,0,1,8,9,3,0,0,2,2009,2013
0214110,Chitina,32,37500,1,6,0,1,6,13,0,3,0,2,2010,2014
0214110,Chitina,38,,2,16,0,2,6,7,0,4,0,1,2011,2015
0214110,Chitina,39,,3,19,0,0,2,9,0,4,0,2,2012,2016
0214110,Chitina,41,,0,26,2,0,0,10,1,2,0,0,2013,2017
0214110,Chitina,42,16400,0,7,2,25,0,5,1,2,0,0,2014,2018
0214110,Chitina,12,,2,5,2,0,2,0,1,0,0,0,2015,2019
0214110,Chitina,28,,8,7,3,0,3,0,4,0,0,3,2016,2020
0214110,Chitina,36,,6,4,3,4,3,0,6,7,0,3,2017,2021
0214110,Chitina,45,,18,1,8,5,3,4,3,0,0,3,2018,2022
0214110,Chitina,47,20417,18,1,4,10,3,4,4,0,0,3,2019,2023
0214330,Chuathbaluk,26,60833,0,3,2,1,0,1,15,4,0,0,2007,2011
0214330,Chuathbaluk,33,60179,2,4,2,3,0,2,16,4,0,0,2008,2012
0214330,Chuathbaluk,29,60893,4,1,2,2,0,2,11,7,0,0,2009,2013
0214330,Chuathbaluk,31,52708,4,3,2,4,0,3,12,3,0,0,2010,2014
0214330,Chuathbaluk,31,43750,5,2,4,4,0,8,8,0,0,0,2011,2015
0214330,Chuathbaluk,29,35417,7,3,1,4,0,8,6,0,0,0,2012,2016
0214330,Chuathbaluk,30,38750,7,1,2,3,2,10,5,0,0,0,2013,2017
0214330,Chuathbaluk,34,38750,6,1,1,6,2,11,7,0,0,0,2014,2018
0214330,Chuathbaluk,32,35000,6,0,2,6,4,8,6,0,0,0,2015,2019
0214330,Chuathbaluk,28,30000,4,0,1,8,4,4,7,0,0,0,2016,2020
0214330,Chuathbaluk,29,21875,3,0,3,12,6,3,2,0,0,0,2017,2021
0214330,Chuathbaluk,30,23750,5,0,3,13,5,1,2,1,0,0,2018,2022
0214330,Chuathbaluk,34,30833,3,0,6,9,12,1,0,3,0,0,2019,2023
0214880,Circle,22,17500,0,7,0,8,3,0,4,0,0,0,2007,2011
0214880,Circle,28,20000,3,5,0,9,6,0,1,0,4,0,2008,2012
0214880,Circle,37,17361,3,7,0,14,7,0,2,0,4,0,2009,2013
0214880,Circle,36,19375,4,7,0,10,6,3,1,0,5,0,2010,2014
0214880,Circle,45,17125,6,8,3,15,2,5,2,0,4,0,2011,2015
0214880,Circle,38,16667,8,7,2,10,2,5,1,0,1,2,2012,2016
0214880,Circle,39,16806,6,7,0,11,6,7,0,0,2,0,2013,2017
0214880,Circle,25,,5,5,0,3,3,6,0,0,3,0,2014,2018
0214880,Circle,21,33750,2,5,0,0,5,3,1,2,3,0,2015,2019
0214880,Circle,17,27188,3,2,0,0,4,6,0,2,0,0,2016,2020
0214880,Circle,17,26875,2,2,0,3,2,4,2,2,0,0,2017,2021
0214880,Circle,29,18750,0,8,3,10,5,3,0,0,0,0,2018,2022
0214880,Circle,30,32500,0,4,6,6,10,4,0,0,0,0,2019,2023
0215320,Clam Gulch,48,35909,0,0,6,15,5,16,0,0,6,0,2007,2011
0215320,Clam Gulch,69,36442,0,4,9,18,5,19,3,5,6,0,2008,2012
0215320,Clam Gulch,59,28750,4,4,9,19,5,4,3,5,6,0,2009,2013
0215320,Clam Gulch,63,41563,7,4,7,10,8,7,3,12,5,0,2010,2014
0215320,Clam Gulch,66,,7,4,8,14,4,7,3,12,7,0,2011,2015
0215320,Clam Gulch,89,39769,5,3,0,9,3,34,6,10,19,0,2012,2016
0215320,Clam Gulch,91,41336,10,0,0,6,8,35,6,8,18,0,2013,2017
0215320,Clam Gulch,96,41833,7,3,0,6,7,33,10,11,19,0,2014,2018
0215320,Clam Gulch,90,41563,4,6,0,4,7,36,4,13,12,4,2015,2019
0215320,Clam Gulch,101,44556,4,6,0,0,8,38,5,26,10,4,2016,2020
0215320,Clam Gulch,78,,4,9,10,0,6,16,9,14,5,5,2017,2021
0215320,Clam Gulch,97,90156,5,8,27,9,0,9,10,24,0,5,2018,2022
0215320,Clam Gulch,110,91250,4,8,37,4,0,16,17,20,0,4,2019,2023
0215430,Clark's Point,20,22500,3,3,0,4,4,3,0,3,0,0,2007,2011
0215430,Clark's Point,23,31250,2,2,0,4,7,3,0,5,0,0,2008,2012
0215430,Clark's Point,25,21875,3,5,0,5,8,3,0,1,0,0,2009,2013
0215430,Clark's Point,19,25625,2,2,0,5,4,4,1,1,0,0,2010,2014
0215430,Clark's Point,16,25833,2,1,0,4,5,2,1,1,0,0,2011,2015
0215430,Clark's Point,15,21875,2,1,0,5,4,2,1,0,0,0,2012,2016
0215430,Clark's Point,17,,4,1,0,4,2,3,3,0,0,0,2013,2017
0215430,Clark's Point,17,18750,5,0,0,5,2,2,3,0,0,0,2014,2018
0215430,Clark's Point,17,16875,7,0,0,4,2,1,3,0,0,0,2015,2019
0215430,Clark's Point,14,18000,4,0,0,7,0,1,1,1,0,0,2016,2020
0215430,Clark's Point,18,21000,4,0,0,8,2,0,2,2,0,0,2017,2021
0215430,Clark's Point,10,23333,2,0,0,5,0,1,0,2,0,0,2018,2022
0215430,Clark's Point,7,,0,0,2,2,0,2,0,1,0,0,2019,2023
0216360,Coffman Cove,51,24250,4,0,0,23,2,13,5,4,0,0,2007,2011
0216360,Coffman Cove,62,22250,11,7,0,17,4,15,8,0,0,0,2008,2012
0216360,Coffman Cove,74,31250,10,0,0,22,6,11,10,15,0,0,2009,2013
0216360,Coffman Cove,78,41250,8,0,4,20,5,11,8,22,0,0,2010,2014
0216360,Coffman Cove,78,41786,9,0,4,10,11,13,12,19,0,0,2011,2015
0216360,Coffman Cove,91,52083,12,0,4,12,14,5,24,20,0,0,2012,2016
0216360,Coffman Cove,75,63375,0,0,11,7,9,10,20,18,0,0,2013,2017
0216360,Coffman Cove,65,56250,0,5,7,7,6,10,24,0,6,0,2014,2018
0216360,Coffman Cove,71,51719,0,11,5,7,2,10,29,0,7,0,2015,2019
0216360,Coffman Cove,89,58750,0,9,5,10,2,10,26,2,25,0,2016,2020
0216360,Coffman Cove,84,,0,5,0,10,7,13,18,0,31,0,2017,2021
0216360,Coffman Cove,82,63750,0,7,0,6,6,7,26,0,28,2,2018,2022
0216360,Coffman Cove,103,60417,0,10,3,6,10,14,28,3,23,6,2019,2023
0216420,Cohoe,548,56389,57,39,75,51,47,40,112,96,16,15,2007,2011
0216420,Cohoe,565,60156,43,35,60,54,56,39,117,116,28,17,2008,2012
0216420,Cohoe,600,58958,55,51,47,61,44,44,133,113,28,24,2009,2013
0216420,Cohoe,597,52679,56,48,45,81,57,42,125,93,22,28,2010,2014
0216420,Cohoe,589,57228,46,39,71,72,38,51,120,85,29,38,2011,2015
0216420,Cohoe,568,63929,40,32,61,60,35,47,130,107,30,26,2012,2016
0216420,Cohoe,551,63984,40,24,77,63,47,41,125,95,23,16,2013,2017
0216420,Cohoe,547,64911,34,29,78,50,49,53,99,118,23,14,2014,2018
0216420,Cohoe,541,69219,26,27,80,56,35,45,105,118,31,18,2015,2019
0216420,Cohoe,572,68182,26,36,55,68,23,56,117,137,39,15,2016,2020
0216420,Cohoe,615,56875,33,43,68,81,40,67,117,88,43,35,2017,2021
0216420,Cohoe,616,60341,42,21,56,67,69,72,91,101,38,59,2018,2022
0216420,Cohoe,650,59000,41,16,60,90,64,85,81,83,37,93,2019,2023
0216530,Cold Bay,14,48333,3,0,1,0,0,6,3,0,1,0,2007,2011
0216530,Cold Bay,22,52000,3,0,2,0,1,3,8,2,3,0,2008,2012
0216530,Cold Bay,31,54688,3,0,5,0,2,4,10,4,3,0,2009,2013
0216530,Cold Bay,25,63750,4,0,10,0,2,0,7,2,0,0,2010,2014
0216530,Cold Bay,24,86250,0,0,11,0,2,0,7,4,0,0,2011,2015
0216530,Cold Bay,32,70000,0,0,10,0,2,4,10,6,0,0,2012,2016
0216530,Cold Bay,28,81250,0,0,10,0,2,1,7,5,3,0,2013,2017
0216530,Cold Bay,27,79063,0,0,12,0,5,1,5,4,0,0,2014,2018
0216530,Cold Bay,33,100313,0,0,17,0,5,1,3,7,0,0,2015,2019
0216530,Cold Bay,86,120667,0,0,65,0,5,2,3,11,0,0,2016,2020
0216530,Cold Bay,58,125227,0,0,42,0,0,2,6,8,0,0,2017,2021
0216530,Cold Bay,75,117969,0,0,51,0,0,5,7,3,9,0,2018,2022
0216530,Cold Bay,80,112273,0,0,60,0,0,4,14,2,0,0,2019,2023
0216630,Coldfoot,0,,0,0,0,0,0,0,0,0,0,0,2007,2011
0216630,Coldfoot,0,,0,0,0,0,0,0,0,0,0,0,2008,2012
0216630,Coldfoot,0,,0,0,0,0,0,0,0,0,0,0,2009,2013
0216630,Coldfoot,0,,0,0,0,0,0,0,0,0,0,0,2010,2014
0216630,Coldfoot,0,,0,0,0,0,0,0,0,0,0,0,2011,2015
0216630,Coldfoot,0,,0,0,0,0,0,0,0,0,0,0,2012,2016
0216630,Coldfoot,0,,0,0,0,0,0,0,0,0,0,0,2013,2017
0216630,Coldfoot,0,,0,0,0,0,0,0,0,0,0,0,2014,2018
0216630,Coldfoot,0,,0,0,0,0,0,0,0,0,0,0,2015,2019
0216630,Coldfoot,0,,0,0,0,0,0,0,0,0,0,0,2016,2020
0216630,Coldfoot,0,,0,0,0,0,0,0,0,0,0,0,2017,2021
0216630,Coldfoot,0,,0,0,0,0,0,0,0,0,0,0,2018,2022
0216630,Coldfoot,0,,0,0,0,0,0,0,0,0,0,0,2019,2023
0216750,College,5055,72602,269,289,1217,423,270,493,866,692,346,190,2007,2011
0216750,College,4936,71667,291,254,1251,422,252,502,840,606,343,175,2008,2012
0216750,College,4902,68627,282,189,1092,431,274,618,856,611,370,179,2009,2013
0216750,College,4961,75871,195,144,1105,384,233,678,827,669,462,264,2010,2014
0216750,College,4921,73812,200,151,883,337,173,688,969,694,513,313,2011,2015
0216750,College,4600,86796,137,118,854,185,203,619,783,788,586,327,2012,2016
0216750,College,5017,77341,210,122,793,149,300,750,794,945,551,403,2013,2017
0216750,College,5003,89072,197,109,963,199,292,548,803,817,582,493,2014,2018
0216750,College,4911,80561,290,78,829,193,302,516,894,829,504,476,2015,2019
0216750,College,4738,69724,286,22,703,228,364,577,996,658,562,342,2016,2020
0216750,College,4548,70319,349,25,641,301,334,541,926,507,471,453,2017,2021
0216750,College,4769,76052,245,70,506,374,224,439,974,631,596,710,2018,2022
0216750,College,4677,76831,189,55,442,374,218,552,867,693,484,803,2019,2023
0217190,Cooper Landing,216,116147,0,0,158,10,0,15,28,5,0,0,2007,2011
0217190,Cooper Landing,122,119306,0,0,74,12,0,18,13,5,0,0,2008,2012
0217190,Cooper Landing,110,60357,0,13,40,21,0,19,14,3,0,0,2009,2013
0217190,Cooper Landing,161,79013,0,13,52,19,0,24,13,23,0,17,2010,2014
0217190,Cooper Landing,191,64301,7,12,33,18,0,23,45,36,0,17,2011,2015
0217190,Cooper Landing,182,66167,7,11,33,24,17,4,36,34,0,16,2012,2016
0217190,Cooper Landing,229,66801,8,11,50,28,17,4,56,38,0,17,2013,2017
0217190,Cooper Landing,203,82734,8,0,61,10,16,4,62,34,0,8,2014,2018
0217190,Cooper Landing,156,69242,6,0,62,10,15,0,63,0,0,0,2015,2019
0217190,Cooper Landing,85,61875,0,0,34,9,15,0,27,0,0,0,2016,2020
0217190,Cooper Landing,85,109107,0,0,42,6,0,0,16,7,0,14,2017,2021
0217190,Cooper Landing,60,148021,0,0,41,0,0,0,0,8,0,11,2018,2022
0217190,Cooper Landing,114,140500,0,0,30,0,0,0,41,10,22,11,2019,2023
0217300,Copper Center,117,44792,16,6,23,11,16,10,13,21,1,0,2007,2011
0217300,Copper Center,125,59375,16,7,32,15,12,7,15,18,3,0,2008,2012
0217300,Copper Center,123,42917,10,14,26,18,13,9,15,16,2,0,2009,2013
0217300,Copper Center,120,30000,17,12,11,20,12,15,14,17,2,0,2010,2014
0217300,Copper Center,113,39063,18,9,16,20,7,12,9,16,6,0,2011,2015
0217300,Copper Center,91,43125,8,9,13,12,12,10,11,15,1,0,2012,2016
0217300,Copper Center,91,47917,15,11,15,5,9,8,5,19,2,2,2013,2017
0217300,Copper Center,77,43125,11,6,8,3,16,6,11,11,2,3,2014,2018
0217300,Copper Center,67,69063,9,0,18,2,6,11,8,6,3,4,2015,2019
0217300,Copper Center,91,61250,11,7,20,5,6,14,9,11,4,4,2016,2020
0217300,Copper Center,97,57917,6,0,17,20,8,7,20,15,0,4,2017,2021
0217300,Copper Center,112,65556,0,0,15,25,4,14,24,19,4,7,2018,2022
0217300,Copper Center,122,61250,0,2,19,31,8,14,25,14,6,3,2019,2023
0217410,Cordova,832,79750,0,9,136,91,49,88,160,149,96,54,2007,2011
0217410,Cordova,873,91477,4,10,153,95,58,62,159,142,118,72,2008,2012
0217410,Cordova,830,96875,12,9,160,63,10,71,127,160,146,72,2009,2013
0217410,Cordova,840,93750,50,19,181,44,9,43,85,214,138,57,2010,2014
0217410,Cordova,864,85833,41,10,191,26,19,36,128,207,132,74,2011,2015
0217410,Cordova,977,107771,42,6,245,6,22,32,107,224,249,44,2012,2016
0217410,Cordova,1034,95227,24,7,250,11,54,37,169,225,185,72,2013,2017
0217410,Cordova,1002,85970,15,43,204,2,77,59,225,190,115,72,2014,2018
0217410,Cordova,817,94625,0,33,194,6,33,49,206,102,75,119,2015,2019
0217410,Cordova,663,91442,0,19,174,6,15,41,164,101,63,80,2016,2020
0217410,Cordova,818,77667,0,69,170,3,28,62,245,82,34,125,2017,2021
0217410,Cordova,883,79526,0,60,177,2,48,43,260,122,86,85,2018,2022
0217410,Cordova,861,88538,0,0,187,30,46,49,216,150,105,78,2019,2023
0217670,Covenant Life,25,170096,0,0,0,12,0,0,0,0,13,0,2007,2011
0217670,Covenant Life,34,31042,0,0,0,12,12,0,0,0,10,0,2008,2012
0217670,Covenant Life,32,34286,0,0,0,0,18,0,0,0,14,0,2009,2013
0217670,Covenant Life,43,32337,0,0,0,0,23,6,0,0,14,0,2010,2014
0217670,Covenant Life,48,31875,0,0,0,0,32,16,0,0,0,0,2011,2015
0217670,Covenant Life,88,34049,0,0,0,0,71,17,0,0,0,0,2012,2016
0217670,Covenant Life,23,,0,0,0,0,0,23,0,0,0,0,2013,2017
0217670,Covenant Life,21,,0,0,0,8,0,0,13,0,0,0,2014,2018
0217670,Covenant Life,23,,0,0,0,8,0,0,15,0,0,0,2015,2019
0217670,Covenant Life,9,,0,0,0,9,0,0,0,0,0,0,2016,2020
0217670,Covenant Life,9,,0,0,0,9,0,0,0,0,0,0,2017,2021
0217670,Covenant Life,16,,0,0,7,0,9,0,0,0,0,0,2018,2022
0217670,Covenant Life,8,,0,0,8,0,0,0,0,0,0,0,2019,2023
0217740,Craig,509,58164,12,22,94,41,83,66,75,79,16,21,2007,2011
0217740,Craig,517,58015,11,24,98,55,96,52,57,85,27,12,2008,2012
0217740,Craig,504,59643,10,21,84,49,81,52,88,83,26,10,2009,2013
0217740,Craig,486,61607,20,22,90,47,72,53,59,87,22,14,2010,2014
0217740,Craig,451,63229,18,5,100,50,53,63,66,62,26,8,2011,2015
0217740,Craig,472,62500,16,15,95,55,44,55,88,63,27,14,2012,2016
0217740,Craig,480,62826,11,20,89,44,47,67,100,55,26,21,2013,2017
0217740,Craig,476,64853,17,17,74,40,46,63,86,67,40,26,2014,2018
0217740,Craig,476,63438,14,22,69,46,48,66,89,65,31,26,2015,2019
0217740,Craig,504,64444,7,22,87,43,39,90,99,61,24,32,2016,2020
0217740,Craig,491,61875,10,19,94,41,37,65,116,61,23,25,2017,2021
0217740,Craig,489,66146,17,15,97,35,31,69,97,61,38,29,2018,2022
0217740,Craig,485,67788,17,13,94,33,35,53,116,67,29,28,2019,2023
0217850,Crooked Creek,37,29688,0,9,7,6,6,6,2,1,0,0,2007,2011
0217850,Crooked Creek,33,31750,0,7,4,6,5,6,3,2,0,0,2008,2012
0217850,Crooked Creek,28,35000,1,5,3,3,5,5,3,3,0,0,2009,2013
0217850,Crooked Creek,23,38750,1,4,2,4,2,4,3,3,0,0,2010,2014
0217850,Crooked Creek,31,31250,2,6,1,7,2,2,7,4,0,0,2011,2015
0217850,Crooked Creek,23,,4,2,2,3,2,1,4,5,0,0,2012,2016
0217850,Crooked Creek,33,31250,6,3,2,7,3,2,4,6,0,0,2013,2017
0217850,Crooked Creek,31,35625,5,2,3,6,2,2,5,6,0,0,2014,2018
0217850,Crooked Creek,28,26250,8,0,0,6,2,2,5,5,0,0,2015,2019
0217850,Crooked Creek,20,,7,0,0,4,3,2,1,3,0,0,2016,2020
0217850,Crooked Creek,20,27500,4,0,0,6,3,3,2,2,0,0,2017,2021
0217850,Crooked Creek,11,26875,4,0,0,0,3,3,0,1,0,0,2018,2022
0217850,Crooked Creek,9,,0,3,0,0,1,2,0,3,0,0,2019,2023
0217960,Crown Point,7,,0,0,0,0,0,0,7,0,0,0,2007,2011
0217960,Crown Point,15,75417,0,0,0,6,0,0,0,9,0,0,2008,2012
0217960,Crown Point,35,56513,0,0,0,6,0,0,19,10,0,0,2009,2013
0217960,Crown Point,33,56597,0,0,0,0,5,0,18,10,0,0,2010,2014
0217960,Crown Point,47,56688,0,0,0,0,5,5,26,11,0,0,2011,2015
0217960,Crown Point,42,55714,0,0,0,0,10,5,27,0,0,0,2012,2016
0217960,Crown Point,30,58816,0,0,0,0,0,5,25,0,0,0,2013,2017
0217960,Crown Point,11,,0,0,0,0,0,5,6,0,0,0,2014,2018
0217960,Crown Point,25,63250,6,0,9,0,0,5,5,0,0,0,2015,2019
0217960,Crown Point,24,,7,0,10,0,0,0,7,0,0,0,2016,2020
0217960,Crown Point,26,,8,0,12,0,0,0,6,0,0,0,2017,2021
0217960,Crown Point,24,,6,0,12,0,0,0,6,0,0,0,2018,2022
0217960,Crown Point,27,,6,0,14,0,0,0,7,0,0,0,2019,2023
0218510,Deering,30,36250,0,2,1,8,4,5,10,0,0,0,2007,2011
0218510,Deering,30,37250,0,0,2,6,0,13,9,0,0,0,2008,2012
0218510,Deering,34,47000,0,0,5,9,0,11,8,1,0,0,2009,2013
0218510,Deering,36,51250,0,0,4,3,6,8,14,1,0,0,2010,2014
0218510,Deering,44,50000,0,0,5,5,6,11,15,2,0,0,2011,2015
0218510,Deering,40,43750,2,1,2,3,4,13,13,2,0,0,2012,2016
0218510,Deering,43,44375,1,3,0,4,5,11,12,5,2,0,2013,2017
0218510,Deering,44,41667,3,3,0,5,3,13,11,4,2,0,2014,2018
0218510,Deering,34,42500,2,3,0,4,3,8,8,4,2,0,2015,2019
0218510,Deering,36,40000,3,5,0,3,3,9,6,6,1,0,2016,2020
0218510,Deering,35,44375,2,4,1,4,3,9,5,5,1,1,2017,2021
0218510,Deering,45,49375,2,2,6,0,6,14,4,8,0,3,2018,2022
0218510,Deering,51,55625,3,2,8,0,11,3,14,4,0,6,2019,2023
0218620,Delta Junction,384,75750,9,19,113,6,12,61,82,51,25,6,2007,2011
0218620,Delta Junction,361,86193,10,21,93,10,6,41,71,58,45,6,2008,2012
0218620,Delta Junction,347,81875,8,31,73,15,7,37,61,58,57,0,2009,2013
0218620,Delta Junction,352,81071,8,22,79,18,9,31,77,55,40,13,2010,2014
0218620,Delta Junction,322,72500,9,21,46,21,11,33,80,57,28,16,2011,2015
0218620,Delta Junction,290,76667,9,19,45,13,12,23,67,62,21,19,2012,2016
0218620,Delta Junction,294,76875,10,17,44,18,8,28,60,70,24,15,2013,2017
0218620,Delta Junction,320,75833,14,16,57,16,17,30,66,64,17,23,2014,2018
0218620,Delta Junction,306,68500,19,12,51,33,15,31,51,58,18,18,2015,2019
0218620,Delta Junction,403,64792,20,9,77,88,15,44,60,52,19,19,2016,2020
0218620,Delta Junction,412,71765,19,4,73,84,4,42,60,70,26,30,2017,2021
0218620,Delta Junction,420,80556,16,5,79,75,14,25,52,92,24,38,2018,2022
0218620,Delta Junction,462,85694,16,5,73,29,62,15,73,108,41,40,2019,2023
0218675,Deltana,660,57500,0,42,107,56,70,119,80,129,57,0,2007,2011
0218675,Deltana,644,58500,0,37,106,80,67,94,90,121,26,23,2008,2012
0218675,Deltana,636,51000,7,53,104,99,40,113,66,98,32,24,2009,2013
0218675,Deltana,670,75000,11,33,151,61,62,82,86,122,36,26,2010,2014
0218675,Deltana,736,74457,13,36,140,60,84,61,119,154,46,23,2011,2015
0218675,Deltana,770,75250,13,30,165,47,97,62,135,147,63,11,2012,2016
0218675,Deltana,804,83500,17,34,162,35,95,37,136,176,76,36,2013,2017
0218675,Deltana,794,88696,0,32,147,18,97,17,141,185,122,35,2014,2018
0218675,Deltana,722,95174,9,30,194,24,68,32,106,132,78,49,2015,2019
0218675,Deltana,693,94583,8,36,186,40,56,32,101,123,70,41,2016,2020
0218675,Deltana,598,100707,8,12,171,51,21,57,40,97,74,67,2017,2021
0218675,Deltana,647,105250,23,12,208,52,16,49,52,108,47,80,2018,2022
0218675,Deltana,745,95927,46,0,186,52,48,55,93,124,48,93,2019,2023
0218805,Denali Park,124,66731,0,0,13,15,12,26,13,45,0,0,2007,2011
0218805,Denali Park,115,46528,0,0,15,15,12,34,16,23,0,0,2008,2012
0218805,Denali Park,104,44537,0,0,0,10,12,47,22,13,0,0,2009,2013
0218805,Denali Park,85,44076,7,0,7,0,12,32,8,13,0,6,2010,2014
0218805,Denali Park,58,78750,7,0,5,0,0,15,7,18,0,6,2011,2015
0218805,Denali Park,105,67292,5,0,18,5,0,31,12,28,0,6,2012,2016
0218805,Denali Park,100,51250,5,0,20,10,0,33,8,20,0,4,2013,2017
0218805,Denali Park,100,81667,6,0,32,10,0,23,5,19,0,5,2014,2018
0218805,Denali Park,86,54792,0,0,24,10,0,22,18,12,0,0,2015,2019
0218805,Denali Park,108,75938,0,0,21,12,1,27,11,36,0,0,2016,2020
0218805,Denali Park,44,77941,0,0,0,5,0,8,6,17,8,0,2017,2021
0218805,Denali Park,45,86250,0,0,0,0,0,1,8,19,17,0,2018,2022
0218805,Denali Park,60,83750,0,0,2,0,0,16,12,20,4,6,2019,2023
0218925,Diamond Ridge,455,59083,38,21,88,53,35,43,75,49,37,16,2007,2011
0218925,Diamond Ridge,457,63036,28,27,88,60,36,35,87,47,33,16,2008,2012
0218925,Diamond Ridge,430,62361,33,3,74,35,57,39,83,74,22,10,2009,2013
0218925,Diamond Ridge,444,66364,36,6,73,27,49,42,78,84,35,14,2010,2014
0218925,Diamond Ridge,443,69375,41,11,82,33,29,44,71,73,37,22,2011,2015
0218925,Diamond Ridge,456,78553,15,10,118,25,35,48,81,63,40,21,2012,2016
0218925,Diamond Ridge,449,83750,15,10,123,24,29,47,79,57,45,20,2013,2017
0218925,Diamond Ridge,479,94028,14,18,137,19,34,33,83,67,46,28,2014,2018
0218925,Diamond Ridge,481,96406,4,26,136,18,25,33,70,82,57,30,2015,2019
0218925,Diamond Ridge,504,95385,3,20,132,14,49,22,63,102,63,36,2016,2020
0218925,Diamond Ridge,531,90208,4,17,129,22,72,15,78,98,58,38,2017,2021
0218925,Diamond Ridge,524,91923,11,12,114,36,59,48,51,73,61,59,2018,2022
0218925,Diamond Ridge,502,80417,12,10,84,42,61,44,59,78,49,63,2019,2023
0218950,Dillingham,773,67782,23,32,127,38,40,104,187,93,61,68,2007,2011
0218950,Dillingham,734,69792,22,17,114,62,47,81,147,102,63,79,2008,2012
0218950,Dillingham,743,68036,33,39,106,62,40,80,160,88,79,56,2009,2013
0218950,Dillingham,770,68333,45,31,128,61,50,74,168,94,80,39,2010,2014
0218950,Dillingham,784,66875,51,33,128,66,40,90,182,82,71,41,2011,2015
0218950,Dillingham,766,71146,29,38,138,70,28,93,155,106,71,38,2012,2016
0218950,Dillingham,751,75764,37,34,147,51,22,93,133,126,69,39,2013,2017
0218950,Dillingham,784,73500,35,36,132,57,24,97,155,121,81,46,2014,2018
0218950,Dillingham,742,74524,15,35,110,60,29,100,136,128,84,45,2015,2019
0218950,Dillingham,697,75461,14,36,100,46,36,92,121,147,77,28,2016,2020
0218950,Dillingham,707,82604,24,25,149,39,24,94,108,123,76,45,2017,2021
0218950,Dillingham,713,92578,17,26,150,29,34,77,98,112,115,55,2018,2022
0218950,Dillingham,691,99097,13,27,160,18,48,63,79,104,90,89,2019,2023
0219060,Diomede,32,42500,4,3,0,0,4,13,3,2,3,0,2007,2011
0219060,Diomede,32,41667,5,3,0,3,1,9,5,3,3,0,2008,2012
0219060,Diomede,26,40833,3,2,0,3,2,5,7,4,0,0,2009,2013
0219060,Diomede,23,18750,7,3,0,3,3,1,3,3,0,0,2010,2014
0219060,Diomede,20,16250,6,4,0,4,2,1,0,3,0,0,2011,2015
0219060,Diomede,22,18333,6,3,1,6,1,4,0,1,0,0,2012,2016
0219060,Diomede,27,23750,1,6,2,7,4,4,2,1,0,0,2013,2017
0219060,Diomede,32,23750,4,4,2,8,5,4,3,2,0,0,2014,2018
0219060,Diomede,34,28750,5,2,2,8,6,6,4,1,0,0,2015,2019
0219060,Diomede,35,22083,9,3,2,6,4,6,4,1,0,0,2016,2020
0219060,Diomede,33,20625,12,2,1,4,3,4,7,0,0,0,2017,2021
0219060,Diomede,20,,9,0,0,1,2,3,5,0,0,0,2018,2022
0219060,Diomede,12,,8,0,0,0,0,4,0,0,0,0,2019,2023
0219720,Dot Lake,12,,0,12,0,0,0,0,0,0,0,0,2007,2011
0219720,Dot Lake,0,,0,0,0,0,0,0,0,0,0,0,2008,2012
0219720,Dot Lake,0,,0,0,0,0,0,0,0,0,0,0,2009,2013
0219720,Dot Lake,0,,0,0,0,0,0,0,0,0,0,0,2010,2014
0219720,Dot Lake,0,,0,0,0,0,0,0,0,0,0,0,2011,2015
0219720,Dot Lake,0,,0,0,0,0,0,0,0,0,0,0,2012,2016
0219720,Dot Lake,0,,0,0,0,0,0,0,0,0,0,0,2013,2017
0219720,Dot Lake,0,,0,0,0,0,0,0,0,0,0,0,2014,2018
0219720,Dot Lake,0,,0,0,0,0,0,0,0,0,0,0,2015,2019
0219720,Dot Lake,0,,0,0,0,0,0,0,0,0,0,0,2016,2020
0219720,Dot Lake,0,,0,0,0,0,0,0,0,0,0,0,2017,2021
0219720,Dot Lake,0,,0,0,0,0,0,0,0,0,0,0,2018,2022
0219720,Dot Lake,0,,0,0,0,0,0,0,0,0,0,0,2019,2023
0219750,Dot Lake Village,22,43333,0,0,0,10,0,3,4,5,0,0,2007,2011
0219750,Dot Lake Village,22,22500,1,3,0,9,0,2,5,2,0,0,2008,2012
0219750,Dot Lake Village,16,22500,1,1,0,8,0,1,0,5,0,0,2009,2013
0219750,Dot Lake Village,14,22500,1,2,0,5,0,2,0,4,0,0,2010,2014
0219750,Dot Lake Village,21,20625,3,3,0,8,0,3,0,4,0,0,2011,2015
0219750,Dot Lake Village,20,30000,3,3,2,4,0,8,0,0,0,0,2012,2016
0219750,Dot Lake Village,16,38750,2,1,3,2,2,5,1,0,0,0,2013,2017
0219750,Dot Lake Village,15,31875,2,2,0,2,2,5,2,0,0,0,2014,2018
0219750,Dot Lake Village,13,38125,1,0,0,4,1,7,0,0,0,0,2015,2019
0219750,Dot Lake Village,7,43750,0,0,0,0,1,6,0,0,0,0,2016,2020
0219750,Dot Lake Village,4,,0,0,0,0,1,0,3,0,0,0,2017,2021
0219750,Dot Lake Village,0,,0,0,0,0,0,0,0,0,0,0,2018,2022
0219750,Dot Lake Village,0,,0,0,0,0,0,0,0,0,0,0,2019,2023
0220020,Dry Creek,7,,0,0,0,7,0,0,0,0,0,0,2007,2011
0220020,Dry Creek,14,52500,0,0,0,7,0,0,0,7,0,0,2008,2012
0220020,Dry Creek,19,48542,0,0,0,7,0,6,0,6,0,0,2009,2013
0220020,Dry Creek,25,47917,0,0,0,5,6,9,0,5,0,0,2010,2014
0220020,Dry Creek,25,,0,0,0,4,9,8,0,4,0,0,2011,2015
0220020,Dry Creek,33,40781,0,4,0,0,10,8,6,5,0,0,2012,2016
0220020,Dry Creek,51,29464,0,5,0,11,16,11,8,0,0,0,2013,2017
0220020,Dry Creek,51,31042,0,6,0,4,19,9,13,0,0,0,2014,2018
0220020,Dry Creek,48,31786,0,7,0,6,13,9,13,0,0,0,2015,2019
0220020,Dry Creek,71,30125,0,10,0,25,10,8,12,0,0,6,2016,2020
0220020,Dry Creek,53,33250,0,0,0,25,5,5,14,0,0,4,2017,2021
0220020,Dry Creek,40,,0,0,0,16,0,6,15,0,0,3,2018,2022
0220020,Dry Creek,28,,0,0,0,17,0,8,0,0,0,3,2019,2023
0220380,Eagle,45,33393,4,5,0,3,15,11,7,0,0,0,2007,2011
0220380,Eagle,38,37500,8,4,3,0,3,14,4,2,0,0,2008,2012
0220380,Eagle,42,37000,8,6,2,3,0,14,7,2,0,0,2009,2013
0220380,Eagle,28,28750,4,7,5,3,0,5,3,1,0,0,2010,2014
0220380,Eagle,35,33125,4,7,4,6,2,4,6,2,0,0,2011,2015
0220380,Eagle,36,,7,5,5,8,0,5,5,1,0,0,2012,2016
0220380,Eagle,41,28750,2,5,3,12,3,5,8,3,0,0,2013,2017
0220380,Eagle,35,30625,2,4,2,6,7,5,6,3,0,0,2014,2018
0220380,Eagle,38,38750,1,6,2,4,7,8,6,4,0,0,2015,2019
0220380,Eagle,48,45000,1,7,2,5,8,4,7,14,0,0,2016,2020
0220380,Eagle,49,48750,0,6,10,3,10,6,7,7,0,0,2017,2021
0220380,Eagle,48,47500,0,3,10,6,2,17,6,2,0,2,2018,2022
0220380,Eagle,51,48750,2,3,11,8,3,12,9,1,0,2,2019,2023
0220600,Eagle Village,25,20417,7,5,0,3,2,8,0,0,0,0,2007,2011
0220600,Eagle Village,20,17500,4,6,0,3,2,5,0,0,0,0,2008,2012
0220600,Eagle Village,22,14500,5,7,0,6,4,0,0,0,0,0,2009,2013
0220600,Eagle Village,11,16042,1,2,0,6,2,0,0,0,0,0,2010,2014
0220600,Eagle Village,13,,1,2,0,4,2,2,0,2,0,0,2011,2015
0220600,Eagle Village,16,48750,1,0,0,3,0,5,5,2,0,0,2012,2016
0220600,Eagle Village,17,48750,1,2,0,1,0,6,5,2,0,0,2013,2017
0220600,Eagle Village,19,39583,0,7,0,0,0,3,7,2,0,0,2014,2018
0220600,Eagle Village,24,51250,0,7,0,2,0,2,4,6,0,3,2015,2019
0220600,Eagle Village,22,,0,9,0,1,0,4,2,3,0,3,2016,2020
0220600,Eagle Village,15,,0,7,0,1,0,1,3,0,0,3,2017,2021
0220600,Eagle Village,26,34000,0,4,0,6,5,5,0,3,0,3,2018,2022
0220600,Eagle Village,19,35938,0,0,0,4,4,5,0,3,0,3,2019,2023
0220716,Eareckson Station,0,,0,0,0,0,0,0,0,0,0,0,2016,2020
0220716,Eareckson Station,0,,0,0,0,0,0,0,0,0,0,0,2017,2021
0220716,Eareckson Station,0,,0,0,0,0,0,0,0,0,0,0,2018,2022
0220716,Eareckson Station,0,,0,0,0,0,0,0,0,0,0,0,2019,2023
0220970,Edna Bay,9,,0,0,0,0,0,9,0,0,0,0,2007,2011
0220970,Edna Bay,9,,0,0,0,0,0,9,0,0,0,0,2008,2012
0220970,Edna Bay,10,,0,0,0,0,0,10,0,0,0,0,2009,2013
0220970,Edna Bay,10,,0,0,0,0,0,10,0,0,0,0,2010,2014
0220970,Edna Bay,0,,0,0,0,0,0,0,0,0,0,0,2011,2015
0220970,Edna Bay,0,,0,0,0,0,0,0,0,0,0,0,2012,2016
0220970,Edna Bay,5,,0,0,0,5,0,0,0,0,0,0,2013,2017
0220970,Edna Bay,8,,0,0,0,5,0,0,0,0,0,3,2014,2018
0220970,Edna Bay,7,,0,0,0,5,0,0,0,0,0,2,2015,2019
0220970,Edna Bay,16,35833,0,0,0,5,0,9,0,0,0,2,2016,2020
0220970,Edna Bay,18,38500,0,0,0,5,0,10,0,0,0,3,2017,2021
0220970,Edna Bay,16,,0,0,0,0,0,12,0,0,0,4,2018,2022
0220970,Edna Bay,13,,0,0,0,0,0,13,0,0,0,0,2019,2023
0221040,Eek,68,28750,3,5,0,22,8,17,10,3,0,0,2007,2011
0221040,Eek,75,36250,4,0,2,22,10,16,19,2,0,0,2008,2012
0221040,Eek,79,38438,2,0,3,24,10,15,18,5,2,0,2009,2013
0221040,Eek,94,39583,2,3,3,23,13,15,27,7,1,0,2010,2014
0221040,Eek,98,39063,4,4,3,21,13,19,26,5,3,0,2011,2015
0221040,Eek,110,43750,9,3,6,22,13,15,26,14,1,1,2012,2016
0221040,Eek,115,34583,15,7,5,20,16,13,23,12,2,2,2013,2017
0221040,Eek,111,39250,16,7,8,18,11,16,20,13,0,2,2014,2018
0221040,Eek,122,45500,11,9,21,17,10,23,14,11,2,4,2015,2019
0221040,Eek,116,45000,12,10,20,11,14,17,15,10,5,2,2016,2020
0221040,Eek,137,40417,10,14,20,13,25,18,20,6,8,3,2017,2021
0221040,Eek,108,48750,2,8,19,9,17,20,16,3,8,6,2018,2022
0221040,Eek,72,49375,2,1,12,10,7,17,10,2,5,6,2019,2023
0221150,Egegik,15,76563,3,0,0,0,0,0,2,10,0,0,2007,2011
0221150,Egegik,17,77917,3,0,0,0,0,1,1,12,0,0,2008,2012
0221150,Egegik,19,80417,4,0,4,0,2,1,2,5,1,0,2009,2013
0221150,Egegik,22,45000,4,0,3,2,1,4,3,3,2,0,2010,2014
0221150,Egegik,23,38125,6,0,3,3,2,3,3,1,2,0,2011,2015
0221150,Egegik,22,,4,0,2,4,4,4,1,1,2,0,2012,2016
0221150,Egegik,18,35000,2,0,2,3,4,3,2,1,1,0,2013,2017
0221150,Egegik,18,41250,2,0,2,2,4,3,3,2,0,0,2014,2018
0221150,Egegik,9,63125,0,0,2,0,3,1,2,1,0,0,2015,2019
0221150,Egegik,7,93750,0,0,3,0,1,0,2,1,0,0,2016,2020
0221150,Egegik,8,96250,0,0,3,0,1,0,2,2,0,0,2017,2021
0221150,Egegik,10,,0,0,0,3,0,0,2,0,5,0,2018,2022
0221150,Egegik,9,,2,0,0,3,0,1,0,0,3,0,2019,2023
0221370,Eielson AFB,731,60598,7,0,53,29,50,214,182,163,33,0,2007,2011
0221370,Eielson AFB,676,70761,15,0,99,24,41,177,152,130,38,0,2008,2012
0221370,Eielson AFB,654,71800,20,0,111,30,38,121,132,183,19,0,2009,2013
0221370,Eielson AFB,695,70481,19,0,150,35,43,131,147,162,8,0,2010,2014
0221370,Eielson AFB,775,53388,19,0,165,60,122,114,231,45,19,0,2011,2015
0221370,Eielson AFB,833,57054,14,0,182,68,102,115,246,59,40,7,2012,2016
0221370,Eielson AFB,935,57464,6,0,155,84,143,110,234,138,53,12,2013,2017
0221370,Eielson AFB,987,61801,7,0,166,61,188,112,247,132,51,23,2014,2018
0221370,Eielson AFB,986,68583,8,0,141,65,157,118,207,191,78,21,2015,2019
0221370,Eielson AFB,1010,71622,7,0,193,40,132,197,142,208,67,24,2016,2020
0221370,Eielson AFB,950,63182,5,0,127,49,80,201,231,183,45,29,2017,2021
0221370,Eielson AFB,843,65139,5,0,87,12,93,141,187,194,85,39,2018,2022
0221370,Eielson AFB,803,59716,0,0,67,0,77,164,214,171,67,43,2019,2023
0221810,Ekwok,52,33750,7,3,14,11,6,2,2,0,7,0,2007,2011
0221810,Ekwok,46,31667,3,6,11,10,8,2,2,1,3,0,2008,2012
0221810,Ekwok,46,31250,4,4,6,14,6,3,2,3,4,0,2009,2013
0221810,Ekwok,35,22917,5,1,1,14,6,2,3,3,0,0,2010,2014
0221810,Ekwok,25,31875,4,1,1,5,3,3,4,4,0,0,2011,2015
0221810,Ekwok,28,32500,1,2,0,7,5,1,7,5,0,0,2012,2016
0221810,Ekwok,28,28750,2,0,0,9,7,2,6,2,0,0,2013,2017
0221810,Ekwok,25,31875,0,0,0,6,11,1,7,0,0,0,2014,2018
0221810,Ekwok,28,33000,0,0,1,6,12,3,6,0,0,0,2015,2019
0221810,Ekwok,26,32917,0,0,1,7,11,1,6,0,0,0,2016,2020
0221810,Ekwok,18,35500,0,0,0,5,3,8,1,0,1,0,2017,2021
0221810,Ekwok,19,39063,0,0,0,5,2,6,3,2,1,0,2018,2022
0221810,Ekwok,14,50833,0,0,0,3,0,3,5,2,1,0,2019,2023
0222140,Elfin Cove,16,9500,10,0,0,0,0,0,6,0,0,0,2007,2011
0222140,Elfin Cove,19,72750,9,0,5,0,0,0,5,0,0,0,2008,2012
0222140,Elfin Cove,22,43125,7,0,2,0,3,4,6,0,0,0,2009,2013
0222140,Elfin Cove,19,34250,6,0,8,0,5,0,0,0,0,0,2010,2014
0222140,Elfin Cove,10,106667,0,0,7,0,3,0,0,0,0,0,2011,2015
0222140,Elfin Cove,10,112500,0,0,7,0,0,3,0,0,0,0,2012,2016
0222140,Elfin Cove,12,,0,0,5,0,0,2,0,0,0,5,2013,2017
0222140,Elfin Cove,8,,0,0,4,0,0,0,0,0,0,4,2014,2018
0222140,Elfin Cove,4,,0,0,0,0,0,0,0,0,0,4,2015,2019
0222140,Elfin Cove,12,,0,0,0,0,0,0,8,0,0,4,2016,2020
0222140,Elfin Cove,13,194063,0,0,0,0,0,0,4,0,4,5,2017,2021
0222140,Elfin Cove,9,,0,0,0,0,0,0,4,0,0,5,2018,2022
0222140,Elfin Cove,7,,0,0,0,0,0,0,0,0,0,7,2019,2023
0222250,Elim,93,34583,8,10,4,23,6,2,32,8,0,0,2007,2011
0222250,Elim,93,36250,7,0,5,28,11,4,29,9,0,0,2008,2012
0222250,Elim,86,37500,5,2,6,21,14,11,15,12,0,0,2009,2013
0222250,Elim,91,34375,7,2,2,24,13,18,13,12,0,0,2010,2014
0222250,Elim,97,37188,11,3,4,16,15,17,14,17,0,0,2011,2015
0222250,Elim,91,36875,9,5,7,13,14,18,12,12,1,0,2012,2016
0222250,Elim,88,39375,8,5,3,13,10,20,15,13,1,0,2013,2017
0222250,Elim,85,43438,7,5,5,12,5,16,24,10,1,0,2014,2018
0222250,Elim,67,57083,6,5,7,6,3,11,17,10,2,0,2015,2019
0222250,Elim,55,58125,4,6,4,7,4,6,15,8,1,0,2016,2020
0222250,Elim,63,40750,12,2,5,12,4,7,14,7,0,0,2017,2021
0222250,Elim,68,35000,18,0,7,9,7,12,2,10,3,0,2018,2022
0222250,Elim,66,35000,13,6,8,6,8,11,0,4,6,4,2019,2023
0222910,Emmonak,199,59875,9,9,23,24,19,17,56,28,10,4,2007,2011
0222910,Emmonak,191,60694,5,12,28,24,14,20,44,30,9,5,2008,2012
0222910,Emmonak,206,55000,12,14,23,27,17,27,42,34,6,4,2009,2013
0222910,Emmonak,195,63958,12,8,24,19,17,27,42,34,5,7,2010,2014
0222910,Emmonak,196,44773,14,9,22,22,23,38,41,17,5,5,2011,2015
0222910,Emmonak,191,43594,15,10,23,16,34,31,38,18,2,4,2012,2016
0222910,Emmonak,180,42813,11,9,17,21,30,34,34,16,5,3,2013,2017
0222910,Emmonak,179,40938,11,13,12,10,37,42,30,13,10,1,2014,2018
0222910,Emmonak,207,38750,14,25,13,16,36,43,34,13,11,2,2015,2019
0222910,Emmonak,275,43533,10,20,16,20,49,99,30,12,17,2,2016,2020
0222910,Emmonak,272,42321,17,14,16,24,38,65,68,7,20,3,2017,2021
0222910,Emmonak,343,45655,34,21,28,28,47,66,73,15,28,3,2018,2022
0222910,Emmonak,250,55417,13,17,26,12,21,48,66,18,28,1,2019,2023
0223460,Ester,890,52946,39,17,202,183,169,32,98,114,0,36,2007,2011
0223460,Ester,1010,80102,42,0,372,225,116,64,56,99,0,36,2008,2012
0223460,Ester,1257,52064,49,0,365,247,130,148,206,22,71,19,2009,2013
0223460,Ester,1173,62841,28,0,286,208,134,142,225,0,150,0,2010,2014
0223460,Ester,1189,68163,0,0,282,146,106,128,324,29,141,33,2011,2015
0223460,Ester,1015,69076,0,0,300,83,77,118,272,46,82,37,2012,2016
0223460,Ester,699,70431,0,0,150,0,0,116,308,54,36,35,2013,2017
0223460,Ester,397,67227,0,0,67,0,0,0,208,69,28,25,2014,2018
0223460,Ester,518,65664,0,0,29,0,0,23,283,68,91,24,2015,2019
0223460,Ester,814,66683,20,62,49,0,0,85,306,89,73,130,2016,2020
0223460,Ester,1074,67788,22,57,62,0,0,159,544,40,54,136,2017,2021
0223460,Ester,1368,72917,19,57,185,0,74,292,392,174,0,175,2018,2022
0223460,Ester,1343,67640,106,57,153,104,90,235,172,270,0,156,2019,2023
0223720,Eureka Roadhouse,0,,0,0,0,0,0,0,0,0,0,0,2007,2011
0223720,Eureka Roadhouse,0,,0,0,0,0,0,0,0,0,0,0,2008,2012
0223720,Eureka Roadhouse,0,,0,0,0,0,0,0,0,0,0,0,2009,2013
0223720,Eureka Roadhouse,0,,0,0,0,0,0,0,0,0,0,0,2010,2014
0223720,Eureka Roadhouse,0,,0,0,0,0,0,0,0,0,0,0,2011,2015
0223720,Eureka Roadhouse,0,,0,0,0,0,0,0,0,0,0,0,2012,2016
0223720,Eureka Roadhouse,0,,0,0,0,0,0,0,0,0,0,0,2013,2017
0223720,Eureka Roadhouse,0,,0,0,0,0,0,0,0,0,0,0,2014,2018
0223720,Eureka Roadhouse,0,,0,0,0,0,0,0,0,0,0,0,2015,2019
0223720,Eureka Roadhouse,0,,0,0,0,0,0,0,0,0,0,0,2016,2020
0223720,Eureka Roadhouse,0,,0,0,0,0,0,0,0,0,0,0,2017,2021
0223720,Eureka Roadhouse,0,,0,0,0,0,0,0,0,0,0,0,2018,2022
0223720,Eureka Roadhouse,0,,0,0,0,0,0,0,0,0,0,0,2019,2023
0223790,Evansville,17,51250,0,0,4,3,4,0,3,3,0,0,2007,2011
0223790,Evansville,21,29688,0,0,4,7,4,0,3,3,0,0,2008,2012
0223790,Evansville,11,30625,0,0,0,5,2,0,1,3,0,0,2009,2013
0223790,Evansville,14,33333,0,0,0,6,3,0,2,3,0,0,2010,2014
0223790,Evansville,12,23750,0,0,0,7,2,0,3,0,0,0,2011,2015
0223790,Evansville,8,26250,0,0,0,4,2,0,2,0,0,0,2012,2016
0223790,Evansville,5,33750,0,0,0,2,1,0,2,0,0,0,2013,2017
0223790,Evansville,10,,0,0,0,2,1,0,1,2,4,0,2014,2018
0223790,Evansville,10,,0,0,0,1,1,0,0,4,4,0,2015,2019
0223790,Evansville,14,78333,0,0,0,0,5,0,0,6,3,0,2016,2020
0223790,Evansville,13,82083,0,0,0,0,2,2,0,6,3,0,2017,2021
0223790,Evansville,20,89643,0,0,4,0,1,3,0,7,2,3,2018,2022
0223790,Evansville,11,93281,0,0,0,0,1,0,0,10,0,0,2019,2023
0223900,Excursion Inlet,0,,0,0,0,0,0,0,0,0,0,0,2007,2011
0223900,Excursion Inlet,0,,0,0,0,0,0,0,0,0,0,0,2008,2012
0223900,Excursion Inlet,0,,0,0,0,0,0,0,0,0,0,0,2009,2013
0223900,Excursion Inlet,0,,0,0,0,0,0,0,0,0,0,0,2010,2014
0223900,Excursion Inlet,0,,0,0,0,0,0,0,0,0,0,0,2011,2015
0223900,Excursion Inlet,0,,0,0,0,0,0,0,0,0,0,0,2012,2016
0223900,Excursion Inlet,0,,0,0,0,0,0,0,0,0,0,0,2013,2017
0223900,Excursion Inlet,0,,0,0,0,0,0,0,0,0,0,0,2014,2018
0223900,Excursion Inlet,0,,0,0,0,0,0,0,0,0,0,0,2015,2019
0223900,Excursion Inlet,0,,0,0,0,0,0,0,0,0,0,0,2016,2020
0223900,Excursion Inlet,0,,0,0,0,0,0,0,0,0,0,0,2017,2021
0223900,Excursion Inlet,6,,6,0,0,0,0,0,0,0,0,0,2018,2022
0223900,Excursion Inlet,7,,7,0,0,0,0,0,0,0,0,0,2019,2023
0224230,Fairbanks,12215,55409,719,538,1738,1059,1276,1770,2583,1829,425,278,2007,2011
0224230,Fairbanks,12026,54572,686,470,1594,1182,1320,1924,2466,1611,542,231,2008,2012
0224230,Fairbanks,11553,54781,739,433,1592,1278,1196,1727,2175,1684,532,197,2009,2013
0224230,Fairbanks,11512,55778,705,429,1525,1217,1124,1779,2100,1802,579,252,2010,2014
0224230,Fairbanks,11228,55229,642,381,1523,1168,1115,1827,2086,1623,560,303,2011,2015
0224230,Fairbanks,10965,56306,526,454,1462,1075,1143,1670,1970,1664,580,421,2012,2016
0224230,Fairbanks,11115,60658,449,453,1937,985,1237,1448,1892,1737,522,455,2013,2017
0224230,Fairbanks,11025,61665,425,388,1938,714,1341,1414,2104,1565,574,562,2014,2018
0224230,Fairbanks,10866,62602,391,405,2060,743,1110,1298,2279,1453,555,572,2015,2019
0224230,Fairbanks,11175,64397,353,374,2242,659,1192,1218,2575,1447,584,531,2016,2020
0224230,Fairbanks,11795,66572,470,357,2345,512,1135,1497,2635,1584,750,510,2017,2021
0224230,Fairbanks,11931,69914,604,264,2413,652,724,1530,2883,1297,917,647,2018,2022
0224230,Fairbanks,12203,72077,679,200,2459,718,694,1615,2428,1774,997,639,2019,2023
0224660,False Pass,8,48750,0,0,0,3,0,1,4,0,0,0,2007,2011
0224660,False Pass,12,45000,0,0,0,5,0,2,2,3,0,0,2008,2012
0224660,False Pass,11,43750,0,2,0,3,0,3,1,2,0,0,2009,2013
0224660,False Pass,19,48125,0,2,1,4,1,4,2,3,2,0,2010,2014
0224660,False Pass,21,55625,0,2,4,0,2,4,4,3,2,0,2011,2015
0224660,False Pass,31,51563,0,2,4,0,2,9,4,4,6,0,2012,2016
0224660,False Pass,33,78750,0,2,8,0,3,5,5,3,7,0,2013,2017
0224660,False Pass,36,,0,0,7,0,5,9,5,3,7,0,2014,2018
0224660,False Pass,21,54250,0,0,5,2,0,2,10,0,2,0,2015,2019
0224660,False Pass,35,50417,0,0,5,3,8,6,12,0,1,0,2016,2020
0224660,False Pass,28,65625,0,0,5,2,9,0,6,3,3,0,2017,2021
0224660,False Pass,33,62083,0,0,5,0,14,0,7,0,7,0,2018,2022
0224660,False Pass,34,64167,0,0,5,0,7,8,7,0,7,0,2019,2023
0224980,Farmers Loop,1468,91453,0,59,299,80,74,128,227,313,137,151,2007,2011
0224980,Farmers Loop,1337,93862,0,56,279,66,64,149,171,278,142,132,2008,2012
0224980,Farmers Loop,1281,97696,0,76,265,64,96,96,184,189,179,132,2009,2013
0224980,Farmers Loop,1475,93558,0,72,347,68,62,225,239,118,205,139,2010,2014
0224980,Farmers Loop,1467,100703,0,53,301,54,12,250,220,122,264,191,2011,2015
0224980,Farmers Loop,1731,100518,41,64,374,47,43,315,192,155,239,261,2012,2016
0224980,Farmers Loop,1992,78917,64,71,358,98,123,359,174,200,256,289,2013,2017
0224980,Farmers Loop,2182,77458,65,52,391,121,169,463,162,222,291,246,2014,2018
0224980,Farmers Loop,2111,80536,55,44,389,74,240,406,162,312,249,180,2015,2019
0224980,Farmers Loop,2186,87579,43,28,416,50,222,379,165,487,224,172,2016,2020
0224980,Farmers Loop,1774,92205,24,11,317,54,133,142,233,458,209,193,2017,2021
0224980,Farmers Loop,1658,100638,0,0,488,11,89,97,180,416,199,178,2018,2022
0224980,Farmers Loop,1871,103635,0,0,723,27,124,89,295,127,312,174,2019,2023
0225000,Farm Loop,311,87917,0,5,75,5,27,38,53,48,26,34,2007,2011
0225000,Farm Loop,321,86250,0,4,103,10,32,42,51,37,16,26,2008,2012
0225000,Farm Loop,355,80179,0,13,124,11,27,54,64,40,4,18,2009,2013
0225000,Farm Loop,346,90000,0,14,103,3,30,43,66,45,21,21,2010,2014
0225000,Farm Loop,345,82250,2,7,91,5,27,42,71,59,29,12,2011,2015
0225000,Farm Loop,343,88125,3,7,105,12,27,27,73,47,30,12,2012,2016
0225000,Farm Loop,348,95833,3,8,84,16,9,32,69,57,41,29,2013,2017
0225000,Farm Loop,330,99167,6,0,74,11,8,30,63,50,53,35,2014,2018
0225000,Farm Loop,350,89000,7,4,66,21,13,31,70,57,47,34,2015,2019
0225000,Farm Loop,728,104200,11,4,169,28,19,93,94,95,114,101,2016,2020
0225000,Farm Loop,887,105521,16,6,188,19,26,104,113,124,145,146,2017,2021
0225000,Farm Loop,944,112683,26,31,213,9,24,120,126,84,145,166,2018,2022
0225000,Farm Loop,1055,110332,28,28,230,22,26,126,97,136,172,190,2019,2023
0225220,Ferry,0,,0,0,0,0,0,0,0,0,0,0,2007,2011
0225220,Ferry,8,,8,0,0,0,0,0,0,0,0,0,2008,2012
0225220,Ferry,7,,7,0,0,0,0,0,0,0,0,0,2009,2013
0225220,Ferry,7,,7,0,0,0,0,0,0,0,0,0,2010,2014
0225220,Ferry,6,,6,0,0,0,0,0,0,0,0,0,2011,2015
0225220,Ferry,6,,6,0,0,0,0,0,0,0,0,0,2012,2016
0225220,Ferry,5,,0,0,0,0,0,0,5,0,0,0,2013,2017
0225220,Ferry,6,,0,0,0,0,0,0,6,0,0,0,2014,2018
0225220,Ferry,6,,0,0,0,0,0,0,6,0,0,0,2015,2019
0225220,Ferry,11,,0,5,0,0,0,0,6,0,0,0,2016,2020
0225220,Ferry,12,,0,5,0,0,0,0,7,0,0,0,2017,2021
0225220,Ferry,10,,0,0,0,5,0,0,0,5,0,0,2018,2022
0225220,Ferry,14,,0,3,6,5,0,0,0,0,0,0,2019,2023
0225550,Fishhook,1532,96563,15,33,545,22,72,137,242,274,153,39,2007,2011
0225550,Fishhook,1529,89716,9,13,490,57,72,130,295,235,173,55,2008,2012
0225550,Fishhook,1517,82284,18,27,429,73,49,132,358,266,119,46,2009,2013
0225550,Fishhook,1549,82543,33,25,429,69,73,144,328,262,144,42,2010,2014
0225550,Fishhook,1629,86917,36,20,417,65,73,140,321,272,189,96,2011,2015
0225550,Fishhook,1707,95030,33,21,425,83,65,143,311,262,207,157,2012,2016
0225550,Fishhook,1750,91667,62,22,379,106,64,142,277,307,227,164,2013,2017
0225550,Fishhook,1756,101667,76,5,430,85,77,192,220,207,276,188,2014,2018
0225550,Fishhook,1768,106310,60,20,449,86,95,148,243,169,269,229,2015,2019
0225550,Fishhook,1403,81845,66,19,289,60,162,84,222,150,208,143,2016,2020
0225550,Fishhook,1720,92188,89,35,412,85,116,96,251,231,253,152,2017,2021
0225550,Fishhook,1767,98523,62,36,414,48,53,191,206,294,247,216,2018,2022
0225550,Fishhook,1906,101518,66,30,428,98,38,158,234,312,347,195,2019,2023
0225880,Flat,0,,0,0,0,0,0,0,0,0,0,0,2007,2011
0225880,Flat,0,,0,0,0,0,0,0,0,0,0,0,2008,2012
0225880,Flat,0,,0,0,0,0,0,0,0,0,0,0,2009,2013
0225880,Flat,0,,0,0,0,0,0,0,0,0,0,0,2010,2014
0225880,Flat,0,,0,0,0,0,0,0,0,0,0,0,2011,2015
0225880,Flat,0,,0,0,0,0,0,0,0,0,0,0,2012,2016
0225880,Flat,0,,0,0,0,0,0,0,0,0,0,0,2013,2017
0225880,Flat,0,,0,0,0,0,0,0,0,0,0,0,2014,2018
0225880,Flat,0,,0,0,0,0,0,0,0,0,0,0,2015,2019
0225880,Flat,0,,0,0,0,0,0,0,0,0,0,0,2016,2020
0225880,Flat,0,,0,0,0,0,0,0,0,0,0,0,2017,2021
0225880,Flat,0,,0,0,0,0,0,0,0,0,0,0,2018,2022
0225880,Flat,0,,0,0,0,0,0,0,0,0,0,0,2019,2023
0226100,Fort Greely,351,92188,0,0,65,0,19,12,93,88,41,33,2007,2011
0226100,Fort Greely,290,83214,0,0,35,0,2,24,115,36,44,34,2008,2012
0226100,Fort Greely,239,112625,0,0,36,0,2,20,35,60,47,39,2009,2013
0226100,Fort Greely,162,130625,0,0,34,7,7,13,29,18,37,17,2010,2014
0226100,Fort Greely,102,,0,0,5,6,8,8,19,13,39,4,2011,2015
0226100,Fort Greely,57,,0,0,6,7,6,16,9,0,13,0,2012,2016
0226100,Fort Greely,44,37500,0,0,7,9,7,15,6,0,0,0,2013,2017
0226100,Fort Greely,51,40375,0,0,8,7,9,18,9,0,0,0,2014,2018
0226100,Fort Greely,34,50000,0,0,8,0,0,17,9,0,0,0,2015,2019
0226100,Fort Greely,30,57857,0,0,7,0,7,7,7,0,2,0,2016,2020
0226100,Fort Greely,62,60625,0,0,0,14,7,0,40,0,1,0,2017,2021
0226100,Fort Greely,61,65785,0,0,0,0,17,0,43,0,1,0,2018,2022
0226100,Fort Greely,41,68194,0,0,0,0,9,4,27,0,0,1,2019,2023
0226760,Fort Yukon,231,31750,44,9,27,37,27,25,41,14,7,0,2007,2011
0226760,Fort Yukon,246,35000,44,7,29,40,32,25,40,16,13,0,2008,2012
0226760,Fort Yukon,241,32292,57,12,30,35,24,22,38,12,11,0,2009,2013
0226760,Fort Yukon,229,33194,48,9,20,43,21,23,30,21,12,2,2010,2014
0226760,Fort Yukon,214,39583,31,12,22,41,18,23,27,26,11,3,2011,2015
0226760,Fort Yukon,220,39286,38,14,22,39,12,27,31,24,11,2,2012,2016
0226760,Fort Yukon,203,28281,39,14,15,39,15,22,30,19,8,2,2013,2017
0226760,Fort Yukon,209,38125,33,16,16,34,21,18,30,27,11,3,2014,2018
0226760,Fort Yukon,219,32708,39,13,16,29,34,19,34,18,17,0,2015,2019
0226760,Fort Yukon,200,40833,30,12,13,21,30,16,33,31,14,0,2016,2020
0226760,Fort Yukon,235,36250,31,17,18,28,38,16,47,21,16,3,2017,2021
0226760,Fort Yukon,250,46250,26,17,39,36,26,27,32,30,12,5,2018,2022
0226760,Fort Yukon,321,39934,37,18,51,51,22,48,37,40,9,8,2019,2023
0226835,Four Mile Road,15,36250,0,0,0,0,5,10,0,0,0,0,2007,2011
0226835,Four Mile Road,17,37125,0,0,0,0,0,15,0,0,0,2,2008,2012
0226835,Four Mile Road,12,46000,0,0,0,0,0,9,0,0,0,3,2009,2013
0226835,Four Mile Road,12,45500,0,0,0,0,0,10,0,0,0,2,2010,2014
0226835,Four Mile Road,8,,0,0,0,0,0,5,0,0,0,3,2011,2015
0226835,Four Mile Road,2,,0,0,0,0,0,0,0,0,0,2,2012,2016
0226835,Four Mile Road,0,,0,0,0,0,0,0,0,0,0,0,2013,2017
0226835,Four Mile Road,4,,0,4,0,0,0,0,0,0,0,0,2014,2018
0226835,Four Mile Road,3,,0,3,0,0,0,0,0,0,0,0,2015,2019
0226835,Four Mile Road,4,,0,4,0,0,0,0,0,0,0,0,2016,2020
0226835,Four Mile Road,4,,0,0,0,4,0,0,0,0,0,0,2017,2021
0226835,Four Mile Road,5,,0,0,0,5,0,0,0,0,0,0,2018,2022
0226835,Four Mile Road,0,,0,0,0,0,0,0,0,0,0,0,2019,2023
0226870,Fox,322,51912,0,41,33,28,79,0,101,0,40,0,2007,2011
0226870,Fox,307,71541,0,18,10,27,82,0,75,56,0,39,2008,2012
0226870,Fox,281,71910,0,0,9,11,73,0,69,79,0,40,2009,2013
0226870,Fox,277,91209,0,0,13,0,52,0,23,95,94,0,2010,2014
0226870,Fox,281,76563,0,0,0,0,60,53,15,76,77,0,2011,2015
0226870,Fox,214,,0,0,0,0,0,63,15,54,82,0,2012,2016
0226870,Fox,172,,0,0,0,0,0,86,19,0,67,0,2013,2017
0226870,Fox,258,75669,0,0,0,0,0,106,0,86,66,0,2014,2018
0226870,Fox,228,,0,0,0,0,0,124,17,87,0,0,2015,2019
0226870,Fox,64,,0,0,0,0,0,0,0,64,0,0,2016,2020
0226870,Fox,50,,0,0,0,0,0,0,0,50,0,0,2017,2021
0226870,Fox,61,,0,0,0,0,0,0,0,61,0,0,2018,2022
0226870,Fox,13,,0,0,0,0,0,13,0,0,0,0,2019,2023
0226910,Fox River,160,44167,13,5,20,9,39,25,39,10,0,0,2007,2011
0226910,Fox River,164,43125,6,15,21,7,42,24,36,10,3,0,2008,2012
0226910,Fox River,149,46250,3,9,23,9,37,19,29,10,6,4,2009,2013
0226910,Fox River,141,44861,3,9,19,14,36,14,26,10,7,3,2010,2014
0226910,Fox River,128,57083,7,3,23,9,10,20,28,14,10,4,2011,2015
0226910,Fox River,118,51250,8,4,16,7,10,27,21,12,6,7,2012,2016
0226910,Fox River,120,53929,11,9,16,9,3,24,18,14,8,8,2013,2017
0226910,Fox River,130,45500,14,11,20,17,3,28,15,14,8,0,2014,2018
0226910,Fox River,124,47500,14,9,22,11,0,35,11,14,8,0,2015,2019
0226910,Fox River,120,42500,11,20,14,17,2,24,7,18,7,0,2016,2020
0226910,Fox River,139,49688,13,8,13,29,11,9,16,27,5,8,2017,2021
0226910,Fox River,167,70938,13,0,29,23,24,14,26,22,12,4,2018,2022
0226910,Fox River,143,75083,4,0,34,15,22,13,17,30,4,4,2019,2023
0227090,Fritz Creek,743,51979,97,62,88,45,81,77,137,127,14,15,2007,2011
0227090,Fritz Creek,777,49183,92,66,90,54,73,112,123,127,23,17,2008,2012
0227090,Fritz Creek,786,55000,92,51,100,44,84,109,136,122,29,19,2009,2013
0227090,Fritz Creek,778,63125,57,42,120,37,71,132,143,102,42,32,2010,2014
0227090,Fritz Creek,786,61875,51,31,94,44,87,124,147,110,53,45,2011,2015
0227090,Fritz Creek,805,67969,50,26,105,51,74,124,135,109,71,60,2012,2016
0227090,Fritz Creek,771,69583,51,26,102,51,48,120,135,112,65,61,2013,2017
0227090,Fritz Creek,754,69750,40,36,126,71,32,106,128,83,68,64,2014,2018
0227090,Fritz Creek,776,71042,41,36,134,71,50,97,115,101,60,71,2015,2019
0227090,Fritz Creek,783,72098,38,31,168,64,57,98,118,89,66,54,2016,2020
0227090,Fritz Creek,897,70987,32,41,161,80,65,132,146,90,105,45,2017,2021
0227090,Fritz Creek,959,78125,12,18,177,90,79,127,130,131,128,67,2018,2022
0227090,Fritz Creek,1033,85893,19,26,213,67,82,98,137,162,132,97,2019,2023
0227145,Funny River,322,47419,36,14,29,48,23,57,100,8,7,0,2007,2011
0227145,Funny River,353,55230,29,17,51,50,18,34,131,23,0,0,2008,2012
0227145,Funny River,357,57287,34,16,54,7,0,41,140,65,0,0,2009,2013
0227145,Funny River,402,58111,47,17,59,18,40,27,133,61,0,0,2010,2014
0227145,Funny River,344,59314,26,17,47,26,28,20,86,78,16,0,2011,2015
0227145,Funny River,390,71071,41,0,89,24,28,39,71,68,30,0,2012,2016
0227145,Funny River,425,61156,62,13,97,27,20,72,65,37,32,0,2013,2017
0227145,Funny River,431,53708,44,25,49,39,16,77,98,38,31,14,2014,2018
0227145,Funny River,488,56364,53,23,63,41,0,78,112,69,33,16,2015,2019
0227145,Funny River,501,52773,97,20,66,31,0,99,98,55,15,20,2016,2020
0227145,Funny River,513,55023,65,49,19,38,40,64,130,67,20,21,2017,2021
0227145,Funny River,589,61162,71,17,56,106,48,26,147,76,18,24,2018,2022
0227145,Funny River,697,46550,134,51,99,82,0,91,138,30,29,43,2019,2023
0227420,Gakona,98,110167,9,12,50,4,6,7,3,7,0,0,2007,2011
0227420,Gakona,87,98750,10,10,39,0,4,1,9,10,4,0,2008,2012
0227420,Gakona,79,100625,13,0,37,0,6,1,10,9,0,3,2009,2013
0227420,Gakona,51,72083,8,0,17,0,8,1,9,6,0,2,2010,2014
0227420,Gakona,49,80625,2,3,17,0,8,2,7,8,0,2,2011,2015
0227420,Gakona,45,60625,2,7,5,2,4,3,9,10,0,3,2012,2016
0227420,Gakona,31,56250,0,7,4,2,3,3,3,5,0,4,2013,2017
0227420,Gakona,62,,0,29,8,5,6,3,3,6,0,2,2014,2018
0227420,Gakona,57,,0,30,2,3,2,3,2,5,4,6,2015,2019
0227420,Gakona,79,,0,30,3,9,2,3,16,7,2,7,2016,2020
0227420,Gakona,58,,0,24,6,8,0,0,10,0,2,8,2017,2021
0227420,Gakona,67,,3,0,10,31,6,0,8,0,2,7,2018,2022
0227420,Gakona,73,90313,4,5,15,3,5,2,10,15,0,14,2019,2023
0227530,Galena,173,62917,6,14,40,13,17,17,32,17,14,3,2007,2011
0227530,Galena,189,58125,8,20,42,16,18,22,34,16,13,0,2008,2012
0227530,Galena,190,60313,10,17,41,15,17,25,36,13,12,4,2009,2013
0227530,Galena,202,56875,11,17,36,25,15,28,38,14,11,7,2010,2014
0227530,Galena,202,63333,5,13,39,25,17,23,37,23,15,5,2011,2015
0227530,Galena,197,70536,5,12,43,25,16,20,29,26,14,7,2012,2016
0227530,Galena,171,74375,4,8,32,22,13,15,24,33,12,8,2013,2017
0227530,Galena,193,67813,8,5,35,27,17,17,31,29,18,6,2014,2018
0227530,Galena,183,72188,3,5,34,20,16,15,36,33,16,5,2015,2019
0227530,Galena,192,76111,3,5,26,12,14,13,45,40,15,19,2016,2020
0227530,Galena,196,76250,3,6,34,12,8,15,52,32,16,18,2017,2021
0227530,Galena,266,77813,7,1,48,14,14,15,81,41,29,16,2018,2022
0227530,Galena,282,86250,10,0,38,22,4,14,65,69,45,15,2019,2023
0227640,Gambell,152,26000,10,16,4,48,11,13,27,20,3,0,2007,2011
0227640,Gambell,162,30833,14,16,9,44,11,16,25,24,3,0,2008,2012
0227640,Gambell,164,30000,16,13,6,46,16,16,31,20,0,0,2009,2013
0227640,Gambell,160,32500,16,7,10,43,19,16,34,15,0,0,2010,2014
0227640,Gambell,163,29417,24,3,10,37,31,20,22,16,0,0,2011,2015
0227640,Gambell,162,31667,20,5,12,37,25,28,22,13,0,0,2012,2016
0227640,Gambell,157,34792,17,11,14,29,22,33,19,9,1,2,2013,2017
0227640,Gambell,150,37917,18,7,15,23,24,24,26,9,3,1,2014,2018
0227640,Gambell,152,41500,24,6,17,16,27,19,30,6,6,1,2015,2019
0227640,Gambell,126,45714,19,6,11,10,13,27,27,5,6,2,2016,2020
0227640,Gambell,114,46111,24,6,12,6,9,19,29,4,4,1,2017,2021
0227640,Gambell,124,39375,20,3,10,17,14,17,20,14,7,2,2018,2022
0227640,Gambell,148,48750,19,1,15,18,19,17,28,23,4,4,2019,2023
0227700,Game Creek,7,,0,0,0,0,7,0,0,0,0,0,2007,2011
0227700,Game Creek,4,,0,0,0,0,4,0,0,0,0,0,2008,2012
0227700,Game Creek,5,,0,0,0,0,5,0,0,0,0,0,2009,2013
0227700,Game Creek,7,,0,0,0,0,7,0,0,0,0,0,2010,2014
0227700,Game Creek,7,,0,0,0,0,7,0,0,0,0,0,2011,2015
0227700,Game Creek,0,,0,0,0,0,0,0,0,0,0,0,2012,2016
0227700,Game Creek,0,,0,0,0,0,0,0,0,0,0,0,2013,2017
0227700,Game Creek,0,,0,0,0,0,0,0,0,0,0,0,2014,2018
0227700,Game Creek,0,,0,0,0,0,0,0,0,0,0,0,2015,2019
0227700,Game Creek,0,,0,0,0,0,0,0,0,0,0,0,2016,2020
0227700,Game Creek,0,,0,0,0,0,0,0,0,0,0,0,2017,2021
0227700,Game Creek,0,,0,0,0,0,0,0,0,0,0,0,2018,2022
0227700,Game Creek,0,,0,0,0,0,0,0,0,0,0,0,2019,2023
0228200,Gateway,1769,93563,13,47,457,49,56,167,296,324,256,104,2007,2011
0228200,Gateway,1737,97269,35,33,458,92,59,158,254,247,258,143,2008,2012
0228200,Gateway,1744,92028,48,47,413,76,71,158,278,244,260,149,2009,2013
0228200,Gateway,1790,90385,67,43,403,92,87,149,304,260,227,158,2010,2014
0228200,Gateway,1835,92739,84,40,411,79,95,143,322,261,230,170,2011,2015
0228200,Gateway,1864,91538,96,41,422,71,102,138,280,290,229,195,2012,2016
0228200,Gateway,1872,99122,83,48,470,60,76,130,288,264,243,210,2013,2017
0228200,Gateway,1932,100641,70,21,511,65,76,165,272,287,234,231,2014,2018
0228200,Gateway,1948,105543,66,27,470,45,64,188,249,289,267,283,2015,2019
0228200,Gateway,1544,105786,35,8,317,30,48,136,210,267,186,307,2016,2020
0228200,Gateway,2009,110610,40,11,409,46,40,167,249,350,216,481,2017,2021
0228200,Gateway,2004,115735,30,0,443,39,42,126,253,318,259,494,2018,2022
0228200,Gateway,2027,137150,22,0,473,27,30,62,214,326,259,614,2019,2023
0228590,Glacier View,94,70500,7,0,4,4,8,10,46,4,4,7,2007,2011
0228590,Glacier View,113,63750,0,0,0,16,22,10,52,4,3,6,2008,2012
0228590,Glacier View,99,45536,0,3,0,17,19,16,14,3,22,5,2009,2013
0228590,Glacier View,91,47321,0,4,3,10,17,15,19,6,17,0,2010,2014
0228590,Glacier View,86,43000,0,3,3,15,20,16,10,3,16,0,2011,2015
0228590,Glacier View,87,55417,0,3,3,13,14,13,18,6,17,0,2012,2016
0228590,Glacier View,90,67917,0,4,5,5,3,19,19,17,18,0,2013,2017
0228590,Glacier View,99,37639,3,26,4,5,9,20,17,15,0,0,2014,2018
0228590,Glacier View,102,36875,2,27,10,7,12,24,13,7,0,0,2015,2019
0228590,Glacier View,103,39583,4,28,14,1,13,20,14,8,1,0,2016,2020
0228590,Glacier View,130,37500,4,27,19,12,17,23,14,9,1,4,2017,2021
0228590,Glacier View,124,31875,16,23,14,17,8,30,4,4,4,4,2018,2022
0228590,Glacier View,106,51250,26,0,20,6,11,10,14,10,4,5,2019,2023
0228740,Glennallen,213,72716,0,0,73,35,14,29,55,7,0,0,2007,2011
0228740,Glennallen,213,45688,0,20,60,62,8,31,13,19,0,0,2008,2012
0228740,Glennallen,152,47500,0,5,44,56,6,9,13,19,0,0,2009,2013
0228740,Glennallen,116,51389,0,8,34,33,12,0,9,20,0,0,2010,2014
0228740,Glennallen,117,,0,11,18,35,19,0,11,23,0,0,2011,2015
0228740,Glennallen,77,19073,0,13,0,37,4,0,10,13,0,0,2012,2016
0228740,Glennallen,42,,0,0,13,0,0,17,9,3,0,0,2013,2017
0228740,Glennallen,71,77083,0,0,30,0,0,0,28,13,0,0,2014,2018
0228740,Glennallen,117,70781,0,0,36,0,0,0,64,17,0,0,2015,2019
0228740,Glennallen,162,68684,0,23,40,0,0,0,79,20,0,0,2016,2020
0228740,Glennallen,141,74241,0,14,17,0,0,0,65,30,15,0,2017,2021
0228740,Glennallen,238,78173,0,18,69,0,10,12,72,42,0,15,2018,2022
0228740,Glennallen,263,80417,0,17,55,0,15,8,79,58,15,16,2019,2023
0229130,Goldstream,1721,76120,114,53,260,14,228,191,213,333,158,157,2007,2011
0229130,Goldstream,1707,77156,95,48,242,0,162,101,413,353,177,116,2008,2012
0229130,Goldstream,1517,88953,86,51,249,0,88,98,267,394,151,133,2009,2013
0229130,Goldstream,1638,83462,68,43,269,45,76,60,362,396,181,138,2010,2014
0229130,Goldstream,1620,88371,0,144,225,34,68,39,316,465,172,157,2011,2015
0229130,Goldstream,1721,83599,13,124,272,83,0,54,445,410,137,183,2012,2016
0229130,Goldstream,1787,84293,15,140,285,172,0,112,346,286,230,201,2013,2017
0229130,Goldstream,2014,80227,22,152,266,173,42,148,412,362,252,185,2014,2018
0229130,Goldstream,1743,81750,22,154,180,159,53,131,317,369,259,99,2015,2019
0229130,Goldstream,1567,70060,39,40,147,212,114,86,313,203,321,92,2016,2020
0229130,Goldstream,1445,68216,35,138,15,45,208,129,226,220,377,52,2017,2021
0229130,Goldstream,1380,86724,32,160,100,47,70,133,199,221,162,256,2018,2022
0229130,Goldstream,1506,92604,28,177,283,36,165,85,95,229,55,353,2019,2023
0229180,Golovin,36,31786,5,1,0,7,7,9,5,2,0,0,2007,2011
0229180,Golovin,47,32188,9,1,0,8,10,4,12,3,0,0,2008,2012
0229180,Golovin,44,31667,6,4,1,6,10,4,10,3,0,0,2009,2013
0229180,Golovin,47,31250,8,4,1,2,13,5,12,2,0,0,2010,2014
0229180,Golovin,46,40000,6,5,4,3,9,1,16,2,0,0,2011,2015
0229180,Golovin,45,33750,7,2,6,3,11,1,12,3,0,0,2012,2016
0229180,Golovin,36,50000,3,3,5,2,8,2,9,4,0,0,2013,2017
0229180,Golovin,37,55313,6,0,6,2,4,4,10,3,2,0,2014,2018
0229180,Golovin,47,53750,5,0,7,3,8,5,14,3,2,0,2015,2019
0229180,Golovin,48,51875,6,0,6,2,8,5,8,7,6,0,2016,2020
0229180,Golovin,58,54375,11,0,6,4,7,4,14,4,8,0,2017,2021
0229180,Golovin,68,54167,10,3,12,5,7,5,14,6,2,4,2018,2022
0229180,Golovin,70,63750,8,0,12,7,5,7,16,7,3,5,2019,2023
0229290,Goodnews Bay,98,21875,25,6,0,22,6,14,21,0,4,0,2007,2011
0229290,Goodnews Bay,83,22917,21,3,0,20,11,11,11,1,4,1,2008,2012
0229290,Goodnews Bay,78,18750,16,9,2,20,10,7,9,1,3,1,2009,2013
0229290,Goodnews Bay,63,22750,8,8,1,20,12,7,2,2,2,1,2010,2014
0229290,Goodnews Bay,61,30313,9,5,4,13,9,6,9,1,4,1,2011,2015
0229290,Goodnews Bay,59,28125,7,7,5,13,7,5,8,5,2,0,2012,2016
0229290,Goodnews Bay,57,22083,11,5,4,16,5,5,7,3,1,0,2013,2017
0229290,Goodnews Bay,48,35000,8,2,10,10,4,6,6,0,2,0,2014,2018
0229290,Goodnews Bay,44,37500,10,2,10,8,2,3,5,2,2,0,2015,2019
0229290,Goodnews Bay,33,,5,3,8,6,3,3,2,0,3,0,2016,2020
0229290,Goodnews Bay,24,23500,8,0,3,7,3,0,3,0,0,0,2017,2021
0229290,Goodnews Bay,37,27708,6,1,5,5,15,3,2,0,0,0,2018,2022
0229290,Goodnews Bay,36,29167,6,0,3,7,14,3,3,0,0,0,2019,2023
0230060,Grayling,50,27500,4,7,5,10,10,11,3,0,0,0,2007,2011
0230060,Grayling,49,24375,7,5,6,13,5,9,4,0,0,0,2008,2012
0230060,Grayling,47,23125,9,6,2,10,9,10,1,0,0,0,2009,2013
0230060,Grayling,44,21250,12,4,3,10,5,7,3,0,0,0,2010,2014
0230060,Grayling,51,20417,13,8,4,9,5,9,3,0,0,0,2011,2015
0230060,Grayling,47,25938,13,6,2,3,6,13,0,2,2,0,2012,2016
0230060,Grayling,54,25000,13,10,0,4,6,11,3,3,2,2,2013,2017
0230060,Grayling,57,28125,15,11,0,2,4,14,6,4,0,1,2014,2018
0230060,Grayling,58,27500,15,6,0,4,8,9,8,7,0,1,2015,2019
0230060,Grayling,66,30000,12,9,0,8,7,7,15,7,0,1,2016,2020
0230060,Grayling,70,32500,10,9,2,8,11,9,11,8,2,0,2017,2021
0230060,Grayling,72,36250,12,9,4,7,6,9,14,8,3,0,2018,2022
0230060,Grayling,69,52188,11,3,9,7,5,5,16,10,0,3,2019,2023
0230500,Gulkana,33,50625,0,0,6,10,6,0,5,6,0,0,2007,2011
0230500,Gulkana,46,63750,0,0,8,12,6,3,4,13,0,0,2008,2012
0230500,Gulkana,43,49583,0,0,6,1,18,3,6,9,0,0,2009,2013
0230500,Gulkana,37,33750,0,0,5,1,19,2,2,8,0,0,2010,2014
0230500,Gulkana,36,,0,0,4,2,18,1,3,8,0,0,2011,2015
0230500,Gulkana,25,,6,0,0,6,3,0,2,8,0,0,2012,2016
0230500,Gulkana,10,,4,0,0,0,6,0,0,0,0,0,2013,2017
0230500,Gulkana,14,,6,0,3,0,5,0,0,0,0,0,2014,2018
0230500,Gulkana,25,,6,3,2,2,4,3,2,3,0,0,2015,2019
0230500,Gulkana,28,,6,3,3,2,3,4,2,5,0,0,2016,2020
0230500,Gulkana,20,50833,0,5,6,1,3,0,4,1,0,0,2017,2021
0230500,Gulkana,33,,0,1,13,3,8,0,6,2,0,0,2018,2022
0230500,Gulkana,47,59250,3,0,12,3,14,0,11,2,2,0,2019,2023
0230940,Gustavus,265,59107,6,14,34,12,35,28,55,59,17,5,2007,2011
0230940,Gustavus,260,54500,17,13,28,29,29,20,49,43,14,18,2008,2012
0230940,Gustavus,275,52188,24,9,28,30,31,26,64,35,12,16,2009,2013
0230940,Gustavus,262,53462,19,8,26,23,26,36,49,32,27,16,2010,2014
0230940,Gustavus,261,57639,14,8,12,20,27,45,44,52,33,6,2011,2015
0230940,Gustavus,237,57019,13,0,12,20,19,30,64,47,32,0,2012,2016
0230940,Gustavus,185,61875,4,0,18,8,22,21,45,35,32,0,2013,2017
0230940,Gustavus,190,80000,0,0,18,12,12,13,55,51,29,0,2014,2018
0230940,Gustavus,196,73182,0,8,36,7,10,22,59,27,16,11,2015,2019
0230940,Gustavus,185,64792,0,27,29,9,6,17,42,32,16,7,2016,2020
0230940,Gustavus,188,76500,0,24,17,14,10,14,29,41,29,10,2017,2021
0230940,Gustavus,248,77500,8,29,33,14,13,9,51,47,33,11,2018,2022
0230940,Gustavus,262,64167,14,37,34,19,20,9,41,38,36,14,2019,2023
0231050,Haines,921,57434,24,77,58,90,23,177,236,154,39,43,2007,2011
0231050,Haines,909,53922,26,93,78,64,11,226,197,138,36,40,2008,2012
0231050,Haines,966,54267,17,77,110,103,50,186,198,164,51,10,2009,2013
0231050,Haines,883,59617,20,64,109,90,72,103,207,109,65,44,2010,2014
0231050,Haines,891,69735,22,25,114,65,85,136,178,145,42,79,2011,2015
0231050,Haines,821,69292,24,52,119,45,85,111,150,130,27,78,2012,2016
0231050,Haines,809,76506,15,26,162,46,103,68,123,135,26,105,2013,2017
0231050,Haines,746,75833,14,35,184,40,87,58,127,132,7,62,2014,2018
0231050,Haines,736,61842,42,62,216,81,37,58,104,97,10,29,2015,2019
0231050,Haines,625,61189,39,46,161,78,32,40,109,57,19,44,2016,2020
0231050,Haines,576,64430,40,33,131,64,36,46,86,55,26,59,2017,2021
0231050,Haines,615,69612,44,36,135,88,34,31,112,66,37,32,2018,2022
0231050,Haines,757,72250,6,70,138,118,52,44,126,104,28,71,2019,2023
0231270,Halibut Cove,0,,0,0,0,0,0,0,0,0,0,0,2007,2011
0231270,Halibut Cove,11,92708,0,0,0,0,0,5,0,6,0,0,2008,2012
0231270,Halibut Cove,9,,0,0,0,0,0,0,5,4,0,0,2009,2013
0231270,Halibut Cove,10,,0,0,0,0,0,0,6,4,0,0,2010,2014
0231270,Halibut Cove,12,,0,0,0,0,0,0,6,6,0,0,2011,2015
0231270,Halibut Cove,25,95179,0,0,6,0,0,0,12,7,0,0,2012,2016
0231270,Halibut Cove,10,,0,0,3,0,0,0,7,0,0,0,2013,2017
0231270,Halibut Cove,39,72969,0,0,5,0,0,9,17,8,0,0,2014,2018
0231270,Halibut Cove,52,59773,0,0,6,0,5,11,20,10,0,0,2015,2019
0231270,Halibut Cove,68,76500,0,0,11,0,5,12,11,20,9,0,2016,2020
0231270,Halibut Cove,76,73000,0,0,6,0,5,17,24,13,11,0,2017,2021
0231270,Halibut Cove,77,80139,0,0,20,0,5,0,33,9,10,0,2018,2022
0231270,Halibut Cove,91,,0,0,0,48,0,17,0,9,7,10,2019,2023
0231710,Happy Valley,202,53864,14,15,41,15,4,38,50,16,0,9,2007,2011
0231710,Happy Valley,233,54531,10,18,53,16,18,37,56,14,5,6,2008,2012
0231710,Happy Valley,239,43977,15,24,37,39,19,33,46,18,3,5,2009,2013
0231710,Happy Valley,274,41000,10,51,21,48,13,35,65,15,6,10,2010,2014
0231710,Happy Valley,275,41625,9,44,29,49,15,38,65,17,6,3,2011,2015
0231710,Happy Valley,269,40694,17,40,38,41,19,28,53,27,3,3,2012,2016
0231710,Happy Valley,281,39926,17,35,37,46,19,42,47,32,0,6,2013,2017
0231710,Happy Valley,281,47813,12,28,50,45,16,43,52,29,0,6,2014,2018
0231710,Happy Valley,255,53625,20,17,42,29,20,34,50,40,0,3,2015,2019
0231710,Happy Valley,302,47500,31,18,30,31,16,61,65,45,0,5,2016,2020
0231710,Happy Valley,338,45952,34,18,26,48,29,65,49,56,2,11,2017,2021
0231710,Happy Valley,340,52273,38,0,51,53,28,31,75,40,7,17,2018,2022
0231710,Happy Valley,381,55521,40,4,51,52,35,35,74,53,9,28,2019,2023
0231765,Harding-Birch Lakes,132,56346,0,0,14,16,31,0,25,31,15,0,2007,2011
0231765,Harding-Birch Lakes,112,56204,10,0,14,23,5,5,27,28,0,0,2008,2012
0231765,Harding-Birch Lakes,106,57667,9,0,0,23,13,7,15,39,0,0,2009,2013
0231765,Harding-Birch Lakes,84,50417,12,8,5,0,6,15,30,8,0,0,2010,2014
0231765,Harding-Birch Lakes,73,51042,6,7,4,0,7,14,27,8,0,0,2011,2015
0231765,Harding-Birch Lakes,82,46250,11,8,5,5,7,20,18,8,0,0,2012,2016
0231765,Harding-Birch Lakes,86,46912,8,9,20,5,8,17,19,0,0,0,2013,2017
0231765,Harding-Birch Lakes,121,54375,5,21,19,12,0,18,46,0,0,0,2014,2018
0231765,Harding-Birch Lakes,88,62625,5,4,9,13,0,18,29,10,0,0,2015,2019
0231765,Harding-Birch Lakes,124,63553,5,12,11,13,0,19,30,34,0,0,2016,2020
0231765,Harding-Birch Lakes,92,69397,0,0,13,19,0,0,34,26,0,0,2017,2021
0231765,Harding-Birch Lakes,115,73281,0,6,5,26,0,0,42,31,5,0,2018,2022
0231765,Harding-Birch Lakes,79,68958,0,6,0,0,10,0,26,27,10,0,2019,2023
0232150,Healy,354,96250,12,32,90,0,5,31,52,66,54,12,2007,2011
0232150,Healy,396,97778,8,21,88,7,12,28,69,61,66,36,2008,2012
0232150,Healy,419,99464,10,28,118,7,21,29,79,37,53,37,2009,2013
0232150,Healy,447,97708,13,27,127,7,27,23,91,41,64,27,2010,2014
0232150,Healy,440,88462,26,6,134,11,25,37,70,73,32,26,2011,2015
0232150,Healy,428,101136,23,11,141,10,16,36,59,54,47,31,2012,2016
0232150,Healy,413,90750,23,9,143,5,16,41,48,73,43,12,2013,2017
0232150,Healy,377,87760,23,9,106,4,10,47,53,75,39,11,2014,2018
0232150,Healy,357,86838,14,9,103,4,11,59,52,64,23,18,2015,2019
0232150,Healy,415,93906,19,6,108,30,10,37,58,57,52,38,2016,2020
0232150,Healy,327,89531,4,7,70,29,11,22,46,69,52,17,2017,2021
0232150,Healy,307,97404,13,7,42,26,13,10,33,52,81,30,2018,2022
0232150,Healy,274,128750,4,6,44,23,13,10,19,46,65,44,2019,2023
0232310,Healy Lake,0,,0,0,0,0,0,0,0,0,0,0,2007,2011
0232310,Healy Lake,0,,0,0,0,0,0,0,0,0,0,0,2008,2012
0232310,Healy Lake,0,,0,0,0,0,0,0,0,0,0,0,2009,2013
0232310,Healy Lake,0,,0,0,0,0,0,0,0,0,0,0,2010,2014
0232310,Healy Lake,0,,0,0,0,0,0,0,0,0,0,0,2011,2015
0232310,Healy Lake,2,,0,0,0,0,0,2,0,0,0,0,2012,2016
0232310,Healy Lake,2,,0,0,0,0,0,2,0,0,0,0,2013,2017
0232310,Healy Lake,1,,0,0,0,0,0,1,0,0,0,0,2014,2018
0232310,Healy Lake,3,,0,0,0,2,0,1,0,0,0,0,2015,2019
0232310,Healy Lake,3,,0,1,0,1,0,1,0,0,0,0,2016,2020
0232310,Healy Lake,10,11667,3,3,0,2,0,0,0,0,2,0,2017,2021
0232310,Healy Lake,12,,5,3,0,2,0,0,0,2,0,0,2018,2022
0232310,Healy Lake,16,13750,5,6,0,2,0,0,0,3,0,0,2019,2023
0232550,Hobart Bay,0,,0,0,0,0,0,0,0,0,0,0,2007,2011
0232550,Hobart Bay,0,,0,0,0,0,0,0,0,0,0,0,2008,2012
0232550,Hobart Bay,0,,0,0,0,0,0,0,0,0,0,0,2009,2013
0232550,Hobart Bay,0,,0,0,0,0,0,0,0,0,0,0,2010,2014
0232550,Hobart Bay,0,,0,0,0,0,0,0,0,0,0,0,2011,2015
0232550,Hobart Bay,0,,0,0,0,0,0,0,0,0,0,0,2012,2016
0232550,Hobart Bay,0,,0,0,0,0,0,0,0,0,0,0,2013,2017
0232550,Hobart Bay,0,,0,0,0,0,0,0,0,0,0,0,2014,2018
0232550,Hobart Bay,0,,0,0,0,0,0,0,0,0,0,0,2015,2019
0232550,Hobart Bay,0,,0,0,0,0,0,0,0,0,0,0,2016,2020
0232550,Hobart Bay,0,,0,0,0,0,0,0,0,0,0,0,2017,2021
0232550,Hobart Bay,0,,0,0,0,0,0,0,0,0,0,0,2018,2022
0232550,Hobart Bay,0,,0,0,0,0,0,0,0,0,0,0,2019,2023
0232810,Hollis,65,24821,0,16,7,17,25,0,0,0,0,0,2007,2011
0232810,Hollis,67,27031,0,19,8,8,32,0,0,0,0,0,2008,2012
0232810,Hollis,40,33500,0,16,14,0,10,0,0,0,0,0,2009,2013
0232810,Hollis,39,34028,0,14,16,0,9,0,0,0,0,0,2010,2014
0232810,Hollis,28,103571,0,0,17,0,11,0,0,0,0,0,2011,2015
0232810,Hollis,31,,0,0,8,12,0,11,0,0,0,0,2012,2016
0232810,Hollis,45,93375,0,0,16,10,0,9,0,10,0,0,2013,2017
0232810,Hollis,47,,0,0,9,10,0,17,0,11,0,0,2014,2018
0232810,Hollis,79,48419,0,17,8,10,0,34,0,10,0,0,2015,2019
0232810,Hollis,87,49063,0,16,7,10,0,28,17,9,0,0,2016,2020
0232810,Hollis,89,52450,0,20,16,0,0,0,53,0,0,0,2017,2021
0232810,Hollis,83,55547,0,21,0,0,0,0,62,0,0,0,2018,2022
0232810,Hollis,85,56691,0,22,0,9,0,0,54,0,0,0,2019,2023
0233030,Holy Cross,58,35500,9,0,2,16,3,11,8,5,4,0,2007,2011
0233030,Holy Cross,62,35833,9,2,4,15,3,10,13,1,5,0,2008,2012
0233030,Holy Cross,64,35833,12,2,1,10,7,9,10,6,7,0,2009,2013
0233030,Holy Cross,64,35938,6,2,2,13,8,12,13,4,4,0,2010,2014
0233030,Holy Cross,59,36094,9,1,3,6,10,11,10,5,4,0,2011,2015
0233030,Holy Cross,64,35750,10,1,3,6,12,14,6,9,3,0,2012,2016
0233030,Holy Cross,65,33125,14,0,2,10,10,12,5,11,1,0,2013,2017
0233030,Holy Cross,65,34375,8,0,2,12,13,14,2,14,0,0,2014,2018
0233030,Holy Cross,71,31250,13,2,6,10,13,9,4,14,0,0,2015,2019
0233030,Holy Cross,90,25833,7,11,3,26,10,7,15,11,0,0,2016,2020
0233030,Holy Cross,94,30833,7,9,12,25,10,8,20,3,0,0,2017,2021
0233030,Holy Cross,100,33571,7,8,14,28,11,7,10,15,0,0,2018,2022
0233030,Holy Cross,87,22917,10,8,8,28,4,5,7,17,0,0,2019,2023
0233140,Homer,2172,55603,85,102,284,323,248,248,395,263,151,73,2007,2011
0233140,Homer,2129,52535,93,116,292,315,260,242,340,242,156,73,2008,2012
0233140,Homer,2207,53750,96,119,330,292,279,265,362,227,158,79,2009,2013
0233140,Homer,2122,54778,88,104,340,275,263,257,357,222,128,88,2010,2014
0233140,Homer,2090,55849,85,106,342,237,263,248,377,219,130,83,2011,2015
0233140,Homer,2149,57471,70,116,320,203,249,318,414,260,107,92,2012,2016
0233140,Homer,2176,59185,70,92,350,154,256,342,428,286,102,96,2013,2017
0233140,Homer,2260,59837,74,85,377,171,228,384,435,284,121,101,2014,2018
0233140,Homer,2261,60993,82,76,370,170,215,352,450,301,140,105,2015,2019
0233140,Homer,2408,61332,73,78,366,140,218,377,605,307,143,101,2016,2020
0233140,Homer,2307,63854,101,68,339,149,191,247,580,325,172,135,2017,2021
0233140,Homer,2352,69757,105,73,415,165,145,233,546,289,187,194,2018,2022
0233140,Homer,2393,73723,102,67,408,184,125,251,491,351,194,220,2019,2023
0233360,Hoonah,320,57500,24,33,47,33,20,38,50,54,14,7,2007,2011
0233360,Hoonah,318,50625,25,27,48,26,50,30,50,52,8,2,2008,2012
0233360,Hoonah,312,50714,20,25,33,33,37,39,52,55,16,2,2009,2013
0233360,Hoonah,323,52125,21,20,34,35,42,35,64,49,11,12,2010,2014
0233360,Hoonah,329,57708,15,13,38,41,49,35,59,60,10,9,2011,2015
0233360,Hoonah,284,59167,9,11,35,30,39,36,52,46,20,6,2012,2016
0233360,Hoonah,304,60625,3,12,50,38,32,43,55,44,18,9,2013,2017
0233360,Hoonah,287,63750,3,10,46,29,36,41,52,47,15,8,2014,2018
0233360,Hoonah,277,59375,4,7,50,32,35,42,58,25,18,6,2015,2019
0233360,Hoonah,271,63250,11,6,44,30,20,37,61,20,28,14,2016,2020
0233360,Hoonah,275,64432,13,4,43,22,22,43,67,25,20,16,2017,2021
0233360,Hoonah,269,72969,17,2,39,22,15,39,46,42,26,21,2018,2022
0233360,Hoonah,284,81406,16,10,40,24,15,20,36,59,37,27,2019,2023
0233470,Hooper Bay,253,35938,23,22,21,36,41,63,41,2,4,0,2007,2011
0233470,Hooper Bay,246,37159,27,9,25,29,39,64,45,8,0,0,2008,2012
0233470,Hooper Bay,253,34464,34,16,28,43,35,50,38,9,0,0,2009,2013
0233470,Hooper Bay,227,36583,32,8,21,41,23,56,36,10,0,0,2010,2014
0233470,Hooper Bay,213,35938,36,12,11,36,18,50,37,13,0,0,2011,2015
0233470,Hooper Bay,224,37000,31,14,8,41,18,54,34,15,9,0,2012,2016
0233470,Hooper Bay,233,30972,27,20,10,52,27,40,35,14,8,0,2013,2017
0233470,Hooper Bay,209,31528,30,19,12,39,22,37,31,12,7,0,2014,2018
0233470,Hooper Bay,204,36250,24,10,14,39,24,39,32,16,6,0,2015,2019
0233470,Hooper Bay,146,30938,14,4,15,42,18,27,20,4,2,0,2016,2020
0233470,Hooper Bay,174,33281,33,7,8,29,29,19,44,5,0,0,2017,2021
0233470,Hooper Bay,169,35179,50,0,8,15,19,29,45,0,3,0,2018,2022
0233470,Hooper Bay,196,47000,30,5,12,21,16,31,36,28,17,0,2019,2023
0233580,Hope,69,45139,24,0,11,0,10,9,15,0,0,0,2007,2011
0233580,Hope,34,9625,20,0,9,0,0,0,0,0,0,5,2008,2012
0233580,Hope,38,9762,21,0,11,0,0,0,0,0,0,6,2009,2013
0233580,Hope,20,133864,0,0,11,0,4,0,0,0,0,5,2010,2014
0233580,Hope,9,,0,0,0,0,4,0,0,0,0,5,2011,2015
0233580,Hope,9,,0,0,0,0,4,0,0,0,0,5,2012,2016
0233580,Hope,4,,0,0,0,0,4,0,0,0,0,0,2013,2017
0233580,Hope,23,,10,0,9,0,4,0,0,0,0,0,2014,2018
0233580,Hope,26,,12,0,14,0,0,0,0,0,0,0,2015,2019
0233580,Hope,36,2499,23,0,13,0,0,0,0,0,0,0,2016,2020
0233580,Hope,47,2499,29,0,18,0,0,0,0,0,0,0,2017,2021
0233580,Hope,49,,23,6,20,0,0,0,0,0,0,0,2018,2022
0233580,Hope,9,,0,0,9,0,0,0,0,0,0,0,2019,2023
0233800,Houston,672,57717,57,28,87,78,81,55,110,111,54,11,2007,2011
0233800,Houston,732,59583,59,36,112,88,83,48,153,93,39,21,2008,2012
0233800,Houston,716,51974,56,51,139,83,87,66,98,81,39,16,2009,2013
0233800,Houston,716,52019,54,60,130,61,78,84,113,88,32,16,2010,2014
0233800,Houston,727,50438,61,55,129,77,82,85,98,101,30,9,2011,2015
0233800,Houston,690,52500,43,65,103,72,68,81,123,91,34,10,2012,2016
0233800,Houston,661,52888,35,68,94,56,55,98,134,76,37,8,2013,2017
0233800,Houston,669,50625,49,56,81,71,59,97,125,83,40,8,2014,2018
0233800,Houston,642,52955,45,35,70,83,44,90,129,84,52,10,2015,2019
0233800,Houston,640,53594,55,31,77,85,69,57,124,76,53,13,2016,2020
0233800,Houston,750,53409,58,30,98,124,85,50,158,72,41,34,2017,2021
0233800,Houston,726,53750,60,23,99,103,97,74,111,71,50,38,2018,2022
0233800,Houston,723,60865,56,12,130,75,94,89,97,75,55,40,2019,2023
0233910,Hughes,25,39583,0,0,2,1,9,6,3,4,0,0,2007,2011
0233910,Hughes,24,40000,0,1,2,1,10,6,0,4,0,0,2008,2012
0233910,Hughes,19,30750,0,2,1,0,12,4,0,0,0,0,2009,2013
0233910,Hughes,20,32500,0,1,1,2,8,4,4,0,0,0,2010,2014
0233910,Hughes,16,32500,1,2,2,1,5,2,3,0,0,0,2011,2015
0233910,Hughes,25,37813,2,2,1,2,6,4,7,1,0,0,2012,2016
0233910,Hughes,29,34375,6,1,1,2,6,5,6,2,0,0,2013,2017
0233910,Hughes,33,32917,9,1,2,4,5,5,5,2,0,0,2014,2018
0233910,Hughes,36,28750,11,2,2,4,6,4,4,3,0,0,2015,2019
0233910,Hughes,29,23125,8,2,0,6,6,3,4,0,0,0,2016,2020
0233910,Hughes,25,21250,10,0,0,4,2,4,5,0,0,0,2017,2021
0233910,Hughes,21,,10,0,0,3,3,0,5,0,0,0,2018,2022
0233910,Hughes,19,,6,5,0,3,0,0,5,0,0,0,2019,2023
0234350,Huslia,88,24167,14,17,0,15,7,19,13,3,0,0,2007,2011
0234350,Huslia,96,29167,12,18,1,12,14,20,15,4,0,0,2008,2012
0234350,Huslia,95,27188,7,22,2,15,15,12,16,6,0,0,2009,2013
0234350,Huslia,92,40833,3,11,2,14,17,15,19,10,0,1,2010,2014
0234350,Huslia,98,42000,5,7,2,16,15,16,23,12,0,2,2011,2015
0234350,Huslia,111,38125,4,10,4,21,16,20,18,16,0,2,2012,2016
0234350,Huslia,110,40000,5,11,3,17,14,24,19,16,0,1,2013,2017
0234350,Huslia,113,39688,6,11,9,17,14,23,22,7,2,2,2014,2018
0234350,Huslia,100,39722,3,9,9,15,12,26,19,3,4,0,2015,2019
0234350,Huslia,84,40000,3,7,4,15,12,16,23,2,2,0,2016,2020
0234350,Huslia,68,44375,1,6,4,8,12,8,22,2,5,0,2017,2021
0234350,Huslia,63,49792,2,0,0,8,7,15,16,4,3,8,2018,2022
0234350,Huslia,38,59167,0,0,0,0,8,1,22,7,0,0,2019,2023
0234460,Hydaburg,172,33750,6,13,11,34,38,21,24,17,0,8,2007,2011
0234460,Hydaburg,160,43056,1,4,16,31,24,37,32,12,0,3,2008,2012
0234460,Hydaburg,139,37361,1,4,11,29,27,27,29,8,0,3,2009,2013
0234460,Hydaburg,121,36042,1,5,6,32,20,25,20,9,0,3,2010,2014
0234460,Hydaburg,109,31250,1,8,6,33,18,20,11,9,0,3,2011,2015
0234460,Hydaburg,96,31500,2,8,7,27,15,17,12,8,0,0,2012,2016
0234460,Hydaburg,98,31250,5,9,6,27,15,15,7,14,0,0,2013,2017
0234460,Hydaburg,111,34028,5,8,9,23,23,8,17,18,0,0,2014,2018
0234460,Hydaburg,117,33750,6,12,7,21,23,11,16,19,2,0,2015,2019
0234460,Hydaburg,128,38750,7,8,13,15,29,13,26,15,2,0,2016,2020
0234460,Hydaburg,121,45938,8,9,18,18,13,17,26,9,3,0,2017,2021
0234460,Hydaburg,125,53125,6,9,12,16,17,11,20,18,13,3,2018,2022
0234460,Hydaburg,107,49375,7,4,8,13,14,16,21,10,10,4,2019,2023
0234570,Hyder,62,27500,0,4,0,27,0,21,10,0,0,0,2007,2011
0234570,Hyder,49,19107,0,5,0,27,0,17,0,0,0,0,2008,2012
0234570,Hyder,48,21944,0,4,0,24,0,20,0,0,0,0,2009,2013
0234570,Hyder,12,,0,5,0,7,0,0,0,0,0,0,2010,2014
0234570,Hyder,13,,0,6,0,7,0,0,0,0,0,0,2011,2015
0234570,Hyder,0,,0,0,0,0,0,0,0,0,0,0,2012,2016
0234570,Hyder,0,,0,0,0,0,0,0,0,0,0,0,2013,2017
0234570,Hyder,15,,0,0,0,0,0,15,0,0,0,0,2014,2018
0234570,Hyder,14,,0,0,0,0,0,14,0,0,0,0,2015,2019
0234570,Hyder,12,,0,0,0,0,0,12,0,0,0,0,2016,2020
0234570,Hyder,13,,0,0,0,0,0,13,0,0,0,0,2017,2021
0234570,Hyder,16,,0,0,0,0,0,16,0,0,0,0,2018,2022
0234570,Hyder,8,,0,0,8,0,0,0,0,0,0,0,2019,2023
0234790,Igiugig,14,14643,0,8,0,0,2,0,4,0,0,0,2007,2011
0234790,Igiugig,22,14423,0,14,2,0,4,0,0,2,0,0,2008,2012
0234790,Igiugig,12,32500,0,2,3,1,3,1,0,2,0,0,2009,2013
0234790,Igiugig,15,46250,0,1,4,2,2,3,2,1,0,0,2010,2014
0234790,Igiugig,16,51250,0,1,2,1,2,3,4,3,0,0,2011,2015
0234790,Igiugig,19,46875,0,2,3,2,2,4,3,3,0,0,2012,2016
0234790,Igiugig,14,48750,0,1,1,1,2,3,2,2,2,0,2013,2017
0234790,Igiugig,17,53125,0,1,0,0,3,4,4,4,1,0,2014,2018
0234790,Igiugig,16,61250,0,2,3,0,2,2,3,3,1,0,2015,2019
0234790,Igiugig,19,75313,0,2,3,0,3,1,3,6,1,0,2016,2020
0234790,Igiugig,16,78750,0,0,4,0,2,0,4,5,1,0,2017,2021
0234790,Igiugig,26,82500,3,0,6,0,0,2,5,7,3,0,2018,2022
0234790,Igiugig,28,81250,5,0,4,0,0,0,7,7,3,2,2019,2023
0235120,Iliamna,25,80750,2,0,6,0,0,7,2,7,0,1,2007,2011
0235120,Iliamna,35,83250,2,0,6,0,0,7,7,8,1,4,2008,2012
0235120,Iliamna,38,90000,1,0,2,0,0,5,7,12,7,4,2009,2013
0235120,Iliamna,31,69375,2,0,3,0,0,6,10,3,3,4,2010,2014
0235120,Iliamna,29,68750,3,0,4,0,2,2,9,3,3,3,2011,2015
0235120,Iliamna,27,72083,2,0,5,0,1,2,9,4,2,2,2012,2016
0235120,Iliamna,20,93750,2,0,6,0,1,1,5,2,2,1,2013,2017
0235120,Iliamna,19,106250,2,0,4,0,1,1,4,1,3,3,2014,2018
0235120,Iliamna,18,130000,2,0,6,0,1,0,1,1,5,2,2015,2019
0235120,Iliamna,19,98750,0,3,6,1,0,0,5,1,3,0,2016,2020
0235120,Iliamna,17,,0,4,4,1,0,0,4,0,4,0,2017,2021
0235120,Iliamna,15,,0,3,2,1,0,0,3,2,4,0,2018,2022
0235120,Iliamna,26,73750,0,0,1,4,2,0,7,6,6,0,2019,2023
0235890,Ivanof Bay,0,,0,0,0,0,0,0,0,0,0,0,2007,2011
0235890,Ivanof Bay,0,,0,0,0,0,0,0,0,0,0,0,2008,2012
0235890,Ivanof Bay,0,,0,0,0,0,0,0,0,0,0,0,2009,2013
0235890,Ivanof Bay,0,,0,0,0,0,0,0,0,0,0,0,2010,2014
0235890,Ivanof Bay,0,,0,0,0,0,0,0,0,0,0,0,2011,2015
0235890,Ivanof Bay,0,,0,0,0,0,0,0,0,0,0,0,2012,2016
0235890,Ivanof Bay,0,,0,0,0,0,0,0,0,0,0,0,2013,2017
0235890,Ivanof Bay,0,,0,0,0,0,0,0,0,0,0,0,2014,2018
0235890,Ivanof Bay,0,,0,0,0,0,0,0,0,0,0,0,2015,2019
0235890,Ivanof Bay,0,,0,0,0,0,0,0,0,0,0,0,2016,2020
0235890,Ivanof Bay,0,,0,0,0,0,0,0,0,0,0,0,2017,2021
0235890,Ivanof Bay,0,,0,0,0,0,0,0,0,0,0,0,2018,2022
0235890,Ivanof Bay,0,,0,0,0,0,0,0,0,0,0,0,2019,2023
0236400,Juneau,12379,77465,352,256,2827,662,626,1442,2605,2027,977,605,2007,2011
0236400,Juneau,12323,78947,371,252,2556,603,706,1272,2589,2254,936,784,2008,2012
0236400,Juneau,12099,81490,389,251,2599,592,743,1168,2318,2306,929,804,2009,2013
0236400,Juneau,12081,84750,403,232,2760,558,792,982,2279,2192,992,891,2010,2014
0236400,Juneau,12114,85746,390,294,2891,493,680,941,2282,2198,1024,921,2011,2015
0236400,Juneau,12138,87436,359,259,3053,469,537,1115,2208,2087,1099,952,2012,2016
0236400,Juneau,12273,90749,370,295,3239,403,412,1257,2178,1843,1198,1078,2013,2017
0236400,Juneau,12521,88213,395,353,2949,526,409,1139,2288,1957,1323,1182,2014,2018
0236400,Juneau,12676,88390,403,371,2882,616,484,1038,2207,2062,1409,1204,2015,2019
0236400,Juneau,12878,88077,437,375,2653,600,512,989,2410,2214,1394,1294,2016,2020
0236400,Juneau,12922,90126,470,304,2601,715,529,1183,2094,1952,1473,1601,2017,2021
0236400,Juneau,13017,95711,333,256,2649,759,445,1091,2008,1954,1620,1902,2018,2022
0236400,Juneau,13138,100513,433,329,3044,560,461,1041,2041,1658,1646,1925,2019,2023
0236540,Kachemak,303,55536,17,16,51,43,21,44,62,28,6,15,2007,2011
0236540,Kachemak,306,58947,26,13,45,34,17,45,63,42,7,14,2008,2012
0236540,Kachemak,315,59236,26,13,42,26,29,41,60,49,17,12,2009,2013
0236540,Kachemak,268,58214,21,16,37,21,23,40,44,40,19,7,2010,2014
0236540,Kachemak,238,70625,21,6,40,10,17,31,41,44,19,9,2011,2015
0236540,Kachemak,224,75000,12,5,39,14,19,26,36,42,20,11,2012,2016
0236540,Kachemak,218,82813,6,6,42,14,20,22,29,45,26,8,2013,2017
0236540,Kachemak,215,77083,6,11,49,14,25,21,28,35,16,10,2014,2018
0236540,Kachemak,200,64167,9,13,42,17,23,21,27,27,7,14,2015,2019
0236540,Kachemak,239,55313,10,9,63,30,29,30,28,19,12,9,2016,2020
0236540,Kachemak,282,63571,9,9,66,33,27,40,36,29,20,13,2017,2021
0236540,Kachemak,306,65000,9,11,63,28,37,32,53,20,32,21,2018,2022
0236540,Kachemak,323,71125,9,8,62,30,30,32,58,30,36,28,2019,2023
0236770,Kake,200,40769,7,9,21,43,20,38,38,11,13,0,2007,2011
0236770,Kake,191,36875,15,17,9,39,23,25,40,13,10,0,2008,2012
0236770,Kake,210,38750,16,19,10,42,20,29,42,20,11,1,2009,2013
0236770,Kake,218,38750,9,23,11,46,22,34,32,29,10,2,2010,2014
0236770,Kake,194,40417,9,18,19,35,18,33,35,20,5,2,2011,2015
0236770,Kake,188,48500,7,12,20,29,20,29,46,18,6,1,2012,2016
0236770,Kake,182,52500,8,7,18,23,20,24,57,19,4,2,2013,2017
0236770,Kake,173,54625,8,5,17,14,29,19,55,26,0,0,2014,2018
0236770,Kake,187,56875,13,10,23,16,20,24,43,33,3,2,2015,2019
0236770,Kake,165,59063,12,7,20,20,16,20,29,37,2,2,2016,2020
0236770,Kake,146,64000,12,6,14,17,13,15,32,31,4,2,2017,2021
0236770,Kake,172,61250,12,4,33,28,17,17,29,23,4,5,2018,2022
0236770,Kake,224,50833,20,8,36,30,29,21,39,30,3,8,2019,2023
0236990,Kaktovik,109,51607,0,6,26,0,19,25,19,9,5,0,2007,2011
0236990,Kaktovik,71,47250,2,5,19,0,17,14,4,7,3,0,2008,2012
0236990,Kaktovik,61,47188,1,4,14,1,12,15,4,8,2,0,2009,2013
0236990,Kaktovik,57,58125,1,3,15,1,9,14,4,7,3,0,2010,2014
0236990,Kaktovik,49,48125,2,2,9,1,11,10,6,6,2,0,2011,2015
0236990,Kaktovik,57,53750,1,2,7,3,12,6,13,6,5,2,2012,2016
0236990,Kaktovik,57,60417,0,1,10,7,8,8,12,4,5,2,2013,2017
0236990,Kaktovik,53,57188,0,1,12,4,8,7,13,3,4,1,2014,2018
0236990,Kaktovik,56,63333,0,0,12,5,4,9,17,3,5,1,2015,2019
0236990,Kaktovik,61,75625,0,1,11,6,2,2,18,12,6,3,2016,2020
0236990,Kaktovik,61,78250,0,4,11,4,3,3,15,11,8,2,2017,2021
0236990,Kaktovik,61,86458,0,4,3,0,3,0,16,13,11,11,2018,2022
0236990,Kaktovik,47,88750,0,6,0,0,0,0,11,13,7,10,2019,2023
0237250,Kalifornsky,3129,73840,71,110,661,246,217,342,643,535,199,105,2007,2011
0237250,Kalifornsky,2977,71534,55,151,518,210,195,346,618,586,191,107,2008,2012
0237250,Kalifornsky,2991,75193,57,167,612,188,201,294,581,578,212,101,2009,2013
0237250,Kalifornsky,2931,76844,78,167,687,263,121,264,543,562,190,56,2010,2014
0237250,Kalifornsky,2945,72335,99,155,591,338,104,241,565,579,206,67,2011,2015
0237250,Kalifornsky,2895,77756,115,142,641,284,103,219,555,473,311,52,2012,2016
0237250,Kalifornsky,3180,83654,131,136,725,352,73,197,578,468,451,69,2013,2017
0237250,Kalifornsky,3063,88984,153,156,738,213,81,265,491,371,456,139,2014,2018
0237250,Kalifornsky,3014,86420,143,176,665,182,91,281,457,414,407,198,2015,2019
0237250,Kalifornsky,3080,86429,98,108,607,237,104,380,448,530,295,273,2016,2020
0237250,Kalifornsky,3290,82436,99,123,692,258,118,268,640,403,328,361,2017,2021
0237250,Kalifornsky,3247,90703,94,116,697,127,93,344,590,474,306,406,2018,2022
0237250,Kalifornsky,3235,91081,93,112,725,188,87,310,517,521,215,467,2019,2023
0237430,Kaltag,60,23000,12,3,5,19,2,10,5,4,0,0,2007,2011
0237430,Kaltag,61,27188,12,4,6,11,6,8,8,6,0,0,2008,2012
0237430,Kaltag,58,25833,10,5,4,13,4,10,6,6,0,0,2009,2013
0237430,Kaltag,60,22500,9,5,4,19,3,6,6,8,0,0,2010,2014
0237430,Kaltag,62,28750,6,6,6,17,5,5,10,7,0,0,2011,2015
0237430,Kaltag,59,25417,8,5,5,16,4,4,9,8,0,0,2012,2016
0237430,Kaltag,68,27500,12,7,7,11,10,3,9,7,2,0,2013,2017
0237430,Kaltag,58,31250,8,7,4,9,9,1,9,8,3,0,2014,2018
0237430,Kaltag,56,33500,12,3,6,5,11,3,6,7,3,0,2015,2019
0237430,Kaltag,71,28750,12,2,7,16,10,7,6,8,3,0,2016,2020
0237430,Kaltag,69,28750,13,3,7,15,7,6,10,7,1,0,2017,2021
0237430,Kaltag,69,39688,12,0,7,11,8,9,8,8,6,0,2018,2022
0237430,Kaltag,62,41250,8,4,7,8,6,10,12,7,0,0,2019,2023
0237540,Karluk,16,37083,0,0,0,3,0,13,0,0,0,0,2007,2011
0237540,Karluk,16,43000,2,0,0,4,0,10,0,0,0,0,2008,2012
0237540,Karluk,10,19375,2,0,0,4,0,4,0,0,0,0,2009,2013
0237540,Karluk,9,21250,3,0,0,3,0,3,0,0,0,0,2010,2014
0237540,Karluk,13,20938,4,1,0,4,0,4,0,0,0,0,2011,2015
0237540,Karluk,15,,5,0,0,6,0,4,0,0,0,0,2012,2016
0237540,Karluk,12,18000,3,0,0,7,0,2,0,0,0,0,2013,2017
0237540,Karluk,16,19500,2,0,2,7,3,0,2,0,0,0,2014,2018
0237540,Karluk,17,,0,0,7,7,3,0,0,0,0,0,2015,2019
0237540,Karluk,15,,0,0,4,5,3,0,0,0,3,0,2016,2020
0237540,Karluk,8,,0,0,2,0,3,0,0,0,3,0,2017,2021
0237540,Karluk,11,,0,0,1,0,5,2,0,0,3,0,2018,2022
0237540,Karluk,9,,0,0,0,0,4,0,0,0,5,0,2019,2023
0237650,Kasaan,26,38125,0,4,0,0,8,12,0,2,0,0,2007,2011
0237650,Kasaan,26,45278,0,2,2,0,6,13,1,2,0,0,2008,2012
0237650,Kasaan,20,43750,0,2,2,0,0,11,3,2,0,0,2009,2013
0237650,Kasaan,25,48438,0,2,2,1,0,12,6,2,0,0,2010,2014
0237650,Kasaan,30,49286,0,3,3,2,0,12,8,2,0,0,2011,2015
0237650,Kasaan,36,58750,0,4,3,2,0,9,11,5,0,2,2012,2016
0237650,Kasaan,36,50000,2,6,2,0,2,8,10,3,0,3,2013,2017
0237650,Kasaan,36,45000,1,6,2,3,3,5,7,6,0,3,2014,2018
0237650,Kasaan,33,,1,6,3,4,3,4,2,7,2,1,2015,2019
0237650,Kasaan,33,,3,6,2,4,2,3,4,6,2,1,2016,2020
0237650,Kasaan,41,75417,5,2,2,7,2,1,3,10,0,9,2017,2021
0237650,Kasaan,32,87917,3,0,4,7,2,0,0,9,0,7,2018,2022
0237650,Kasaan,26,91667,4,0,6,2,2,0,0,6,0,6,2019,2023
0237975,Kasigluk,117,35795,10,6,8,16,23,29,17,8,0,0,2007,2011
0237975,Kasigluk,108,37143,2,9,8,18,19,25,21,6,0,0,2008,2012
0237975,Kasigluk,102,42778,1,8,5,21,12,21,22,12,0,0,2009,2013
0237975,Kasigluk,98,42500,3,11,4,18,9,17,25,11,0,0,2010,2014
0237975,Kasigluk,106,43750,5,11,5,15,12,17,34,7,0,0,2011,2015
0237975,Kasigluk,112,40625,6,9,3,20,11,21,36,6,0,0,2012,2016
0237975,Kasigluk,114,43500,9,2,11,23,6,24,35,4,0,0,2013,2017
0237975,Kasigluk,105,44583,12,0,12,23,8,16,32,2,0,0,2014,2018
0237975,Kasigluk,96,42500,14,0,9,17,10,18,24,4,0,0,2015,2019
0237975,Kasigluk,72,38750,11,0,10,18,6,10,13,4,0,0,2016,2020
0237975,Kasigluk,75,43125,13,0,19,15,9,2,14,3,0,0,2017,2021
0237975,Kasigluk,70,31250,14,0,12,9,15,1,12,7,0,0,2018,2022
0237975,Kasigluk,128,70000,18,3,22,5,21,12,15,22,10,0,2019,2023
0238090,Kasilof,170,46875,13,14,22,9,10,42,37,16,0,7,2007,2011
0238090,Kasilof,197,53942,17,15,12,11,7,41,41,45,0,8,2008,2012
0238090,Kasilof,151,70586,19,0,5,0,8,29,44,37,0,9,2009,2013
0238090,Kasilof,134,47426,17,0,5,0,0,61,24,27,0,0,2010,2014
0238090,Kasilof,136,65893,16,0,4,0,0,42,47,27,0,0,2011,2015
0238090,Kasilof,133,53859,5,0,0,0,0,49,49,30,0,0,2012,2016
0238090,Kasilof,119,56359,0,0,0,0,0,47,49,23,0,0,2013,2017
0238090,Kasilof,149,49946,27,0,24,0,0,48,50,0,0,0,2014,2018
0238090,Kasilof,199,71078,31,0,29,0,0,29,56,22,0,32,2015,2019
0238090,Kasilof,175,80078,31,0,28,0,0,31,25,16,0,44,2016,2020
0238090,Kasilof,147,,41,0,34,0,0,0,0,15,0,57,2017,2021
0238090,Kasilof,151,,61,0,0,20,0,0,0,14,0,56,2018,2022
0238090,Kasilof,221,61377,20,0,0,47,0,0,79,20,0,55,2019,2023
0238420,Kenai,2996,57544,147,205,580,221,258,397,575,401,160,52,2007,2011
0238420,Kenai,2906,59906,121,156,494,222,240,415,584,406,171,97,2008,2012
0238420,Kenai,2820,63019,86,134,444,182,192,391,676,470,141,104,2009,2013
0238420,Kenai,2896,62088,128,155,398,250,181,442,571,467,179,125,2010,2014
0238420,Kenai,3041,62236,142,149,363,339,196,407,564,510,170,201,2011,2015
0238420,Kenai,3085,58732,132,116,320,387,206,451,581,489,159,244,2012,2016
0238420,Kenai,3206,58125,120,85,318,404,289,466,610,471,188,255,2013,2017
0238420,Kenai,3117,61007,101,85,415,425,311,384,581,372,187,256,2014,2018
0238420,Kenai,3143,61348,141,63,459,428,303,376,622,348,212,191,2015,2019
0238420,Kenai,2945,66612,121,38,445,354,214,291,654,412,288,128,2016,2020
0238420,Kenai,2886,70732,125,64,498,286,266,318,528,369,297,135,2017,2021
0238420,Kenai,2870,77335,130,59,522,173,298,314,376,477,281,240,2018,2022
0238420,Kenai,2916,74907,156,59,506,184,276,345,439,312,388,251,2019,2023
0238910,Kenny Lake,95,60861,0,0,0,20,0,12,45,18,0,0,2007,2011
0238910,Kenny Lake,89,63438,11,0,0,0,0,26,20,32,0,0,2008,2012
0238910,Kenny Lake,68,82833,8,0,21,0,0,9,15,15,0,0,2009,2013
0238910,Kenny Lake,40,44500,12,0,0,0,0,10,0,18,0,0,2010,2014
0238910,Kenny Lake,38,,12,0,0,0,0,11,0,15,0,0,2011,2015
0238910,Kenny Lake,40,,10,0,0,0,0,12,0,18,0,0,2012,2016
0238910,Kenny Lake,0,,0,0,0,0,0,0,0,0,0,0,2013,2017
0238910,Kenny Lake,9,,0,9,0,0,0,0,0,0,0,0,2014,2018
0238910,Kenny Lake,57,,0,6,0,18,15,0,0,0,0,18,2015,2019
0238910,Kenny Lake,86,,0,9,0,30,14,0,0,0,20,13,2016,2020
0238910,Kenny Lake,70,,0,8,0,27,0,14,0,0,0,21,2017,2021
0238910,Kenny Lake,70,39667,0,4,0,16,2,15,14,0,0,19,2018,2022
0238910,Kenny Lake,87,40982,0,9,0,25,4,14,18,0,0,17,2019,2023
0238970,Ketchikan,3444,49313,270,147,450,459,369,499,649,413,130,58,2007,2011
0238970,Ketchikan,3442,50703,242,161,411,428,378,485,680,449,144,64,2008,2012
0238970,Ketchikan,3322,52266,213,177,485,282,359,543,647,399,134,83,2009,2013
0238970,Ketchikan,3373,52765,203,171,455,330,342,523,752,388,145,64,2010,2014
0238970,Ketchikan,3317,53111,144,200,451,328,342,509,690,424,138,91,2011,2015
0238970,Ketchikan,3295,53937,116,213,460,313,413,442,668,429,131,110,2012,2016
0238970,Ketchikan,3298,56372,131,189,428,324,397,388,677,464,177,123,2013,2017
0238970,Ketchikan,3278,59132,144,183,461,303,353,379,673,450,211,121,2014,2018
0238970,Ketchikan,3318,61419,112,191,480,322,325,411,601,462,230,184,2015,2019
0238970,Ketchikan,3216,65809,117,163,511,286,318,407,576,405,248,185,2016,2020
0238970,Ketchikan,3270,68125,150,138,480,272,296,440,476,516,248,254,2017,2021
0238970,Ketchikan,3285,73512,159,89,499,307,267,351,482,501,308,322,2018,2022
0238970,Ketchikan,3311,76835,178,59,593,278,259,417,419,486,285,337,2019,2023
0239300,Kiana,96,52500,7,10,10,4,11,16,14,16,8,0,2007,2011
0239300,Kiana,98,43750,11,11,13,6,8,19,16,10,0,4,2008,2012
0239300,Kiana,101,39375,9,18,16,6,5,22,13,10,2,0,2009,2013
0239300,Kiana,106,38571,15,14,8,5,10,23,15,13,3,0,2010,2014
0239300,Kiana,109,41250,14,10,14,8,10,22,14,9,6,2,2011,2015
0239300,Kiana,98,41786,19,11,13,6,3,17,9,9,9,2,2012,2016
0239300,Kiana,81,42813,13,14,11,3,3,19,5,7,4,2,2013,2017
0239300,Kiana,72,45938,9,7,11,6,4,15,11,6,2,1,2014,2018
0239300,Kiana,69,44583,8,7,9,3,4,19,10,2,4,3,2015,2019
0239300,Kiana,77,54063,8,6,13,3,6,13,17,2,6,3,2016,2020
0239300,Kiana,76,58000,7,4,13,7,5,9,21,4,1,5,2017,2021
0239300,Kiana,90,62727,6,6,15,2,8,11,26,8,2,6,2018,2022
0239300,Kiana,105,66719,4,6,17,5,7,13,25,8,13,7,2019,2023
0239410,King Cove,118,55833,1,4,9,22,10,5,44,14,9,0,2007,2011
0239410,King Cove,127,57750,2,10,16,21,8,8,37,13,12,0,2008,2012
0239410,King Cove,129,62917,0,8,13,10,9,7,52,14,16,0,2009,2013
0239410,King Cove,180,64000,3,12,19,19,14,8,60,33,12,0,2010,2014
0239410,King Cove,230,63667,5,17,24,19,11,14,77,45,16,2,2011,2015
0239410,King Cove,246,72679,6,16,41,24,12,20,58,46,20,3,2012,2016
0239410,King Cove,240,66923,9,15,36,21,17,24,56,47,10,5,2013,2017
0239410,King Cove,284,75000,8,17,57,23,13,34,47,69,8,8,2014,2018
0239410,King Cove,311,73229,6,10,68,37,21,26,64,55,15,9,2015,2019
0239410,King Cove,335,71875,13,8,88,30,20,31,69,61,11,4,2016,2020
0239410,King Cove,342,71591,14,11,79,36,12,25,82,64,9,10,2017,2021
0239410,King Cove,358,79844,10,11,93,33,14,35,55,73,27,7,2018,2022
0239410,King Cove,404,78125,12,6,92,32,30,34,86,93,10,9,2019,2023
0239630,King Salmon,161,90313,9,0,35,6,0,19,32,31,16,13,2007,2011
0239630,King Salmon,121,90313,11,1,27,5,0,11,19,28,9,10,2008,2012
0239630,King Salmon,127,84583,8,5,31,4,1,10,24,25,11,8,2009,2013
0239630,King Salmon,137,84625,10,3,27,5,1,7,25,32,16,11,2010,2014
0239630,King Salmon,123,81563,10,2,26,8,3,9,26,22,10,7,2011,2015
0239630,King Salmon,128,94167,10,2,35,7,3,8,17,23,15,8,2012,2016
0239630,King Salmon,132,95500,5,2,33,12,5,6,13,35,14,7,2013,2017
0239630,King Salmon,135,96806,6,0,34,10,2,13,12,35,15,8,2014,2018
0239630,King Salmon,130,86250,6,0,36,7,3,12,18,31,9,8,2015,2019
0239630,King Salmon,134,90938,4,0,37,5,3,10,22,29,9,15,2016,2020
0239630,King Salmon,144,93750,3,0,29,6,8,13,25,25,17,18,2017,2021
0239630,King Salmon,126,115625,1,2,34,4,5,10,19,16,16,19,2018,2022
0239630,King Salmon,118,132500,1,4,38,2,5,3,19,6,15,25,2019,2023
0239740,Kipnuk,136,36563,18,14,2,13,18,24,23,24,0,0,2007,2011
0239740,Kipnuk,149,37083,20,11,5,13,23,21,29,27,0,0,2008,2012
0239740,Kipnuk,153,35375,20,14,4,12,29,22,29,23,0,0,2009,2013
0239740,Kipnuk,157,36563,15,19,8,13,29,26,30,17,0,0,2010,2014
0239740,Kipnuk,152,34583,16,17,9,17,27,22,30,14,0,0,2011,2015
0239740,Kipnuk,168,34250,19,18,6,19,31,33,29,13,0,0,2012,2016
0239740,Kipnuk,154,34318,24,11,7,19,26,27,26,14,0,0,2013,2017
0239740,Kipnuk,156,36250,25,8,13,22,20,30,30,7,1,0,2014,2018
0239740,Kipnuk,129,38036,25,6,9,16,10,30,25,7,1,0,2015,2019
0239740,Kipnuk,96,36563,21,2,2,11,9,25,17,6,3,0,2016,2020
0239740,Kipnuk,114,35357,23,9,2,15,9,25,21,5,5,0,2017,2021
0239740,Kipnuk,138,43750,26,8,6,26,6,11,32,12,11,0,2018,2022
0239740,Kipnuk,115,55417,21,5,6,21,7,3,26,17,9,0,2019,2023
0239960,Kivalina,79,60156,10,7,13,12,2,8,12,12,3,0,2007,2011
0239960,Kivalina,94,58333,12,2,19,12,4,13,14,12,4,2,2008,2012
0239960,Kivalina,94,59167,7,3,18,16,4,7,19,16,2,2,2009,2013
0239960,Kivalina,110,50500,11,7,12,19,4,13,21,14,5,4,2010,2014
0239960,Kivalina,125,52917,12,9,14,17,6,13,23,21,6,4,2011,2015
0239960,Kivalina,129,59063,11,7,15,16,7,14,25,20,10,4,2012,2016
0239960,Kivalina,121,48750,16,5,12,18,8,14,19,16,10,3,2013,2017
0239960,Kivalina,117,51250,15,3,9,16,13,11,19,14,14,3,2014,2018
0239960,Kivalina,114,53750,12,1,13,11,14,14,19,12,15,3,2015,2019
0239960,Kivalina,137,55938,14,3,13,9,20,15,26,19,15,3,2016,2020
0239960,Kivalina,157,59688,13,5,21,10,19,21,28,24,12,4,2017,2021
0239960,Kivalina,144,68750,8,5,26,10,16,10,30,21,10,8,2018,2022
0239960,Kivalina,154,70278,6,2,30,12,13,18,34,23,7,9,2019,2023
0240400,Klawock,321,41806,7,17,57,62,42,39,67,22,8,0,2007,2011
0240400,Klawock,286,48500,11,14,49,51,24,46,52,31,3,5,2008,2012
0240400,Klawock,288,37083,26,19,27,49,35,45,61,21,0,5,2009,2013
0240400,Klawock,285,38958,22,17,24,56,27,44,66,24,0,5,2010,2014
0240400,Klawock,310,38125,23,20,33,69,30,41,57,31,0,6,2011,2015
0240400,Klawock,312,40000,26,18,42,58,37,48,51,25,1,6,2012,2016
0240400,Klawock,310,46000,30,16,44,60,22,42,52,27,12,5,2013,2017
0240400,Klawock,305,54821,14,8,41,67,20,35,57,41,16,6,2014,2018
0240400,Klawock,288,55625,15,7,46,66,22,29,40,46,12,5,2015,2019
0240400,Klawock,302,43929,33,7,35,68,24,29,37,48,17,4,2016,2020
0240400,Klawock,290,53750,26,14,36,47,27,30,33,55,17,5,2017,2021
0240400,Klawock,312,60625,23,10,44,41,33,37,37,60,13,14,2018,2022
0240400,Klawock,321,49063,22,9,50,50,34,47,25,45,23,16,2019,2023
0240510,Klukwan,53,29375,2,7,4,6,14,1,18,1,0,0,2007,2011
0240510,Klukwan,53,54792,2,0,10,9,10,0,21,1,0,0,2008,2012
0240510,Klukwan,44,51250,0,1,7,8,10,3,11,4,0,0,2009,2013
0240510,Klukwan,32,46250,2,3,7,5,4,3,5,3,0,0,2010,2014
0240510,Klukwan,28,50000,1,2,7,4,1,6,2,5,0,0,2011,2015
0240510,Klukwan,29,42083,3,2,6,5,1,7,1,4,0,0,2012,2016
0240510,Klukwan,32,42500,2,3,3,6,1,7,6,4,0,0,2013,2017
0240510,Klukwan,26,41667,2,2,2,5,1,6,5,3,0,0,2014,2018
0240510,Klukwan,32,41250,4,1,3,8,0,6,5,5,0,0,2015,2019
0240510,Klukwan,29,,3,3,4,9,0,5,2,3,0,0,2016,2020
0240510,Klukwan,29,37917,3,4,7,6,0,4,4,1,0,0,2017,2021
0240510,Klukwan,30,,6,3,7,8,0,3,2,0,1,0,2018,2022
0240510,Klukwan,44,24375,4,7,8,12,3,4,2,2,2,0,2019,2023
0240645,Knik-Fairview,4549,77280,208,30,898,222,306,500,858,1031,301,195,2007,2011
0240645,Knik-Fairview,4749,79715,227,62,1016,238,281,477,880,976,317,275,2008,2012
0240645,Knik-Fairview,4876,81338,224,73,1097,281,249,433,889,964,401,265,2009,2013
0240645,Knik-Fairview,5032,81534,223,79,1107,334,255,420,912,969,462,271,2010,2014
0240645,Knik-Fairview,5121,82858,225,115,1185,377,244,483,782,1031,416,263,2011,2015
0240645,Knik-Fairview,5051,85335,215,138,1269,318,234,448,764,906,480,279,2012,2016
0240645,Knik-Fairview,4964,87093,232,126,1271,297,278,392,769,876,508,215,2013,2017
0240645,Knik-Fairview,5007,88644,297,104,1324,279,281,350,768,777,576,251,2014,2018
0240645,Knik-Fairview,5090,87331,318,110,1309,253,266,386,809,732,609,298,2015,2019
0240645,Knik-Fairview,5000,89401,276,115,1216,181,331,306,841,732,580,422,2016,2020
0240645,Knik-Fairview,6209,88708,312,169,1544,218,353,433,1037,973,601,569,2017,2021
0240645,Knik-Fairview,6517,94047,271,159,1521,237,283,440,1031,1028,755,792,2018,2022
0240645,Knik-Fairview,6654,95000,197,136,1333,340,305,496,880,1150,1019,798,2019,2023
0240670,Knik River,268,59000,39,19,66,7,36,21,16,42,18,4,2007,2011
0240670,Knik River,278,60556,38,23,61,10,12,45,24,43,18,4,2008,2012
0240670,Knik River,269,65750,7,27,54,13,13,53,32,40,24,6,2009,2013
0240670,Knik River,265,68750,13,26,62,20,11,44,27,27,20,15,2010,2014
0240670,Knik River,264,68250,18,20,52,16,17,42,35,33,18,13,2011,2015
0240670,Knik River,277,65625,23,13,48,16,34,36,41,28,24,14,2012,2016
0240670,Knik River,256,70000,23,13,41,19,32,25,33,30,27,13,2013,2017
0240670,Knik River,263,65417,32,6,54,16,41,24,29,21,22,18,2014,2018
0240670,Knik River,279,58750,31,7,44,23,35,34,30,22,38,15,2015,2019
0240670,Knik River,283,49861,32,14,44,22,43,31,33,15,27,22,2016,2020
0240670,Knik River,315,70078,27,12,60,23,31,43,39,18,29,33,2017,2021
0240670,Knik River,316,75000,25,1,63,22,25,42,43,21,35,39,2018,2022
0240670,Knik River,328,100417,21,1,75,20,29,20,38,34,47,43,2019,2023
0240840,Kobuk,24,31250,2,2,4,4,6,2,2,2,0,0,2007,2011
0240840,Kobuk,23,30313,1,3,4,5,6,1,2,1,0,0,2008,2012
0240840,Kobuk,26,48750,2,4,8,4,2,1,3,2,0,0,2009,2013
0240840,Kobuk,35,43750,2,4,7,7,4,3,5,3,0,0,2010,2014
0240840,Kobuk,32,43333,1,6,5,4,4,4,4,3,1,0,2011,2015
0240840,Kobuk,29,48750,0,3,5,3,4,5,4,4,1,0,2012,2016
0240840,Kobuk,32,52500,3,4,3,2,1,4,10,4,1,0,2013,2017
0240840,Kobuk,30,53750,3,1,2,1,2,6,8,6,1,0,2014,2018
0240840,Kobuk,26,55000,3,1,1,2,1,5,7,4,2,0,2015,2019
0240840,Kobuk,32,38125,4,0,2,9,2,4,8,3,0,0,2016,2020
0240840,Kobuk,35,29688,6,0,5,8,4,3,6,3,0,0,2017,2021
0240840,Kobuk,36,36250,2,1,4,9,5,5,1,5,2,2,2018,2022
0240840,Kobuk,38,31429,1,1,0,13,7,3,5,4,2,2,2019,2023
0240950,Kodiak,2102,58670,61,192,293,149,191,265,563,220,106,62,2007,2011
0240950,Kodiak,1984,60972,52,143,298,120,215,297,381,305,105,68,2008,2012
0240950,Kodiak,1950,59286,48,122,309,216,163,262,387,284,107,52,2009,2013
0240950,Kodiak,1969,62292,38,166,362,196,197,207,385,215,142,61,2010,2014
0240950,Kodiak,2001,62934,68,138,349,132,219,285,353,227,158,72,2011,2015
0240950,Kodiak,1947,67571,49,85,374,149,190,261,433,194,139,73,2012,2016
0240950,Kodiak,1986,69868,82,111,439,136,223,149,446,171,150,79,2013,2017
0240950,Kodiak,1958,71554,78,91,475,177,201,144,395,184,122,91,2014,2018
0240950,Kodiak,1863,73310,84,49,513,154,132,194,378,166,105,88,2015,2019
0240950,Kodiak,1680,69259,92,80,359,88,90,182,377,191,118,103,2016,2020
0240950,Kodiak,1708,67391,109,61,422,31,176,139,470,111,75,114,2017,2021
0240950,Kodiak,1768,76765,124,29,528,35,99,238,323,181,58,153,2018,2022
0240950,Kodiak,1894,71373,106,24,397,66,75,318,416,132,259,101,2019,2023
0241210,Kodiak Station,342,66176,0,7,43,0,52,56,112,69,3,0,2007,2011
0241210,Kodiak Station,379,69154,0,10,52,3,33,83,94,101,3,0,2008,2012
0241210,Kodiak Station,364,64643,12,6,64,0,38,77,97,66,4,0,2009,2013
0241210,Kodiak Station,392,61447,13,6,48,6,43,97,91,84,4,0,2010,2014
0241210,Kodiak Station,414,61923,16,4,57,6,52,90,97,84,8,0,2011,2015
0241210,Kodiak Station,394,66167,25,0,83,12,38,70,87,75,4,0,2012,2016
0241210,Kodiak Station,359,75313,27,0,70,10,31,54,57,104,6,0,2013,2017
0241210,Kodiak Station,340,82905,29,0,64,12,14,37,58,120,6,0,2014,2018
0241210,Kodiak Station,372,85521,14,0,92,18,20,31,71,110,16,0,2015,2019
0241210,Kodiak Station,497,87050,21,0,143,48,31,50,56,132,16,0,2016,2020
0241210,Kodiak Station,579,92734,34,0,156,37,34,55,62,167,34,0,2017,2021
0241210,Kodiak Station,617,94205,38,0,199,49,53,49,63,88,71,7,2018,2022
0241210,Kodiak Station,572,102069,0,21,233,20,43,85,43,50,63,14,2019,2023
0241280,Kokhanok,48,46250,2,3,9,15,3,7,8,1,0,0,2007,2011
0241280,Kokhanok,47,18906,10,3,2,16,6,6,3,1,0,0,2008,2012
0241280,Kokhanok,40,31500,6,3,1,6,8,8,6,2,0,0,2009,2013
0241280,Kokhanok,48,30000,8,6,5,8,4,10,6,1,0,0,2010,2014
0241280,Kokhanok,53,32083,10,5,5,6,7,10,9,1,0,0,2011,2015
0241280,Kokhanok,48,35000,9,5,2,6,4,13,9,0,0,0,2012,2016
0241280,Kokhanok,43,41250,3,4,4,6,7,11,8,0,0,0,2013,2017
0241280,Kokhanok,45,32917,4,8,2,8,5,6,11,0,0,1,2014,2018
0241280,Kokhanok,51,32813,6,7,3,7,9,7,9,2,0,1,2015,2019
0241280,Kokhanok,47,33125,4,4,3,10,7,3,6,9,0,1,2016,2020
0241280,Kokhanok,43,29583,5,2,3,9,6,6,3,7,0,2,2017,2021
0241280,Kokhanok,43,,4,0,6,12,2,5,3,9,0,2,2018,2022
0241280,Kokhanok,36,43000,5,0,10,9,3,5,4,0,0,0,2019,2023
0241500,Koliganek,58,59444,10,5,2,3,1,3,15,15,4,0,2007,2011
0241500,Koliganek,54,66250,3,1,6,7,2,4,14,13,0,4,2008,2012
0241500,Koliganek,46,63333,0,1,4,7,2,1,19,8,0,4,2009,2013
0241500,Koliganek,45,62292,1,1,9,6,3,5,17,3,0,0,2010,2014
0241500,Koliganek,38,40000,1,1,4,9,6,5,6,6,0,0,2011,2015
0241500,Koliganek,47,55417,1,0,9,11,6,5,8,6,1,0,2012,2016
0241500,Koliganek,51,53750,3,0,12,10,8,4,8,4,0,2,2013,2017
0241500,Koliganek,48,52500,3,0,9,8,7,6,8,4,2,1,2014,2018
0241500,Koliganek,58,45000,6,0,9,8,10,8,9,4,3,1,2015,2019
0241500,Koliganek,61,58750,4,0,12,5,8,6,19,1,3,3,2016,2020
0241500,Koliganek,54,56500,4,2,5,2,3,10,22,3,3,0,2017,2021
0241500,Koliganek,57,56250,0,2,7,2,8,10,20,5,1,2,2018,2022
0241500,Koliganek,58,56250,0,2,8,2,9,11,19,6,0,1,2019,2023
0241610,Kongiganak,78,32500,5,8,0,13,16,16,13,3,4,0,2007,2011
0241610,Kongiganak,75,33750,4,13,1,10,12,10,18,4,3,0,2008,2012
0241610,Kongiganak,80,32500,11,8,3,9,12,12,19,6,0,0,2009,2013
0241610,Kongiganak,70,36667,14,5,4,5,9,10,15,8,0,0,2010,2014
0241610,Kongiganak,81,37679,11,7,3,9,13,12,17,9,0,0,2011,2015
0241610,Kongiganak,83,38125,9,6,2,11,13,12,22,8,0,0,2012,2016
0241610,Kongiganak,81,41250,8,1,3,9,15,19,17,9,0,0,2013,2017
0241610,Kongiganak,86,45500,3,4,4,8,13,20,26,8,0,0,2014,2018
0241610,Kongiganak,85,50313,3,2,3,10,11,16,31,9,0,0,2015,2019
0241610,Kongiganak,91,48958,4,3,3,15,13,13,28,12,0,0,2016,2020
0241610,Kongiganak,85,57083,6,1,6,13,5,7,31,16,0,0,2017,2021
0241610,Kongiganak,65,60938,4,1,4,12,7,4,18,15,0,0,2018,2022
0241610,Kongiganak,46,68333,3,1,1,10,0,2,17,12,0,0,2019,2023
0241720,Kotlik,145,33438,15,12,1,29,19,22,32,13,2,0,2007,2011
0241720,Kotlik,138,35417,15,9,2,21,22,29,28,11,1,0,2008,2012
0241720,Kotlik,142,37333,12,11,8,23,11,35,25,14,3,0,2009,2013
0241720,Kotlik,137,37321,14,9,10,20,19,26,27,9,3,0,2010,2014
0241720,Kotlik,143,39583,9,13,13,25,14,20,29,16,4,0,2011,2015
0241720,Kotlik,145,38438,16,14,15,28,8,21,29,11,3,0,2012,2016
0241720,Kotlik,156,41667,13,15,14,32,12,17,35,15,3,0,2013,2017
0241720,Kotlik,158,38750,17,12,9,32,15,15,40,16,0,2,2014,2018
0241720,Kotlik,177,33438,18,16,9,38,19,18,46,11,0,2,2015,2019
0241720,Kotlik,245,47844,24,14,10,44,19,56,56,18,0,4,2016,2020
0241720,Kotlik,236,47833,23,16,6,36,23,46,60,17,6,3,2017,2021
0241720,Kotlik,241,42344,12,13,13,48,28,23,80,17,2,5,2018,2022
0241720,Kotlik,231,49844,10,25,16,29,21,31,64,20,8,7,2019,2023
0241830,Kotzebue,911,71761,48,0,185,49,79,125,177,142,88,18,2007,2011
0241830,Kotzebue,941,74830,48,15,184,52,79,103,175,126,114,45,2008,2012
0241830,Kotzebue,917,81354,46,20,178,40,74,80,173,128,123,55,2009,2013
0241830,Kotzebue,919,91806,35,23,206,29,55,75,147,151,143,55,2010,2014
0241830,Kotzebue,911,87708,28,22,205,36,65,56,174,130,130,65,2011,2015
0241830,Kotzebue,948,85278,23,26,227,65,79,66,173,106,114,69,2012,2016
0241830,Kotzebue,905,88047,29,24,182,58,52,82,158,101,127,92,2013,2017
0241830,Kotzebue,942,84559,45,15,188,61,64,83,146,125,128,87,2014,2018
0241830,Kotzebue,949,81188,54,16,187,73,53,92,142,136,98,98,2015,2019
0241830,Kotzebue,922,87000,47,16,181,60,50,80,145,109,134,100,2016,2020
0241830,Kotzebue,874,95385,35,32,135,43,28,56,131,148,132,134,2017,2021
0241830,Kotzebue,852,101071,32,31,170,38,30,41,120,131,130,129,2018,2022
0241830,Kotzebue,845,106328,29,24,177,48,32,41,95,131,97,171,2019,2023
0241940,Koyuk,80,23929,8,16,0,19,8,7,7,15,0,0,2007,2011
0241940,Koyuk,79,24250,7,14,2,20,12,9,7,8,0,0,2008,2012
0241940,Koyuk,68,28333,8,5,2,20,9,11,6,7,0,0,2009,2013
0241940,Koyuk,65,32679,6,5,2,21,7,12,9,3,0,0,2010,2014
0241940,Koyuk,74,33182,7,7,2,20,11,8,10,9,0,0,2011,2015
0241940,Koyuk,64,35000,7,4,1,12,9,13,11,7,0,0,2012,2016
0241940,Koyuk,74,36429,9,1,0,17,6,14,17,10,0,0,2013,2017
0241940,Koyuk,76,36786,10,2,0,11,10,14,16,13,0,0,2014,2018
0241940,Koyuk,89,36563,13,1,0,20,8,15,15,16,1,0,2015,2019
0241940,Koyuk,82,29167,10,0,0,29,9,10,12,10,2,0,2016,2020
0241940,Koyuk,91,33438,6,2,3,24,16,12,17,9,2,0,2017,2021
0241940,Koyuk,99,35313,6,5,4,27,11,12,19,13,0,2,2018,2022
0241940,Koyuk,97,34250,4,6,13,26,14,7,20,3,2,2,2019,2023
0242050,Koyukuk,48,19286,14,5,0,9,3,6,11,0,0,0,2007,2011
0242050,Koyukuk,51,19583,15,6,0,14,2,5,7,2,0,0,2008,2012
0242050,Koyukuk,44,20313,12,5,0,12,3,6,3,3,0,0,2009,2013
0242050,Koyukuk,38,17083,7,7,0,10,2,6,3,3,0,0,2010,2014
0242050,Koyukuk,36,17083,8,5,0,12,0,7,0,4,0,0,2011,2015
0242050,Koyukuk,39,23438,8,3,2,11,0,10,0,5,0,0,2012,2016
0242050,Koyukuk,29,15417,12,2,2,4,0,3,3,3,0,0,2013,2017
0242050,Koyukuk,34,16500,11,3,4,6,0,1,8,1,0,0,2014,2018
0242050,Koyukuk,37,18125,11,3,3,8,0,4,6,2,0,0,2015,2019
0242050,Koyukuk,36,18889,10,1,4,13,0,4,4,0,0,0,2016,2020
0242050,Koyukuk,35,20893,10,0,2,14,0,2,5,2,0,0,2017,2021
0242050,Koyukuk,48,22143,8,0,4,17,4,4,7,4,0,0,2018,2022
0242050,Koyukuk,35,28250,7,0,0,9,5,8,6,0,0,0,2019,2023
0242160,Kupreanof,20,35833,0,0,4,2,7,3,4,0,0,0,2007,2011
0242160,Kupreanof,13,33750,0,0,0,3,4,3,3,0,0,0,2008,2012
0242160,Kupreanof,14,38333,0,0,2,4,2,3,3,0,0,0,2009,2013
0242160,Kupreanof,19,50313,0,0,1,4,0,5,6,3,0,0,2010,2014
0242160,Kupreanof,13,52083,0,0,2,3,0,1,5,2,0,0,2011,2015
0242160,Kupreanof,8,76250,0,0,1,0,0,0,4,3,0,0,2012,2016
0242160,Kupreanof,5,,0,0,1,0,0,0,0,4,0,0,2013,2017
0242160,Kupreanof,6,,0,0,0,0,0,0,0,3,3,0,2014,2018
0242160,Kupreanof,3,,0,0,0,0,0,0,0,0,3,0,2015,2019
0242160,Kupreanof,3,,0,0,0,0,0,0,0,0,3,0,2016,2020
0242160,Kupreanof,7,,0,0,0,0,0,0,4,0,3,0,2017,2021
0242160,Kupreanof,5,,0,0,0,0,0,0,2,1,0,2,2018,2022
0242160,Kupreanof,3,,0,0,0,0,0,0,2,1,0,0,2019,2023
0242380,Kwethluk,159,47083,9,4,19,27,29,11,28,22,6,4,2007,2011
0242380,Kwethluk,146,47500,6,7,11,19,21,22,30,19,1,10,2008,2012
0242380,Kwethluk,139,43125,8,8,5,23,18,27,30,9,2,9,2009,2013
0242380,Kwethluk,157,42250,8,6,9,25,25,35,34,10,3,2,2010,2014
0242380,Kwethluk,162,44063,5,9,12,26,19,39,32,12,6,2,2011,2015
0242380,Kwethluk,168,47500,9,4,11,24,15,41,37,16,10,1,2012,2016
0242380,Kwethluk,151,44375,16,2,10,18,18,32,31,14,8,2,2013,2017
0242380,Kwethluk,153,42917,21,5,12,12,27,29,29,12,6,0,2014,2018
0242380,Kwethluk,141,41250,20,8,14,13,17,24,23,18,4,0,2015,2019
0242380,Kwethluk,99,43250,21,7,11,6,7,16,15,14,2,0,2016,2020
0242380,Kwethluk,84,31250,20,3,9,13,9,8,9,13,0,0,2017,2021
0242380,Kwethluk,116,43750,16,8,6,20,5,13,23,10,13,2,2018,2022
0242380,Kwethluk,178,48056,16,9,17,17,13,41,30,17,12,6,2019,2023
0242490,Kwigillingok,58,41250,10,0,1,3,8,14,15,7,0,0,2007,2011
0242490,Kwigillingok,54,39167,7,0,2,7,9,10,13,6,0,0,2008,2012
0242490,Kwigillingok,66,39167,7,3,2,7,10,8,20,7,2,0,2009,2013
0242490,Kwigillingok,62,40833,3,5,5,4,12,9,17,6,1,0,2010,2014
0242490,Kwigillingok,57,42188,4,3,4,7,8,7,14,6,4,0,2011,2015
0242490,Kwigillingok,65,41250,6,7,3,6,10,8,17,5,3,0,2012,2016
0242490,Kwigillingok,68,46250,7,7,2,3,8,11,18,8,2,2,2013,2017
0242490,Kwigillingok,73,51875,4,2,2,9,3,17,24,9,0,3,2014,2018
0242490,Kwigillingok,82,54000,3,1,6,7,7,16,24,14,0,4,2015,2019
0242490,Kwigillingok,82,55000,4,2,5,6,7,17,24,15,0,2,2016,2020
0242490,Kwigillingok,97,57250,5,2,7,4,10,18,30,16,3,2,2017,2021
0242490,Kwigillingok,126,61500,8,6,12,7,15,15,31,24,1,7,2018,2022
0242490,Kwigillingok,103,68438,9,6,19,9,8,9,18,21,1,3,2019,2023
0242805,Lake Louise,6,,0,0,6,0,0,0,0,0,0,0,2007,2011
0242805,Lake Louise,7,,0,0,7,0,0,0,0,0,0,0,2008,2012
0242805,Lake Louise,6,,0,0,6,0,0,0,0,0,0,0,2009,2013
0242805,Lake Louise,14,,0,0,6,8,0,0,0,0,0,0,2010,2014
0242805,Lake Louise,14,,0,0,6,8,0,0,0,0,0,0,2011,2015
0242805,Lake Louise,7,,0,0,0,7,0,0,0,0,0,0,2012,2016
0242805,Lake Louise,8,,0,0,0,8,0,0,0,0,0,0,2013,2017
0242805,Lake Louise,9,,0,0,0,9,0,0,0,0,0,0,2014,2018
0242805,Lake Louise,0,,0,0,0,0,0,0,0,0,0,0,2015,2019
0242805,Lake Louise,0,,0,0,0,0,0,0,0,0,0,0,2016,2020
0242805,Lake Louise,0,,0,0,0,0,0,0,0,0,0,0,2017,2021
0242805,Lake Louise,0,,0,0,0,0,0,0,0,0,0,0,2018,2022
0242805,Lake Louise,0,,0,0,0,0,0,0,0,0,0,0,2019,2023
0242820,Lake Minchumina,0,,0,0,0,0,0,0,0,0,0,0,2007,2011
0242820,Lake Minchumina,5,40625,2,0,1,0,0,2,0,0,0,0,2008,2012
0242820,Lake Minchumina,5,40625,2,0,1,0,0,2,0,0,0,0,2009,2013
0242820,Lake Minchumina,9,41875,3,0,2,0,0,2,0,2,0,0,2010,2014
0242820,Lake Minchumina,11,82813,3,0,2,0,0,2,0,4,0,0,2011,2015
0242820,Lake Minchumina,16,47500,2,2,2,2,0,2,2,4,0,0,2012,2016
0242820,Lake Minchumina,13,,0,0,0,8,0,0,2,3,0,0,2013,2017
0242820,Lake Minchumina,7,,0,0,0,3,0,0,2,2,0,0,2014,2018
0242820,Lake Minchumina,16,,5,0,0,5,0,0,5,1,0,0,2015,2019
0242820,Lake Minchumina,16,,5,0,0,3,1,0,4,0,0,3,2016,2020
0242820,Lake Minchumina,13,,4,0,0,1,0,1,1,0,0,6,2017,2021
0242820,Lake Minchumina,11,,3,0,0,0,0,3,0,2,0,3,2018,2022
0242820,Lake Minchumina,11,,3,0,0,0,0,2,0,1,0,5,2019,2023
0243040,Larsen Bay,34,71000,0,0,7,3,2,6,9,6,1,0,2007,2011
0243040,Larsen Bay,44,85357,0,0,12,5,3,6,4,12,2,0,2008,2012
0243040,Larsen Bay,33,45750,0,0,0,7,3,10,0,11,0,2,2009,2013
0243040,Larsen Bay,26,48750,0,0,2,7,2,6,0,8,0,1,2010,2014
0243040,Larsen Bay,27,47917,0,0,1,9,3,4,0,8,0,2,2011,2015
0243040,Larsen Bay,21,34750,0,0,3,5,6,2,0,5,0,0,2012,2016
0243040,Larsen Bay,23,36250,3,2,3,3,2,5,0,5,0,0,2013,2017
0243040,Larsen Bay,25,,0,6,2,3,2,2,0,8,2,0,2014,2018
0243040,Larsen Bay,22,83125,0,5,2,2,0,3,0,10,0,0,2015,2019
0243040,Larsen Bay,21,84583,0,4,4,0,0,4,0,9,0,0,2016,2020
0243040,Larsen Bay,17,87917,0,5,1,0,2,0,1,8,0,0,2017,2021
0243040,Larsen Bay,18,77500,0,0,6,0,6,2,1,3,0,0,2018,2022
0243040,Larsen Bay,33,44375,0,3,8,3,7,7,1,0,4,0,2019,2023
0243260,Lazy Mountain,419,74659,0,5,74,12,43,33,118,67,21,46,2007,2011
0243260,Lazy Mountain,405,76193,0,6,78,11,38,30,107,77,24,34,2008,2012
0243260,Lazy Mountain,450,81250,4,7,83,10,34,26,120,90,28,48,2009,2013
0243260,Lazy Mountain,474,81250,8,7,82,14,43,37,100,89,43,51,2010,2014
0243260,Lazy Mountain,497,82109,15,7,81,32,41,29,95,109,46,42,2011,2015
0243260,Lazy Mountain,507,74886,29,2,70,65,32,52,74,94,61,28,2012,2016
0243260,Lazy Mountain,557,72679,49,2,92,64,30,66,74,99,54,27,2013,2017
0243260,Lazy Mountain,573,69464,54,3,120,61,32,81,67,61,60,34,2014,2018
0243260,Lazy Mountain,554,65833,60,3,102,65,40,74,65,59,47,39,2015,2019
0243260,Lazy Mountain,563,63906,57,4,100,55,49,78,70,51,48,51,2016,2020
0243260,Lazy Mountain,673,79934,51,8,138,35,54,52,104,90,68,73,2017,2021
0243260,Lazy Mountain,611,97750,45,7,104,24,33,42,100,68,73,115,2018,2022
0243260,Lazy Mountain,553,93854,38,8,84,20,27,52,100,53,74,97,2019,2023
0243810,Levelock,33,49375,4,5,4,0,0,8,12,0,0,0,2007,2011
0243810,Levelock,34,40000,4,5,2,0,5,6,12,0,0,0,2008,2012
0243810,Levelock,34,37500,0,5,2,3,4,7,11,2,0,0,2009,2013
0243810,Levelock,35,37750,0,6,2,4,5,9,7,2,0,0,2010,2014
0243810,Levelock,31,37813,1,2,3,6,5,7,5,2,0,0,2011,2015
0243810,Levelock,30,33750,2,3,2,5,6,3,7,2,0,0,2012,2016
0243810,Levelock,34,25000,4,3,2,10,2,1,8,2,2,0,2013,2017
0243810,Levelock,31,23958,3,6,1,9,2,0,9,1,0,0,2014,2018
0243810,Levelock,35,23438,5,4,2,11,2,0,9,2,0,0,2015,2019
0243810,Levelock,26,22917,3,4,0,11,2,0,4,1,1,0,2016,2020
0243810,Levelock,23,19750,3,4,0,7,2,0,4,2,1,0,2017,2021
0243810,Levelock,16,,0,3,3,5,0,0,4,0,1,0,2018,2022
0243810,Levelock,13,23750,0,0,0,9,0,0,3,0,0,1,2019,2023
0244030,Lime Village,10,72500,5,0,5,0,0,0,0,0,0,0,2007,2011
0244030,Lime Village,6,143125,1,1,4,0,0,0,0,0,0,0,2008,2012
0244030,Lime Village,7,145313,1,2,4,0,0,0,0,0,0,0,2009,2013
0244030,Lime Village,8,20000,2,2,3,0,1,0,0,0,0,0,2010,2014
0244030,Lime Village,5,,2,2,0,0,1,0,0,0,0,0,2011,2015
0244030,Lime Village,3,,0,2,0,0,1,0,0,0,0,0,2012,2016
0244030,Lime Village,2,,1,0,0,0,1,0,0,0,0,0,2013,2017
0244030,Lime Village,5,,2,0,0,2,1,0,0,0,0,0,2014,2018
0244030,Lime Village,5,,2,0,0,1,0,2,0,0,0,0,2015,2019
0244030,Lime Village,4,,1,0,0,1,0,2,0,0,0,0,2016,2020
0244030,Lime Village,5,,2,0,0,1,0,2,0,0,0,0,2017,2021
0244030,Lime Village,4,,0,0,0,2,0,2,0,0,0,0,2018,2022
0244030,Lime Village,3,,0,0,0,0,0,3,0,0,0,0,2019,2023
0244580,Livengood,22,35000,0,6,0,5,0,0,11,0,0,0,2007,2011
0244580,Livengood,16,51500,0,0,0,5,0,0,11,0,0,0,2008,2012
0244580,Livengood,12,,0,0,0,6,0,0,6,0,0,0,2009,2013
0244580,Livengood,6,,0,0,0,0,0,0,6,0,0,0,2010,2014
0244580,Livengood,5,,0,0,0,0,0,0,5,0,0,0,2011,2015
0244580,Livengood,0,,0,0,0,0,0,0,0,0,0,0,2012,2016
0244580,Livengood,0,,0,0,0,0,0,0,0,0,0,0,2013,2017
0244580,Livengood,4,,0,0,0,0,0,0,0,4,0,0,2014,2018
0244580,Livengood,8,,0,4,0,0,0,0,0,4,0,0,2015,2019
0244580,Livengood,6,,0,3,0,0,0,0,0,3,0,0,2016,2020
0244580,Livengood,8,,0,4,0,0,0,0,0,4,0,0,2017,2021
0244580,Livengood,11,,0,0,6,5,0,0,0,0,0,0,2018,2022
0244580,Livengood,7,,0,0,0,7,0,0,0,0,0,0,2019,2023
0245020,Loring,0,,0,0,0,0,0,0,0,0,0,0,2007,2011
0245020,Loring,0,,0,0,0,0,0,0,0,0,0,0,2008,2012
0245020,Loring,0,,0,0,0,0,0,0,0,0,0,0,2009,2013
0245020,Loring,0,,0,0,0,0,0,0,0,0,0,0,2010,2014
0245020,Loring,0,,0,0,0,0,0,0,0,0,0,0,2011,2015
0245020,Loring,0,,0,0,0,0,0,0,0,0,0,0,2012,2016
0245020,Loring,0,,0,0,0,0,0,0,0,0,0,0,2013,2017
0245020,Loring,0,,0,0,0,0,0,0,0,0,0,0,2014,2018
0245020,Loring,0,,0,0,0,0,0,0,0,0,0,0,2015,2019
0245020,Loring,0,,0,0,0,0,0,0,0,0,0,0,2016,2020
0245020,Loring,0,,0,0,0,0,0,0,0,0,0,0,2017,2021
0245020,Loring,0,,0,0,0,0,0,0,0,0,0,0,2018,2022
0245020,Loring,0,,0,0,0,0,0,0,0,0,0,0,2019,2023
0245295,Lowell Point,0,,0,0,0,0,0,0,0,0,0,0,2007,2011
0245295,Lowell Point,0,,0,0,0,0,0,0,0,0,0,0,2008,2012
0245295,Lowell Point,31,,0,0,0,0,0,0,0,0,31,0,2009,2013
0245295,Lowell Point,31,,0,0,0,0,0,0,0,0,31,0,2010,2014
0245295,Lowell Point,55,,0,0,0,0,0,25,0,0,30,0,2011,2015
0245295,Lowell Point,58,,0,0,0,0,0,25,0,0,33,0,2012,2016
0245295,Lowell Point,50,,0,0,0,0,0,24,0,0,26,0,2013,2017
0245295,Lowell Point,26,,0,0,0,0,0,26,0,0,0,0,2014,2018
0245295,Lowell Point,30,,0,0,0,0,0,30,0,0,0,0,2015,2019
0245295,Lowell Point,0,,0,0,0,0,0,0,0,0,0,0,2016,2020
0245295,Lowell Point,0,,0,0,0,0,0,0,0,0,0,0,2017,2021
0245295,Lowell Point,0,,0,0,0,0,0,0,0,0,0,0,2018,2022
0245295,Lowell Point,0,,0,0,0,0,0,0,0,0,0,0,2019,2023
0245460,Lower Kalskag,74,44643,7,0,0,13,9,24,17,2,2,0,2007,2011
0245460,Lower Kalskag,69,45179,7,4,0,14,4,20,16,3,1,0,2008,2012
0245460,Lower Kalskag,73,28375,3,6,1,19,16,12,12,3,1,0,2009,2013
0245460,Lower Kalskag,87,31042,6,6,2,17,26,10,15,3,2,0,2010,2014
0245460,Lower Kalskag,84,30536,6,14,2,15,20,8,9,8,2,0,2011,2015
0245460,Lower Kalskag,76,28750,5,17,2,15,9,4,13,9,2,0,2012,2016
0245460,Lower Kalskag,79,32679,8,12,2,6,20,2,19,9,1,0,2013,2017
0245460,Lower Kalskag,71,32813,11,12,2,2,14,4,16,9,1,0,2014,2018
0245460,Lower Kalskag,58,33333,8,12,2,0,11,4,13,7,1,0,2015,2019
0245460,Lower Kalskag,65,33250,10,8,2,3,15,6,14,5,2,0,2016,2020
0245460,Lower Kalskag,59,31719,9,8,2,5,12,11,10,2,0,0,2017,2021
0245460,Lower Kalskag,59,33125,7,10,2,7,7,8,7,7,0,4,2018,2022
0245460,Lower Kalskag,61,36250,8,7,0,7,7,13,6,8,0,5,2019,2023
0245700,Lutak,25,7404,13,0,0,0,0,12,0,0,0,0,2007,2011
0245700,Lutak,9,,0,0,0,0,0,9,0,0,0,0,2008,2012
0245700,Lutak,13,,0,0,0,0,0,13,0,0,0,0,2009,2013
0245700,Lutak,12,,0,0,0,0,0,12,0,0,0,0,2010,2014
0245700,Lutak,13,,0,0,0,0,0,13,0,0,0,0,2011,2015
0245700,Lutak,0,,0,0,0,0,0,0,0,0,0,0,2012,2016
0245700,Lutak,27,,0,0,0,0,27,0,0,0,0,0,2013,2017
0245700,Lutak,30,,0,0,0,0,30,0,0,0,0,0,2014,2018
0245700,Lutak,31,,0,0,0,0,0,31,0,0,0,0,2015,2019
0245700,Lutak,43,,0,0,0,0,0,43,0,0,0,0,2016,2020
0245700,Lutak,48,,0,0,0,0,0,48,0,0,0,0,2017,2021
0245700,Lutak,6,,0,0,6,0,0,0,0,0,0,0,2018,2022
0245700,Lutak,6,,0,0,6,0,0,0,0,0,0,0,2019,2023
0246780,Manley Hot Springs,20,29167,0,8,3,0,3,0,2,0,1,3,2007,2011
0246780,Manley Hot Springs,27,31750,0,10,4,0,5,1,2,0,2,3,2008,2012
0246780,Manley Hot Springs,29,43125,0,6,6,0,7,3,4,2,1,0,2009,2013
0246780,Manley Hot Springs,33,53750,0,5,7,1,6,3,7,2,2,0,2010,2014
0246780,Manley Hot Springs,33,54375,0,3,7,2,5,5,7,3,1,0,2011,2015
0246780,Manley Hot Springs,38,56667,0,2,8,2,9,4,7,4,0,2,2012,2016
0246780,Manley Hot Springs,38,55833,0,0,7,3,9,6,6,4,1,2,2013,2017
0246780,Manley Hot Springs,35,61250,0,0,8,3,7,7,5,1,2,2,2014,2018
0246780,Manley Hot Springs,24,63750,0,0,4,0,5,5,4,2,1,3,2015,2019
0246780,Manley Hot Springs,22,,0,0,5,0,6,4,2,0,2,3,2016,2020
0246780,Manley Hot Springs,19,,0,0,3,0,1,6,2,0,6,1,2017,2021
0246780,Manley Hot Springs,12,,0,0,0,0,1,1,3,0,5,2,2018,2022
0246780,Manley Hot Springs,13,,0,0,0,3,4,0,0,3,0,3,2019,2023
0246890,Manokotak,95,33472,18,3,4,15,17,4,26,5,3,0,2007,2011
0246890,Manokotak,99,32344,16,2,4,22,20,6,22,6,1,0,2008,2012
0246890,Manokotak,116,34038,10,7,6,19,27,10,25,9,3,0,2009,2013
0246890,Manokotak,125,34519,8,4,7,25,28,10,28,12,3,0,2010,2014
0246890,Manokotak,128,36667,14,5,9,26,17,14,26,14,3,0,2011,2015
0246890,Manokotak,139,37708,17,4,11,27,17,18,25,17,1,2,2012,2016
0246890,Manokotak,142,40000,16,7,10,18,20,24,21,23,2,1,2013,2017
0246890,Manokotak,152,39773,16,2,15,19,26,28,28,15,2,1,2014,2018
0246890,Manokotak,144,40938,12,6,18,16,24,28,25,10,4,1,2015,2019
0246890,Manokotak,158,42143,13,6,18,20,24,27,32,13,4,1,2016,2020
0246890,Manokotak,159,42125,18,7,19,23,19,17,39,10,7,0,2017,2021
0246890,Manokotak,141,51875,17,4,18,18,9,21,29,17,6,2,2018,2022
0246890,Manokotak,150,58125,16,3,25,22,9,17,30,16,7,5,2019,2023
0247000,Marshall,94,38333,4,10,6,15,16,7,32,4,0,0,2007,2011
0247000,Marshall,91,37250,5,8,6,15,13,14,25,5,0,0,2008,2012
0247000,Marshall,86,36667,2,7,2,14,16,11,27,7,0,0,2009,2013
0247000,Marshall,84,37045,3,3,4,11,16,17,23,7,0,0,2010,2014
0247000,Marshall,82,36875,5,2,5,6,22,13,18,8,1,2,2011,2015
0247000,Marshall,80,30833,6,7,3,8,23,12,10,7,2,2,2012,2016
0247000,Marshall,83,30750,7,9,5,11,20,12,9,8,1,1,2013,2017
0247000,Marshall,68,29643,6,9,2,8,16,11,5,5,4,2,2014,2018
0247000,Marshall,61,28393,6,10,3,11,11,11,4,2,0,3,2015,2019
0247000,Marshall,41,22188,6,7,3,8,5,10,2,0,0,0,2016,2020
0247000,Marshall,46,40625,4,0,3,12,6,12,9,0,0,0,2017,2021
0247000,Marshall,30,53750,0,5,6,0,0,6,10,3,0,0,2018,2022
0247000,Marshall,79,53906,12,7,10,3,5,8,20,11,3,0,2019,2023
0245790,McCarthy,21,143125,0,0,14,0,0,0,0,7,0,0,2007,2011
0245790,McCarthy,35,145069,0,0,18,0,0,10,0,7,0,0,2008,2012
0245790,McCarthy,35,99844,0,0,17,0,0,0,10,8,0,0,2009,2013
0245790,McCarthy,40,102222,0,0,9,0,0,0,12,0,19,0,2010,2014
0245790,McCarthy,24,,0,0,10,0,0,0,14,0,0,0,2011,2015
0245790,McCarthy,16,,0,0,0,0,0,0,16,0,0,0,2012,2016
0245790,McCarthy,0,,0,0,0,0,0,0,0,0,0,0,2013,2017
0245790,McCarthy,0,,0,0,0,0,0,0,0,0,0,0,2014,2018
0245790,McCarthy,0,,0,0,0,0,0,0,0,0,0,0,2015,2019
0245790,McCarthy,0,,0,0,0,0,0,0,0,0,0,0,2016,2020
0245790,McCarthy,0,,0,0,0,0,0,0,0,0,0,0,2017,2021
0245790,McCarthy,0,,0,0,0,0,0,0,0,0,0,0,2018,2022
0245790,McCarthy,0,,0,0,0,0,0,0,0,0,0,0,2019,2023
0246010,McGrath,157,69821,4,8,19,11,15,3,41,42,7,7,2007,2011
0246010,McGrath,144,66111,4,8,13,12,15,2,48,35,7,0,2008,2012
0246010,McGrath,143,64896,7,10,12,13,14,4,43,34,6,0,2009,2013
0246010,McGrath,130,63654,8,10,15,13,11,6,36,23,8,0,2010,2014
0246010,McGrath,133,64792,10,3,19,13,9,6,39,23,9,2,2011,2015
0246010,McGrath,131,58750,10,3,12,11,9,19,35,18,12,2,2012,2016
0246010,McGrath,139,51875,13,9,14,9,13,24,29,19,7,2,2013,2017
0246010,McGrath,116,51875,10,5,10,9,11,20,29,11,9,2,2014,2018
0246010,McGrath,118,50278,7,10,11,13,10,18,35,8,4,2,2015,2019
0246010,McGrath,99,49583,4,7,9,9,7,23,28,5,6,1,2016,2020
0246010,McGrath,89,48750,6,7,16,7,9,16,21,2,5,0,2017,2021
0246010,McGrath,97,44250,8,1,19,8,19,18,15,4,3,2,2018,2022
0246010,McGrath,98,51250,5,5,17,5,13,20,20,8,2,3,2019,2023
0247735,Meadow Lakes,2451,60875,63,182,278,266,125,269,701,424,86,57,2007,2011
0247735,Meadow Lakes,2453,59488,33,263,326,240,126,306,582,400,127,50,2008,2012
0247735,Meadow Lakes,2503,57346,41,271,318,276,99,340,592,355,152,59,2009,2013
0247735,Meadow Lakes,2574,61042,68,253,352,255,118,374,535,352,194,73,2010,2014
0247735,Meadow Lakes,2591,65850,90,205,355,216,109,343,579,401,216,77,2011,2015
0247735,Meadow Lakes,2497,60625,116,148,401,244,169,353,425,346,212,83,2012,2016
0247735,Meadow Lakes,2521,62639,122,110,469,212,188,377,399,306,218,120,2013,2017
0247735,Meadow Lakes,2485,65684,174,99,475,210,188,292,370,298,244,135,2014,2018
0247735,Meadow Lakes,2537,68750,177,53,557,237,215,245,388,314,212,139,2015,2019
0247735,Meadow Lakes,2467,70069,182,52,509,212,186,258,371,338,199,160,2016,2020
0247735,Meadow Lakes,3049,75673,213,96,666,195,262,199,556,363,309,190,2017,2021
0247735,Meadow Lakes,3197,80492,178,96,623,185,271,268,462,488,365,261,2018,2022
0247735,Meadow Lakes,3226,81250,115,95,690,158,279,340,523,437,362,227,2019,2023
0247990,Mekoryuk,81,26250,9,16,7,14,9,10,4,9,0,3,2007,2011
0247990,Mekoryuk,89,24375,12,15,5,18,7,11,7,10,0,4,2008,2012
0247990,Mekoryuk,76,36250,4,13,7,18,3,9,10,12,0,0,2009,2013
0247990,Mekoryuk,64,30000,4,8,2,17,5,9,10,9,0,0,2010,2014
0247990,Mekoryuk,65,24750,3,6,6,24,5,7,6,8,0,0,2011,2015
0247990,Mekoryuk,75,30417,4,5,9,22,9,7,8,11,0,0,2012,2016
0247990,Mekoryuk,76,31250,1,3,6,28,9,8,10,11,0,0,2013,2017
0247990,Mekoryuk,80,30000,6,2,13,20,16,7,7,9,0,0,2014,2018
0247990,Mekoryuk,87,28958,6,3,13,24,17,6,8,10,0,0,2015,2019
0247990,Mekoryuk,92,28750,7,4,11,26,16,11,9,8,0,0,2016,2020
0247990,Mekoryuk,108,33750,8,4,17,28,15,12,15,9,0,0,2017,2021
0247990,Mekoryuk,124,30417,10,10,24,35,15,6,17,4,3,0,2018,2022
0247990,Mekoryuk,124,28750,10,6,20,43,10,9,15,8,3,0,2019,2023
0248200,Mendeltna,29,,0,0,0,29,0,0,0,0,0,0,2007,2011
0248200,Mendeltna,7,,0,0,0,0,0,0,7,0,0,0,2008,2012
0248200,Mendeltna,5,,0,0,0,0,0,0,5,0,0,0,2009,2013
0248200,Mendeltna,12,,0,0,0,0,0,0,12,0,0,0,2010,2014
0248200,Mendeltna,7,,0,0,0,0,0,0,7,0,0,0,2011,2015
0248200,Mendeltna,4,,0,0,0,0,0,0,4,0,0,0,2012,2016
0248200,Mendeltna,0,,0,0,0,0,0,0,0,0,0,0,2013,2017
0248200,Mendeltna,26,,0,0,0,0,0,9,17,0,0,0,2014,2018
0248200,Mendeltna,24,,0,0,0,0,0,8,16,0,0,0,2015,2019
0248200,Mendeltna,25,,0,0,0,0,0,11,14,0,0,0,2016,2020
0248200,Mendeltna,42,68462,0,0,13,0,0,16,13,0,0,0,2017,2021
0248200,Mendeltna,49,75804,0,0,15,0,0,20,0,14,0,0,2018,2022
0248200,Mendeltna,25,,0,0,17,8,0,0,0,0,0,0,2019,2023
0248540,Mentasta Lake,53,26250,5,7,0,10,14,14,0,3,0,0,2007,2011
0248540,Mentasta Lake,54,23333,6,6,0,17,7,15,0,3,0,0,2008,2012
0248540,Mentasta Lake,62,26071,7,5,0,16,13,15,2,4,0,0,2009,2013
0248540,Mentasta Lake,68,27500,13,5,0,12,12,15,6,5,0,0,2010,2014
0248540,Mentasta Lake,42,21250,11,2,0,9,6,8,6,0,0,0,2011,2015
0248540,Mentasta Lake,45,33750,10,4,0,7,3,14,7,0,0,0,2012,2016
0248540,Mentasta Lake,43,34583,6,7,0,5,4,10,5,3,3,0,2013,2017
0248540,Mentasta Lake,63,49219,9,11,10,5,1,8,12,4,3,0,2014,2018
0248540,Mentasta Lake,73,50625,10,9,11,9,2,5,22,3,2,0,2015,2019
0248540,Mentasta Lake,82,50000,11,13,14,10,2,5,15,8,4,0,2016,2020
0248540,Mentasta Lake,58,,10,8,15,8,1,0,6,7,0,3,2017,2021
0248540,Mentasta Lake,65,,13,4,14,20,4,2,3,5,0,0,2018,2022
0248540,Mentasta Lake,50,26912,5,3,0,4,23,0,15,0,0,0,2019,2023
0248590,Mertarvik,0,,0,0,0,0,0,0,0,0,0,0,2007,2011
0248590,Mertarvik,0,,0,0,0,0,0,0,0,0,0,0,2008,2012
0248590,Mertarvik,0,,0,0,0,0,0,0,0,0,0,0,2009,2013
0248590,Mertarvik,0,,0,0,0,0,0,0,0,0,0,0,2010,2014
0248590,Mertarvik,0,,0,0,0,0,0,0,0,0,0,0,2011,2015
0248590,Mertarvik,0,,0,0,0,0,0,0,0,0,0,0,2012,2016
0248590,Mertarvik,0,,0,0,0,0,0,0,0,0,0,0,2013,2017
0248590,Mertarvik,0,,0,0,0,0,0,0,0,0,0,0,2014,2018
0248590,Mertarvik,0,,0,0,0,0,0,0,0,0,0,0,2015,2019
0248590,Mertarvik,0,,0,0,0,0,0,0,0,0,0,0,2016,2020
0248590,Mertarvik,0,,0,0,0,0,0,0,0,0,0,0,2017,2021
0248590,Mertarvik,0,,0,0,0,0,0,0,0,0,0,0,2018,2022
0248590,Mertarvik,0,,0,0,0,0,0,0,0,0,0,0,2019,2023
0248870,Metlakatla,538,45776,17,35,43,68,35,166,98,50,14,12,2007,2011
0248870,Metlakatla,527,48578,14,25,56,65,28,148,92,60,17,22,2008,2012
0248870,Metlakatla,525,49663,9,15,60,76,37,129,109,45,23,22,2009,2013
0248870,Metlakatla,495,50804,19,8,51,71,43,102,100,52,36,13,2010,2014
0248870,Metlakatla,468,49924,26,9,52,67,53,80,66,55,45,15,2011,2015
0248870,Metlakatla,442,53846,24,7,54,54,51,67,84,47,44,10,2012,2016
0248870,Metlakatla,476,54250,27,6,40,63,56,71,77,76,55,5,2013,2017
0248870,Metlakatla,480,53409,32,16,50,55,60,49,99,71,40,8,2014,2018
0248870,Metlakatla,487,56188,26,18,66,62,55,57,66,88,40,9,2015,2019
0248870,Metlakatla,440,58000,14,21,97,45,60,56,62,56,25,4,2016,2020
0248870,Metlakatla,457,58229,15,21,114,55,54,61,54,62,13,8,2017,2021
0248870,Metlakatla,443,78750,10,6,103,45,48,36,64,75,38,18,2018,2022
0248870,Metlakatla,433,69107,8,9,113,49,35,49,69,55,30,16,2019,2023
0249200,Mill Bay,1364,102904,24,0,476,78,28,27,325,184,131,91,2016,2020
0249200,Mill Bay,1417,107892,22,0,501,146,29,8,237,187,130,157,2017,2021
0249200,Mill Bay,1327,115409,29,0,410,38,0,97,217,227,135,174,2018,2022
0249200,Mill Bay,1387,94359,107,0,297,91,20,183,151,162,116,260,2019,2023
0249530,Minto,66,23333,4,7,0,24,4,7,13,7,0,0,2007,2011
0249530,Minto,69,30179,4,7,1,17,15,9,7,9,0,0,2008,2012
0249530,Minto,63,25417,4,7,2,20,13,7,6,3,1,0,2009,2013
0249530,Minto,72,31875,4,4,2,17,12,17,10,4,2,0,2010,2014
0249530,Minto,81,32250,3,9,3,17,12,18,13,5,1,0,2011,2015
0249530,Minto,69,35938,6,6,5,10,11,16,9,5,0,1,2012,2016
0249530,Minto,75,38125,12,6,8,13,2,13,12,5,2,2,2013,2017
0249530,Minto,79,35625,17,5,10,8,9,9,14,4,3,0,2014,2018
0249530,Minto,63,35938,13,5,8,6,6,5,14,3,3,0,2015,2019
0249530,Minto,51,,9,4,6,4,7,3,12,2,4,0,2016,2020
0249530,Minto,50,,8,4,6,3,8,3,13,2,3,0,2017,2021
0249530,Minto,47,36042,10,2,6,5,4,11,0,9,0,0,2018,2022
0249530,Minto,92,62917,4,8,6,0,33,0,10,24,7,0,2019,2023
0250080,Moose Creek,305,36540,13,0,28,0,105,72,55,32,0,0,2007,2011
0250080,Moose Creek,266,37111,16,0,71,0,79,61,9,30,0,0,2008,2012
0250080,Moose Creek,277,50430,0,0,81,0,91,42,32,31,0,0,2009,2013
0250080,Moose Creek,317,48603,0,0,79,0,110,77,39,12,0,0,2010,2014
0250080,Moose Creek,305,51369,13,0,68,0,83,45,44,38,0,14,2011,2015
0250080,Moose Creek,285,53879,14,0,57,0,28,42,89,39,0,16,2012,2016
0250080,Moose Creek,351,53881,18,0,37,0,56,0,166,38,0,36,2013,2017
0250080,Moose Creek,398,55903,16,0,35,27,46,15,175,40,0,44,2014,2018
0250080,Moose Creek,365,64293,13,0,43,22,36,23,114,40,0,74,2015,2019
0250080,Moose Creek,251,59869,0,0,40,22,0,20,136,0,0,33,2016,2020
0250080,Moose Creek,227,108264,0,0,85,35,0,34,39,0,0,34,2017,2021
0250080,Moose Creek,242,74762,26,0,67,29,0,15,53,14,25,13,2018,2022
0250080,Moose Creek,172,86607,20,0,36,11,0,14,32,25,20,14,2019,2023
0250190,Moose Pass,102,72500,0,0,0,0,0,0,66,36,0,0,2007,2011
0250190,Moose Pass,134,89792,0,0,20,0,0,0,56,42,16,0,2008,2012
0250190,Moose Pass,164,89808,0,18,21,0,0,0,52,35,38,0,2009,2013
0250190,Moose Pass,163,96438,0,19,20,0,0,0,19,52,35,18,2010,2014
0250190,Moose Pass,163,102750,0,28,27,0,14,0,20,19,36,19,2011,2015
0250190,Moose Pass,138,,0,31,23,0,13,0,18,0,35,18,2012,2016
0250190,Moose Pass,102,,0,23,6,0,0,19,18,0,19,17,2013,2017
0250190,Moose Pass,126,75469,0,0,34,0,0,29,31,16,0,16,2014,2018
0250190,Moose Pass,106,78382,0,0,25,0,0,28,19,34,0,0,2015,2019
0250190,Moose Pass,86,79063,0,0,21,0,0,15,0,50,0,0,2016,2020
0250190,Moose Pass,111,84148,0,0,23,0,0,19,0,69,0,0,2017,2021
0250190,Moose Pass,99,89250,0,0,27,8,0,0,0,49,15,0,2018,2022
0250190,Moose Pass,42,113889,0,0,36,6,0,0,0,0,0,0,2019,2023
0250800,Mosquito Lake,90,42333,0,0,0,15,0,47,22,6,0,0,2007,2011
0250800,Mosquito Lake,65,38917,9,0,0,15,0,15,14,12,0,0,2008,2012
0250800,Mosquito Lake,88,37125,15,0,0,12,0,30,16,15,0,0,2009,2013
0250800,Mosquito Lake,75,36513,13,0,0,13,0,28,15,6,0,0,2010,2014
0250800,Mosquito Lake,75,31736,12,0,0,13,18,27,0,5,0,0,2011,2015
0250800,Mosquito Lake,100,33269,11,0,7,12,36,19,9,6,0,0,2012,2016
0250800,Mosquito Lake,116,36765,0,0,12,12,34,33,13,0,12,0,2013,2017
0250800,Mosquito Lake,97,35592,0,0,7,13,31,32,0,0,14,0,2014,2018
0250800,Mosquito Lake,122,,0,0,11,0,36,35,0,25,15,0,2015,2019
0250800,Mosquito Lake,131,83850,0,0,37,0,19,33,0,25,17,0,2016,2020
0250800,Mosquito Lake,87,127902,0,0,28,0,0,13,0,26,20,0,2017,2021
0250800,Mosquito Lake,81,96719,0,0,33,10,0,0,14,24,0,0,2018,2022
0250800,Mosquito Lake,70,102407,0,0,61,9,0,0,0,0,0,0,2019,2023
0251180,Mountain Village,180,47000,14,11,13,20,17,29,52,24,0,0,2007,2011
0251180,Mountain Village,170,50769,11,12,15,15,19,24,45,29,0,0,2008,2012
0251180,Mountain Village,169,48036,10,10,9,15,23,32,38,32,0,0,2009,2013
0251180,Mountain Village,163,44063,6,18,6,16,21,38,39,18,1,0,2010,2014
0251180,Mountain Village,153,39205,7,17,5,17,24,33,32,16,2,0,2011,2015
0251180,Mountain Village,174,37813,9,20,7,27,25,35,27,22,2,0,2012,2016
0251180,Mountain Village,155,35893,11,19,9,21,24,34,21,12,4,0,2013,2017
0251180,Mountain Village,167,33542,10,17,12,26,34,30,21,13,4,0,2014,2018
0251180,Mountain Village,168,34167,9,16,10,26,34,23,30,16,4,0,2015,2019
0251180,Mountain Village,236,31339,40,13,25,24,54,22,34,22,2,0,2016,2020
0251180,Mountain Village,195,34583,32,5,25,12,53,14,35,17,2,0,2017,2021
0251180,Mountain Village,200,45000,30,4,19,17,19,34,30,36,3,8,2018,2022
0251180,Mountain Village,200,62188,37,10,32,13,4,26,29,36,6,7,2019,2023
0251455,Mud Bay,58,45395,0,11,13,15,0,19,0,0,0,0,2007,2011
0251455,Mud Bay,61,49010,0,9,14,0,0,31,7,0,0,0,2008,2012
0251455,Mud Bay,62,67857,0,0,25,0,0,30,7,0,0,0,2009,2013
0251455,Mud Bay,66,72885,0,0,22,0,0,25,19,0,0,0,2010,2014
0251455,Mud Bay,74,119423,0,0,47,0,0,9,18,0,0,0,2011,2015
0251455,Mud Bay,97,,0,0,38,0,0,8,43,0,8,0,2012,2016
0251455,Mud Bay,57,120568,0,0,24,0,0,0,10,16,7,0,2013,2017
0251455,Mud Bay,95,64340,0,0,22,21,0,0,36,16,0,0,2014,2018
0251455,Mud Bay,62,,0,0,25,21,0,0,16,0,0,0,2015,2019
0251455,Mud Bay,109,,0,0,0,20,0,0,89,0,0,0,2016,2020
0251455,Mud Bay,53,,12,0,0,21,0,0,20,0,0,0,2017,2021
0251455,Mud Bay,62,,10,0,0,22,0,15,15,0,0,0,2018,2022
0251455,Mud Bay,51,41528,10,0,0,0,0,26,15,0,0,0,2019,2023
0251960,Nabesna,0,,0,0,0,0,0,0,0,0,0,0,2007,2011
0251960,Nabesna,0,,0,0,0,0,0,0,0,0,0,0,2008,2012
0251960,Nabesna,0,,0,0,0,0,0,0,0,0,0,0,2009,2013
0251960,Nabesna,0,,0,0,0,0,0,0,0,0,0,0,2010,2014
0251960,Nabesna,0,,0,0,0,0,0,0,0,0,0,0,2011,2015
0251960,Nabesna,0,,0,0,0,0,0,0,0,0,0,0,2012,2016
0251960,Nabesna,0,,0,0,0,0,0,0,0,0,0,0,2013,2017
0251960,Nabesna,0,,0,0,0,0,0,0,0,0,0,0,2014,2018
0251960,Nabesna,0,,0,0,0,0,0,0,0,0,0,0,2015,2019
0251960,Nabesna,0,,0,0,0,0,0,0,0,0,0,0,2016,2020
0251960,Nabesna,0,,0,0,0,0,0,0,0,0,0,0,2017,2021
0251960,Nabesna,0,,0,0,0,0,0,0,0,0,0,0,2018,2022
0251960,Nabesna,0,,0,0,0,0,0,0,0,0,0,0,2019,2023
0252060,Naknek,234,89167,4,5,76,9,15,27,50,14,27,7,2007,2011
0252060,Naknek,223,88125,1,4,65,9,13,25,49,25,25,7,2008,2012
0252060,Naknek,225,79250,2,7,62,6,10,26,57,25,21,9,2009,2013
0252060,Naknek,230,78750,1,9,58,8,10,22,57,34,22,9,2010,2014
0252060,Naknek,221,79750,1,7,58,10,15,25,44,34,21,6,2011,2015
0252060,Naknek,205,79688,3,8,51,8,15,21,40,30,21,8,2012,2016
0252060,Naknek,202,68333,4,5,45,5,20,26,50,17,19,11,2013,2017
0252060,Naknek,180,74167,3,5,31,9,18,17,40,21,19,17,2014,2018
0252060,Naknek,164,76250,3,3,29,7,21,11,36,21,20,13,2015,2019
0252060,Naknek,133,69583,2,2,25,15,10,9,31,18,10,11,2016,2020
0252060,Naknek,141,67188,1,3,29,10,16,14,31,16,12,9,2017,2021
0252060,Naknek,132,88333,1,2,24,7,13,8,28,14,16,19,2018,2022
0252060,Naknek,125,91875,3,2,26,2,12,7,25,17,15,16,2019,2023
0252210,Nanwalek,61,27841,6,0,1,18,24,4,8,0,0,0,2007,2011
0252210,Nanwalek,56,30333,4,0,5,11,28,4,4,0,0,0,2008,2012
0252210,Nanwalek,65,30104,4,2,4,11,31,8,5,0,0,0,2009,2013
0252210,Nanwalek,51,32750,2,2,4,9,17,8,7,2,0,0,2010,2014
0252210,Nanwalek,59,33542,2,3,6,11,17,8,8,4,0,0,2011,2015
0252210,Nanwalek,55,35938,2,6,6,3,15,11,8,4,0,0,2012,2016
0252210,Nanwalek,56,43750,3,5,9,4,11,9,11,4,0,0,2013,2017
0252210,Nanwalek,51,49063,3,3,5,8,4,9,15,4,0,0,2014,2018
0252210,Nanwalek,56,43750,3,2,5,11,7,7,18,3,0,0,2015,2019
0252210,Nanwalek,50,51875,3,3,7,6,3,7,21,0,0,0,2016,2020
0252210,Nanwalek,48,50000,0,0,3,9,4,11,17,4,0,0,2017,2021
0252210,Nanwalek,38,58000,0,0,5,6,1,7,16,3,0,0,2018,2022
0252210,Nanwalek,37,68250,0,0,3,0,4,6,12,6,2,4,2019,2023
0252390,Napakiak,94,34063,10,8,0,20,12,15,22,7,0,0,2007,2011
0252390,Napakiak,92,38750,6,12,0,12,12,19,22,9,0,0,2008,2012
0252390,Napakiak,99,31875,6,19,0,15,15,15,25,4,0,0,2009,2013
0252390,Napakiak,98,27188,4,24,0,14,19,9,25,3,0,0,2010,2014
0252390,Napakiak,98,24167,10,17,0,23,20,10,15,3,0,0,2011,2015
0252390,Napakiak,109,30625,8,14,3,22,19,15,21,7,0,0,2012,2016
0252390,Napakiak,110,28929,6,18,4,19,24,15,16,8,0,0,2013,2017
0252390,Napakiak,108,26786,14,13,2,22,18,17,11,11,0,0,2014,2018
0252390,Napakiak,117,25795,18,11,5,26,18,17,10,12,0,0,2015,2019
0252390,Napakiak,163,23542,45,18,5,22,25,22,12,14,0,0,2016,2020
0252390,Napakiak,147,20982,45,16,4,29,25,14,3,11,0,0,2017,2021
0252390,Napakiak,178,23889,45,13,12,39,18,23,7,18,0,3,2018,2022
0252390,Napakiak,152,26563,34,7,17,25,25,22,5,14,0,3,2019,2023
0252720,Napaskiak,78,60313,1,2,9,13,7,7,26,9,0,4,2007,2011
0252720,Napaskiak,85,41563,4,5,6,12,17,6,21,8,0,6,2008,2012
0252720,Napaskiak,91,34250,6,6,8,14,21,3,18,9,0,6,2009,2013
0252720,Napaskiak,93,33036,5,5,10,17,25,3,16,6,0,6,2010,2014
0252720,Napaskiak,100,30625,8,8,11,19,24,7,11,11,0,1,2011,2015
0252720,Napaskiak,96,32143,11,8,13,11,23,7,9,12,1,1,2012,2016
0252720,Napaskiak,80,32000,10,6,9,15,14,7,7,9,3,0,2013,2017
0252720,Napaskiak,82,33125,13,10,12,12,9,6,5,11,4,0,2014,2018
0252720,Napaskiak,85,23958,23,8,8,14,7,8,8,7,2,0,2015,2019
0252720,Napaskiak,116,31210,22,6,12,12,34,8,16,4,2,0,2016,2020
0252720,Napaskiak,103,31078,20,5,10,11,34,5,11,6,1,0,2017,2021
0252720,Napaskiak,122,34569,21,3,11,10,32,12,15,10,8,0,2018,2022
0252720,Napaskiak,122,42813,14,3,10,6,4,44,14,17,8,2,2019,2023
0252845,Naukati Bay,53,122546,6,0,38,9,0,0,0,0,0,0,2007,2011
0252845,Naukati Bay,31,43625,3,0,10,8,0,10,0,0,0,0,2008,2012
0252845,Naukati Bay,36,45750,5,0,11,10,0,10,0,0,0,0,2009,2013
0252845,Naukati Bay,35,23229,5,9,0,12,0,9,0,0,0,0,2010,2014
0252845,Naukati Bay,32,,13,10,0,0,0,9,0,0,0,0,2011,2015
0252845,Naukati Bay,35,13295,14,11,0,0,0,10,0,0,0,0,2012,2016
0252845,Naukati Bay,51,,24,14,0,0,0,0,13,0,0,0,2013,2017
0252845,Naukati Bay,72,,28,13,0,0,0,0,31,0,0,0,2014,2018
0252845,Naukati Bay,74,,44,0,0,0,0,0,30,0,0,0,2015,2019
0252845,Naukati Bay,58,,31,0,0,0,0,0,18,9,0,0,2016,2020
0252845,Naukati Bay,58,,12,17,0,0,0,0,20,9,0,0,2017,2021
0252845,Naukati Bay,52,,6,19,0,0,0,0,17,10,0,0,2018,2022
0252845,Naukati Bay,47,,8,21,0,9,0,0,9,0,0,0,2019,2023
0252915,Nelchina,6,,0,0,0,0,0,6,0,0,0,0,2007,2011
0252915,Nelchina,19,80125,0,0,0,0,0,9,0,10,0,0,2008,2012
0252915,Nelchina,18,,0,0,0,0,0,8,0,10,0,0,2009,2013
0252915,Nelchina,28,40417,0,0,0,13,0,6,0,9,0,0,2010,2014
0252915,Nelchina,39,41964,0,0,0,14,0,7,8,10,0,0,2011,2015
0252915,Nelchina,31,54063,0,0,0,8,0,0,12,11,0,0,2012,2016
0252915,Nelchina,31,,0,0,0,7,0,0,14,0,10,0,2013,2017
0252915,Nelchina,38,,0,0,0,7,0,0,13,4,14,0,2014,2018
0252915,Nelchina,28,,0,0,0,0,0,0,10,4,14,0,2015,2019
0252915,Nelchina,72,121400,0,0,50,0,0,0,0,8,14,0,2016,2020
0252915,Nelchina,57,128980,0,0,38,0,0,0,0,6,0,13,2017,2021
0252915,Nelchina,40,,0,0,34,0,0,0,0,6,0,0,2018,2022
0252915,Nelchina,42,,0,0,42,0,0,0,0,0,0,0,2019,2023
0252940,Nelson Lagoon,14,43750,0,0,0,3,2,3,6,0,0,0,2007,2011
0252940,Nelson Lagoon,11,37917,0,1,0,1,3,4,1,0,1,0,2008,2012
0252940,Nelson Lagoon,17,52708,0,1,0,2,4,1,7,0,2,0,2009,2013
0252940,Nelson Lagoon,16,58750,0,0,2,1,1,0,9,0,3,0,2010,2014
0252940,Nelson Lagoon,17,74375,0,0,2,1,2,0,6,2,4,0,2011,2015
0252940,Nelson Lagoon,20,67500,0,0,2,5,3,0,2,4,4,0,2012,2016
0252940,Nelson Lagoon,19,75625,0,0,3,3,3,0,3,4,3,0,2013,2017
0252940,Nelson Lagoon,28,80000,0,0,8,3,3,3,3,6,2,0,2014,2018
0252940,Nelson Lagoon,36,42083,0,0,8,3,3,13,3,6,0,0,2015,2019
0252940,Nelson Lagoon,41,42917,4,0,7,4,1,14,6,5,0,0,2016,2020
0252940,Nelson Lagoon,32,,2,0,5,1,0,14,6,4,0,0,2017,2021
0252940,Nelson Lagoon,34,58750,3,0,8,1,0,13,5,4,0,0,2018,2022
0252940,Nelson Lagoon,36,51250,3,0,5,1,0,11,6,6,4,0,2019,2023
0253050,Nenana,175,52250,15,14,34,23,8,23,45,6,7,0,2007,2011
0253050,Nenana,177,59583,9,12,39,22,11,23,44,8,7,2,2008,2012
0253050,Nenana,180,56250,16,10,31,20,10,25,39,11,13,5,2009,2013
0253050,Nenana,175,46607,21,14,32,27,10,22,19,14,15,1,2010,2014
0253050,Nenana,159,43250,16,16,26,26,14,15,16,18,10,2,2011,2015
0253050,Nenana,144,45000,10,11,18,25,12,18,17,16,15,2,2012,2016
0253050,Nenana,141,38750,14,11,16,32,7,17,16,14,10,4,2013,2017
0253050,Nenana,145,46250,12,7,18,30,6,20,22,15,13,2,2014,2018
0253050,Nenana,124,48750,13,7,15,17,9,16,22,15,9,1,2015,2019
0253050,Nenana,158,47000,12,16,13,19,15,19,27,22,12,3,2016,2020
0253050,Nenana,165,43750,13,7,19,31,27,13,23,18,11,3,2017,2021
0253050,Nenana,202,50357,11,16,23,33,20,20,39,21,11,8,2018,2022
0253050,Nenana,254,51250,8,21,33,26,31,41,33,49,4,8,2019,2023
0253270,Newhalen,50,56250,0,8,11,2,6,6,4,13,0,0,2007,2011
0253270,Newhalen,55,58125,1,11,12,4,5,3,5,14,0,0,2008,2012
0253270,Newhalen,47,44063,1,9,6,2,9,4,4,11,0,1,2009,2013
0253270,Newhalen,44,53333,2,6,6,2,8,3,7,8,0,2,2010,2014
0253270,Newhalen,38,56250,2,1,6,3,8,3,7,7,0,1,2011,2015
0253270,Newhalen,42,36250,6,1,3,3,9,6,6,7,0,1,2012,2016
0253270,Newhalen,32,36250,4,1,2,2,8,5,6,2,1,1,2013,2017
0253270,Newhalen,37,37083,5,2,3,1,8,8,5,4,1,0,2014,2018
0253270,Newhalen,36,40417,4,2,4,1,6,11,5,2,1,0,2015,2019
0253270,Newhalen,33,41607,3,0,3,3,4,10,6,2,2,0,2016,2020
0253270,Newhalen,29,44107,1,0,1,3,5,8,6,2,3,0,2017,2021
0253270,Newhalen,28,48333,1,0,5,0,2,13,5,0,1,1,2018,2022
0253270,Newhalen,28,56250,1,0,3,0,0,13,4,2,2,3,2019,2023
0253710,New Stuyahok,97,38854,7,7,3,11,17,23,18,11,0,0,2007,2011
0253710,New Stuyahok,99,38750,6,9,4,18,15,20,17,10,0,0,2008,2012
0253710,New Stuyahok,101,42083,5,10,6,15,10,22,23,10,0,0,2009,2013
0253710,New Stuyahok,107,40313,11,9,3,17,12,18,24,12,1,0,2010,2014
0253710,New Stuyahok,107,42813,7,8,6,16,11,22,28,8,1,0,2011,2015
0253710,New Stuyahok,113,40417,5,7,6,23,17,22,26,6,1,0,2012,2016
0253710,New Stuyahok,112,43750,10,7,13,12,13,25,26,4,2,0,2013,2017
0253710,New Stuyahok,110,38929,12,5,14,13,16,25,20,3,2,0,2014,2018
0253710,New Stuyahok,124,39643,9,8,14,15,19,32,23,4,0,0,2015,2019
0253710,New Stuyahok,148,42857,8,6,18,22,18,32,26,17,1,0,2016,2020
0253710,New Stuyahok,117,45893,9,4,16,14,12,26,13,21,2,0,2017,2021
0253710,New Stuyahok,120,52083,6,2,16,15,10,22,22,22,5,0,2018,2022
0253710,New Stuyahok,96,54167,4,0,11,11,12,19,15,20,4,0,2019,2023
0253820,Newtok,72,40000,6,6,10,5,14,18,5,8,0,0,2007,2011
0253820,Newtok,64,43056,2,7,8,5,4,22,7,9,0,0,2008,2012
0253820,Newtok,68,43409,1,8,9,6,4,22,10,6,2,0,2009,2013
0253820,Newtok,60,42500,5,7,9,8,2,11,13,4,1,0,2010,2014
0253820,Newtok,61,38125,4,8,4,12,4,11,16,1,1,0,2011,2015
0253820,Newtok,67,42917,6,8,6,11,5,7,18,3,3,0,2012,2016
0253820,Newtok,66,43750,6,9,8,9,6,5,16,3,4,0,2013,2017
0253820,Newtok,71,36042,8,6,7,14,5,9,18,3,1,0,2014,2018
0253820,Newtok,57,37083,4,5,7,11,6,8,13,1,2,0,2015,2019
0253820,Newtok,41,31875,2,6,4,11,4,6,5,1,2,0,2016,2020
0253820,Newtok,49,30417,2,6,2,13,6,10,6,4,0,0,2017,2021
0253820,Newtok,27,34583,0,2,2,7,5,4,7,0,0,0,2018,2022
0253820,Newtok,14,,0,0,3,7,0,0,4,0,0,0,2019,2023
0253930,Nightmute,60,51250,0,3,3,8,5,14,18,5,0,4,2007,2011
0253930,Nightmute,61,59063,0,2,5,9,8,9,19,4,1,4,2008,2012
0253930,Nightmute,56,53750,0,1,4,12,8,7,11,9,1,3,2009,2013
0253930,Nightmute,49,48125,0,4,3,11,3,8,11,5,1,3,2010,2014
0253930,Nightmute,51,39375,0,6,5,8,8,9,12,2,1,0,2011,2015
0253930,Nightmute,43,44375,1,3,1,7,4,11,14,1,1,0,2012,2016
0253930,Nightmute,42,45000,1,4,2,10,1,10,13,1,0,0,2013,2017
0253930,Nightmute,39,46875,3,3,2,5,4,9,11,2,0,0,2014,2018
0253930,Nightmute,35,48438,3,0,2,6,4,7,12,1,0,0,2015,2019
0253930,Nightmute,30,48333,4,0,2,5,2,6,9,2,0,0,2016,2020
0253930,Nightmute,29,52292,3,0,2,3,0,3,16,2,0,0,2017,2021
0253930,Nightmute,16,58750,2,0,2,0,0,3,9,0,0,0,2018,2022
0253930,Nightmute,14,61071,0,0,0,0,0,4,10,0,0,0,2019,2023
0254050,Nikiski,1836,68090,148,35,348,176,208,131,308,293,168,21,2007,2011
0254050,Nikiski,1794,69130,145,25,386,142,188,191,284,243,161,29,2008,2012
0254050,Nikiski,1756,71116,64,38,416,123,202,185,334,229,134,31,2009,2013
0254050,Nikiski,1705,71683,78,68,421,121,139,228,300,224,107,19,2010,2014
0254050,Nikiski,1680,70909,101,47,384,140,148,217,272,223,111,37,2011,2015
0254050,Nikiski,1770,62959,111,62,412,115,154,265,311,164,111,65,2012,2016
0254050,Nikiski,1726,56722,117,49,354,161,162,268,286,164,104,61,2013,2017
0254050,Nikiski,1617,55043,150,60,252,134,156,235,279,176,112,63,2014,2018
0254050,Nikiski,1550,54583,109,51,186,111,229,243,286,136,104,95,2015,2019
0254050,Nikiski,1376,58804,89,42,173,110,119,213,294,146,100,90,2016,2020
0254050,Nikiski,1367,60913,67,71,166,106,66,230,319,184,111,47,2017,2021
0254050,Nikiski,1505,59809,106,41,191,168,62,282,242,191,154,68,2018,2022
0254050,Nikiski,1598,63023,62,62,207,142,95,283,281,173,139,154,2019,2023
0254085,Nikolaevsk,72,63333,0,8,11,5,17,4,17,10,0,0,2007,2011
0254085,Nikolaevsk,79,26250,8,16,0,14,18,4,7,12,0,0,2008,2012
0254085,Nikolaevsk,78,24286,12,14,0,15,20,4,0,13,0,0,2009,2013
0254085,Nikolaevsk,92,23542,17,15,3,21,19,7,4,6,0,0,2010,2014
0254085,Nikolaevsk,117,23125,25,21,4,20,21,10,10,6,0,0,2011,2015
0254085,Nikolaevsk,127,29583,24,19,9,18,11,34,12,0,0,0,2012,2016
0254085,Nikolaevsk,132,35833,18,20,9,15,10,39,14,4,0,3,2013,2017
0254085,Nikolaevsk,110,36786,15,13,19,12,10,22,16,0,0,3,2014,2018
0254085,Nikolaevsk,95,42625,10,16,17,7,7,17,17,0,0,4,2015,2019
0254085,Nikolaevsk,65,51250,0,8,18,8,4,10,13,0,0,4,2016,2020
0254085,Nikolaevsk,78,54167,0,9,19,14,8,4,12,0,8,4,2017,2021
0254085,Nikolaevsk,86,44286,5,10,10,5,18,7,19,3,9,0,2018,2022
0254085,Nikolaevsk,86,55000,5,9,10,0,10,10,27,7,8,0,2019,2023
0254150,Nikolai,21,17708,7,3,0,8,0,0,3,0,0,0,2007,2011
0254150,Nikolai,22,15000,8,3,0,5,0,0,6,0,0,0,2008,2012
0254150,Nikolai,28,29167,6,3,0,3,3,2,11,0,0,0,2009,2013
0254150,Nikolai,33,31250,7,3,2,3,4,4,10,0,0,0,2010,2014
0254150,Nikolai,37,36875,4,4,2,4,5,3,14,1,0,0,2011,2015
0254150,Nikolai,39,37083,3,3,2,4,7,4,14,2,0,0,2012,2016
0254150,Nikolai,41,35417,4,6,3,1,9,6,11,1,0,0,2013,2017
0254150,Nikolai,38,34167,6,5,3,3,6,7,6,2,0,0,2014,2018
0254150,Nikolai,50,37500,12,2,1,5,5,7,16,2,0,0,2015,2019
0254150,Nikolai,57,32083,21,1,0,3,6,8,10,1,7,0,2016,2020
0254150,Nikolai,61,,20,2,1,8,5,7,4,9,5,0,2017,2021
0254150,Nikolai,57,,20,0,9,5,0,11,3,3,6,0,2018,2022
0254150,Nikolai,56,36250,14,2,7,6,4,8,4,3,8,0,2019,2023
0254260,Nikolski,27,16125,4,5,3,10,0,0,0,5,0,0,2007,2011
0254260,Nikolski,18,16786,4,0,2,8,2,1,0,1,0,0,2008,2012
0254260,Nikolski,19,24375,5,0,1,5,4,2,0,2,0,0,2009,2013
0254260,Nikolski,19,26250,7,0,1,2,3,4,0,2,0,0,2010,2014
0254260,Nikolski,20,35000,5,1,2,1,3,5,0,3,0,0,2011,2015
0254260,Nikolski,16,35000,1,2,0,2,3,5,0,3,0,0,2012,2016
0254260,Nikolski,14,37500,2,1,0,0,3,4,0,4,0,0,2013,2017
0254260,Nikolski,12,36250,2,1,2,0,2,5,0,0,0,0,2014,2018
0254260,Nikolski,9,32083,0,2,2,0,3,2,0,0,0,0,2015,2019
0254260,Nikolski,6,35000,0,0,1,0,3,2,0,0,0,0,2016,2020
0254260,Nikolski,5,41250,0,0,1,0,2,2,0,0,0,0,2017,2021
0254260,Nikolski,2,,0,0,0,0,0,1,1,0,0,0,2018,2022
0254260,Nikolski,1,,0,0,0,0,0,0,1,0,0,0,2019,2023
0254480,Ninilchik,225,51250,21,29,17,26,7,28,56,28,0,13,2007,2011
0254480,Ninilchik,271,51250,20,37,29,28,28,18,61,40,3,7,2008,2012
0254480,Ninilchik,316,49444,21,35,21,35,39,30,63,56,7,9,2009,2013
0254480,Ninilchik,349,42083,20,35,31,45,58,31,63,50,8,8,2010,2014
0254480,Ninilchik,351,49659,11,28,33,42,58,38,71,48,11,11,2011,2015
0254480,Ninilchik,359,50391,9,22,29,46,58,42,68,51,23,11,2012,2016
0254480,Ninilchik,336,50972,7,23,30,58,44,29,65,42,24,14,2013,2017
0254480,Ninilchik,329,50938,20,20,38,44,37,39,57,35,32,7,2014,2018
0254480,Ninilchik,344,51071,27,23,35,45,21,53,47,42,42,9,2015,2019
0254480,Ninilchik,362,51324,32,9,32,66,23,42,61,38,36,23,2016,2020
0254480,Ninilchik,395,51958,49,10,41,65,31,19,92,24,24,40,2017,2021
0254480,Ninilchik,408,55357,37,19,38,49,56,27,85,46,7,44,2018,2022
0254480,Ninilchik,435,53125,35,23,31,67,56,35,85,41,7,55,2019,2023
0254700,Noatak,106,61875,7,0,20,4,12,19,26,14,4,0,2007,2011
0254700,Noatak,106,57000,8,0,18,9,9,14,35,7,6,0,2008,2012
0254700,Noatak,91,58250,4,0,15,12,5,15,23,7,10,0,2009,2013
0254700,Noatak,92,56250,4,0,12,15,8,15,19,11,8,0,2010,2014
0254700,Noatak,90,51250,3,2,8,17,8,14,19,10,9,0,2011,2015
0254700,Noatak,85,44464,2,5,8,14,11,15,14,8,8,0,2012,2016
0254700,Noatak,96,50000,1,5,11,19,11,12,17,13,6,1,2013,2017
0254700,Noatak,94,53333,1,5,14,16,8,14,19,12,3,2,2014,2018
0254700,Noatak,93,46250,2,7,12,14,12,17,18,8,2,1,2015,2019
0254700,Noatak,90,55000,2,5,14,11,7,13,26,7,2,3,2016,2020
0254700,Noatak,94,56667,0,7,17,10,6,11,31,7,3,2,2017,2021
0254700,Noatak,102,67500,2,9,21,5,2,10,30,12,4,7,2018,2022
0254700,Noatak,138,77500,2,5,37,7,5,10,39,16,8,9,2019,2023
0254920,Nome,1353,69522,14,33,229,134,103,78,361,174,165,62,2007,2011
0254920,Nome,1314,71516,21,11,269,147,83,132,322,149,139,41,2008,2012
0254920,Nome,1336,71643,32,17,250,127,131,143,246,158,167,65,2009,2013
0254920,Nome,1306,70952,48,20,204,88,140,180,194,200,189,43,2010,2014
0254920,Nome,1296,76389,44,26,245,76,162,131,184,238,129,61,2011,2015
0254920,Nome,1289,78507,50,22,234,57,136,142,200,231,132,85,2012,2016
0254920,Nome,1296,81389,51,21,229,64,124,133,202,258,112,102,2013,2017
0254920,Nome,1269,81449,24,15,219,61,123,113,225,270,117,102,2014,2018
0254920,Nome,1274,84574,14,9,254,74,106,124,209,245,99,140,2015,2019
0254920,Nome,1251,85268,11,6,255,87,85,119,216,215,106,151,2016,2020
0254920,Nome,1144,91375,18,4,267,93,45,99,213,146,116,143,2017,2021
0254920,Nome,1173,103542,14,9,281,61,77,71,191,137,135,197,2018,2022
0254920,Nome,1180,113561,27,10,276,52,68,57,146,134,181,229,2019,2023
0255030,Nondalton,58,39286,6,4,4,13,1,7,7,14,2,0,2007,2011
0255030,Nondalton,53,26042,2,2,3,20,7,5,8,4,2,0,2008,2012
0255030,Nondalton,59,24250,2,4,2,25,6,1,10,7,2,0,2009,2013
0255030,Nondalton,64,30000,3,7,2,19,5,5,16,6,1,0,2010,2014
0255030,Nondalton,64,30833,2,9,1,17,7,7,16,3,2,0,2011,2015
0255030,Nondalton,68,35500,0,10,1,14,9,14,18,2,0,0,2012,2016
0255030,Nondalton,43,38750,0,5,2,8,6,6,12,2,2,0,2013,2017
0255030,Nondalton,44,39167,0,7,2,3,8,7,13,2,2,0,2014,2018
0255030,Nondalton,44,41250,0,5,2,3,10,8,13,1,2,0,2015,2019
0255030,Nondalton,41,60208,0,1,3,2,7,8,13,3,4,0,2016,2020
0255030,Nondalton,25,55625,0,2,3,1,3,6,4,2,2,2,2017,2021
0255030,Nondalton,22,55000,0,0,1,1,4,6,5,1,4,0,2018,2022
0255030,Nondalton,29,39750,3,0,2,1,6,5,12,0,0,0,2019,2023
0255140,Noorvik,150,53889,7,4,18,18,16,22,34,19,12,0,2007,2011
0255140,Noorvik,155,52250,7,6,14,10,23,27,42,16,10,0,2008,2012
0255140,Noorvik,150,54375,9,8,18,10,20,22,36,19,8,0,2009,2013
0255140,Noorvik,140,52500,10,10,19,6,19,24,31,12,8,1,2010,2014
0255140,Noorvik,138,40833,15,8,20,12,24,24,25,4,5,1,2011,2015
0255140,Noorvik,125,42917,11,4,16,16,23,15,24,12,3,1,2012,2016
0255140,Noorvik,122,48750,10,4,18,11,20,17,23,12,5,2,2013,2017
0255140,Noorvik,118,48125,11,4,14,15,17,15,23,10,8,1,2014,2018
0255140,Noorvik,116,43750,12,6,12,16,12,21,20,11,6,0,2015,2019
0255140,Noorvik,96,65000,7,4,12,11,7,11,21,12,10,1,2016,2020
0255140,Noorvik,97,51563,8,5,11,13,6,14,19,10,11,0,2017,2021
0255140,Noorvik,120,56563,9,5,20,14,5,15,19,15,17,1,2018,2022
0255140,Noorvik,122,63125,7,4,32,11,4,21,21,7,10,5,2019,2023
0255745,North Lakes,2756,80000,179,102,521,183,140,220,523,372,272,244,2016,2020
0255745,North Lakes,3505,81094,179,82,632,259,125,317,668,506,406,331,2017,2021
0255745,North Lakes,3594,95556,127,81,776,218,70,353,498,554,518,399,2018,2022
0255745,North Lakes,3573,102785,90,39,833,188,75,301,580,456,451,560,2019,2023
0255910,North Pole,863,66339,39,31,172,98,72,67,147,132,77,28,2007,2011
0255910,North Pole,866,71250,34,34,210,38,122,56,162,121,64,25,2008,2012
0255910,North Pole,854,66250,42,35,199,34,96,96,171,101,44,36,2009,2013
0255910,North Pole,828,67721,48,36,161,18,66,97,196,117,59,30,2010,2014
0255910,North Pole,803,70536,49,35,184,20,36,88,185,122,59,25,2011,2015
0255910,North Pole,787,69806,30,29,204,35,62,68,187,104,45,23,2012,2016
0255910,North Pole,849,73807,37,33,238,37,78,74,176,91,70,15,2013,2017
0255910,North Pole,939,79301,43,28,221,15,99,66,179,161,121,6,2014,2018
0255910,North Pole,977,81042,24,18,207,27,112,93,155,210,117,14,2015,2019
0255910,North Pole,1111,81491,20,12,271,24,103,90,169,317,89,16,2016,2020
0255910,North Pole,1029,83524,19,6,155,28,50,87,182,317,144,41,2017,2021
0255910,North Pole,1013,91583,14,20,214,21,47,58,121,289,127,102,2018,2022
0255910,North Pole,1001,93355,49,0,292,23,25,90,119,249,94,60,2019,2023
0256220,Northway,73,21607,1,0,10,43,2,4,0,13,0,0,2007,2011
0256220,Northway,41,85750,6,0,0,0,1,7,2,15,10,0,2008,2012
0256220,Northway,31,88482,4,0,5,0,1,4,1,14,2,0,2009,2013
0256220,Northway,33,88355,3,0,3,0,1,5,1,19,1,0,2010,2014
0256220,Northway,25,51250,3,0,4,1,2,6,5,3,1,0,2011,2015
0256220,Northway,25,54375,6,0,5,2,0,1,6,3,2,0,2012,2016
0256220,Northway,25,63750,4,0,6,4,0,0,5,4,2,0,2013,2017
0256220,Northway,18,63750,3,0,2,2,2,0,5,4,0,0,2014,2018
0256220,Northway,17,65625,2,0,2,2,2,0,7,2,0,0,2015,2019
0256220,Northway,62,51250,9,6,13,9,0,6,18,1,0,0,2016,2020
0256220,Northway,62,48125,15,6,4,8,0,5,10,7,7,0,2017,2021
0256220,Northway,53,,13,9,0,5,3,3,10,4,6,0,2018,2022
0256220,Northway,50,,13,0,0,13,4,0,7,0,13,0,2019,2023
0256320,Nuiqsut,129,93750,0,0,42,2,0,10,35,19,14,7,2007,2011
0256320,Nuiqsut,108,95833,0,0,34,1,3,5,28,19,13,5,2008,2012
0256320,Nuiqsut,101,94375,0,0,33,6,3,5,26,12,12,4,2009,2013
0256320,Nuiqsut,100,85833,0,0,22,2,7,5,25,18,15,6,2010,2014
0256320,Nuiqsut,99,80938,0,0,16,2,8,8,27,26,9,3,2011,2015
0256320,Nuiqsut,93,84464,0,0,23,2,7,8,21,21,5,6,2012,2016
0256320,Nuiqsut,105,82813,4,0,23,0,9,10,26,20,6,7,2013,2017
0256320,Nuiqsut,106,80000,4,2,25,2,7,10,24,19,8,5,2014,2018
0256320,Nuiqsut,108,75000,5,1,24,2,7,11,28,16,7,7,2015,2019
0256320,Nuiqsut,109,67361,6,2,20,5,6,13,30,11,9,7,2016,2020
0256320,Nuiqsut,125,68393,7,5,19,6,6,15,34,8,15,10,2017,2021
0256320,Nuiqsut,107,76250,3,5,22,1,10,15,18,15,7,11,2018,2022
0256320,Nuiqsut,119,62083,7,3,16,13,13,14,14,20,7,12,2019,2023
0256350,Nulato,84,30833,6,2,7,24,15,10,14,3,3,0,2007,2011
0256350,Nulato,87,29861,6,5,5,17,19,14,16,2,3,0,2008,2012
0256350,Nulato,81,34375,7,12,4,12,10,20,14,2,0,0,2009,2013
0256350,Nulato,86,39500,7,9,9,14,7,20,17,3,0,0,2010,2014
0256350,Nulato,81,38281,9,11,8,7,6,22,15,3,0,0,2011,2015
0256350,Nulato,84,38182,10,9,6,10,8,22,16,3,0,0,2012,2016
0256350,Nulato,94,38333,16,12,8,12,2,18,23,3,0,0,2013,2017
0256350,Nulato,87,42321,8,6,7,14,6,18,21,7,0,0,2014,2018
0256350,Nulato,74,46500,3,7,5,7,4,20,19,7,0,2,2015,2019
0256350,Nulato,86,48077,3,4,7,10,9,27,17,8,0,1,2016,2020
0256350,Nulato,89,50375,2,8,14,7,12,14,23,5,2,2,2017,2021
0256350,Nulato,77,53839,0,6,12,5,7,9,27,2,7,2,2018,2022
0256350,Nulato,104,52143,11,11,8,6,3,15,30,8,4,8,2019,2023
0256600,Nunam Iqua,38,50833,0,6,0,5,1,6,16,0,4,0,2007,2011
0256600,Nunam Iqua,36,49000,0,6,2,3,1,10,9,0,5,0,2008,2012
0256600,Nunam Iqua,35,45625,0,7,2,4,1,9,9,2,1,0,2009,2013
0256600,Nunam Iqua,31,51250,0,4,3,5,1,5,6,6,1,0,2010,2014
0256600,Nunam Iqua,40,41250,0,3,6,7,4,9,5,4,2,0,2011,2015
0256600,Nunam Iqua,33,48750,0,1,5,4,5,7,6,3,2,0,2012,2016
0256600,Nunam Iqua,30,38750,2,1,1,4,6,6,8,2,0,0,2013,2017
0256600,Nunam Iqua,40,31250,2,5,2,7,11,9,4,0,0,0,2014,2018
0256600,Nunam Iqua,35,31250,2,4,0,5,12,8,4,0,0,0,2015,2019
0256600,Nunam Iqua,28,31667,1,5,0,3,10,7,2,0,0,0,2016,2020
0256600,Nunam Iqua,30,33750,3,6,0,3,4,11,3,0,0,0,2017,2021
0256600,Nunam Iqua,16,38214,0,3,0,3,0,10,0,0,0,0,2018,2022
0256600,Nunam Iqua,0,,0,0,0,0,0,0,0,0,0,0,2019,2023
0256680,Nunapitchuk,104,39583,6,5,14,8,25,23,11,12,0,0,2007,2011
0256680,Nunapitchuk,96,42778,0,5,11,4,22,31,16,7,0,0,2008,2012
0256680,Nunapitchuk,95,41750,0,4,12,14,13,27,21,3,1,0,2009,2013
0256680,Nunapitchuk,89,40625,1,2,16,14,15,20,14,5,2,0,2010,2014
0256680,Nunapitchuk,96,35833,2,4,6,24,17,16,20,5,2,0,2011,2015
0256680,Nunapitchuk,111,39750,9,2,10,22,17,18,21,8,4,0,2012,2016
0256680,Nunapitchuk,113,36964,14,2,8,21,14,17,21,13,3,0,2013,2017
0256680,Nunapitchuk,124,36786,17,3,8,21,16,15,29,14,1,0,2014,2018
0256680,Nunapitchuk,135,38036,24,5,12,17,17,14,27,15,4,0,2015,2019
0256680,Nunapitchuk,143,38705,20,4,13,11,17,35,21,15,5,2,2016,2020
0256680,Nunapitchuk,147,40650,19,5,12,14,19,35,18,20,5,0,2017,2021
0256680,Nunapitchuk,153,43352,10,3,14,29,12,39,16,21,6,3,2018,2022
0256680,Nunapitchuk,153,43750,7,6,12,26,25,36,14,15,6,6,2019,2023
0257340,Old Harbor,73,50179,9,6,0,5,4,12,23,11,3,0,2007,2011
0257340,Old Harbor,84,53125,10,7,9,7,3,13,20,6,4,5,2008,2012
0257340,Old Harbor,88,41000,6,14,4,13,8,9,19,3,8,4,2009,2013
0257340,Old Harbor,86,42500,7,11,11,15,9,3,17,4,6,3,2010,2014
0257340,Old Harbor,85,33750,10,10,11,14,10,6,12,4,3,5,2011,2015
0257340,Old Harbor,98,36667,12,10,12,16,9,9,16,6,3,5,2012,2016
0257340,Old Harbor,91,29063,8,12,9,18,12,6,13,4,4,5,2013,2017
0257340,Old Harbor,83,31563,8,13,7,13,10,8,12,4,3,5,2014,2018
0257340,Old Harbor,88,36250,9,11,4,18,6,12,16,5,3,4,2015,2019
0257340,Old Harbor,90,35313,7,11,0,17,9,22,16,4,2,2,2016,2020
0257340,Old Harbor,80,34167,13,7,2,17,4,19,11,3,2,2,2017,2021
0257340,Old Harbor,75,40156,17,5,3,11,1,19,7,5,7,0,2018,2022
0257340,Old Harbor,91,31250,22,1,3,18,5,20,12,1,9,0,2019,2023
0258330,Oscarville,16,52500,0,0,0,0,3,5,3,5,0,0,2007,2011
0258330,Oscarville,16,53750,0,0,2,0,3,5,3,3,0,0,2008,2012
0258330,Oscarville,13,39583,0,0,1,0,4,5,0,3,0,0,2009,2013
0258330,Oscarville,9,85938,0,0,2,0,2,1,0,4,0,0,2010,2014
0258330,Oscarville,4,,0,0,1,0,2,1,0,0,0,0,2011,2015
0258330,Oscarville,7,26875,0,2,2,0,3,0,0,0,0,0,2012,2016
0258330,Oscarville,8,30000,0,2,1,0,4,0,0,1,0,0,2013,2017
0258330,Oscarville,13,,0,4,3,0,4,0,0,2,0,0,2014,2018
0258330,Oscarville,18,,0,2,5,4,3,0,0,4,0,0,2015,2019
0258330,Oscarville,17,,0,1,5,5,2,0,0,4,0,0,2016,2020
0258330,Oscarville,20,94167,0,1,9,4,0,0,0,6,0,0,2017,2021
0258330,Oscarville,20,,0,3,10,3,1,3,0,0,0,0,2018,2022
0258330,Oscarville,15,,0,0,7,3,1,4,0,0,0,0,2019,2023
0258550,Ouzinkie,103,34375,10,2,0,23,17,4,24,21,0,2,2007,2011
0258550,Ouzinkie,104,47500,5,7,3,16,17,7,26,21,0,2,2008,2012
0258550,Ouzinkie,108,37857,0,14,3,14,23,11,17,22,0,4,2009,2013
0258550,Ouzinkie,100,39000,0,14,6,12,19,8,18,17,0,6,2010,2014
0258550,Ouzinkie,77,34464,0,13,4,10,17,7,11,9,2,4,2011,2015
0258550,Ouzinkie,74,35000,2,11,3,10,14,8,11,9,2,4,2012,2016
0258550,Ouzinkie,70,39375,0,14,0,8,10,10,6,9,0,13,2013,2017
0258550,Ouzinkie,65,43125,0,10,10,11,5,12,9,0,0,8,2014,2018
0258550,Ouzinkie,62,39375,0,7,15,9,12,11,3,2,0,3,2015,2019
0258550,Ouzinkie,53,33750,0,6,7,13,9,10,1,2,2,3,2016,2020
0258550,Ouzinkie,43,46875,0,2,3,8,5,7,9,2,4,3,2017,2021
0258550,Ouzinkie,40,53750,0,2,7,7,5,4,4,6,3,2,2018,2022
0258550,Ouzinkie,61,27813,0,17,5,10,8,7,4,4,6,0,2019,2023
0258660,Palmer,1994,59484,89,94,312,273,147,231,407,334,65,42,2007,2011
0258660,Palmer,2040,61383,87,105,356,289,147,198,440,293,84,41,2008,2012
0258660,Palmer,2133,59966,71,141,389,292,166,234,444,277,87,32,2009,2013
0258660,Palmer,2120,60365,69,158,360,249,169,230,457,281,94,53,2010,2014
0258660,Palmer,2055,61797,76,150,335,201,164,251,427,282,106,63,2011,2015
0258660,Palmer,2063,59718,86,137,300,178,199,280,371,314,132,66,2012,2016
0258660,Palmer,2002,58389,88,133,325,140,199,281,390,261,116,69,2013,2017
0258660,Palmer,2026,60350,89,101,317,159,173,313,392,290,124,68,2014,2018
0258660,Palmer,2014,62339,85,91,293,165,181,291,411,280,148,69,2015,2019
0258660,Palmer,2104,60156,106,97,305,164,175,329,395,300,146,87,2016,2020
0258660,Palmer,2063,62068,101,71,261,181,147,317,419,319,157,90,2017,2021
0258660,Palmer,2232,68929,119,62,345,175,147,275,447,337,198,127,2018,2022
0258660,Palmer,2311,70550,157,45,427,206,164,254,392,327,167,172,2019,2023
0259320,Paxson,6,,0,0,0,0,0,0,0,6,0,0,2007,2011
0259320,Paxson,6,,0,0,0,0,0,0,0,6,0,0,2008,2012
0259320,Paxson,21,,0,0,0,0,15,0,0,6,0,0,2009,2013
0259320,Paxson,21,,0,0,0,0,12,0,0,9,0,0,2010,2014
0259320,Paxson,25,,0,0,0,0,14,0,0,11,0,0,2011,2015
0259320,Paxson,9,,0,0,0,0,9,0,0,0,0,0,2012,2016
0259320,Paxson,10,,0,0,0,0,10,0,0,0,0,0,2013,2017
0259320,Paxson,0,,0,0,0,0,0,0,0,0,0,0,2014,2018
0259320,Paxson,0,,0,0,0,0,0,0,0,0,0,0,2015,2019
0259320,Paxson,0,,0,0,0,0,0,0,0,0,0,0,2016,2020
0259320,Paxson,0,,0,0,0,0,0,0,0,0,0,0,2017,2021
0259320,Paxson,0,,0,0,0,0,0,0,0,0,0,0,2018,2022
0259320,Paxson,9,,0,0,9,0,0,0,0,0,0,0,2019,2023
0259540,Pedro Bay,10,43125,0,0,0,0,0,8,2,0,0,0,2007,2011
0259540,Pedro Bay,15,43958,2,0,0,0,0,8,5,0,0,0,2008,2012
0259540,Pedro Bay,13,44375,1,0,0,0,0,6,5,1,0,0,2009,2013
0259540,Pedro Bay,11,46875,1,0,0,0,0,5,4,1,0,0,2010,2014
0259540,Pedro Bay,8,56667,1,0,0,0,0,1,5,1,0,0,2011,2015
0259540,Pedro Bay,7,55625,1,0,0,0,0,2,3,1,0,0,2012,2016
0259540,Pedro Bay,8,53750,0,0,0,0,0,3,3,2,0,0,2013,2017
0259540,Pedro Bay,9,52917,0,1,0,0,0,3,5,0,0,0,2014,2018
0259540,Pedro Bay,11,53750,0,2,0,0,0,1,8,0,0,0,2015,2019
0259540,Pedro Bay,12,53125,0,0,0,2,0,2,8,0,0,0,2016,2020
0259540,Pedro Bay,9,55938,0,0,0,2,0,0,7,0,0,0,2017,2021
0259540,Pedro Bay,10,75833,0,0,1,2,0,0,2,3,0,2,2018,2022
0259540,Pedro Bay,10,80833,0,0,1,0,0,0,0,7,0,2,2019,2023
0259650,Pelican,46,72500,0,4,10,0,3,12,4,11,2,0,2007,2011
0259650,Pelican,38,41250,0,5,2,3,5,8,3,8,4,0,2008,2012
0259650,Pelican,24,89167,0,0,7,6,0,1,3,7,0,0,2009,2013
0259650,Pelican,23,86750,0,0,2,7,0,1,0,10,3,0,2010,2014
0259650,Pelican,34,66667,0,0,2,7,0,6,6,9,4,0,2011,2015
0259650,Pelican,40,53500,0,0,3,7,0,11,11,4,4,0,2012,2016
0259650,Pelican,31,54250,0,0,3,4,0,8,11,4,1,0,2013,2017
0259650,Pelican,46,70500,0,0,0,0,11,7,9,9,10,0,2014,2018
0259650,Pelican,39,55417,0,0,0,5,0,14,8,5,7,0,2015,2019
0259650,Pelican,33,52188,0,0,5,5,0,8,10,0,5,0,2016,2020
0259650,Pelican,23,,0,0,5,5,0,7,1,0,5,0,2017,2021
0259650,Pelican,36,,0,0,7,2,6,10,2,3,6,0,2018,2022
0259650,Pelican,26,38750,0,0,2,3,10,2,7,2,0,0,2019,2023
0260200,Perryville,39,25313,5,2,2,12,17,0,0,0,0,1,2007,2011
0260200,Perryville,37,22344,5,4,2,10,11,0,3,0,0,2,2008,2012
0260200,Perryville,35,32188,5,3,2,4,11,5,3,0,0,2,2009,2013
0260200,Perryville,36,28750,6,4,2,5,7,7,2,2,0,1,2010,2014
0260200,Perryville,27,38125,1,1,2,7,4,5,4,1,0,2,2011,2015
0260200,Perryville,30,32500,1,4,0,6,6,6,6,1,0,0,2012,2016
0260200,Perryville,29,40417,2,3,0,3,4,10,6,1,0,0,2013,2017
0260200,Perryville,24,33750,1,4,0,5,3,4,5,2,0,0,2014,2018
0260200,Perryville,29,30625,2,3,0,6,7,4,5,2,0,0,2015,2019
0260200,Perryville,19,28750,1,3,0,5,2,4,1,3,0,0,2016,2020
0260200,Perryville,23,,0,2,1,10,2,5,0,3,0,0,2017,2021
0260200,Perryville,24,27000,0,0,3,8,7,3,0,3,0,0,2018,2022
0260200,Perryville,28,44167,0,0,4,2,6,11,3,2,0,0,2019,2023
0260310,Petersburg,1278,70417,8,68,314,150,81,168,205,196,58,30,2007,2011
0260310,Petersburg,1392,66316,20,107,267,167,83,222,166,193,120,47,2008,2012
0260310,Petersburg,1319,66125,29,94,209,183,87,164,180,189,128,56,2009,2013
0260310,Petersburg,1267,60774,51,79,219,128,99,185,183,126,135,62,2010,2014
0260310,Petersburg,1215,68641,59,76,225,122,67,121,215,163,114,53,2011,2015
0260310,Petersburg,1166,64076,62,66,182,125,90,96,241,135,113,56,2012,2016
0260310,Petersburg,1177,64201,69,31,195,105,104,131,252,124,114,52,2013,2017
0260310,Petersburg,1101,69514,55,23,174,93,105,100,221,147,93,90,2014,2018
0260310,Petersburg,1134,70750,38,25,182,82,114,106,234,156,95,102,2015,2019
0260310,Petersburg,1159,68950,32,33,164,99,136,102,265,158,81,89,2016,2020
0260310,Petersburg,1162,73289,30,48,192,76,130,117,193,213,71,92,2017,2021
0260310,Petersburg,1225,77670,24,19,176,100,97,176,192,224,100,117,2018,2022
0260310,Petersburg,1302,76466,21,22,178,104,117,155,215,234,143,113,2019,2023
0260460,Petersville,0,,0,0,0,0,0,0,0,0,0,0,2007,2011
0260460,Petersville,0,,0,0,0,0,0,0,0,0,0,0,2008,2012
0260460,Petersville,0,,0,0,0,0,0,0,0,0,0,0,2009,2013
0260460,Petersville,0,,0,0,0,0,0,0,0,0,0,0,2010,2014
0260460,Petersville,0,,0,0,0,0,0,0,0,0,0,0,2011,2015
0260460,Petersville,0,,0,0,0,0,0,0,0,0,0,0,2012,2016
0260460,Petersville,0,,0,0,0,0,0,0,0,0,0,0,2013,2017
0260460,Petersville,0,,0,0,0,0,0,0,0,0,0,0,2014,2018
0260460,Petersville,0,,0,0,0,0,0,0,0,0,0,0,2015,2019
0260460,Petersville,0,,0,0,0,0,0,0,0,0,0,0,2016,2020
0260460,Petersville,0,,0,0,0,0,0,0,0,0,0,0,2017,2021
0260460,Petersville,13,,0,0,0,6,0,0,0,0,0,7,2018,2022
0260460,Petersville,14,,0,0,0,0,7,0,0,0,0,7,2019,2023
0260640,Pilot Point,17,33750,2,0,0,3,4,2,6,0,0,0,2007,2011
0260640,Pilot Point,27,31563,5,0,1,6,6,3,5,0,1,0,2008,2012
0260640,Pilot Point,22,26250,5,0,2,6,6,0,2,0,1,0,2009,2013
0260640,Pilot Point,25,26875,5,0,1,6,8,0,4,0,1,0,2010,2014
0260640,Pilot Point,21,28750,4,0,3,5,4,0,4,0,1,0,2011,2015
0260640,Pilot Point,20,,2,0,2,6,2,2,3,2,1,0,2012,2016
0260640,Pilot Point,23,36250,0,0,2,9,2,4,4,2,0,0,2013,2017
0260640,Pilot Point,27,46875,0,0,4,6,2,8,5,2,0,0,2014,2018
0260640,Pilot Point,30,43750,0,2,5,8,3,4,5,2,1,0,2015,2019
0260640,Pilot Point,26,48750,0,1,2,3,3,6,3,4,4,0,2016,2020
0260640,Pilot Point,23,48750,0,2,1,2,3,5,2,4,4,0,2017,2021
0260640,Pilot Point,27,59375,0,5,5,0,3,4,2,2,6,0,2018,2022
0260640,Pilot Point,21,98125,0,4,3,0,1,0,3,4,6,0,2019,2023
0260750,Pilot Station,118,41250,10,3,8,21,18,22,19,9,4,4,2007,2011
0260750,Pilot Station,115,41250,12,5,4,19,17,24,21,9,0,4,2008,2012
0260750,Pilot Station,127,42708,11,7,6,17,20,27,28,7,0,4,2009,2013
0260750,Pilot Station,121,32292,11,3,7,27,20,16,23,10,0,4,2010,2014
0260750,Pilot Station,117,33125,11,5,12,23,21,19,20,6,0,0,2011,2015
0260750,Pilot Station,129,32750,12,6,10,27,24,12,29,7,2,0,2012,2016
0260750,Pilot Station,136,28214,17,10,9,34,20,9,23,8,6,0,2013,2017
0260750,Pilot Station,122,29688,17,10,9,27,18,10,15,10,6,0,2014,2018
0260750,Pilot Station,127,31875,17,13,12,24,11,14,17,10,7,2,2015,2019
0260750,Pilot Station,93,25750,14,8,3,23,13,9,7,8,5,3,2016,2020
0260750,Pilot Station,104,27000,21,3,3,24,16,13,7,8,2,7,2017,2021
0260750,Pilot Station,83,41964,1,0,10,12,16,25,3,11,0,5,2018,2022
0260750,Pilot Station,121,43125,11,3,20,12,11,43,10,7,0,4,2019,2023
0260860,Pitkas Point,39,41563,4,3,0,3,7,6,12,4,0,0,2007,2011
0260860,Pitkas Point,44,50000,3,3,2,4,5,7,16,4,0,0,2008,2012
0260860,Pitkas Point,41,46875,3,3,2,0,8,7,12,4,0,2,2009,2013
0260860,Pitkas Point,31,40625,5,3,2,1,6,3,8,1,0,2,2010,2014
0260860,Pitkas Point,30,47500,6,1,2,2,3,4,8,2,0,2,2011,2015
0260860,Pitkas Point,28,48750,2,2,1,3,4,4,8,2,0,2,2012,2016
0260860,Pitkas Point,29,49375,2,3,0,4,2,4,7,5,0,2,2013,2017
0260860,Pitkas Point,30,43750,3,3,0,3,4,4,6,7,0,0,2014,2018
0260860,Pitkas Point,36,51667,3,4,3,2,2,5,7,10,0,0,2015,2019
0260860,Pitkas Point,26,50833,3,3,3,2,3,1,4,7,0,0,2016,2020
0260860,Pitkas Point,41,53438,7,3,8,0,5,4,8,6,0,0,2017,2021
0260860,Pitkas Point,55,57679,10,0,12,5,2,2,18,6,0,0,2018,2022
0260860,Pitkas Point,50,57500,10,0,8,3,6,2,13,4,4,0,2019,2023
0261080,Platinum,16,11250,8,0,0,2,0,2,4,0,0,0,2007,2011
0261080,Platinum,17,16875,7,0,0,2,0,3,5,0,0,0,2008,2012
0261080,Platinum,20,40000,7,0,0,2,0,5,6,0,0,0,2009,2013
0261080,Platinum,11,38750,3,0,0,2,0,4,2,0,0,0,2010,2014
0261080,Platinum,9,44063,0,0,0,1,0,5,1,2,0,0,2011,2015
0261080,Platinum,8,41250,1,2,0,0,0,2,2,1,0,0,2012,2016
0261080,Platinum,7,,1,2,0,0,0,1,0,3,0,0,2013,2017
0261080,Platinum,6,,1,2,0,0,0,0,0,3,0,0,2014,2018
0261080,Platinum,5,,2,1,0,0,0,0,0,2,0,0,2015,2019
0261080,Platinum,4,,1,1,0,0,0,0,0,2,0,0,2016,2020
0261080,Platinum,3,,0,0,0,0,0,0,0,3,0,0,2017,2021
0261080,Platinum,6,,0,0,0,0,0,0,3,0,0,3,2018,2022
0261080,Platinum,7,,0,0,0,0,0,0,3,0,0,4,2019,2023
0261120,Pleasant Valley,256,56131,0,0,58,13,0,87,63,35,0,0,2007,2011
0261120,Pleasant Valley,175,67188,0,0,38,18,0,34,39,46,0,0,2008,2012
0261120,Pleasant Valley,113,67337,0,0,21,17,0,18,23,34,0,0,2009,2013
0261120,Pleasant Valley,94,78182,18,0,23,0,0,0,23,30,0,0,2010,2014
0261120,Pleasant Valley,72,68929,20,0,0,0,0,0,28,24,0,0,2011,2015
0261120,Pleasant Valley,66,69205,18,0,0,0,0,0,22,26,0,0,2012,2016
0261120,Pleasant Valley,111,,20,0,0,0,0,0,0,91,0,0,2013,2017
0261120,Pleasant Valley,191,88076,15,0,27,0,0,28,32,89,0,0,2014,2018
0261120,Pleasant Valley,201,90384,0,0,26,0,0,53,34,88,0,0,2015,2019
0261120,Pleasant Valley,183,53926,0,0,18,0,0,55,64,46,0,0,2016,2020
0261120,Pleasant Valley,285,,0,0,14,0,0,0,104,40,73,54,2017,2021
0261120,Pleasant Valley,260,,0,0,34,0,0,0,130,0,0,96,2018,2022
0261120,Pleasant Valley,178,211071,0,0,15,0,0,0,31,19,0,113,2019,2023
0261190,Point Baker,9,,9,0,0,0,0,0,0,0,0,0,2007,2011
0261190,Point Baker,16,22500,8,0,0,0,0,8,0,0,0,0,2008,2012
0261190,Point Baker,36,18906,9,0,0,16,0,11,0,0,0,0,2009,2013
0261190,Point Baker,35,18482,12,0,0,14,0,9,0,0,0,0,2010,2014
0261190,Point Baker,27,,0,0,0,18,0,9,0,0,0,0,2011,2015
0261190,Point Baker,24,,0,0,0,17,0,7,0,0,0,0,2012,2016
0261190,Point Baker,13,,0,0,0,13,0,0,0,0,0,0,2013,2017
0261190,Point Baker,0,,0,0,0,0,0,0,0,0,0,0,2014,2018
0261190,Point Baker,0,,0,0,0,0,0,0,0,0,0,0,2015,2019
0261190,Point Baker,0,,0,0,0,0,0,0,0,0,0,0,2016,2020
0261190,Point Baker,0,,0,0,0,0,0,0,0,0,0,0,2017,2021
0261190,Point Baker,0,,0,0,0,0,0,0,0,0,0,0,2018,2022
0261190,Point Baker,0,,0,0,0,0,0,0,0,0,0,0,2019,2023
0261630,Point Hope,267,76250,0,2,77,21,27,17,64,43,16,0,2007,2011
0261630,Point Hope,214,83125,0,1,62,22,17,15,33,49,13,2,2008,2012
0261630,Point Hope,193,71875,5,4,50,19,15,21,33,37,8,1,2009,2013
0261630,Point Hope,176,67500,5,3,34,17,12,23,40,35,5,2,2010,2014
0261630,Point Hope,167,57292,6,4,28,18,12,26,37,30,3,3,2011,2015
0261630,Point Hope,171,60208,6,5,31,14,19,24,43,24,2,3,2012,2016
0261630,Point Hope,168,60417,6,5,32,13,17,27,43,16,5,4,2013,2017
0261630,Point Hope,152,64000,2,4,27,17,11,22,38,18,9,4,2014,2018
0261630,Point Hope,149,62813,1,5,29,20,10,27,26,18,10,3,2015,2019
0261630,Point Hope,165,59375,3,5,26,27,15,29,21,21,14,4,2016,2020
0261630,Point Hope,203,62321,2,6,37,25,17,37,30,25,18,6,2017,2021
0261630,Point Hope,149,56250,1,9,16,24,12,19,22,17,15,14,2018,2022
0261630,Point Hope,166,81944,2,5,28,18,13,17,21,26,15,21,2019,2023
0261700,Point Lay,69,42188,1,8,15,9,13,9,10,4,0,0,2007,2011
0261700,Point Lay,64,76250,1,2,13,5,8,4,12,11,6,2,2008,2012
0261700,Point Lay,67,73125,3,2,10,7,5,3,15,17,2,3,2009,2013
0261700,Point Lay,68,60000,3,4,5,3,7,7,18,16,1,4,2010,2014
0261700,Point Lay,69,61563,5,1,5,6,6,9,14,16,3,4,2011,2015
0261700,Point Lay,77,59375,6,6,8,6,5,10,13,16,3,4,2012,2016
0261700,Point Lay,67,58750,3,7,6,3,4,13,14,12,3,2,2013,2017
0261700,Point Lay,56,63750,2,3,5,3,4,8,14,10,6,1,2014,2018
0261700,Point Lay,52,59167,2,3,6,7,3,4,16,5,5,1,2015,2019
0261700,Point Lay,45,60250,2,3,5,3,4,2,14,6,3,3,2016,2020
0261700,Point Lay,45,78750,0,0,9,2,2,3,14,8,0,7,2017,2021
0261700,Point Lay,43,89583,0,0,13,0,6,0,13,6,0,5,2018,2022
0261700,Point Lay,68,92000,0,0,21,0,4,7,15,12,3,6,2019,2023
0261788,Point MacKenzie,58,52000,0,0,8,8,0,9,23,10,0,0,2007,2011
0261788,Point MacKenzie,78,54063,0,0,22,19,0,10,16,11,0,0,2008,2012
0261788,Point MacKenzie,83,41125,8,0,8,19,10,10,17,11,0,0,2009,2013
0261788,Point MacKenzie,86,41111,8,0,12,22,9,9,16,10,0,0,2010,2014
0261788,Point MacKenzie,74,78500,9,0,20,15,9,0,0,17,4,0,2011,2015
0261788,Point MacKenzie,94,80417,8,0,31,12,15,5,0,18,5,0,2012,2016
0261788,Point MacKenzie,96,83929,9,0,17,5,13,5,6,20,13,8,2013,2017
0261788,Point MacKenzie,90,91667,0,0,18,4,6,6,14,18,17,7,2014,2018
0261788,Point MacKenzie,107,90536,0,0,20,0,9,5,15,30,18,10,2015,2019
0261788,Point MacKenzie,126,81875,12,0,16,0,10,6,23,35,12,12,2016,2020
0261788,Point MacKenzie,107,83828,0,0,7,13,7,0,25,30,14,11,2017,2021
0261788,Point MacKenzie,126,92125,0,0,17,15,23,0,8,22,22,19,2018,2022
0261788,Point MacKenzie,137,,0,0,0,52,23,0,0,24,25,13,2019,2023
0261825,Point Possession,8,,0,0,0,0,0,0,0,0,0,8,2007,2011
0261825,Point Possession,9,,0,0,0,0,0,0,0,0,0,9,2008,2012
0261825,Point Possession,0,,0,0,0,0,0,0,0,0,0,0,2009,2013
0261825,Point Possession,0,,0,0,0,0,0,0,0,0,0,0,2010,2014
0261825,Point Possession,0,,0,0,0,0,0,0,0,0,0,0,2011,2015
0261825,Point Possession,0,,0,0,0,0,0,0,0,0,0,0,2012,2016
0261825,Point Possession,0,,0,0,0,0,0,0,0,0,0,0,2013,2017
0261825,Point Possession,0,,0,0,0,0,0,0,0,0,0,0,2014,2018
0261825,Point Possession,0,,0,0,0,0,0,0,0,0,0,0,2015,2019
0261825,Point Possession,0,,0,0,0,0,0,0,0,0,0,0,2016,2020
0261825,Point Possession,0,,0,0,0,0,0,0,0,0,0,0,2017,2021
0261825,Point Possession,0,,0,0,0,0,0,0,0,0,0,0,2018,2022
0261825,Point Possession,0,,0,0,0,0,0,0,0,0,0,0,2019,2023
0262125,Pope-Vannoy Landing,9,,9,0,0,0,0,0,0,0,0,0,2007,2011
0262125,Pope-Vannoy Landing,9,,9,0,0,0,0,0,0,0,0,0,2008,2012
0262125,Pope-Vannoy Landing,0,,0,0,0,0,0,0,0,0,0,0,2009,2013
0262125,Pope-Vannoy Landing,0,,0,0,0,0,0,0,0,0,0,0,2010,2014
0262125,Pope-Vannoy Landing,0,,0,0,0,0,0,0,0,0,0,0,2011,2015
0262125,Pope-Vannoy Landing,0,,0,0,0,0,0,0,0,0,0,0,2012,2016
0262125,Pope-Vannoy Landing,0,,0,0,0,0,0,0,0,0,0,0,2013,2017
0262125,Pope-Vannoy Landing,0,,0,0,0,0,0,0,0,0,0,0,2014,2018
0262125,Pope-Vannoy Landing,0,,0,0,0,0,0,0,0,0,0,0,2015,2019
0262125,Pope-Vannoy Landing,0,,0,0,0,0,0,0,0,0,0,0,2016,2020
0262125,Pope-Vannoy Landing,0,,0,0,0,0,0,0,0,0,0,0,2017,2021
0262125,Pope-Vannoy Landing,0,,0,0,0,0,0,0,0,0,0,0,2018,2022
0262125,Pope-Vannoy Landing,0,,0,0,0,0,0,0,0,0,0,0,2019,2023
0262285,Portage Creek,0,,0,0,0,0,0,0,0,0,0,0,2007,2011
0262285,Portage Creek,0,,0,0,0,0,0,0,0,0,0,0,2008,2012
0262285,Portage Creek,0,,0,0,0,0,0,0,0,0,0,0,2009,2013
0262285,Portage Creek,0,,0,0,0,0,0,0,0,0,0,0,2010,2014
0262285,Portage Creek,0,,0,0,0,0,0,0,0,0,0,0,2011,2015
0262285,Portage Creek,0,,0,0,0,0,0,0,0,0,0,0,2012,2016
0262285,Portage Creek,0,,0,0,0,0,0,0,0,0,0,0,2013,2017
0262285,Portage Creek,0,,0,0,0,0,0,0,0,0,0,0,2014,2018
0262285,Portage Creek,1,,0,0,0,1,0,0,0,0,0,0,2015,2019
0262285,Portage Creek,2,,0,0,0,2,0,0,0,0,0,0,2016,2020
0262285,Portage Creek,2,,0,0,0,2,0,0,0,0,0,0,2017,2021
0262285,Portage Creek,2,,0,0,0,2,0,0,0,0,0,0,2018,2022
0262285,Portage Creek,3,,0,0,0,2,0,1,0,0,0,0,2019,2023
0262510,Port Alexander,18,75500,3,0,1,0,0,3,1,10,0,0,2007,2011
0262510,Port Alexander,8,56667,0,0,0,0,0,2,3,3,0,0,2008,2012
0262510,Port Alexander,10,56250,0,0,0,0,0,3,4,3,0,0,2009,2013
0262510,Port Alexander,9,56250,0,0,2,0,0,3,4,0,0,0,2010,2014
0262510,Port Alexander,11,82813,0,0,2,0,0,4,1,4,0,0,2011,2015
0262510,Port Alexander,12,64500,0,0,2,0,0,0,7,3,0,0,2012,2016
0262510,Port Alexander,20,66875,0,0,6,0,3,0,8,3,0,0,2013,2017
0262510,Port Alexander,33,69375,2,4,5,0,2,2,8,10,0,0,2014,2018
0262510,Port Alexander,33,68594,2,3,3,0,3,3,10,9,0,0,2015,2019
0262510,Port Alexander,31,49688,3,3,3,0,3,7,8,4,0,0,2016,2020
0262510,Port Alexander,19,45625,2,2,2,0,2,5,3,3,0,0,2017,2021
0262510,Port Alexander,24,37083,2,3,3,0,2,8,6,0,0,0,2018,2022
0262510,Port Alexander,13,37917,0,0,0,0,3,6,4,0,0,0,2019,2023
0262620,Port Alsworth,65,61806,0,0,10,5,13,0,24,13,0,0,2007,2011
0262620,Port Alsworth,60,65833,0,0,8,4,12,0,19,17,0,0,2008,2012
0262620,Port Alsworth,52,56250,0,0,3,4,10,0,23,12,0,0,2009,2013
0262620,Port Alsworth,47,70625,0,0,4,5,7,0,15,13,3,0,2010,2014
0262620,Port Alsworth,45,63750,1,0,4,6,3,3,17,8,3,0,2011,2015
0262620,Port Alsworth,47,79375,2,0,7,3,1,3,11,18,2,0,2012,2016
0262620,Port Alsworth,38,86667,1,0,7,4,0,2,7,11,2,4,2013,2017
0262620,Port Alsworth,37,86250,1,0,4,3,0,2,6,13,6,2,2014,2018
0262620,Port Alsworth,32,87500,2,0,3,1,2,2,5,13,1,3,2015,2019
0262620,Port Alsworth,31,89688,0,0,5,5,1,0,3,11,3,3,2016,2020
0262620,Port Alsworth,23,94375,0,0,5,0,1,0,8,5,1,3,2017,2021
0262620,Port Alsworth,21,102083,0,0,12,0,2,0,5,1,1,0,2018,2022
0262620,Port Alsworth,32,66250,0,9,7,0,3,2,3,5,3,0,2019,2023
0263170,Port Clarence,0,,0,0,0,0,0,0,0,0,0,0,2007,2011
0263170,Port Clarence,0,,0,0,0,0,0,0,0,0,0,0,2008,2012
0263170,Port Clarence,0,,0,0,0,0,0,0,0,0,0,0,2009,2013
0263170,Port Clarence,0,,0,0,0,0,0,0,0,0,0,0,2010,2014
0263170,Port Clarence,0,,0,0,0,0,0,0,0,0,0,0,2011,2015
0263170,Port Clarence,0,,0,0,0,0,0,0,0,0,0,0,2012,2016
0263170,Port Clarence,0,,0,0,0,0,0,0,0,0,0,0,2013,2017
0263170,Port Clarence,0,,0,0,0,0,0,0,0,0,0,0,2014,2018
0263170,Port Clarence,0,,0,0,0,0,0,0,0,0,0,0,2015,2019
0263170,Port Clarence,0,,0,0,0,0,0,0,0,0,0,0,2016,2020
0263170,Port Clarence,0,,0,0,0,0,0,0,0,0,0,0,2017,2021
0263170,Port Clarence,0,,0,0,0,0,0,0,0,0,0,0,2018,2022
0263170,Port Clarence,0,,0,0,0,0,0,0,0,0,0,0,2019,2023
0263280,Port Graham,50,19167,17,6,2,5,7,3,6,4,0,0,2007,2011
0263280,Port Graham,61,20625,17,11,2,5,9,4,13,0,0,0,2008,2012
0263280,Port Graham,59,27750,13,12,2,4,9,9,9,1,0,0,2009,2013
0263280,Port Graham,65,29583,9,8,4,10,10,12,6,6,0,0,2010,2014
0263280,Port Graham,76,30000,12,9,6,10,12,13,8,6,0,0,2011,2015
0263280,Port Graham,68,31667,7,7,3,7,14,12,7,10,1,0,2012,2016
0263280,Port Graham,74,29500,13,6,10,7,12,15,5,5,1,0,2013,2017
0263280,Port Graham,64,29375,10,1,9,15,7,8,7,5,2,0,2014,2018
0263280,Port Graham,56,31250,13,1,2,11,4,6,10,6,3,0,2015,2019
0263280,Port Graham,52,42500,3,3,1,10,5,7,7,6,3,7,2016,2020
0263280,Port Graham,60,41389,7,3,3,10,2,15,8,6,0,6,2017,2021
0263280,Port Graham,45,58438,6,0,11,11,2,1,5,3,0,6,2018,2022
0263280,Port Graham,36,88750,5,0,10,3,0,1,7,4,0,6,2019,2023
0263390,Port Heiden,25,59792,4,1,3,0,0,0,10,4,1,2,2007,2011
0263390,Port Heiden,31,60313,4,2,4,0,2,4,11,2,2,0,2008,2012
0263390,Port Heiden,29,54583,3,2,3,2,2,3,10,2,1,1,2009,2013
0263390,Port Heiden,32,58750,0,1,5,4,4,3,8,4,1,2,2010,2014
0263390,Port Heiden,29,59375,0,1,2,4,3,5,5,4,2,3,2011,2015
0263390,Port Heiden,23,48750,0,0,2,4,2,6,2,4,0,3,2012,2016
0263390,Port Heiden,21,47083,0,0,3,4,1,7,2,2,0,2,2013,2017
0263390,Port Heiden,27,51250,0,0,3,7,0,6,5,5,0,1,2014,2018
0263390,Port Heiden,29,46875,2,0,5,7,2,4,4,5,0,0,2015,2019
0263390,Port Heiden,22,46250,2,0,2,4,2,5,2,4,1,0,2016,2020
0263390,Port Heiden,24,43750,0,3,3,6,2,4,2,4,0,0,2017,2021
0263390,Port Heiden,28,,0,5,5,10,2,0,0,6,0,0,2018,2022
0263390,Port Heiden,19,67917,0,4,1,1,2,0,6,5,0,0,2019,2023
0263610,Port Lions,94,95259,5,13,11,4,5,17,0,32,0,7,2007,2011
0263610,Port Lions,107,46875,7,18,15,6,9,15,4,27,0,6,2008,2012
0263610,Port Lions,90,60833,8,3,14,14,8,9,9,22,0,3,2009,2013
0263610,Port Lions,93,35750,9,7,22,17,12,10,6,10,0,0,2010,2014
0263610,Port Lions,95,41042,9,8,17,14,12,11,8,12,2,2,2011,2015
0263610,Port Lions,96,54375,7,9,16,17,6,6,8,24,1,2,2012,2016
0263610,Port Lions,93,32917,5,13,11,16,15,8,8,14,1,2,2013,2017
0263610,Port Lions,82,42917,5,10,16,6,15,10,5,11,2,2,2014,2018
0263610,Port Lions,78,51250,6,5,14,3,12,13,8,13,2,2,2015,2019
0263610,Port Lions,68,43750,5,2,9,2,13,13,10,9,3,2,2016,2020
0263610,Port Lions,70,46250,7,2,10,0,13,15,6,12,3,2,2017,2021
0263610,Port Lions,66,50000,2,5,9,2,2,22,8,11,2,3,2018,2022
0263610,Port Lions,80,51111,5,6,7,4,5,16,20,9,5,3,2019,2023
0263870,Port Protection,25,27625,0,12,0,0,10,0,0,0,3,0,2007,2011
0263870,Port Protection,28,27727,0,13,0,0,11,0,0,0,4,0,2008,2012
0263870,Port Protection,25,27875,0,11,0,0,10,0,0,0,4,0,2009,2013
0263870,Port Protection,56,14318,20,11,0,0,11,9,0,0,5,0,2010,2014
0263870,Port Protection,51,,22,0,0,0,12,11,0,0,6,0,2011,2015
0263870,Port Protection,34,,22,0,0,0,0,12,0,0,0,0,2012,2016
0263870,Port Protection,28,,18,0,0,0,0,10,0,0,0,0,2013,2017
0263870,Port Protection,29,,19,0,0,0,0,10,0,0,0,0,2014,2018
0263870,Port Protection,0,,0,0,0,0,0,0,0,0,0,0,2015,2019
0263870,Port Protection,0,,0,0,0,0,0,0,0,0,0,0,2016,2020
0263870,Port Protection,11,,0,0,0,11,0,0,0,0,0,0,2017,2021
0263870,Port Protection,14,,0,0,0,14,0,0,0,0,0,0,2018,2022
0263870,Port Protection,18,,0,0,0,18,0,0,0,0,0,0,2019,2023
0264240,Primrose,8,,0,0,8,0,0,0,0,0,0,0,2007,2011
0264240,Primrose,15,127083,0,0,9,0,0,0,0,0,0,6,2008,2012
0264240,Primrose,26,127917,6,0,6,0,0,0,0,6,2,6,2009,2013
0264240,Primrose,25,130208,6,0,6,0,0,0,0,6,1,6,2010,2014
0264240,Primrose,31,81458,6,0,6,0,0,0,6,6,2,5,2011,2015
0264240,Primrose,44,,6,0,11,0,0,0,10,8,3,6,2012,2016
0264240,Primrose,77,72212,6,0,24,0,0,0,34,9,4,0,2013,2017
0264240,Primrose,43,73021,0,0,12,0,0,0,31,0,0,0,2014,2018
0264240,Primrose,43,71406,0,0,8,0,0,0,33,0,2,0,2015,2019
0264240,Primrose,54,70938,0,0,9,0,0,0,42,0,3,0,2016,2020
0264240,Primrose,51,75750,0,0,8,0,0,0,18,25,0,0,2017,2021
0264240,Primrose,22,,0,0,0,0,0,0,0,15,0,7,2018,2022
0264240,Primrose,44,84444,0,0,8,8,0,0,0,18,0,10,2019,2023
0264380,Prudhoe Bay,0,,0,0,0,0,0,0,0,0,0,0,2007,2011
0264380,Prudhoe Bay,0,,0,0,0,0,0,0,0,0,0,0,2008,2012
0264380,Prudhoe Bay,0,,0,0,0,0,0,0,0,0,0,0,2009,2013
0264380,Prudhoe Bay,0,,0,0,0,0,0,0,0,0,0,0,2010,2014
0264380,Prudhoe Bay,0,,0,0,0,0,0,0,0,0,0,0,2011,2015
0264380,Prudhoe Bay,0,,0,0,0,0,0,0,0,0,0,0,2012,2016
0264380,Prudhoe Bay,0,,0,0,0,0,0,0,0,0,0,0,2013,2017
0264380,Prudhoe Bay,0,,0,0,0,0,0,0,0,0,0,0,2014,2018
0264380,Prudhoe Bay,0,,0,0,0,0,0,0,0,0,0,0,2015,2019
0264380,Prudhoe Bay,0,,0,0,0,0,0,0,0,0,0,0,2016,2020
0264380,Prudhoe Bay,0,,0,0,0,0,0,0,0,0,0,0,2017,2021
0264380,Prudhoe Bay,0,,0,0,0,0,0,0,0,0,0,0,2018,2022
0264380,Prudhoe Bay,0,,0,0,0,0,0,0,0,0,0,0,2019,2023
0264600,Quinhagak,154,31429,24,6,3,35,18,35,12,20,1,0,2007,2011
0264600,Quinhagak,143,35208,20,10,4,25,16,25,21,20,2,0,2008,2012
0264600,Quinhagak,141,34688,19,7,4,25,20,24,20,20,2,0,2009,2013
0264600,Quinhagak,150,32778,17,12,10,30,24,18,18,17,4,0,2010,2014
0264600,Quinhagak,157,31719,15,15,8,33,26,21,24,12,3,0,2011,2015
0264600,Quinhagak,161,35781,14,12,9,29,23,19,28,21,6,0,2012,2016
0264600,Quinhagak,163,38393,11,11,12,28,25,22,30,19,5,0,2013,2017
0264600,Quinhagak,165,33194,19,12,16,34,24,20,19,15,6,0,2014,2018
0264600,Quinhagak,163,36750,15,8,16,33,22,21,28,12,8,0,2015,2019
0264600,Quinhagak,186,34667,26,9,14,40,20,21,31,18,7,0,2016,2020
0264600,Quinhagak,210,33125,31,16,16,36,25,33,30,17,5,1,2017,2021
0264600,Quinhagak,237,42083,25,18,21,25,29,34,45,22,14,4,2018,2022
0264600,Quinhagak,287,48594,31,9,34,36,19,53,43,32,17,13,2019,2023
0264820,Rampart,10,36667,0,0,0,3,0,3,1,3,0,0,2007,2011
0264820,Rampart,9,73750,0,0,0,4,0,0,1,4,0,0,2008,2012
0264820,Rampart,10,45000,0,0,0,5,0,0,1,4,0,0,2009,2013
0264820,Rampart,7,80313,0,0,0,2,0,0,0,5,0,0,2010,2014
0264820,Rampart,4,,0,0,0,2,0,0,0,2,0,0,2011,2015
0264820,Rampart,4,,0,0,0,2,0,0,2,0,0,0,2012,2016
0264820,Rampart,11,50625,0,0,2,1,2,2,2,2,0,0,2013,2017
0264820,Rampart,20,,3,0,5,2,5,1,2,2,0,0,2014,2018
0264820,Rampart,16,51250,2,0,4,2,2,2,2,2,0,0,2015,2019
0264820,Rampart,17,51875,2,0,4,2,2,1,4,2,0,0,2016,2020
0264820,Rampart,20,,2,0,8,3,0,4,3,0,0,0,2017,2021
0264820,Rampart,17,,4,0,4,0,4,5,0,0,0,0,2018,2022
0264820,Rampart,0,,0,0,0,0,0,0,0,0,0,0,2019,2023
0264930,Red Devil,6,28333,2,0,0,0,3,0,0,0,0,1,2007,2011
0264930,Red Devil,7,32083,1,0,0,0,3,1,0,0,0,2,2008,2012
0264930,Red Devil,10,51250,1,0,0,0,2,1,4,0,0,2,2009,2013
0264930,Red Devil,13,46875,2,0,0,0,3,2,5,0,0,1,2010,2014
0264930,Red Devil,10,51875,1,0,0,0,0,1,7,0,0,1,2011,2015
0264930,Red Devil,14,48750,0,0,0,3,0,4,7,0,0,0,2012,2016
0264930,Red Devil,11,53750,0,0,0,3,0,1,5,2,0,0,2013,2017
0264930,Red Devil,8,75833,0,0,0,2,0,1,0,5,0,0,2014,2018
0264930,Red Devil,7,78750,0,0,0,1,0,1,0,5,0,0,2015,2019
0264930,Red Devil,5,,0,0,0,1,0,1,0,3,0,0,2016,2020
0264930,Red Devil,2,,0,0,0,0,0,0,0,2,0,0,2017,2021
0264930,Red Devil,3,,0,0,3,0,0,0,0,0,0,0,2018,2022
0264930,Red Devil,3,,0,0,0,3,0,0,0,0,0,0,2019,2023
0264980,Red Dog Mine,0,,0,0,0,0,0,0,0,0,0,0,2007,2011
0264980,Red Dog Mine,0,,0,0,0,0,0,0,0,0,0,0,2008,2012
0264980,Red Dog Mine,0,,0,0,0,0,0,0,0,0,0,0,2009,2013
0264980,Red Dog Mine,0,,0,0,0,0,0,0,0,0,0,0,2010,2014
0264980,Red Dog Mine,0,,0,0,0,0,0,0,0,0,0,0,2011,2015
0264980,Red Dog Mine,0,,0,0,0,0,0,0,0,0,0,0,2012,2016
0264980,Red Dog Mine,0,,0,0,0,0,0,0,0,0,0,0,2013,2017
0264980,Red Dog Mine,0,,0,0,0,0,0,0,0,0,0,0,2014,2018
0264980,Red Dog Mine,0,,0,0,0,0,0,0,0,0,0,0,2015,2019
0264980,Red Dog Mine,0,,0,0,0,0,0,0,0,0,0,0,2016,2020
0264980,Red Dog Mine,0,,0,0,0,0,0,0,0,0,0,0,2017,2021
0264980,Red Dog Mine,0,,0,0,0,0,0,0,0,0,0,0,2018,2022
0264980,Red Dog Mine,0,,0,0,0,0,0,0,0,0,0,0,2019,2023
0265345,Ridgeway,973,52330,42,70,142,78,110,166,144,78,78,65,2007,2011
0265345,Ridgeway,921,66042,42,26,154,40,89,179,137,77,116,61,2008,2012
0265345,Ridgeway,828,78239,53,18,175,36,51,120,107,94,123,51,2009,2013
0265345,Ridgeway,740,82321,30,39,222,16,32,85,110,68,92,46,2010,2014
0265345,Ridgeway,825,103203,19,39,291,29,65,52,113,75,47,95,2011,2015
0265345,Ridgeway,844,108409,19,19,307,39,55,31,125,73,53,123,2012,2016
0265345,Ridgeway,832,96705,17,17,223,86,51,30,131,110,77,90,2013,2017
0265345,Ridgeway,877,98984,0,28,195,86,65,62,118,99,84,140,2014,2018
0265345,Ridgeway,862,91029,0,26,149,94,62,51,108,151,70,151,2015,2019
0265345,Ridgeway,892,101466,0,27,138,87,34,58,93,130,146,179,2016,2020
0265345,Ridgeway,986,93542,20,47,112,77,97,48,90,202,140,153,2017,2021
0265345,Ridgeway,1021,101188,32,22,243,44,82,27,119,175,73,204,2018,2022
0265345,Ridgeway,962,95000,62,45,253,50,54,80,119,110,15,174,2019,2023
0265590,Ruby,82,25000,10,6,0,25,11,12,9,9,0,0,2007,2011
0265590,Ruby,75,23594,5,9,4,28,11,6,2,9,1,0,2008,2012
0265590,Ruby,71,24464,6,9,5,22,13,7,1,7,1,0,2009,2013
0265590,Ruby,69,22361,8,5,4,26,13,4,4,4,1,0,2010,2014
0265590,Ruby,61,24688,6,6,5,19,9,9,3,3,1,0,2011,2015
0265590,Ruby,69,25375,6,6,5,21,10,11,6,2,2,0,2012,2016
0265590,Ruby,68,27500,5,5,0,15,14,13,12,4,0,0,2013,2017
0265590,Ruby,69,29250,4,6,2,13,13,12,14,5,0,0,2014,2018
0265590,Ruby,59,28750,2,9,2,11,11,5,14,5,0,0,2015,2019
0265590,Ruby,65,32188,1,10,4,9,13,6,13,9,0,0,2016,2020
0265590,Ruby,66,40000,2,10,8,5,15,3,13,8,2,0,2017,2021
0265590,Ruby,70,32500,6,10,7,8,15,6,11,6,1,0,2018,2022
0265590,Ruby,85,35208,4,0,13,27,11,17,0,9,4,0,2019,2023
0265700,Russian Mission,65,43750,4,5,3,9,5,16,5,14,4,0,2007,2011
0265700,Russian Mission,73,43125,6,1,4,7,13,20,5,17,0,0,2008,2012
0265700,Russian Mission,69,40625,5,2,4,8,14,12,8,16,0,0,2009,2013
0265700,Russian Mission,75,43750,7,3,9,5,16,12,8,15,0,0,2010,2014
0265700,Russian Mission,79,36563,5,5,7,5,22,11,4,18,2,0,2011,2015
0265700,Russian Mission,74,35000,5,4,6,7,21,11,9,9,2,0,2012,2016
0265700,Russian Mission,69,33542,3,6,6,12,17,12,10,2,1,0,2013,2017
0265700,Russian Mission,50,35000,4,4,4,11,6,7,10,2,2,0,2014,2018
0265700,Russian Mission,45,35625,4,4,0,8,5,8,11,3,2,0,2015,2019
0265700,Russian Mission,25,,0,0,0,9,3,2,8,3,0,0,2016,2020
0265700,Russian Mission,19,,0,0,1,10,0,0,3,2,3,0,2017,2021
0265700,Russian Mission,11,,0,0,0,3,0,4,0,0,4,0,2018,2022
0265700,Russian Mission,58,48125,10,0,3,3,8,11,9,10,4,0,2019,2023
0265800,Saint George,53,46750,6,2,6,2,8,15,3,11,0,0,2007,2011
0265800,Saint George,33,44821,2,1,0,4,2,15,2,7,0,0,2008,2012
0265800,Saint George,27,44792,0,1,0,5,1,11,4,5,0,0,2009,2013
0265800,Saint George,12,41250,0,1,1,3,1,2,0,4,0,0,2010,2014
0265800,Saint George,20,53750,0,1,4,3,1,4,2,5,0,0,2011,2015
0265800,Saint George,24,56250,0,0,8,4,0,6,4,2,0,0,2012,2016
0265800,Saint George,25,56250,0,0,6,3,0,6,8,2,0,0,2013,2017
0265800,Saint George,27,56875,0,0,7,3,0,6,9,2,0,0,2014,2018
0265800,Saint George,26,63750,0,0,6,3,0,5,6,6,0,0,2015,2019
0265800,Saint George,29,64583,0,1,2,4,0,3,7,12,0,0,2016,2020
0265800,Saint George,26,80000,0,0,5,2,0,3,7,9,0,0,2017,2021
0265800,Saint George,10,92500,0,0,4,1,1,0,2,2,0,0,2018,2022
0265800,Saint George,10,108750,0,0,6,1,1,0,0,2,0,0,2019,2023
0266140,Saint Mary's,149,38162,11,4,2,28,23,28,24,18,11,0,2007,2011
0266140,Saint Mary's,165,40655,13,7,7,25,26,33,20,24,10,0,2008,2012
0266140,Saint Mary's,165,41467,12,8,12,17,24,37,22,25,8,0,2009,2013
0266140,Saint Mary's,168,43056,14,4,12,17,15,50,30,22,4,0,2010,2014
0266140,Saint Mary's,154,42500,15,9,12,15,18,33,31,15,6,0,2011,2015
0266140,Saint Mary's,147,43125,16,8,5,8,21,36,34,15,3,1,2012,2016
0266140,Saint Mary's,150,45000,14,7,6,10,25,38,32,13,2,3,2013,2017
0266140,Saint Mary's,167,42969,16,5,9,17,34,27,43,10,2,4,2014,2018
0266140,Saint Mary's,200,42500,13,10,16,25,38,37,39,14,0,8,2015,2019
0266140,Saint Mary's,171,40625,11,9,11,24,30,30,36,11,2,7,2016,2020
0266140,Saint Mary's,217,41875,15,11,23,30,35,40,32,22,3,6,2017,2021
0266140,Saint Mary's,264,43750,12,17,31,21,47,49,41,30,3,13,2018,2022
0266140,Saint Mary's,244,45000,12,18,50,21,49,28,28,27,1,10,2019,2023
0266360,Saint Michael,83,34821,6,10,5,11,15,9,13,5,3,6,2007,2011
0266360,Saint Michael,89,32188,12,9,6,10,20,10,11,3,3,5,2008,2012
0266360,Saint Michael,88,33000,11,8,8,13,16,7,13,4,3,5,2009,2013
0266360,Saint Michael,94,27222,12,9,5,18,15,10,12,3,5,5,2010,2014
0266360,Saint Michael,99,33125,9,8,6,19,18,18,11,8,0,2,2011,2015
0266360,Saint Michael,99,34750,8,6,5,22,14,18,17,6,2,1,2012,2016
0266360,Saint Michael,103,42813,5,8,11,15,13,21,20,7,2,1,2013,2017
0266360,Saint Michael,108,42917,9,8,10,9,12,27,19,10,2,2,2014,2018
0266360,Saint Michael,89,43438,10,5,5,8,10,18,21,7,3,2,2015,2019
0266360,Saint Michael,67,42813,6,5,5,5,13,12,14,4,2,1,2016,2020
0266360,Saint Michael,55,37188,5,6,5,7,6,8,10,5,2,1,2017,2021
0266360,Saint Michael,65,46875,3,5,8,6,13,11,8,9,0,2,2018,2022
0266360,Saint Michael,39,56250,1,2,7,0,10,4,8,5,0,2,2019,2023
0266470,Saint Paul,263,40982,14,12,20,48,29,67,40,26,1,6,2007,2011
0266470,Saint Paul,151,37750,12,6,7,24,26,27,22,25,2,0,2008,2012
0266470,Saint Paul,138,38750,11,8,9,28,13,25,19,18,1,6,2009,2013
0266470,Saint Paul,161,49375,10,8,17,25,16,22,29,23,2,9,2010,2014
0266470,Saint Paul,161,57708,14,8,23,10,14,27,28,25,5,7,2011,2015
0266470,Saint Paul,154,60000,14,9,23,6,23,12,33,24,3,7,2012,2016
0266470,Saint Paul,150,63571,8,11,27,5,20,14,33,20,1,11,2013,2017
0266470,Saint Paul,126,60833,7,10,22,6,17,12,28,16,0,8,2014,2018
0266470,Saint Paul,119,59063,10,7,16,7,14,11,35,14,1,4,2015,2019
0266470,Saint Paul,104,67500,7,6,11,5,8,10,29,11,15,2,2016,2020
0266470,Saint Paul,86,60000,9,3,7,6,10,8,15,14,11,3,2017,2021
0266470,Saint Paul,78,83214,7,2,16,6,4,4,13,12,12,2,2018,2022
0266470,Saint Paul,61,98750,6,1,14,3,0,2,7,12,15,1,2019,2023
0266510,Salamatof,224,78636,0,1,63,23,11,30,37,41,11,7,2007,2011
0266510,Salamatof,236,80577,6,2,47,25,7,33,36,50,17,13,2008,2012
0266510,Salamatof,216,73125,7,8,45,34,11,19,32,36,12,12,2009,2013
0266510,Salamatof,249,76339,12,8,42,25,19,22,31,61,15,14,2010,2014
0266510,Salamatof,237,61458,19,11,32,21,19,23,38,43,18,13,2011,2015
0266510,Salamatof,241,57250,21,12,35,25,22,25,42,34,14,11,2012,2016
0266510,Salamatof,232,60000,21,14,41,18,25,19,40,27,14,13,2013,2017
0266510,Salamatof,239,57679,28,13,32,16,23,26,38,27,20,16,2014,2018
0266510,Salamatof,256,61250,28,12,41,16,18,29,52,19,21,20,2015,2019
0266510,Salamatof,241,61750,25,13,55,16,13,33,36,15,17,18,2016,2020
0266510,Salamatof,299,79844,26,13,75,16,16,28,43,20,38,24,2017,2021
0266510,Salamatof,298,63750,26,16,62,33,14,35,42,17,32,21,2018,2022
0266510,Salamatof,302,73750,28,12,67,27,12,31,45,19,29,32,2019,2023
0266550,Salcha,354,76429,0,0,103,76,25,29,43,47,23,8,2007,2011
0266550,Salcha,382,77778,10,0,130,62,19,47,50,37,22,5,2008,2012
0266550,Salcha,360,78214,15,12,107,61,12,29,43,49,27,5,2009,2013
0266550,Salcha,377,77321,16,17,120,27,32,21,69,51,19,5,2010,2014
0266550,Salcha,354,79167,16,15,102,22,16,27,72,43,37,4,2011,2015
0266550,Salcha,389,77917,13,17,107,22,24,31,80,56,34,5,2012,2016
0266550,Salcha,360,80500,4,19,88,20,26,11,92,44,36,20,2013,2017
0266550,Salcha,347,90341,0,5,111,6,23,40,92,23,32,15,2014,2018
0266550,Salcha,361,70486,0,0,101,24,0,69,108,14,29,16,2015,2019
0266550,Salcha,404,57895,0,62,80,25,0,51,133,25,20,8,2016,2020
0266550,Salcha,345,59453,4,66,61,23,7,35,61,32,50,6,2017,2021
0266550,Salcha,353,64044,5,66,68,22,13,54,40,36,43,6,2018,2022
0266550,Salcha,462,72083,6,66,85,25,22,27,92,78,49,12,2019,2023
0267020,Sand Point,164,67000,4,1,22,17,15,17,41,29,10,8,2007,2011
0267020,Sand Point,202,64318,7,0,25,15,25,25,41,38,12,14,2008,2012
0267020,Sand Point,220,70500,4,2,38,16,29,26,41,35,14,15,2009,2013
0267020,Sand Point,289,55938,8,6,43,32,42,39,57,35,14,13,2010,2014
0267020,Sand Point,343,56875,13,8,52,35,41,35,88,38,18,15,2011,2015
0267020,Sand Point,395,65764,16,15,62,30,33,42,94,57,16,30,2012,2016
0267020,Sand Point,415,67917,15,18,68,41,35,36,89,49,26,38,2013,2017
0267020,Sand Point,421,69063,21,15,61,45,31,30,96,48,33,41,2014,2018
0267020,Sand Point,424,67500,23,27,56,38,47,35,66,58,32,42,2015,2019
0267020,Sand Point,422,85833,16,18,113,39,33,36,52,36,41,38,2016,2020
0267020,Sand Point,397,75625,19,20,55,42,29,30,57,39,68,38,2017,2021
0267020,Sand Point,341,79922,20,8,58,38,22,16,46,46,67,20,2018,2022
0267020,Sand Point,375,73125,20,12,52,38,23,22,77,33,55,43,2019,2023
0267460,Savoonga,125,36250,16,9,5,23,13,18,26,12,3,0,2007,2011
0267460,Savoonga,132,30313,16,12,6,30,21,21,11,13,2,0,2008,2012
0267460,Savoonga,157,32344,16,14,12,34,25,29,14,10,3,0,2009,2013
0267460,Savoonga,173,33594,17,24,12,31,19,40,20,10,0,0,2010,2014
0267460,Savoonga,189,33661,23,24,15,26,29,42,20,9,0,1,2011,2015
0267460,Savoonga,197,34653,22,24,17,27,28,41,27,7,2,2,2012,2016
0267460,Savoonga,209,37708,23,20,18,27,26,39,41,11,2,2,2013,2017
0267460,Savoonga,211,41875,24,15,13,30,23,36,49,12,7,2,2014,2018
0267460,Savoonga,199,45750,20,14,14,27,23,23,56,11,7,4,2015,2019
0267460,Savoonga,172,48000,12,13,11,29,13,23,43,17,8,3,2016,2020
0267460,Savoonga,181,49792,22,11,13,23,20,15,43,22,7,5,2017,2021
0267460,Savoonga,165,53125,18,8,13,30,9,12,37,19,9,10,2018,2022
0267460,Savoonga,147,51875,16,10,19,21,12,13,15,22,6,13,2019,2023
0267570,Saxman,145,55250,5,0,42,19,16,31,9,23,0,0,2007,2011
0267570,Saxman,126,51250,6,2,27,27,12,16,6,26,3,1,2008,2012
0267570,Saxman,142,46250,7,5,29,21,20,19,5,29,5,2,2009,2013
0267570,Saxman,145,63906,6,4,27,19,21,14,12,32,6,4,2010,2014
0267570,Saxman,130,46250,9,7,11,21,21,10,18,21,7,5,2011,2015
0267570,Saxman,130,47000,10,10,12,15,17,15,15,21,8,7,2012,2016
0267570,Saxman,122,40000,13,10,6,12,22,16,15,17,8,3,2013,2017
0267570,Saxman,118,42083,12,8,14,12,20,16,15,9,8,4,2014,2018
0267570,Saxman,125,45625,12,11,14,13,17,18,18,6,10,6,2015,2019
0267570,Saxman,112,41923,11,8,10,12,15,21,19,9,3,4,2016,2020
0267570,Saxman,124,46250,14,10,11,17,11,19,19,13,5,5,2017,2021
0267570,Saxman,118,50500,12,4,17,16,8,18,23,10,6,4,2018,2022
0267570,Saxman,130,49808,9,5,18,20,11,21,24,9,6,7,2019,2023
0267680,Scammon Bay,108,35893,7,9,0,16,17,29,15,15,0,0,2007,2011
0267680,Scammon Bay,102,36000,9,9,0,12,19,24,21,8,0,0,2008,2012
0267680,Scammon Bay,96,31250,11,10,2,14,19,16,16,8,0,0,2009,2013
0267680,Scammon Bay,100,31875,15,6,4,22,11,23,9,10,0,0,2010,2014
0267680,Scammon Bay,109,27917,14,8,6,28,14,18,11,10,0,0,2011,2015
0267680,Scammon Bay,114,31875,15,11,9,22,13,18,15,8,3,0,2012,2016
0267680,Scammon Bay,114,30833,15,12,10,22,14,19,14,4,4,0,2013,2017
0267680,Scammon Bay,119,30417,14,9,7,26,14,16,29,0,4,0,2014,2018
0267680,Scammon Bay,121,29792,16,8,5,24,13,16,35,0,2,2,2015,2019
0267680,Scammon Bay,96,35625,12,5,3,20,10,14,27,0,3,2,2016,2020
0267680,Scammon Bay,109,38281,14,0,0,26,9,28,32,0,0,0,2017,2021
0267680,Scammon Bay,126,36250,23,4,10,17,19,22,29,2,0,0,2018,2022
0267680,Scammon Bay,109,38750,23,6,12,14,7,17,18,8,0,4,2019,2023
0268230,Selawik,166,36875,21,18,5,13,25,35,34,7,8,0,2007,2011
0268230,Selawik,163,38672,15,14,6,14,26,33,35,12,6,2,2008,2012
0268230,Selawik,155,35625,17,15,6,22,20,39,20,11,3,2,2009,2013
0268230,Selawik,161,38977,22,9,19,23,12,35,21,19,0,1,2010,2014
0268230,Selawik,165,41827,11,6,22,24,22,26,36,17,0,1,2011,2015
0268230,Selawik,165,39063,12,16,21,24,20,25,30,15,0,2,2012,2016
0268230,Selawik,171,35625,28,14,14,23,17,33,31,11,0,0,2013,2017
0268230,Selawik,175,35938,32,18,16,15,18,28,38,10,0,0,2014,2018
0268230,Selawik,155,31250,28,25,12,15,19,21,32,3,0,0,2015,2019
0268230,Selawik,155,33438,29,23,18,15,13,26,23,8,0,0,2016,2020
0268230,Selawik,142,43000,21,15,27,7,9,28,27,8,0,0,2017,2021
0268230,Selawik,120,52917,11,8,14,10,9,20,17,17,14,0,2018,2022
0268230,Selawik,96,50833,6,4,14,11,11,15,18,14,3,0,2019,2023
0268340,Seldovia,131,50313,9,2,10,11,25,18,31,20,2,3,2007,2011
0268340,Seldovia,159,50156,10,6,12,20,28,15,36,22,4,6,2008,2012
0268340,Seldovia,150,44375,9,7,10,25,21,18,41,16,0,3,2009,2013
0268340,Seldovia,146,45000,2,18,11,24,14,20,35,18,2,2,2010,2014
0268340,Seldovia,127,46875,2,6,10,23,12,25,25,16,4,4,2011,2015
0268340,Seldovia,122,43889,3,4,15,22,17,24,22,9,3,3,2012,2016
0268340,Seldovia,118,48750,3,3,18,19,15,20,19,14,5,2,2013,2017
0268340,Seldovia,108,63000,3,4,15,13,16,13,15,23,4,2,2014,2018
0268340,Seldovia,98,68750,1,2,16,8,19,7,20,20,3,2,2015,2019
0268340,Seldovia,74,80250,0,1,17,3,12,1,17,21,0,2,2016,2020
0268340,Seldovia,92,78750,0,0,21,6,7,4,25,26,0,3,2017,2021
0268340,Seldovia,88,84375,0,2,15,0,15,0,10,41,0,5,2018,2022
0268340,Seldovia,85,84750,0,3,20,4,6,0,10,35,4,3,2019,2023
0268370,Seldovia Village,42,49167,0,0,6,10,3,10,7,1,3,2,2007,2011
0268370,Seldovia Village,58,51250,1,0,7,15,6,4,18,1,0,6,2008,2012
0268370,Seldovia Village,72,58250,0,4,9,9,8,0,31,4,0,7,2009,2013
0268370,Seldovia Village,83,59688,2,5,8,9,8,3,35,6,0,7,2010,2014
0268370,Seldovia Village,83,59250,2,6,5,8,8,4,32,8,2,8,2011,2015
0268370,Seldovia Village,73,61094,1,4,10,9,8,3,26,5,1,6,2012,2016
0268370,Seldovia Village,75,70625,2,3,9,5,6,5,24,13,2,6,2013,2017
0268370,Seldovia Village,77,68750,2,4,8,7,5,8,15,14,4,10,2014,2018
0268370,Seldovia Village,74,80278,0,2,3,13,2,5,14,16,8,11,2015,2019
0268370,Seldovia Village,83,70625,4,2,0,14,3,8,12,21,10,9,2016,2020
0268370,Seldovia Village,97,71458,4,8,10,12,2,13,16,19,4,9,2017,2021
0268370,Seldovia Village,90,48571,0,8,13,17,9,15,4,8,10,6,2018,2022
0268370,Seldovia Village,87,74063,0,12,13,5,9,15,4,7,17,5,2019,2023
0268560,Seward,999,45156,8,39,142,214,156,120,200,20,68,32,2007,2011
0268560,Seward,937,42566,45,22,79,162,180,139,154,41,72,43,2008,2012
0268560,Seward,975,46971,44,38,94,144,152,140,136,106,81,40,2009,2013
0268560,Seward,939,49432,45,37,72,108,127,160,182,99,69,40,2010,2014
0268560,Seward,867,53750,55,48,98,81,91,127,158,134,34,41,2011,2015
0268560,Seward,838,70000,47,52,137,64,80,83,147,130,26,72,2012,2016
0268560,Seward,799,74397,31,42,161,76,76,67,121,151,25,49,2013,2017
0268560,Seward,845,76410,58,73,166,44,62,34,125,142,86,55,2014,2018
0268560,Seward,882,73611,54,77,142,80,19,91,140,154,47,78,2015,2019
0268560,Seward,926,74110,42,74,137,92,20,105,151,103,140,62,2016,2020
0268560,Seward,977,75050,81,44,154,107,0,185,71,178,131,26,2017,2021
0268560,Seward,1017,77850,60,49,170,58,49,159,101,212,145,14,2018,2022
0268560,Seward,992,71016,73,86,157,30,22,148,175,127,128,46,2019,2023
0268670,Shageluk,31,31250,4,7,0,1,7,6,3,3,0,0,2007,2011
0268670,Shageluk,22,25000,3,4,0,4,1,3,3,4,0,0,2008,2012
0268670,Shageluk,30,25833,3,8,0,3,3,0,6,7,0,0,2009,2013
0268670,Shageluk,27,16250,2,10,0,3,4,0,5,3,0,0,2010,2014
0268670,Shageluk,18,,3,5,0,0,3,0,3,4,0,0,2011,2015
0268670,Shageluk,25,,7,7,0,0,1,0,6,4,0,0,2012,2016
0268670,Shageluk,29,12813,11,7,0,2,0,0,7,2,0,0,2013,2017
0268670,Shageluk,26,,13,2,0,1,3,0,3,4,0,0,2014,2018
0268670,Shageluk,24,,10,0,0,2,4,0,4,4,0,0,2015,2019
0268670,Shageluk,18,,9,0,0,2,3,0,2,2,0,0,2016,2020
0268670,Shageluk,11,,6,0,0,1,4,0,0,0,0,0,2017,2021
0268670,Shageluk,17,33125,5,0,3,0,8,1,0,0,0,0,2018,2022
0268670,Shageluk,7,,1,0,3,0,3,0,0,0,0,0,2019,2023
0268890,Shaktoolik,68,26667,8,12,4,12,14,4,4,7,3,0,2007,2011
0268890,Shaktoolik,61,29219,8,0,7,14,14,7,3,4,4,0,2008,2012
0268890,Shaktoolik,57,38750,7,1,9,12,6,9,5,5,3,0,2009,2013
0268890,Shaktoolik,65,32292,7,1,5,16,10,9,10,7,0,0,2010,2014
0268890,Shaktoolik,68,38750,3,1,5,14,12,13,12,6,2,0,2011,2015
0268890,Shaktoolik,72,56250,4,2,14,9,11,7,10,13,2,0,2012,2016
0268890,Shaktoolik,75,56875,3,0,14,8,12,11,13,12,2,0,2013,2017
0268890,Shaktoolik,71,57188,5,0,14,4,12,10,14,10,2,0,2014,2018
0268890,Shaktoolik,85,54583,6,2,18,4,10,16,19,9,1,0,2015,2019
0268890,Shaktoolik,76,60417,4,2,19,2,4,10,25,10,0,0,2016,2020
0268890,Shaktoolik,70,58500,1,2,10,3,7,10,28,9,0,0,2017,2021
0268890,Shaktoolik,74,62500,4,3,13,0,9,13,18,12,2,0,2018,2022
0268890,Shaktoolik,68,65833,2,2,9,2,7,9,19,12,6,0,2019,2023
0269770,Shishmaref,152,37813,16,10,9,25,19,26,36,9,2,0,2007,2011
0269770,Shishmaref,148,37500,7,13,10,29,18,29,33,8,1,0,2008,2012
0269770,Shishmaref,143,36750,9,15,11,22,22,28,27,7,0,2,2009,2013
0269770,Shishmaref,138,37000,15,11,8,19,20,31,23,9,1,1,2010,2014
0269770,Shishmaref,143,29375,22,11,13,29,17,28,14,4,2,3,2011,2015
0269770,Shishmaref,128,30000,17,6,15,31,15,20,13,8,1,2,2012,2016
0269770,Shishmaref,139,34583,22,12,13,18,18,22,15,13,4,2,2013,2017
0269770,Shishmaref,138,38636,18,11,13,16,16,21,18,20,2,3,2014,2018
0269770,Shishmaref,136,38125,17,9,15,24,13,18,21,16,0,3,2015,2019
0269770,Shishmaref,138,51111,8,8,9,22,13,14,29,27,6,2,2016,2020
0269770,Shishmaref,148,53182,7,13,14,15,18,16,29,25,9,2,2017,2021
0269770,Shishmaref,150,56875,6,5,21,14,24,21,26,19,7,7,2018,2022
0269770,Shishmaref,122,62083,4,2,17,13,12,16,25,20,9,4,2019,2023
0270100,Shungnak,77,47656,5,4,2,4,2,31,22,3,4,0,2007,2011
0270100,Shungnak,68,50000,6,3,3,4,3,18,24,4,3,0,2008,2012
0270100,Shungnak,68,50625,8,1,6,8,2,13,24,0,6,0,2009,2013
0270100,Shungnak,64,51944,5,2,8,11,4,3,28,2,1,0,2010,2014
0270100,Shungnak,69,43125,5,1,9,17,5,8,19,4,1,0,2011,2015
0270100,Shungnak,54,40833,3,2,5,9,10,6,13,4,2,0,2012,2016
0270100,Shungnak,55,39688,3,2,5,9,7,9,14,3,3,0,2013,2017
0270100,Shungnak,62,38333,3,0,5,15,9,12,10,4,2,2,2014,2018
0270100,Shungnak,58,44167,2,0,3,11,7,13,12,2,6,2,2015,2019
0270100,Shungnak,40,60000,2,0,3,2,4,8,12,3,5,1,2016,2020
0270100,Shungnak,43,60938,4,0,4,3,4,7,12,3,5,1,2017,2021
0270100,Shungnak,46,68750,4,0,1,0,5,7,12,6,4,7,2018,2022
0270100,Shungnak,44,76667,4,0,4,0,2,4,10,9,3,8,2019,2023
0270320,Silver Springs,49,87679,0,0,15,0,5,6,12,11,0,0,2007,2011
0270320,Silver Springs,55,80313,1,0,14,0,3,6,17,14,0,0,2008,2012
0270320,Silver Springs,62,82500,3,0,9,2,0,9,13,26,0,0,2009,2013
0270320,Silver Springs,62,86667,2,0,14,1,0,4,13,28,0,0,2010,2014
0270320,Silver Springs,57,85341,3,0,11,2,0,5,12,24,0,0,2011,2015
0270320,Silver Springs,44,83750,6,0,9,3,0,1,8,17,0,0,2012,2016
0270320,Silver Springs,35,78125,4,0,7,2,0,1,10,11,0,0,2013,2017
0270320,Silver Springs,40,90000,2,0,12,0,8,1,7,4,0,6,2014,2018
0270320,Silver Springs,29,,3,0,4,0,6,0,9,0,0,7,2015,2019
0270320,Silver Springs,79,110694,8,0,19,0,12,3,14,0,0,23,2016,2020
0270320,Silver Springs,55,115208,3,0,16,0,8,2,10,0,4,12,2017,2021
0270320,Silver Springs,45,125938,0,0,13,0,9,1,0,6,7,9,2018,2022
0270320,Silver Springs,27,130208,0,0,11,0,0,1,0,7,6,2,2019,2023
0270540,Sitka,3632,69798,80,148,769,302,318,461,690,537,185,142,2007,2011
0270540,Sitka,3623,66895,72,171,692,254,333,543,637,609,184,128,2008,2012
0270540,Sitka,3554,69405,116,158,653,265,255,483,634,643,218,129,2009,2013
0270540,Sitka,3513,69635,152,126,637,250,225,529,589,643,179,183,2010,2014
0270540,Sitka,3472,70376,192,106,637,215,243,384,708,586,244,157,2011,2015
0270540,Sitka,3504,70160,188,108,663,217,226,421,710,566,234,171,2012,2016
0270540,Sitka,3545,70765,176,124,662,229,199,370,804,573,236,172,2013,2017
0270540,Sitka,3561,71534,173,119,684,248,241,343,752,545,263,193,2014,2018
0270540,Sitka,3547,73682,145,138,596,270,208,351,710,600,326,203,2015,2019
0270540,Sitka,3572,81708,98,118,618,226,231,369,623,680,380,229,2016,2020
0270540,Sitka,3439,82083,76,104,765,222,207,369,565,596,326,209,2017,2021
0270540,Sitka,3459,95261,72,76,895,182,165,326,471,595,353,324,2018,2022
0270540,Sitka,3503,101207,54,82,1050,241,125,289,465,440,428,329,2019,2023
0270760,Skagway,405,73083,7,5,51,28,13,51,110,84,12,44,2007,2011
0270760,Skagway,376,71364,4,10,65,34,22,42,91,56,10,42,2008,2012
0270760,Skagway,391,71435,7,10,56,31,19,40,110,66,13,39,2009,2013
0270760,Skagway,361,72750,6,17,73,24,15,36,96,51,14,29,2010,2014
0270760,Skagway,384,69643,3,13,84,21,18,42,118,56,18,11,2011,2015
0270760,Skagway,408,64412,2,8,84,34,19,63,116,51,22,9,2012,2016
0270760,Skagway,400,70000,5,7,85,30,15,66,92,67,21,12,2013,2017
0270760,Skagway,376,71500,4,6,91,24,17,64,83,54,22,11,2014,2018
0270760,Skagway,353,73393,5,2,92,16,24,45,89,57,16,7,2015,2019
0270760,Skagway,336,80333,4,2,80,9,22,37,76,73,20,13,2016,2020
0270760,Skagway,323,83125,5,7,75,9,22,25,70,69,28,13,2017,2021
0270760,Skagway,346,88000,5,6,85,5,22,35,56,79,35,18,2018,2022
0270760,Skagway,401,85893,9,7,90,13,24,55,64,62,42,35,2019,2023
0270870,Skwentna,0,,0,0,0,0,0,0,0,0,0,0,2007,2011
0270870,Skwentna,4,,0,0,0,0,4,0,0,0,0,0,2008,2012
0270870,Skwentna,12,28750,0,0,0,0,8,0,4,0,0,0,2009,2013
0270870,Skwentna,21,31563,4,0,0,0,8,0,5,4,0,0,2010,2014
0270870,Skwentna,18,31667,3,0,0,0,7,0,4,4,0,0,2011,2015
0270870,Skwentna,25,52750,4,0,0,0,8,0,5,8,0,0,2012,2016
0270870,Skwentna,25,56458,4,0,0,0,5,0,6,10,0,0,2013,2017
0270870,Skwentna,22,81250,5,4,0,0,0,0,0,9,0,4,2014,2018
0270870,Skwentna,24,,0,4,5,6,0,0,0,5,0,4,2015,2019
0270870,Skwentna,25,,0,5,6,6,0,0,0,5,0,3,2016,2020
0270870,Skwentna,40,,7,6,0,7,0,7,0,0,7,6,2017,2021
0270870,Skwentna,36,,7,5,0,0,7,6,0,0,7,4,2018,2022
0270870,Skwentna,40,,15,0,0,0,7,0,7,3,8,0,2019,2023
0270930,Slana,108,28542,0,9,19,35,24,0,21,0,0,0,2007,2011
0270930,Slana,99,27639,0,12,0,36,27,0,24,0,0,0,2008,2012
0270930,Slana,106,24643,0,16,0,39,28,0,23,0,0,0,2009,2013
0270930,Slana,72,23158,0,11,0,39,22,0,0,0,0,0,2010,2014
0270930,Slana,31,18063,0,11,0,20,0,0,0,0,0,0,2011,2015
0270930,Slana,0,,0,0,0,0,0,0,0,0,0,0,2012,2016
0270930,Slana,0,,0,0,0,0,0,0,0,0,0,0,2013,2017
0270930,Slana,0,,0,0,0,0,0,0,0,0,0,0,2014,2018
0270930,Slana,0,,0,0,0,0,0,0,0,0,0,0,2015,2019
0270930,Slana,12,,0,0,12,0,0,0,0,0,0,0,2016,2020
0270930,Slana,55,,0,13,12,0,30,0,0,0,0,0,2017,2021
0270930,Slana,45,,0,15,12,0,18,0,0,0,0,0,2018,2022
0270930,Slana,45,,0,17,15,0,13,0,0,0,0,0,2019,2023
0271090,Sleetmute,49,24750,6,7,4,12,2,8,10,0,0,0,2007,2011
0271090,Sleetmute,37,28438,7,2,6,8,6,4,4,0,0,0,2008,2012
0271090,Sleetmute,33,28750,3,3,6,9,4,3,5,0,0,0,2009,2013
0271090,Sleetmute,36,26250,7,3,2,8,4,5,5,2,0,0,2010,2014
0271090,Sleetmute,31,30313,6,2,1,5,6,4,5,2,0,0,2011,2015
0271090,Sleetmute,26,33750,5,0,2,2,6,3,5,3,0,0,2012,2016
0271090,Sleetmute,24,46250,4,1,2,2,4,2,6,3,0,0,2013,2017
0271090,Sleetmute,30,46250,2,4,6,2,5,3,5,3,0,0,2014,2018
0271090,Sleetmute,32,41250,3,2,5,4,5,4,6,3,0,0,2015,2019
0271090,Sleetmute,25,53750,2,1,7,3,2,4,3,3,0,0,2016,2020
0271090,Sleetmute,25,38125,3,3,5,4,2,2,4,2,0,0,2017,2021
0271090,Sleetmute,25,28750,4,0,6,6,5,2,1,1,0,0,2018,2022
0271090,Sleetmute,17,27917,4,0,4,4,3,0,1,1,0,0,2019,2023
0271640,Soldotna,1726,41989,122,118,249,191,336,218,276,102,62,52,2007,2011
0271640,Soldotna,1732,44805,103,77,235,141,357,232,362,119,61,45,2008,2012
0271640,Soldotna,1669,54931,55,58,238,128,270,277,392,145,55,51,2009,2013
0271640,Soldotna,1651,63068,25,58,242,135,217,197,446,181,105,45,2010,2014
0271640,Soldotna,1638,65048,31,65,246,155,215,201,359,240,75,51,2011,2015
0271640,Soldotna,1696,67434,32,64,266,159,217,139,427,280,75,37,2012,2016
0271640,Soldotna,1716,68662,20,109,304,171,179,151,368,230,107,77,2013,2017
0271640,Soldotna,1827,61723,41,95,274,234,195,133,388,280,96,91,2014,2018
0271640,Soldotna,1828,60491,47,104,225,242,176,151,435,228,100,120,2015,2019
0271640,Soldotna,1883,59668,126,95,247,246,192,107,419,238,95,118,2016,2020
0271640,Soldotna,1722,60833,132,65,257,212,216,135,253,220,69,163,2017,2021
0271640,Soldotna,1739,67365,133,17,400,173,187,206,254,170,68,131,2018,2022
0271640,Soldotna,1746,62984,142,20,352,211,179,186,229,233,71,123,2019,2023
0272135,South Lakes,1736,87000,73,91,355,74,103,154,295,139,239,213,2016,2020
0272135,South Lakes,2204,81705,75,129,399,112,85,206,435,214,262,287,2017,2021
0272135,South Lakes,2249,88682,44,123,473,41,93,164,445,320,233,313,2018,2022
0272135,South Lakes,2191,89632,47,122,433,44,105,192,393,297,197,361,2019,2023
0272190,South Naknek,29,62750,5,0,2,0,3,2,13,3,1,0,2007,2011
0272190,South Naknek,31,65250,4,0,5,4,4,0,8,4,1,1,2008,2012
0272190,South Naknek,32,66250,6,0,6,3,5,0,4,5,2,1,2009,2013
0272190,South Naknek,31,58750,4,0,8,3,6,1,4,3,1,1,2010,2014
0272190,South Naknek,33,58750,1,1,9,6,6,1,4,3,1,1,2011,2015
0272190,South Naknek,27,31250,0,2,7,7,6,1,1,1,0,2,2012,2016
0272190,South Naknek,24,,0,2,5,7,4,1,1,1,2,1,2013,2017
0272190,South Naknek,18,38750,0,1,4,5,3,1,1,0,2,1,2014,2018
0272190,South Naknek,20,,0,1,5,8,2,1,1,0,1,1,2015,2019
0272190,South Naknek,17,45417,0,0,2,2,4,5,1,1,1,1,2016,2020
0272190,South Naknek,30,48750,0,0,5,3,4,11,4,2,1,0,2017,2021
0272190,South Naknek,26,46667,0,0,3,4,4,6,7,1,1,0,2018,2022
0272190,South Naknek,40,51250,0,6,5,5,2,7,12,0,3,0,2019,2023
0272230,South Van Horn,197,41125,0,10,19,8,0,120,32,8,0,0,2007,2011
0272230,South Van Horn,219,39883,0,0,18,46,0,105,29,5,0,16,2008,2012
0272230,South Van Horn,258,48561,12,0,27,55,6,75,49,19,0,15,2009,2013
0272230,South Van Horn,213,55202,6,0,20,33,5,60,55,19,0,15,2010,2014
0272230,South Van Horn,242,65750,18,0,37,34,12,45,42,38,0,16,2011,2015
0272230,South Van Horn,215,65781,13,0,19,37,11,36,38,46,0,15,2012,2016
0272230,South Van Horn,207,72548,13,0,23,17,13,43,43,50,5,0,2013,2017
0272230,South Van Horn,187,44607,0,0,3,24,0,80,12,54,5,9,2014,2018
0272230,South Van Horn,149,71875,5,0,22,21,0,42,8,35,4,12,2015,2019
0272230,South Van Horn,128,56288,5,0,3,11,0,31,43,22,5,8,2016,2020
0272230,South Van Horn,152,71500,5,0,7,5,0,19,56,29,15,16,2017,2021
0272230,South Van Horn,173,64757,0,6,5,9,0,2,77,27,40,7,2018,2022
0272230,South Van Horn,162,66944,0,6,15,19,0,3,66,5,36,12,2019,2023
0272960,Stebbins,112,33462,12,6,5,17,29,11,23,6,3,0,2007,2011
0272960,Stebbins,109,37031,16,4,8,12,16,20,20,10,3,0,2008,2012
0272960,Stebbins,112,36667,18,5,6,9,20,24,22,8,0,0,2009,2013
0272960,Stebbins,123,36250,20,6,10,9,23,31,16,8,0,0,2010,2014
0272960,Stebbins,125,39271,17,7,12,13,15,27,18,16,0,0,2011,2015
0272960,Stebbins,129,38906,24,4,10,14,12,29,22,14,0,0,2012,2016
0272960,Stebbins,123,37679,23,3,9,14,13,29,24,8,0,0,2013,2017
0272960,Stebbins,112,38000,22,1,5,16,12,20,26,9,1,0,2014,2018
0272960,Stebbins,130,41875,21,1,7,23,14,13,28,21,2,0,2015,2019
0272960,Stebbins,155,50625,16,2,13,28,12,19,44,21,0,0,2016,2020
0272960,Stebbins,151,50750,14,4,7,29,11,16,34,34,2,0,2017,2021
0272960,Stebbins,164,52500,8,0,20,29,26,18,38,19,6,0,2018,2022
0272960,Stebbins,174,48333,11,3,18,30,29,20,37,13,13,0,2019,2023
0272985,Steele Creek,2313,82820,33,0,500,103,160,176,542,448,255,96,2007,2011
0272985,Steele Creek,2353,86528,21,0,538,105,142,178,615,381,225,148,2008,2012
0272985,Steele Creek,2430,78070,20,29,463,48,181,147,760,366,226,190,2009,2013
0272985,Steele Creek,2395,74567,21,24,394,103,211,125,736,269,273,239,2010,2014
0272985,Steele Creek,2394,82049,26,23,428,175,129,116,656,362,225,254,2011,2015
0272985,Steele Creek,2487,82943,32,27,488,151,125,253,535,380,259,237,2012,2016
0272985,Steele Creek,2755,86613,34,27,484,204,202,216,382,539,403,264,2013,2017
0272985,Steele Creek,2690,89946,33,0,522,148,280,248,330,457,348,324,2014,2018
0272985,Steele Creek,2834,99382,26,0,492,217,180,246,242,527,336,568,2015,2019
0272985,Steele Creek,2506,105938,0,0,519,114,135,287,282,296,344,529,2016,2020
0272985,Steele Creek,2321,127014,0,0,464,144,56,176,285,229,347,620,2017,2021
0272985,Steele Creek,2244,118934,0,0,521,62,78,125,288,217,308,645,2018,2022
0272985,Steele Creek,2134,117260,0,0,486,60,62,79,282,336,319,510,2019,2023
0273070,Sterling,2262,68080,67,93,481,288,247,210,379,224,143,130,2007,2011
0273070,Sterling,2212,67458,71,71,441,200,245,257,408,230,127,162,2008,2012
0273070,Sterling,2103,68401,73,93,450,200,220,189,361,253,110,154,2009,2013
0273070,Sterling,2098,71393,76,56,358,169,235,119,452,299,194,140,2010,2014
0273070,Sterling,2199,71597,163,79,419,157,204,111,473,306,163,124,2011,2015
0273070,Sterling,2051,74227,128,77,406,133,177,89,445,289,210,97,2012,2016
0273070,Sterling,1975,77098,112,64,468,143,161,65,419,231,198,114,2013,2017
0273070,Sterling,1962,82292,97,86,416,144,157,63,301,336,220,142,2014,2018
0273070,Sterling,2014,83889,122,128,408,145,109,126,245,314,211,206,2015,2019
0273070,Sterling,2063,90799,65,113,415,142,78,104,363,255,206,322,2016,2020
0273070,Sterling,2463,99093,80,94,472,188,77,152,468,191,337,404,2017,2021
0273070,Sterling,2622,98542,100,99,529,237,36,191,334,335,265,496,2018,2022
0273070,Sterling,2747,110341,54,52,533,179,33,239,371,358,334,594,2019,2023
0273290,Stevens Village,24,18750,5,3,8,8,0,0,0,0,0,0,2007,2011
0273290,Stevens Village,18,20000,2,4,3,7,0,0,2,0,0,0,2008,2012
0273290,Stevens Village,12,18125,2,1,0,7,0,0,2,0,0,0,2009,2013
0273290,Stevens Village,12,18125,1,0,0,9,0,0,2,0,0,0,2010,2014
0273290,Stevens Village,9,15938,3,0,0,5,0,0,1,0,0,0,2011,2015
0273290,Stevens Village,6,,4,0,0,1,0,0,1,0,0,0,2012,2016
0273290,Stevens Village,6,,4,0,0,0,2,0,0,0,0,0,2013,2017
0273290,Stevens Village,7,,5,0,0,0,2,0,0,0,0,0,2014,2018
0273290,Stevens Village,8,,4,0,0,0,4,0,0,0,0,0,2015,2019
0273290,Stevens Village,4,26250,1,0,0,0,3,0,0,0,0,0,2016,2020
0273290,Stevens Village,4,,0,0,0,0,4,0,0,0,0,0,2017,2021
0273290,Stevens Village,3,,0,0,0,0,3,0,0,0,0,0,2018,2022
0273290,Stevens Village,3,,0,0,0,0,3,0,0,0,0,0,2019,2023
0273400,Stony River,13,17679,6,0,0,7,0,0,0,0,0,0,2007,2011
0273400,Stony River,12,6667,8,0,0,4,0,0,0,0,0,0,2008,2012
0273400,Stony River,16,16250,6,1,0,8,0,0,1,0,0,0,2009,2013
0273400,Stony River,19,16250,6,3,0,6,1,0,3,0,0,0,2010,2014
0273400,Stony River,16,22500,4,2,0,2,2,2,4,0,0,0,2011,2015
0273400,Stony River,17,,0,3,2,4,2,2,4,0,0,0,2012,2016
0273400,Stony River,10,,0,2,1,1,1,2,1,2,0,0,2013,2017
0273400,Stony River,10,50000,0,2,1,0,2,1,2,2,0,0,2014,2018
0273400,Stony River,10,56667,0,0,2,0,2,1,3,2,0,0,2015,2019
0273400,Stony River,7,101875,0,0,4,0,1,0,1,0,1,0,2016,2020
0273400,Stony River,6,81250,0,0,2,0,1,0,2,0,1,0,2017,2021
0273400,Stony River,10,106250,0,0,5,0,0,2,2,0,1,0,2018,2022
0273400,Stony River,5,118750,0,0,4,0,0,0,0,0,1,0,2019,2023
0273950,Sunrise,0,,0,0,0,0,0,0,0,0,0,0,2007,2011
0273950,Sunrise,7,,0,0,7,0,0,0,0,0,0,0,2008,2012
0273950,Sunrise,16,,0,0,10,0,6,0,0,0,0,0,2009,2013
0273950,Sunrise,15,,0,0,9,0,6,0,0,0,0,0,2010,2014
0273950,Sunrise,15,,0,0,9,0,6,0,0,0,0,0,2011,2015
0273950,Sunrise,34,170263,0,0,9,0,6,0,0,0,19,0,2012,2016
0273950,Sunrise,25,,0,0,0,0,6,0,0,0,19,0,2013,2017
0273950,Sunrise,18,,0,0,0,0,0,0,0,0,18,0,2014,2018
0273950,Sunrise,16,,0,0,0,0,0,0,0,0,16,0,2015,2019
0273950,Sunrise,26,,0,0,0,0,0,0,0,10,16,0,2016,2020
0273950,Sunrise,14,,0,0,0,0,0,0,0,14,0,0,2017,2021
0273950,Sunrise,14,,0,0,14,0,0,0,0,0,0,0,2018,2022
0273950,Sunrise,20,,0,0,13,0,0,7,0,0,0,0,2019,2023
0274340,Susitna,18,46875,0,0,0,0,0,12,0,6,0,0,2007,2011
0274340,Susitna,17,46932,0,0,0,0,0,11,0,6,0,0,2008,2012
0274340,Susitna,11,,0,0,0,0,0,11,0,0,0,0,2009,2013
0274340,Susitna,0,,0,0,0,0,0,0,0,0,0,0,2010,2014
0274340,Susitna,0,,0,0,0,0,0,0,0,0,0,0,2011,2015
0274340,Susitna,0,,0,0,0,0,0,0,0,0,0,0,2012,2016
0274340,Susitna,0,,0,0,0,0,0,0,0,0,0,0,2013,2017
0274340,Susitna,0,,0,0,0,0,0,0,0,0,0,0,2014,2018
0274340,Susitna,0,,0,0,0,0,0,0,0,0,0,0,2015,2019
0274340,Susitna,0,,0,0,0,0,0,0,0,0,0,0,2016,2020
0274340,Susitna,0,,0,0,0,0,0,0,0,0,0,0,2017,2021
0274340,Susitna,0,,0,0,0,0,0,0,0,0,0,0,2018,2022
0274340,Susitna,15,,0,0,0,0,0,0,8,7,0,0,2019,2023
0274350,Susitna North,599,37784,51,28,23,69,111,135,62,77,33,10,2007,2011
0274350,Susitna North,583,45924,39,69,91,48,83,95,62,74,11,11,2008,2012
0274350,Susitna North,603,47042,27,67,79,84,72,57,108,92,9,8,2009,2013
0274350,Susitna North,602,49167,29,67,80,98,60,49,119,86,8,6,2010,2014
0274350,Susitna North,581,50536,9,66,86,82,40,86,129,59,17,7,2011,2015
0274350,Susitna North,549,45781,8,58,87,98,31,99,90,62,16,0,2012,2016
0274350,Susitna North,406,44211,17,24,36,71,28,93,93,9,27,8,2013,2017
0274350,Susitna North,397,46118,18,34,37,44,39,74,98,16,29,8,2014,2018
0274350,Susitna North,452,48824,27,17,29,53,53,84,94,55,32,8,2015,2019
0274350,Susitna North,516,48750,31,9,29,102,82,38,81,81,23,40,2016,2020
0274350,Susitna North,576,38750,35,21,43,43,149,59,97,50,11,68,2017,2021
0274350,Susitna North,667,38323,40,33,35,46,175,97,97,87,12,45,2018,2022
0274350,Susitna North,651,42614,38,21,40,26,163,109,70,64,48,72,2019,2023
0274525,Sutton-Alpine,314,51375,32,32,48,26,23,33,68,35,5,12,2007,2011
0274525,Sutton-Alpine,317,46641,40,28,33,46,18,32,76,28,5,11,2008,2012
0274525,Sutton-Alpine,270,36250,24,27,15,57,27,23,44,37,11,5,2009,2013
0274525,Sutton-Alpine,296,41250,29,20,25,52,39,27,44,31,18,11,2010,2014
0274525,Sutton-Alpine,328,35500,33,22,27,58,49,39,43,39,12,6,2011,2015
0274525,Sutton-Alpine,343,39063,28,24,33,55,51,45,52,28,18,9,2012,2016
0274525,Sutton-Alpine,374,41786,33,29,41,42,55,53,61,31,20,9,2013,2017
0274525,Sutton-Alpine,375,42125,35,21,31,49,50,51,65,35,22,16,2014,2018
0274525,Sutton-Alpine,366,49375,27,18,32,48,43,48,71,45,22,12,2015,2019
0274525,Sutton-Alpine,343,52891,20,9,35,34,59,47,60,39,26,14,2016,2020
0274525,Sutton-Alpine,367,64688,23,4,49,40,35,29,70,57,44,16,2017,2021
0274525,Sutton-Alpine,368,71058,0,0,39,38,43,20,102,39,59,28,2018,2022
0274525,Sutton-Alpine,404,73553,9,0,48,50,35,34,85,56,38,49,2019,2023
0274610,Takotna,8,60833,0,3,0,0,0,0,3,2,0,0,2007,2011
0274610,Takotna,8,63333,0,2,0,0,0,1,5,0,0,0,2008,2012
0274610,Takotna,14,64167,0,2,3,2,0,1,5,1,0,0,2009,2013
0274610,Takotna,20,65833,0,0,4,7,0,2,5,2,0,0,2010,2014
0274610,Takotna,19,23750,5,0,3,5,0,2,2,2,0,0,2011,2015
0274610,Takotna,21,20625,4,0,4,10,0,1,2,0,0,0,2012,2016
0274610,Takotna,18,23750,4,0,5,5,2,2,0,0,0,0,2013,2017
0274610,Takotna,9,,5,0,0,3,0,1,0,0,0,0,2014,2018
0274610,Takotna,16,20833,5,0,0,5,3,1,1,1,0,0,2015,2019
0274610,Takotna,13,33750,0,0,0,6,1,2,1,3,0,0,2016,2020
0274610,Takotna,11,34375,0,0,0,4,2,1,1,3,0,0,2017,2021
0274610,Takotna,11,,0,0,0,0,4,2,1,3,1,0,2018,2022
0274610,Takotna,25,62875,1,0,1,0,6,4,11,0,2,0,2019,2023
0274830,Talkeetna,278,30227,33,43,0,27,56,45,63,11,0,0,2007,2011
0274830,Talkeetna,270,33214,28,25,8,37,60,41,49,22,0,0,2008,2012
0274830,Talkeetna,261,37656,28,21,18,27,45,36,27,50,9,0,2009,2013
0274830,Talkeetna,245,56094,10,22,37,16,24,47,39,41,9,0,2010,2014
0274830,Talkeetna,299,49861,13,0,40,54,40,43,39,62,8,0,2011,2015
0274830,Talkeetna,344,59457,4,7,48,64,36,34,55,85,11,0,2012,2016
0274830,Talkeetna,388,59394,7,8,66,63,48,35,69,73,19,0,2013,2017
0274830,Talkeetna,384,63333,15,15,79,53,27,28,85,73,9,0,2014,2018
0274830,Talkeetna,414,71389,15,16,109,49,26,26,87,78,8,0,2015,2019
0274830,Talkeetna,384,73947,12,33,97,34,16,19,86,75,12,0,2016,2020
0274830,Talkeetna,387,71250,19,35,118,32,10,46,67,46,14,0,2017,2021
0274830,Talkeetna,408,79091,22,36,132,12,10,58,52,56,17,13,2018,2022
0274830,Talkeetna,363,72250,12,36,106,12,8,48,68,35,27,11,2019,2023
0275050,Tanacross,47,53125,9,3,0,5,3,3,20,4,0,0,2007,2011
0275050,Tanacross,54,36875,12,5,0,4,3,9,16,5,0,0,2008,2012
0275050,Tanacross,45,47708,5,5,0,4,3,11,12,5,0,0,2009,2013
0275050,Tanacross,53,35625,9,7,0,7,3,10,13,4,0,0,2010,2014
0275050,Tanacross,49,18194,13,6,0,14,1,10,5,0,0,0,2011,2015
0275050,Tanacross,57,19125,10,8,2,16,1,6,13,1,0,0,2012,2016
0275050,Tanacross,44,21500,6,5,2,13,4,4,9,1,0,0,2013,2017
0275050,Tanacross,44,26250,4,3,2,13,6,6,6,4,0,0,2014,2018
0275050,Tanacross,32,41250,1,2,1,6,6,4,7,5,0,0,2015,2019
0275050,Tanacross,30,53750,0,3,5,1,7,3,7,4,0,0,2016,2020
0275050,Tanacross,23,,0,2,4,0,7,5,2,3,0,0,2017,2021
0275050,Tanacross,28,53125,3,0,6,4,3,3,4,5,0,0,2018,2022
0275050,Tanacross,37,,3,0,8,9,2,5,1,9,0,0,2019,2023
0275077,Tanaina,2898,69661,172,83,669,177,156,266,694,444,107,130,2007,2011
0275077,Tanaina,2847,73254,153,50,710,253,120,181,707,440,129,104,2008,2012
0275077,Tanaina,2832,75926,185,63,691,238,162,181,567,451,160,134,2009,2013
0275077,Tanaina,2761,76114,131,68,661,229,130,248,550,441,190,113,2010,2014
0275077,Tanaina,2754,78263,117,34,616,247,138,245,533,500,212,112,2011,2015
0275077,Tanaina,2741,81109,51,28,560,159,207,240,551,512,263,170,2012,2016
0275077,Tanaina,2762,80980,61,34,596,127,179,276,543,556,241,149,2013,2017
0275077,Tanaina,2797,78972,99,43,571,128,204,257,590,509,188,208,2014,2018
0275077,Tanaina,2811,77140,100,46,506,136,250,296,527,505,213,232,2015,2019
0275077,Tanaina,2729,80990,52,31,553,122,196,334,503,460,253,225,2016,2020
0275077,Tanaina,3413,81659,89,48,689,147,265,326,668,551,260,370,2017,2021
0275077,Tanaina,3338,86418,92,64,671,115,245,300,504,644,266,437,2018,2022
0275077,Tanaina,3340,95587,78,44,707,122,261,237,502,547,429,413,2019,2023
0275160,Tanana,118,47143,11,5,3,20,15,9,33,22,0,0,2007,2011
0275160,Tanana,103,45179,10,8,6,15,14,11,16,22,1,0,2008,2012
0275160,Tanana,102,45000,10,6,6,18,11,15,19,16,1,0,2009,2013
0275160,Tanana,94,45938,6,4,10,10,13,27,18,5,1,0,2010,2014
0275160,Tanana,103,45625,7,5,8,12,11,25,24,9,2,0,2011,2015
0275160,Tanana,108,45313,9,2,11,14,14,24,22,10,2,0,2012,2016
0275160,Tanana,100,47778,10,3,10,11,7,27,22,8,2,0,2013,2017
0275160,Tanana,96,40000,12,8,10,11,8,19,21,2,5,0,2014,2018
0275160,Tanana,81,40313,10,8,5,12,7,11,18,2,6,2,2015,2019
0275160,Tanana,67,37188,9,7,5,5,9,8,7,7,8,2,2016,2020
0275160,Tanana,70,47500,10,6,7,0,8,15,2,9,11,2,2017,2021
0275160,Tanana,81,52031,10,4,9,0,12,8,14,10,8,6,2018,2022
0275160,Tanana,134,54167,13,0,20,0,23,17,26,15,11,9,2019,2023
0275380,Tatitlek,27,28295,6,0,0,4,11,2,4,0,0,0,2007,2011
0275380,Tatitlek,23,29464,3,0,0,3,7,4,6,0,0,0,2008,2012
0275380,Tatitlek,29,35417,3,0,0,8,3,8,7,0,0,0,2009,2013
0275380,Tatitlek,28,35833,4,0,3,6,3,7,4,0,1,0,2010,2014
0275380,Tatitlek,34,40000,4,0,4,6,5,6,7,0,2,0,2011,2015
0275380,Tatitlek,35,,0,0,4,4,5,7,5,8,2,0,2012,2016
0275380,Tatitlek,24,,0,0,4,3,5,3,2,5,2,0,2013,2017
0275380,Tatitlek,20,75833,0,0,2,0,4,3,2,8,1,0,2014,2018
0275380,Tatitlek,16,65000,0,0,0,0,1,3,5,7,0,0,2015,2019
0275380,Tatitlek,11,64375,0,0,1,0,1,2,4,3,0,0,2016,2020
0275380,Tatitlek,13,70625,0,0,0,0,0,0,8,5,0,0,2017,2021
0275380,Tatitlek,17,70417,0,0,0,2,0,0,9,6,0,0,2018,2022
0275380,Tatitlek,9,61875,0,0,0,3,0,0,6,0,0,0,2019,2023
0275480,Tazlina,144,58750,13,8,18,13,7,14,34,22,15,0,2007,2011
0275480,Tazlina,152,63667,10,10,28,6,10,14,42,29,0,3,2008,2012
0275480,Tazlina,133,63625,8,8,24,2,8,22,35,19,3,4,2009,2013
0275480,Tazlina,118,58750,12,6,22,4,11,12,34,4,10,3,2010,2014
0275480,Tazlina,101,64688,9,0,23,4,10,13,21,5,13,3,2011,2015
0275480,Tazlina,93,61964,8,0,18,8,11,13,17,0,13,5,2012,2016
0275480,Tazlina,82,62083,2,0,18,11,11,12,13,0,12,3,2013,2017
0275480,Tazlina,88,65625,2,0,16,11,1,15,19,7,8,9,2014,2018
0275480,Tazlina,93,79063,0,0,19,9,8,2,25,12,10,8,2015,2019
0275480,Tazlina,193,113393,0,2,61,11,17,3,36,15,12,36,2016,2020
0275480,Tazlina,145,107292,0,3,42,8,9,9,29,9,11,25,2017,2021
0275480,Tazlina,163,115156,0,3,31,15,8,5,26,16,32,27,2018,2022
0275480,Tazlina,155,120625,0,3,24,15,12,4,17,19,22,39,2019,2023
0275930,Teller,77,34107,15,6,2,6,14,17,14,3,0,0,2007,2011
0275930,Teller,75,27250,17,7,0,9,13,14,8,7,0,0,2008,2012
0275930,Teller,66,25500,17,6,0,9,11,3,12,8,0,0,2009,2013
0275930,Teller,62,26667,15,8,1,6,15,3,11,3,0,0,2010,2014
0275930,Teller,59,24792,9,8,1,13,14,4,8,2,0,0,2011,2015
0275930,Teller,51,26875,5,7,3,12,6,4,10,4,0,0,2012,2016
0275930,Teller,54,33750,4,5,3,11,8,5,15,3,0,0,2013,2017
0275930,Teller,59,27083,6,8,3,13,7,5,11,6,0,0,2014,2018
0275930,Teller,60,27500,5,8,2,15,9,5,13,3,0,0,2015,2019
0275930,Teller,75,28958,8,20,2,6,14,5,12,7,1,0,2016,2020
0275930,Teller,75,32083,4,19,3,7,16,5,9,9,1,2,2017,2021
0275930,Teller,89,34688,7,5,9,20,13,11,13,6,2,3,2018,2022
0275930,Teller,96,42500,4,4,8,21,10,13,16,12,5,3,2019,2023
0276260,Tenakee Springs,46,46875,5,0,3,6,3,11,7,11,0,0,2007,2011
0276260,Tenakee Springs,86,49167,14,0,10,14,13,3,17,11,4,0,2008,2012
0276260,Tenakee Springs,59,62813,4,0,14,11,12,0,13,5,0,0,2009,2013
0276260,Tenakee Springs,65,70625,0,1,15,18,10,0,8,6,7,0,2010,2014
0276260,Tenakee Springs,75,54375,0,3,13,18,10,0,12,10,9,0,2011,2015
0276260,Tenakee Springs,87,54375,0,2,14,15,17,3,18,12,6,0,2012,2016
0276260,Tenakee Springs,63,59688,0,4,8,7,7,0,14,15,8,0,2013,2017
0276260,Tenakee Springs,68,55833,4,1,8,13,6,4,13,12,7,0,2014,2018
0276260,Tenakee Springs,67,55536,7,0,1,8,5,9,18,9,6,4,2015,2019
0276260,Tenakee Springs,62,44250,7,0,2,5,0,22,10,11,0,5,2016,2020
0276260,Tenakee Springs,105,45865,8,1,0,2,5,62,7,9,5,6,2017,2021
0276260,Tenakee Springs,98,48846,14,8,3,0,10,23,9,17,6,8,2018,2022
0276260,Tenakee Springs,111,54375,4,5,4,6,0,14,41,22,9,6,2019,2023
0276590,Tetlin,29,50972,5,0,0,1,0,5,9,9,0,0,2007,2011
0276590,Tetlin,34,45417,9,0,0,5,0,8,8,4,0,0,2008,2012
0276590,Tetlin,30,21875,11,0,2,5,2,2,5,3,0,0,2009,2013
0276590,Tetlin,33,20750,14,0,1,6,4,1,2,5,0,0,2010,2014
0276590,Tetlin,31,21563,10,0,2,7,3,2,6,1,0,0,2011,2015
0276590,Tetlin,29,21250,11,0,2,6,4,2,3,1,0,0,2012,2016
0276590,Tetlin,40,28125,13,0,2,6,7,3,4,3,2,0,2013,2017
0276590,Tetlin,38,21250,14,2,0,4,6,3,0,7,2,0,2014,2018
0276590,Tetlin,44,22500,10,6,0,7,7,2,2,8,2,0,2015,2019
0276590,Tetlin,59,23250,17,8,0,8,10,2,3,9,2,0,2016,2020
0276590,Tetlin,61,24375,17,8,0,6,12,0,5,10,3,0,2017,2021
0276590,Tetlin,53,20417,15,8,5,6,6,3,6,4,0,0,2018,2022
0276590,Tetlin,58,,13,8,5,2,9,3,8,10,0,0,2019,2023
0277140,Thorne Bay,231,52014,20,5,35,27,20,29,51,14,30,0,2007,2011
0277140,Thorne Bay,250,53077,35,3,27,30,16,35,54,23,27,0,2008,2012
0277140,Thorne Bay,227,49323,38,4,24,16,25,37,36,41,6,0,2009,2013
0277140,Thorne Bay,252,53500,31,9,53,25,14,25,47,33,15,0,2010,2014
0277140,Thorne Bay,274,53393,27,4,45,37,33,9,66,42,11,0,2011,2015
0277140,Thorne Bay,302,62857,21,0,68,50,26,18,63,45,11,0,2012,2016
0277140,Thorne Bay,289,51354,21,7,42,52,37,21,54,24,31,0,2013,2017
0277140,Thorne Bay,292,55682,19,7,28,26,49,42,47,39,35,0,2014,2018
0277140,Thorne Bay,260,48214,25,13,24,24,39,39,45,44,7,0,2015,2019
0277140,Thorne Bay,231,47279,35,10,41,16,30,37,36,20,6,0,2016,2020
0277140,Thorne Bay,222,49583,34,9,35,15,28,28,47,20,6,0,2017,2021
0277140,Thorne Bay,227,63365,10,22,21,9,14,16,54,47,34,0,2018,2022
0277140,Thorne Bay,218,61750,17,20,13,6,15,12,56,56,23,0,2019,2023
0277690,Togiak,173,46750,8,6,19,30,10,43,32,23,2,0,2007,2011
0277690,Togiak,183,47232,4,3,22,27,16,54,34,21,2,0,2008,2012
0277690,Togiak,170,45385,12,3,15,29,17,46,33,11,4,0,2009,2013
0277690,Togiak,159,47083,11,7,17,26,19,28,38,8,5,0,2010,2014
0277690,Togiak,154,46250,11,8,20,27,19,21,30,12,6,0,2011,2015
0277690,Togiak,176,43333,19,5,19,29,21,25,36,15,7,0,2012,2016
0277690,Togiak,191,41250,27,12,23,21,31,16,37,15,9,0,2013,2017
0277690,Togiak,180,40000,22,14,21,26,26,15,31,19,6,0,2014,2018
0277690,Togiak,208,43214,22,8,19,29,34,27,42,20,7,0,2015,2019
0277690,Togiak,235,47083,21,12,30,36,31,28,48,14,15,0,2016,2020
0277690,Togiak,220,51667,11,21,28,19,38,19,42,26,14,2,2017,2021
0277690,Togiak,238,55833,7,23,30,23,29,24,57,31,11,3,2018,2022
0277690,Togiak,268,56563,7,21,36,20,34,31,62,36,14,7,2019,2023
0277800,Tok,547,48309,5,27,32,68,101,84,135,71,24,0,2007,2011
0277800,Tok,518,43750,24,32,32,83,58,83,83,91,26,6,2008,2012
0277800,Tok,594,47946,35,35,39,112,48,90,105,99,25,6,2009,2013
0277800,Tok,512,51818,30,25,47,74,37,66,118,89,19,7,2010,2014
0277800,Tok,490,56818,44,26,50,45,40,53,106,105,6,15,2011,2015
0277800,Tok,482,59018,48,13,71,38,44,45,111,84,14,14,2012,2016
0277800,Tok,464,60441,36,7,70,58,31,51,114,54,28,15,2013,2017
0277800,Tok,439,62583,32,11,121,55,14,43,102,18,30,13,2014,2018
0277800,Tok,521,64398,32,26,116,56,26,61,95,41,35,33,2015,2019
0277800,Tok,536,56333,24,54,99,63,24,75,96,34,36,31,2016,2020
0277800,Tok,530,43047,20,35,69,74,69,92,51,54,27,39,2017,2021
0277800,Tok,567,45156,23,26,91,102,76,89,35,76,28,21,2018,2022
0277800,Tok,618,44405,24,28,80,106,57,137,41,91,10,44,2019,2023
0278240,Toksook Bay,138,53125,5,5,13,8,18,29,38,10,8,4,2007,2011
0278240,Toksook Bay,133,54464,1,6,11,9,13,28,44,8,9,4,2008,2012
0278240,Toksook Bay,125,64306,2,1,14,15,6,21,46,8,8,4,2009,2013
0278240,Toksook Bay,123,61250,3,2,13,14,14,18,43,10,2,4,2010,2014
0278240,Toksook Bay,112,64000,2,2,17,15,14,15,26,13,5,3,2011,2015
0278240,Toksook Bay,110,53750,4,3,17,15,16,12,27,10,4,2,2012,2016
0278240,Toksook Bay,124,52857,8,7,19,18,15,11,31,11,2,2,2013,2017
0278240,Toksook Bay,117,45893,14,7,16,12,18,12,27,6,2,3,2014,2018
0278240,Toksook Bay,121,41875,14,5,19,14,20,19,16,9,3,2,2015,2019
0278240,Toksook Bay,172,42500,14,16,25,12,29,36,27,4,9,0,2016,2020
0278240,Toksook Bay,177,45096,13,6,35,19,27,39,6,22,10,0,2017,2021
0278240,Toksook Bay,184,49167,12,0,28,14,22,46,23,25,11,3,2018,2022
0278240,Toksook Bay,211,52019,12,7,31,19,17,40,41,31,2,11,2019,2023
0278297,Tolsona,0,,0,0,0,0,0,0,0,0,0,0,2007,2011
0278297,Tolsona,0,,0,0,0,0,0,0,0,0,0,0,2008,2012
0278297,Tolsona,0,,0,0,0,0,0,0,0,0,0,0,2009,2013
0278297,Tolsona,0,,0,0,0,0,0,0,0,0,0,0,2010,2014
0278297,Tolsona,0,,0,0,0,0,0,0,0,0,0,0,2011,2015
0278297,Tolsona,0,,0,0,0,0,0,0,0,0,0,0,2012,2016
0278297,Tolsona,0,,0,0,0,0,0,0,0,0,0,0,2013,2017
0278297,Tolsona,0,,0,0,0,0,0,0,0,0,0,0,2014,2018
0278297,Tolsona,0,,0,0,0,0,0,0,0,0,0,0,2015,2019
0278297,Tolsona,38,,0,0,0,0,0,38,0,0,0,0,2016,2020
0278297,Tolsona,27,,0,0,0,0,0,27,0,0,0,0,2017,2021
0278297,Tolsona,21,,0,0,0,0,0,0,21,0,0,0,2018,2022
0278297,Tolsona,41,,0,0,0,0,0,0,41,0,0,0,2019,2023
0278350,Tonsina,37,103405,0,0,29,0,0,0,8,0,0,0,2007,2011
0278350,Tonsina,30,103295,0,0,22,0,0,0,8,0,0,0,2008,2012
0278350,Tonsina,24,,0,0,16,0,0,0,8,0,0,0,2009,2013
0278350,Tonsina,7,,0,0,0,0,0,0,7,0,0,0,2010,2014
0278350,Tonsina,19,,0,0,0,0,0,12,7,0,0,0,2011,2015
0278350,Tonsina,14,,0,0,0,0,0,14,0,0,0,0,2012,2016
0278350,Tonsina,10,,0,0,0,0,0,10,0,0,0,0,2013,2017
0278350,Tonsina,28,,0,0,0,0,0,28,0,0,0,0,2014,2018
0278350,Tonsina,43,,0,0,0,0,0,43,0,0,0,0,2015,2019
0278350,Tonsina,20,,0,0,0,0,0,20,0,0,0,0,2016,2020
0278350,Tonsina,14,,0,0,0,0,0,0,14,0,0,0,2017,2021
0278350,Tonsina,16,,0,0,0,0,0,0,16,0,0,0,2018,2022
0278350,Tonsina,19,,0,0,0,0,0,0,0,19,0,0,2019,2023
0278680,Trapper Creek,172,26912,10,36,13,27,17,13,29,27,0,0,2007,2011
0278680,Trapper Creek,188,50147,13,30,15,34,16,0,55,25,0,0,2008,2012
0278680,Trapper Creek,200,36250,25,32,18,43,0,0,59,23,0,0,2009,2013
0278680,Trapper Creek,176,21711,19,39,14,40,6,4,31,19,4,0,2010,2014
0278680,Trapper Creek,172,23125,23,34,11,32,9,6,41,12,4,0,2011,2015
0278680,Trapper Creek,180,22300,24,31,18,41,15,8,33,6,4,0,2012,2016
0278680,Trapper Creek,200,33438,21,29,19,35,20,24,36,12,4,0,2013,2017
0278680,Trapper Creek,189,43482,22,15,21,29,18,28,32,19,5,0,2014,2018
0278680,Trapper Creek,174,44250,10,16,14,23,24,25,23,29,5,5,2015,2019
0278680,Trapper Creek,152,45682,11,21,24,11,19,27,10,17,6,6,2016,2020
0278680,Trapper Creek,164,46618,12,18,24,13,28,24,9,24,6,6,2017,2021
0278680,Trapper Creek,176,51071,5,25,31,13,24,18,27,10,16,7,2018,2022
0278680,Trapper Creek,267,70048,0,12,61,14,41,36,56,7,25,15,2019,2023
0278790,Tuluksak,77,25625,9,13,0,16,4,17,9,5,4,0,2007,2011
0278790,Tuluksak,86,26500,8,17,0,15,11,11,14,10,0,0,2008,2012
0278790,Tuluksak,79,25250,14,13,0,12,13,6,12,9,0,0,2009,2013
0278790,Tuluksak,86,23000,16,14,0,17,19,3,14,3,0,0,2010,2014
0278790,Tuluksak,82,23214,19,9,0,18,15,5,11,5,0,0,2011,2015
0278790,Tuluksak,81,24625,16,10,3,16,14,4,11,7,0,0,2012,2016
0278790,Tuluksak,87,24531,19,9,5,17,14,3,11,9,0,0,2013,2017
0278790,Tuluksak,85,27679,14,8,5,15,14,5,13,11,0,0,2014,2018
0278790,Tuluksak,66,28571,11,7,4,10,9,2,14,9,0,0,2015,2019
0278790,Tuluksak,61,,6,5,6,12,10,2,10,10,0,0,2016,2020
0278790,Tuluksak,61,31458,7,8,3,10,8,4,9,12,0,0,2017,2021
0278790,Tuluksak,25,,2,8,0,2,2,0,6,2,0,3,2018,2022
0278790,Tuluksak,12,,0,4,0,0,0,0,5,0,0,3,2019,2023
0279120,Tuntutuliak,78,34167,3,9,10,8,21,11,15,1,0,0,2007,2011
0279120,Tuntutuliak,87,35972,5,5,10,9,21,26,7,4,0,0,2008,2012
0279120,Tuntutuliak,83,36250,4,4,3,13,15,29,9,6,0,0,2009,2013
0279120,Tuntutuliak,95,36042,9,5,2,13,18,31,8,7,0,2,2010,2014
0279120,Tuntutuliak,113,36750,13,6,5,19,15,34,9,10,0,2,2011,2015
0279120,Tuntutuliak,105,35208,14,5,4,20,13,30,8,9,0,2,2012,2016
0279120,Tuntutuliak,122,35000,15,7,5,22,17,33,12,9,0,2,2013,2017
0279120,Tuntutuliak,139,30893,20,7,3,33,22,29,14,7,0,4,2014,2018
0279120,Tuntutuliak,141,36528,12,4,8,25,24,33,24,9,0,2,2015,2019
0279120,Tuntutuliak,122,39250,8,2,5,19,22,34,18,12,0,2,2016,2020
0279120,Tuntutuliak,159,42875,14,2,12,25,15,46,27,11,4,3,2017,2021
0279120,Tuntutuliak,130,43000,22,3,10,11,11,32,25,10,3,3,2018,2022
0279120,Tuntutuliak,105,53625,21,0,11,6,6,15,31,12,3,0,2019,2023
0279230,Tununak,94,31250,7,15,7,22,10,8,22,3,0,0,2007,2011
0279230,Tununak,77,23750,8,16,1,16,10,10,11,3,2,0,2008,2012
0279230,Tununak,75,26875,5,14,1,17,13,13,6,5,1,0,2009,2013
0279230,Tununak,70,33182,5,11,1,8,19,17,8,0,1,0,2010,2014
0279230,Tununak,70,32500,4,10,1,9,17,13,8,6,2,0,2011,2015
0279230,Tununak,76,33333,7,13,4,8,12,15,10,6,1,0,2012,2016
0279230,Tununak,70,35000,7,8,3,8,12,15,10,7,0,0,2013,2017
0279230,Tununak,71,34750,6,6,5,8,16,9,11,10,0,0,2014,2018
0279230,Tununak,82,32500,5,8,7,12,20,7,12,11,0,0,2015,2019
0279230,Tununak,63,33125,3,6,6,10,17,4,13,4,0,0,2016,2020
0279230,Tununak,52,35357,3,0,5,5,17,9,8,5,0,0,2017,2021
0279230,Tununak,81,38750,3,0,8,12,15,19,11,6,4,3,2018,2022
0279230,Tununak,75,49063,0,0,11,11,12,16,14,6,2,3,2019,2023
0279780,Twin Hills,20,31250,0,0,3,8,3,3,2,1,0,0,2007,2011
0279780,Twin Hills,24,29000,0,0,2,9,6,2,4,1,0,0,2008,2012
0279780,Twin Hills,24,31250,0,0,2,9,5,2,5,1,0,0,2009,2013
0279780,Twin Hills,25,36250,0,0,1,8,3,7,5,1,0,0,2010,2014
0279780,Twin Hills,29,38125,0,0,2,7,6,6,4,4,0,0,2011,2015
0279780,Twin Hills,29,31250,4,0,1,6,5,5,6,2,0,0,2012,2016
0279780,Twin Hills,30,29167,5,1,2,7,4,4,6,1,0,0,2013,2017
0279780,Twin Hills,26,30625,3,2,3,7,4,2,4,0,1,0,2014,2018
0279780,Twin Hills,28,20833,7,2,3,10,3,0,1,0,2,0,2015,2019
0279780,Twin Hills,25,19688,7,2,1,8,4,1,0,0,0,2,2016,2020
0279780,Twin Hills,19,25417,2,0,2,7,5,1,0,0,0,2,2017,2021
0279780,Twin Hills,15,,0,3,1,3,2,1,3,0,0,2,2018,2022
0279780,Twin Hills,23,46250,0,5,2,3,2,3,6,2,0,0,2019,2023
0279830,Two Rivers,134,151167,0,27,0,0,9,0,17,0,81,0,2007,2011
0279830,Two Rivers,103,185549,0,17,0,11,9,0,0,0,66,0,2008,2012
0279830,Two Rivers,162,103143,0,27,35,17,0,0,28,0,55,0,2009,2013
0279830,Two Rivers,179,102118,0,0,63,12,0,0,47,0,57,0,2010,2014
0279830,Two Rivers,132,66466,0,0,54,13,0,0,65,0,0,0,2011,2015
0279830,Two Rivers,182,65870,48,0,76,12,0,0,46,0,0,0,2012,2016
0279830,Two Rivers,239,62448,63,0,87,0,0,33,56,0,0,0,2013,2017
0279830,Two Rivers,187,67882,45,0,63,0,0,43,36,0,0,0,2014,2018
0279830,Two Rivers,248,,42,0,16,0,46,36,0,0,108,0,2015,2019
0279830,Two Rivers,317,,79,0,45,0,33,69,19,0,72,0,2016,2020
0279830,Two Rivers,179,,0,0,0,0,28,56,19,0,0,76,2017,2021
0279830,Two Rivers,180,,0,0,0,0,0,32,63,0,0,85,2018,2022
0279830,Two Rivers,233,,0,0,40,0,0,36,50,22,0,85,2019,2023
0279890,Tyonek,98,35000,27,3,20,17,2,8,17,4,0,0,2007,2011
0279890,Tyonek,95,38125,21,5,23,17,4,9,12,4,0,0,2008,2012
0279890,Tyonek,84,26875,15,4,12,20,6,3,15,9,0,0,2009,2013
0279890,Tyonek,73,31875,11,5,12,15,6,3,11,8,2,0,2010,2014
0279890,Tyonek,68,33750,14,5,10,9,6,10,8,3,1,2,2011,2015
0279890,Tyonek,79,36750,18,2,11,12,4,12,12,6,0,2,2012,2016
0279890,Tyonek,91,37917,19,2,10,10,4,21,14,9,0,2,2013,2017
0279890,Tyonek,94,38750,23,2,5,9,1,22,16,9,0,7,2014,2018
0279890,Tyonek,105,38250,21,6,8,15,4,22,19,5,0,5,2015,2019
0279890,Tyonek,126,37917,23,7,11,14,8,31,16,12,0,4,2016,2020
0279890,Tyonek,135,40313,13,5,13,20,8,31,28,13,0,4,2017,2021
0279890,Tyonek,105,42159,11,6,13,8,12,17,17,10,6,5,2018,2022
0279890,Tyonek,93,57917,9,5,11,9,8,11,20,8,9,3,2019,2023
0280100,Ugashik,14,51667,0,0,2,0,4,1,3,4,0,0,2007,2011
0280100,Ugashik,16,52143,0,0,2,0,1,1,7,4,1,0,2008,2012
0280100,Ugashik,17,53750,0,0,2,0,1,2,6,4,2,0,2009,2013
0280100,Ugashik,10,53500,0,0,1,0,1,1,6,0,1,0,2010,2014
0280100,Ugashik,11,53958,0,0,2,0,1,1,6,0,1,0,2011,2015
0280100,Ugashik,7,54583,0,0,0,1,0,0,3,1,2,0,2012,2016
0280100,Ugashik,5,,0,0,0,1,2,0,1,1,0,0,2013,2017
0280100,Ugashik,3,,0,0,0,1,1,0,0,1,0,0,2014,2018
0280100,Ugashik,3,28750,0,0,0,1,1,0,0,1,0,0,2015,2019
0280100,Ugashik,4,,0,0,0,2,1,0,0,1,0,0,2016,2020
0280100,Ugashik,1,,0,0,0,0,1,0,0,0,0,0,2017,2021
0280100,Ugashik,0,,0,0,0,0,0,0,0,0,0,0,2018,2022
0280100,Ugashik,2,,0,0,0,0,0,0,0,2,0,0,2019,2023
0280660,Unalakleet,192,47500,5,8,16,19,13,57,29,23,19,3,2007,2011
0280660,Unalakleet,218,50625,9,3,21,25,15,55,46,22,19,3,2008,2012
0280660,Unalakleet,218,50833,15,4,20,22,13,53,38,29,23,1,2009,2013
0280660,Unalakleet,215,57188,12,7,15,20,19,39,39,35,23,6,2010,2014
0280660,Unalakleet,233,68015,7,10,21,22,16,37,45,48,19,8,2011,2015
0280660,Unalakleet,214,64583,12,10,25,21,19,30,38,44,10,5,2012,2016
0280660,Unalakleet,202,61250,9,14,28,22,19,30,27,37,9,7,2013,2017
0280660,Unalakleet,175,70781,6,10,28,22,15,22,23,32,13,4,2014,2018
0280660,Unalakleet,166,70000,7,9,29,26,11,16,22,30,14,2,2015,2019
0280660,Unalakleet,155,84375,7,7,36,26,11,11,14,23,20,0,2016,2020
0280660,Unalakleet,166,83750,6,7,28,16,15,19,18,23,19,15,2017,2021
0280660,Unalakleet,159,84375,6,6,34,12,13,12,24,14,16,22,2018,2022
0280660,Unalakleet,190,86250,7,7,49,8,29,13,21,12,16,28,2019,2023
0280770,Unalaska,834,85455,39,9,230,38,30,41,168,165,97,17,2007,2011
0280770,Unalaska,721,86625,22,11,170,34,30,67,115,134,103,35,2008,2012
0280770,Unalaska,788,89706,25,15,167,30,35,88,105,152,113,58,2009,2013
0280770,Unalaska,853,90216,27,13,177,40,43,101,108,167,118,59,2010,2014
0280770,Unalaska,874,90500,18,23,178,23,50,88,118,187,114,75,2011,2015
0280770,Unalaska,938,92083,14,21,205,32,43,98,138,188,109,90,2012,2016
0280770,Unalaska,978,91635,13,20,219,32,36,87,159,191,113,108,2013,2017
0280770,Unalaska,958,92273,11,16,215,29,42,71,167,201,107,99,2014,2018
0280770,Unalaska,963,94750,11,16,229,33,41,47,159,214,116,97,2015,2019
0280770,Unalaska,1107,90938,9,10,262,17,36,62,236,254,105,116,2016,2020
0280770,Unalaska,811,94271,6,7,194,9,25,51,162,169,88,100,2017,2021
0280770,Unalaska,796,104706,5,8,233,10,23,45,91,187,84,110,2018,2022
0280770,Unalaska,806,114286,11,13,243,15,16,47,98,129,103,131,2019,2023
0281320,Upper Kalskag,59,45938,4,6,0,4,12,6,10,10,4,3,2007,2011
0281320,Upper Kalskag,53,41563,4,7,0,2,11,8,8,5,4,4,2008,2012
0281320,Upper Kalskag,54,37143,3,9,0,3,6,15,12,6,0,0,2009,2013
0281320,Upper Kalskag,64,37083,8,8,2,5,6,20,12,3,0,0,2010,2014
0281320,Upper Kalskag,73,36806,9,7,3,8,6,25,13,1,1,0,2011,2015
0281320,Upper Kalskag,76,37500,10,7,7,7,6,17,15,6,1,0,2012,2016
0281320,Upper Kalskag,68,38929,11,4,6,7,5,16,13,5,1,0,2013,2017
0281320,Upper Kalskag,68,33125,10,8,8,9,10,10,6,6,1,0,2014,2018
0281320,Upper Kalskag,65,38958,8,6,9,7,6,8,11,8,2,0,2015,2019
0281320,Upper Kalskag,55,41250,6,4,9,9,2,9,5,11,0,0,2016,2020
0281320,Upper Kalskag,52,40000,6,3,9,7,6,8,6,6,1,0,2017,2021
0281320,Upper Kalskag,62,43750,6,2,9,6,5,19,2,12,1,0,2018,2022
0281320,Upper Kalskag,56,49167,8,0,11,5,4,13,2,10,1,2,2019,2023
0281920,Utqiagvik,997,89153,84,6,265,61,21,103,142,113,134,68,2007,2011
0281920,Utqiagvik,1218,80188,91,37,301,90,42,146,175,143,103,90,2008,2012
0281920,Utqiagvik,1280,90500,38,41,417,50,66,142,199,128,105,94,2009,2013
0281920,Utqiagvik,1312,82976,46,40,354,72,74,193,183,140,105,105,2010,2014
0281920,Utqiagvik,1329,76902,66,51,267,79,94,169,188,136,139,140,2011,2015
0281920,Utqiagvik,1370,78804,55,56,265,118,101,138,190,157,149,141,2012,2016
0281920,Utqiagvik,1385,82964,69,38,265,88,76,166,192,162,157,172,2013,2017
0281920,Utqiagvik,1345,83205,74,32,192,91,87,167,179,210,139,174,2014,2018
0281920,Utqiagvik,1356,86413,55,32,253,101,103,138,174,183,149,168,2015,2019
0281920,Utqiagvik,1360,87870,74,23,283,138,47,100,227,181,158,129,2016,2020
0281920,Utqiagvik,1425,93661,98,12,271,72,68,95,239,206,135,229,2017,2021
0281920,Utqiagvik,1568,86810,95,76,311,40,42,238,228,132,79,327,2018,2022
0281920,Utqiagvik,1512,89038,102,52,259,20,63,200,206,226,123,261,2019,2023
0282200,Valdez,1565,73068,14,36,377,61,191,242,264,146,177,57,2007,2011
0282200,Valdez,1458,80476,34,21,338,52,108,269,201,215,134,86,2008,2012
0282200,Valdez,1340,93625,32,22,408,81,74,151,209,186,110,67,2009,2013
0282200,Valdez,1296,99973,83,20,439,102,40,81,168,155,83,125,2010,2014
0282200,Valdez,1186,98204,64,0,337,155,50,90,148,137,38,167,2011,2015
0282200,Valdez,1154,80357,83,0,260,164,60,102,135,134,58,158,2012,2016
0282200,Valdez,1159,94003,59,0,247,120,86,23,172,181,108,163,2013,2017
0282200,Valdez,1322,95847,125,0,226,83,109,105,78,283,96,217,2014,2018
0282200,Valdez,1552,85085,114,0,260,53,188,196,135,306,123,177,2015,2019
0282200,Valdez,1519,93281,61,0,294,42,183,219,139,336,109,136,2016,2020
0282200,Valdez,1610,99151,31,0,496,55,134,216,285,102,124,167,2017,2021
0282200,Valdez,1655,89255,0,56,402,53,108,204,245,227,140,220,2018,2022
0282200,Valdez,1605,97067,30,25,411,60,57,158,306,183,171,204,2019,2023
0282420,Venetie,57,9904,29,5,0,2,5,5,10,1,0,0,2007,2011
0282420,Venetie,58,25000,22,0,0,7,8,9,9,3,0,0,2008,2012
0282420,Venetie,63,15625,29,1,0,7,6,8,9,3,0,0,2009,2013
0282420,Venetie,62,28333,22,2,2,4,6,14,10,2,0,0,2010,2014
0282420,Venetie,66,27500,19,4,2,9,6,16,7,3,0,0,2011,2015
0282420,Venetie,63,27813,17,3,3,11,5,12,11,1,0,0,2012,2016
0282420,Venetie,57,26250,17,2,4,8,7,5,13,1,0,0,2013,2017
0282420,Venetie,50,32500,12,1,4,9,3,7,12,2,0,0,2014,2018
0282420,Venetie,48,,16,4,2,5,3,3,11,4,0,0,2015,2019
0282420,Venetie,39,50938,11,1,3,4,1,1,9,9,0,0,2016,2020
0282420,Venetie,35,45625,11,2,6,1,2,3,7,3,0,0,2017,2021
0282420,Venetie,39,58281,6,6,7,1,0,1,16,2,0,0,2018,2022
0282420,Venetie,48,60750,4,12,4,1,0,1,26,0,0,0,2019,2023
0282750,Wainwright,201,67596,14,4,37,27,12,13,50,37,3,4,2007,2011
0282750,Wainwright,164,66250,11,4,32,23,14,14,30,29,3,4,2008,2012
0282750,Wainwright,140,61875,6,1,28,16,19,19,29,17,5,0,2009,2013
0282750,Wainwright,135,64861,7,1,20,12,10,19,38,14,13,1,2010,2014
0282750,Wainwright,134,64583,9,2,24,15,9,19,25,19,11,1,2011,2015
0282750,Wainwright,127,51563,16,5,19,13,7,20,18,20,8,1,2012,2016
0282750,Wainwright,134,71250,12,4,31,8,7,18,19,20,14,1,2013,2017
0282750,Wainwright,131,66563,16,5,26,5,8,13,23,23,8,4,2014,2018
0282750,Wainwright,135,62292,17,6,26,10,7,15,18,24,8,4,2015,2019
0282750,Wainwright,126,69167,18,5,25,7,5,11,19,26,6,4,2016,2020
0282750,Wainwright,138,84000,8,6,38,7,5,11,24,25,8,6,2017,2021
0282750,Wainwright,140,79500,14,9,36,0,10,11,22,20,5,13,2018,2022
0282750,Wainwright,171,85750,9,6,41,10,18,5,32,21,13,16,2019,2023
0282860,Wales,34,43125,8,0,4,4,0,10,8,0,0,0,2007,2011
0282860,Wales,38,31250,12,0,2,5,3,7,7,2,0,0,2008,2012
0282860,Wales,39,37750,11,0,1,4,3,11,7,2,0,0,2009,2013
0282860,Wales,56,35000,13,1,1,9,5,17,9,1,0,0,2010,2014
0282860,Wales,57,29063,12,6,2,8,7,13,8,1,0,0,2011,2015
0282860,Wales,59,33125,11,2,2,10,8,13,10,3,0,0,2012,2016
0282860,Wales,56,31250,6,5,1,13,7,15,7,2,0,0,2013,2017
0282860,Wales,56,35000,1,6,2,15,6,12,7,7,0,0,2014,2018
0282860,Wales,55,31250,4,6,3,15,5,7,7,8,0,0,2015,2019
0282860,Wales,66,28571,2,6,4,20,11,8,9,6,0,0,2016,2020
0282860,Wales,75,33125,2,4,5,19,14,13,11,4,3,0,2017,2021
0282860,Wales,86,34167,5,5,5,22,14,10,10,12,3,0,2018,2022
0282860,Wales,79,38125,7,0,6,20,12,8,17,6,3,0,2019,2023
0283080,Wasilla,3101,53433,176,197,531,355,234,433,560,339,126,150,2007,2011
0283080,Wasilla,3232,54481,176,187,484,357,302,399,613,375,230,109,2008,2012
0283080,Wasilla,3199,57669,204,203,485,347,268,347,534,419,285,107,2009,2013
0283080,Wasilla,3094,62622,188,213,472,338,177,348,577,422,239,120,2010,2014
0283080,Wasilla,2946,61541,179,183,450,287,238,348,555,411,211,84,2011,2015
0283080,Wasilla,2970,61774,208,186,461,308,227,363,480,441,188,108,2012,2016
0283080,Wasilla,2986,60259,194,150,515,377,210,394,435,435,159,117,2013,2017
0283080,Wasilla,3061,62982,182,113,569,421,227,408,459,383,164,135,2014,2018
0283080,Wasilla,3192,63587,205,113,580,388,227,358,566,368,179,208,2015,2019
0283080,Wasilla,3730,62667,251,291,745,456,225,344,589,388,246,195,2016,2020
0283080,Wasilla,3900,62292,276,231,615,493,233,372,592,520,351,217,2017,2021
0283080,Wasilla,4066,69534,283,236,642,488,182,366,620,533,326,390,2018,2022
0283080,Wasilla,4078,70756,264,183,701,506,238,378,590,526,229,463,2019,2023
0284000,Whale Pass,32,38654,0,10,0,0,0,22,0,0,0,0,2007,2011
0284000,Whale Pass,26,40469,0,10,0,0,0,16,0,0,0,0,2008,2012
0284000,Whale Pass,27,,0,11,0,0,0,16,0,0,0,0,2009,2013
0284000,Whale Pass,27,,0,12,0,0,0,15,0,0,0,0,2010,2014
0284000,Whale Pass,16,,0,0,0,0,0,16,0,0,0,0,2011,2015
0284000,Whale Pass,0,,0,0,0,0,0,0,0,0,0,0,2012,2016
0284000,Whale Pass,13,,0,0,0,0,13,0,0,0,0,0,2013,2017
0284000,Whale Pass,36,41154,0,0,11,0,12,13,0,0,0,0,2014,2018
0284000,Whale Pass,43,43304,0,0,10,2,15,14,0,2,0,0,2015,2019
0284000,Whale Pass,46,43929,0,0,12,2,13,14,3,2,0,0,2016,2020
0284000,Whale Pass,46,46500,0,0,11,1,13,15,3,3,0,0,2017,2021
0284000,Whale Pass,46,49063,0,2,11,0,11,16,3,3,0,0,2018,2022
0284000,Whale Pass,24,32500,0,3,3,0,11,0,7,0,0,0,2019,2023
0284070,White Mountain,53,37813,9,4,5,4,9,7,9,0,3,3,2007,2011
0284070,White Mountain,54,35000,8,4,3,6,9,9,8,0,4,3,2008,2012
0284070,White Mountain,58,27250,8,5,3,7,13,7,9,0,6,0,2009,2013
0284070,White Mountain,58,25714,10,5,6,12,9,6,5,1,4,0,2010,2014
0284070,White Mountain,69,27083,10,8,4,9,13,2,15,3,5,0,2011,2015
0284070,White Mountain,70,34375,10,5,4,10,11,4,17,7,2,0,2012,2016
0284070,White Mountain,71,38125,14,0,5,11,8,4,21,7,1,0,2013,2017
0284070,White Mountain,83,51875,12,2,7,15,5,6,24,12,0,0,2014,2018
0284070,White Mountain,63,53750,8,3,6,8,1,7,21,9,0,0,2015,2019
0284070,White Mountain,61,51875,8,4,6,8,3,6,19,7,0,0,2016,2020
0284070,White Mountain,63,48125,10,2,10,8,9,4,13,7,0,0,2017,2021
0284070,White Mountain,70,53125,6,3,13,13,8,4,14,8,1,0,2018,2022
0284070,White Mountain,61,56563,6,2,15,7,10,3,8,9,1,0,2019,2023
0284120,Whitestone,0,,0,0,0,0,0,0,0,0,0,0,2007,2011
0284120,Whitestone,13,250001,0,0,0,0,0,0,0,0,0,13,2008,2012
0284120,Whitestone,18,,0,0,0,0,0,0,0,0,0,18,2009,2013
0284120,Whitestone,17,,0,0,0,0,0,0,0,0,0,17,2010,2014
0284120,Whitestone,13,,0,0,0,0,0,0,0,0,0,13,2011,2015
0284120,Whitestone,12,,0,0,0,0,0,0,0,0,0,12,2012,2016
0284120,Whitestone,0,,0,0,0,0,0,0,0,0,0,0,2013,2017
0284120,Whitestone,13,,0,0,0,0,0,0,13,0,0,0,2014,2018
0284120,Whitestone,10,,0,0,0,0,0,0,10,0,0,0,2015,2019
0284120,Whitestone,11,,0,0,0,0,0,0,11,0,0,0,2016,2020
0284120,Whitestone,8,,0,0,0,0,0,0,8,0,0,0,2017,2021
0284120,Whitestone,7,,0,0,0,0,0,0,7,0,0,0,2018,2022
0284120,Whitestone,0,,0,0,0,0,0,0,0,0,0,0,2019,2023
0284200,Whitestone Logging Camp,10,41250,0,0,0,0,5,5,0,0,0,0,2007,2011
0284200,Whitestone Logging Camp,13,47679,0,0,0,0,6,7,0,0,0,0,2008,2012
0284200,Whitestone Logging Camp,12,,0,0,0,0,6,6,0,0,0,0,2009,2013
0284200,Whitestone Logging Camp,12,,0,0,0,0,0,6,6,0,0,0,2010,2014
0284200,Whitestone Logging Camp,0,,0,0,0,0,0,0,0,0,0,0,2011,2015
0284200,Whitestone Logging Camp,0,,0,0,0,0,0,0,0,0,0,0,2012,2016
0284200,Whitestone Logging Camp,0,,0,0,0,0,0,0,0,0,0,0,2013,2017
0284200,Whitestone Logging Camp,0,,0,0,0,0,0,0,0,0,0,0,2014,2018
0284200,Whitestone Logging Camp,0,,0,0,0,0,0,0,0,0,0,0,2015,2019
0284200,Whitestone Logging Camp,0,,0,0,0,0,0,0,0,0,0,0,2016,2020
0284200,Whitestone Logging Camp,0,,0,0,0,0,0,0,0,0,0,0,2017,2021
0284200,Whitestone Logging Camp,0,,0,0,0,0,0,0,0,0,0,0,2018,2022
0284200,Whitestone Logging Camp,0,,0,0,0,0,0,0,0,0,0,0,2019,2023
0284510,Whittier,140,46250,13,9,12,15,27,14,23,21,4,2,2007,2011
0284510,Whittier,124,46250,12,4,10,17,21,12,25,19,1,3,2008,2012
0284510,Whittier,124,42500,9,5,8,13,28,11,25,17,2,6,2009,2013
0284510,Whittier,106,45000,9,7,7,11,9,23,17,16,2,5,2010,2014
0284510,Whittier,109,55893,5,6,12,12,9,20,22,13,3,7,2011,2015
0284510,Whittier,119,47813,4,4,13,21,10,24,23,11,0,9,2012,2016
0284510,Whittier,149,50156,0,4,15,28,16,26,34,19,2,5,2013,2017
0284510,Whittier,129,54792,0,5,22,21,3,21,38,17,0,2,2014,2018
0284510,Whittier,124,59000,0,4,23,19,5,17,36,15,2,3,2015,2019
0284510,Whittier,95,59375,1,0,17,14,8,14,23,13,4,1,2016,2020
0284510,Whittier,123,49583,5,3,16,18,22,14,19,16,8,2,2017,2021
0284510,Whittier,155,48828,11,7,18,15,13,39,20,14,13,5,2018,2022
0284510,Whittier,167,57188,6,12,12,12,15,21,25,33,24,7,2019,2023
0285280,Willow,700,72500,32,10,169,50,76,55,148,111,30,19,2007,2011
0285280,Willow,772,65000,59,17,166,65,74,52,166,125,21,27,2008,2012
0285280,Willow,739,56612,60,22,121,78,55,98,158,92,24,31,2009,2013
0285280,Willow,732,56330,54,26,104,73,66,88,150,107,26,38,2010,2014
0285280,Willow,710,61970,30,30,94,60,66,85,167,111,31,36,2011,2015
0285280,Willow,715,53958,41,35,112,63,92,96,150,73,26,27,2012,2016
0285280,Willow,719,54620,37,36,132,66,76,96,166,57,36,17,2013,2017
0285280,Willow,709,51932,58,31,123,56,99,102,132,59,43,6,2014,2018
0285280,Willow,724,52768,73,24,135,77,92,88,141,62,26,6,2015,2019
0285280,Willow,717,51932,75,27,128,82,71,95,127,73,27,12,2016,2020
0285280,Willow,807,60104,61,25,154,77,60,118,156,92,28,36,2017,2021
0285280,Willow,845,71536,42,19,207,75,58,110,151,101,54,28,2018,2022
0285280,Willow,811,74669,43,7,184,104,37,98,121,108,52,57,2019,2023
0285290,Willow Creek,26,17500,0,0,0,26,0,0,0,0,0,0,2007,2011
0285290,Willow Creek,34,18750,0,0,0,34,0,0,0,0,0,0,2008,2012
0285290,Willow Creek,34,18833,0,0,0,34,0,0,0,0,0,0,2009,2013
0285290,Willow Creek,26,,0,0,0,26,0,0,0,0,0,0,2010,2014
0285290,Willow Creek,8,,0,0,0,8,0,0,0,0,0,0,2011,2015
0285290,Willow Creek,13,,0,0,0,0,13,0,0,0,0,0,2012,2016
0285290,Willow Creek,0,,0,0,0,0,0,0,0,0,0,0,2013,2017
0285290,Willow Creek,0,,0,0,0,0,0,0,0,0,0,0,2014,2018
0285290,Willow Creek,0,,0,0,0,0,0,0,0,0,0,0,2015,2019
0285290,Willow Creek,38,,0,0,0,0,0,0,38,0,0,0,2016,2020
0285290,Willow Creek,41,66898,0,0,14,0,0,0,27,0,0,0,2017,2021
0285290,Willow Creek,46,72212,0,0,20,0,0,0,26,0,0,0,2018,2022
0285290,Willow Creek,53,76542,0,0,15,0,0,0,8,30,0,0,2019,2023
0285610,Wiseman,0,,0,0,0,0,0,0,0,0,0,0,2007,2011
0285610,Wiseman,0,,0,0,0,0,0,0,0,0,0,0,2008,2012
0285610,Wiseman,0,,0,0,0,0,0,0,0,0,0,0,2009,2013
0285610,Wiseman,5,,0,0,0,0,0,0,5,0,0,0,2010,2014
0285610,Wiseman,4,,0,0,0,0,0,0,4,0,0,0,2011,2015
0285610,Wiseman,4,,0,0,0,0,0,0,4,0,0,0,2012,2016
0285610,Wiseman,3,,0,0,0,0,0,0,3,0,0,0,2013,2017
0285610,Wiseman,3,,0,0,0,0,0,0,3,0,0,0,2014,2018
0285610,Wiseman,3,,0,0,0,0,0,0,3,0,0,0,2015,2019
0285610,Wiseman,3,,0,0,0,0,0,0,3,0,0,0,2016,2020
0285610,Wiseman,4,,0,0,0,0,0,0,4,0,0,0,2017,2021
0285610,Wiseman,5,,0,0,0,0,0,0,5,0,0,0,2018,2022
0285610,Wiseman,8,,0,0,0,0,0,0,8,0,0,0,2019,2023
0285680,Womens Bay,257,90481,0,6,104,0,21,33,18,75,0,0,2007,2011
0285680,Womens Bay,283,94375,6,9,124,0,38,13,11,82,0,0,2008,2012
0285680,Womens Bay,307,105417,18,13,153,0,6,24,34,55,4,0,2009,2013
0285680,Womens Bay,288,67134,18,11,78,0,21,24,82,37,13,4,2010,2014
0285680,Womens Bay,266,86818,19,0,88,0,20,6,77,39,13,4,2011,2015
0285680,Womens Bay,335,69866,31,0,85,0,44,14,80,29,45,7,2012,2016
0285680,Womens Bay,320,69773,17,0,86,9,28,11,104,26,33,6,2013,2017
0285680,Womens Bay,320,72054,0,0,86,8,21,18,118,38,10,21,2014,2018
0285680,Womens Bay,307,96528,13,0,101,6,11,14,76,41,27,18,2015,2019
0285680,Womens Bay,334,95556,16,0,110,6,17,37,72,33,22,21,2016,2020
0285680,Womens Bay,409,111042,18,20,115,6,7,42,49,55,57,40,2017,2021
0285680,Womens Bay,417,121250,26,24,58,14,0,59,21,41,103,71,2018,2022
0285680,Womens Bay,358,102292,40,0,43,43,6,38,7,23,107,51,2019,2023
0286380,Wrangell,1004,50000,45,72,134,91,135,159,162,121,33,52,2007,2011
0286380,Wrangell,1160,47348,70,100,104,118,141,191,212,145,68,11,2008,2012
0286380,Wrangell,1149,45841,68,76,78,170,135,176,227,127,76,16,2009,2013
0286380,Wrangell,1163,48324,57,89,94,152,97,216,212,144,82,20,2010,2014
0286380,Wrangell,1127,48603,57,77,120,159,110,170,196,162,43,33,2011,2015
0286380,Wrangell,1045,52986,38,52,149,157,82,164,207,123,48,25,2012,2016
0286380,Wrangell,1084,56094,41,53,189,137,109,126,226,144,39,20,2013,2017
0286380,Wrangell,1074,57583,40,35,164,128,129,132,225,139,41,41,2014,2018
0286380,Wrangell,1027,53894,38,31,165,132,120,149,181,120,59,32,2015,2019
0286380,Wrangell,989,58438,34,18,197,100,91,170,199,106,47,27,2016,2020
0286380,Wrangell,842,54891,34,18,113,82,120,138,169,79,55,34,2017,2021
0286380,Wrangell,928,61000,29,8,140,69,123,169,153,133,58,46,2018,2022
0286380,Wrangell,912,64545,38,24,120,57,65,175,192,118,76,47,2019,2023
0286490,Yakutat,259,74844,2,6,43,23,21,32,46,47,30,9,2007,2011
0286490,Yakutat,259,71705,2,4,45,28,18,31,61,47,18,5,2008,2012
0286490,Yakutat,254,72500,8,3,46,26,10,30,58,52,12,9,2009,2013
0286490,Yakutat,265,69306,7,1,41,32,17,40,56,49,16,6,2010,2014
0286490,Yakutat,250,72500,6,2,44,31,22,31,43,55,13,3,2011,2015
0286490,Yakutat,247,66875,12,5,46,27,18,36,45,48,7,3,2012,2016
0286490,Yakutat,255,64583,12,4,42,25,17,39,49,51,11,5,2013,2017
0286490,Yakutat,232,65833,8,5,39,21,16,38,43,48,8,6,2014,2018
0286490,Yakutat,219,71607,5,5,34,17,20,23,44,54,12,5,2015,2019
0286490,Yakutat,221,59517,6,3,36,14,12,24,81,31,12,2,2016,2020
0286490,Yakutat,216,72083,2,3,48,13,9,15,70,36,16,4,2017,2021
0286490,Yakutat,231,76875,2,7,65,13,7,9,73,33,18,4,2018,2022
0286490,Yakutat,207,80625,3,5,65,20,9,6,54,23,15,7,2019,2023
